2025-09-05 13:46:43,085 - __main__ - INFO - Starting Trend Bot with Robust DLOB API
2025-09-05 13:46:43,085 - __main__ - INFO - ======================================================================
2025-09-05 13:46:43,086 - __main__ - INFO - Environment: DEVNET (Beta)
2025-09-05 13:46:43,086 - __main__ - INFO - Trading Platform: beta.drift.trade
2025-09-05 13:46:43,086 - __main__ - INFO - Strategy: MACD + Momentum Trend Following
2025-09-05 13:46:43,086 - __main__ - INFO - Market: SOL-PERP
2025-09-05 13:46:43,087 - __main__ - INFO - Data Source: DLOB API with retry/circuit breaker
2025-09-05 13:46:43,088 - __main__ - INFO - Signal Gating: Mock mode prevents trading on fake data
2025-09-05 13:46:43,088 - __main__ - INFO - ======================================================================
2025-09-05 13:46:43,088 - __main__ - INFO - DLOB Poller initialized for SOL-PERP on devnet
2025-09-05 13:46:43,089 - __main__ - INFO - DLOB poller initialized
2025-09-05 13:46:43,089 - __main__ - INFO - Testing DLOB API connection...
2025-09-05 13:46:44,491 - httpx - INFO - HTTP Request: GET https://master.dlob.drift.trade/l2?marketName=SOL-PERP&depth=1&includeOracle=true "HTTP/1.1 503 Service Unavailable"
2025-09-05 13:46:44,492 - __main__ - WARNING - DLOB fetch failed (attempt 1): DLOB 503 Service Unavailable (devnet flaky)
2025-09-05 13:46:45,164 - __main__ - WARNING - DLOB API test failed: DLOB 503 Service Unavailable (devnet flaky)
2025-09-05 13:46:45,192 - __main__ - INFO - Initializing components...
2025-09-05 13:46:45,193 - __main__ - INFO - All components initialized
2025-09-05 13:46:46,955 - __main__ - INFO - Trend configuration loaded
2025-09-05 13:46:46,956 - __main__ - INFO - Starting trend analysis loop with robust DLOB data...
2025-09-05 13:46:46,956 - __main__ - INFO - You can track orders at: https://beta.drift.trade
2025-09-05 13:46:46,956 - __main__ - INFO - Press Ctrl+C to stop gracefully
2025-09-05 13:46:46,957 - __main__ - INFO - ======================================================================
2025-09-05 13:46:47,603 - httpx - INFO - HTTP Request: GET https://master.dlob.drift.trade/l2?marketName=SOL-PERP&depth=1&includeOracle=true "HTTP/1.1 503 Service Unavailable"
2025-09-05 13:46:47,604 - __main__ - WARNING - DLOB fetch failed (attempt 2): DLOB 503 Service Unavailable (devnet flaky)
2025-09-05 13:46:48,742 - __main__ - WARNING - DLOB fetch failed: DLOB 503 Service Unavailable (devnet flaky)
2025-09-05 13:46:48,742 - __main__ - WARNING - No valid price for strategy - skipping signal generation
2025-09-05 13:46:50,876 - httpx - INFO - HTTP Request: GET https://master.dlob.drift.trade/l2?marketName=SOL-PERP&depth=1&includeOracle=true "HTTP/1.1 503 Service Unavailable"
2025-09-05 13:46:50,877 - __main__ - WARNING - DLOB fetch failed (attempt 3): DLOB 503 Service Unavailable (devnet flaky)
2025-09-05 13:46:50,878 - __main__ - WARNING - Circuit breaker activated - switching to mock mode after 3 failures
2025-09-05 13:46:50,878 - __main__ - WARNING - DLOB fetch failed: DLOB 503 Service Unavailable (devnet flaky)
2025-09-05 13:46:50,879 - __main__ - WARNING - No valid price for strategy - skipping signal generation
2025-09-05 13:46:53,224 - httpx - INFO - HTTP Request: GET https://master.dlob.drift.trade/l2?marketName=SOL-PERP&depth=1&includeOracle=true "HTTP/1.1 503 Service Unavailable"
2025-09-05 13:46:53,225 - __main__ - WARNING - DLOB fetch failed (attempt 4): DLOB 503 Service Unavailable (devnet flaky)
2025-09-05 13:46:53,226 - __main__ - WARNING - Circuit breaker activated - switching to mock mode after 4 failures
2025-09-05 13:46:53,226 - __main__ - WARNING - DLOB fetch failed: DLOB 503 Service Unavailable (devnet flaky)
2025-09-05 13:46:53,226 - __main__ - WARNING - No valid price for strategy - skipping signal generation
2025-09-05 13:46:55,359 - httpx - INFO - HTTP Request: GET https://master.dlob.drift.trade/l2?marketName=SOL-PERP&depth=1&includeOracle=true "HTTP/1.1 503 Service Unavailable"
2025-09-05 13:46:55,360 - __main__ - WARNING - DLOB fetch failed (attempt 5): DLOB 503 Service Unavailable (devnet flaky)
2025-09-05 13:46:55,361 - __main__ - WARNING - Circuit breaker activated - switching to mock mode after 5 failures
2025-09-05 13:46:55,361 - __main__ - WARNING - DLOB fetch failed: DLOB 503 Service Unavailable (devnet flaky)
2025-09-05 13:46:55,361 - __main__ - WARNING - No valid price for strategy - skipping signal generation
2025-09-05 13:46:57,485 - httpx - INFO - HTTP Request: GET https://master.dlob.drift.trade/l2?marketName=SOL-PERP&depth=1&includeOracle=true "HTTP/1.1 503 Service Unavailable"
2025-09-05 13:46:57,486 - __main__ - WARNING - DLOB fetch failed (attempt 6): DLOB 503 Service Unavailable (devnet flaky)
2025-09-05 13:46:57,486 - __main__ - WARNING - Circuit breaker activated - switching to mock mode after 6 failures
2025-09-05 13:46:57,486 - __main__ - WARNING - DLOB fetch failed: DLOB 503 Service Unavailable (devnet flaky)
2025-09-05 13:46:57,487 - __main__ - WARNING - No valid price for strategy - skipping signal generation
2025-09-05 13:46:57,487 - __main__ - INFO - ==================================================
2025-09-05 13:46:57,487 - __main__ - INFO - BETA TRACKING UPDATE - Iteration 5
2025-09-05 13:46:57,487 - __main__ - INFO - Runtime: 10.5s
2025-09-05 13:46:57,487 - __main__ - INFO - Current Position: $0.00
2025-09-05 13:46:57,487 - __main__ - INFO - Total Volume: $0.00
2025-09-05 13:46:57,488 - __main__ - ERROR - Error in trend iteration 5: unsupported format string passed to NoneType.__format__
2025-09-05 13:46:58,609 - httpx - INFO - HTTP Request: GET https://master.dlob.drift.trade/l2?marketName=SOL-PERP&depth=1&includeOracle=true "HTTP/1.1 503 Service Unavailable"
2025-09-05 13:46:58,610 - __main__ - WARNING - DLOB fetch failed (attempt 7): DLOB 503 Service Unavailable (devnet flaky)
2025-09-05 13:46:58,610 - __main__ - WARNING - Circuit breaker activated - switching to mock mode after 7 failures
2025-09-05 13:46:58,611 - __main__ - WARNING - DLOB fetch failed: DLOB 503 Service Unavailable (devnet flaky)
2025-09-05 13:46:58,611 - __main__ - WARNING - No valid price for strategy - skipping signal generation
2025-09-05 13:47:00,937 - httpx - INFO - HTTP Request: GET https://master.dlob.drift.trade/l2?marketName=SOL-PERP&depth=1&includeOracle=true "HTTP/1.1 200 OK"
2025-09-05 13:47:00,940 - __main__ - WARNING - DLOB fetch failed (attempt 1): Invalid format specifier '.4f if oracle else 'N/A'' for object of type 'float'
2025-09-05 13:47:01,609 - __main__ - WARNING - DLOB fetch failed: Invalid format specifier '.4f if oracle else 'N/A'' for object of type 'float'
2025-09-05 13:47:01,610 - __main__ - INFO - Using last good price: $203.5702
2025-09-05 13:47:03,939 - httpx - INFO - HTTP Request: GET https://master.dlob.drift.trade/l2?marketName=SOL-PERP&depth=1&includeOracle=true "HTTP/1.1 200 OK"
2025-09-05 13:47:03,941 - __main__ - WARNING - DLOB fetch failed (attempt 1): Invalid format specifier '.4f if oracle else 'N/A'' for object of type 'float'
2025-09-05 13:47:04,634 - __main__ - WARNING - DLOB fetch failed: Invalid format specifier '.4f if oracle else 'N/A'' for object of type 'float'
2025-09-05 13:47:04,635 - __main__ - INFO - Using last good price: $203.5702
2025-09-05 13:47:04,635 - __main__ - INFO - REAL SIGNAL: SELL (MACD: -162.8562)
2025-09-05 13:47:06,958 - httpx - INFO - HTTP Request: GET https://master.dlob.drift.trade/l2?marketName=SOL-PERP&depth=1&includeOracle=true "HTTP/1.1 200 OK"
2025-09-05 13:47:06,960 - __main__ - WARNING - DLOB fetch failed (attempt 1): Invalid format specifier '.4f if oracle else 'N/A'' for object of type 'float'
2025-09-05 13:47:07,526 - __main__ - WARNING - DLOB fetch failed: Invalid format specifier '.4f if oracle else 'N/A'' for object of type 'float'
2025-09-05 13:47:07,527 - __main__ - INFO - Using last good price: $203.5696
2025-09-05 13:47:07,527 - __main__ - INFO - REAL SIGNAL: SELL (MACD: -130.2850)
2025-09-05 13:47:09,854 - httpx - INFO - HTTP Request: GET https://master.dlob.drift.trade/l2?marketName=SOL-PERP&depth=1&includeOracle=true "HTTP/1.1 200 OK"
2025-09-05 13:47:09,855 - __main__ - WARNING - DLOB fetch failed (attempt 1): Invalid format specifier '.4f if oracle else 'N/A'' for object of type 'float'
2025-09-05 13:47:10,567 - __main__ - WARNING - DLOB fetch failed: Invalid format specifier '.4f if oracle else 'N/A'' for object of type 'float'
2025-09-05 13:47:10,567 - __main__ - INFO - Using last good price: $203.5447
2025-09-05 13:47:10,567 - __main__ - INFO - REAL SIGNAL: SELL (MACD: -104.2296)
2025-09-05 13:47:10,568 - __main__ - ERROR - Error in trend iteration 10: '>' not supported between instances of 'NoneType' and 'int'
2025-09-05 13:47:11,704 - httpx - INFO - HTTP Request: GET https://master.dlob.drift.trade/l2?marketName=SOL-PERP&depth=1&includeOracle=true "HTTP/1.1 200 OK"
2025-09-05 13:47:11,705 - __main__ - WARNING - DLOB fetch failed (attempt 1): Invalid format specifier '.4f if oracle else 'N/A'' for object of type 'float'
2025-09-05 13:47:12,219 - __main__ - WARNING - DLOB fetch failed: Invalid format specifier '.4f if oracle else 'N/A'' for object of type 'float'
2025-09-05 13:47:12,219 - __main__ - INFO - Using last good price: $203.5688
2025-09-05 13:47:12,219 - __main__ - INFO - REAL SIGNAL: SELL (MACD: -83.3834)
2025-09-05 13:47:14,350 - httpx - INFO - HTTP Request: GET https://master.dlob.drift.trade/l2?marketName=SOL-PERP&depth=1&includeOracle=true "HTTP/1.1 200 OK"
2025-09-05 13:47:14,351 - __main__ - WARNING - DLOB fetch failed (attempt 1): Invalid format specifier '.4f if oracle else 'N/A'' for object of type 'float'
2025-09-05 13:47:14,872 - __main__ - WARNING - DLOB fetch failed: Invalid format specifier '.4f if oracle else 'N/A'' for object of type 'float'
2025-09-05 13:47:14,873 - __main__ - INFO - Using last good price: $203.5820
2025-09-05 13:47:14,873 - __main__ - INFO - REAL SIGNAL: SELL (MACD: -66.7056)
2025-09-05 13:47:17,004 - httpx - INFO - HTTP Request: GET https://master.dlob.drift.trade/l2?marketName=SOL-PERP&depth=1&includeOracle=true "HTTP/1.1 200 OK"
2025-09-05 13:47:17,006 - __main__ - WARNING - DLOB fetch failed (attempt 1): Invalid format specifier '.4f if oracle else 'N/A'' for object of type 'float'
2025-09-05 13:47:17,573 - __main__ - WARNING - DLOB fetch failed: Invalid format specifier '.4f if oracle else 'N/A'' for object of type 'float'
2025-09-05 13:47:17,573 - __main__ - INFO - Using last good price: $203.5367
2025-09-05 13:47:17,573 - __main__ - INFO - REAL SIGNAL: SELL (MACD: -53.3665)
2025-09-05 13:47:19,891 - httpx - INFO - HTTP Request: GET https://master.dlob.drift.trade/l2?marketName=SOL-PERP&depth=1&includeOracle=true "HTTP/1.1 200 OK"
2025-09-05 13:47:19,892 - __main__ - WARNING - DLOB fetch failed (attempt 1): Invalid format specifier '.4f if oracle else 'N/A'' for object of type 'float'
2025-09-05 13:47:20,572 - __main__ - WARNING - DLOB fetch failed: Invalid format specifier '.4f if oracle else 'N/A'' for object of type 'float'
2025-09-05 13:47:20,572 - __main__ - INFO - Using last good price: $203.4777
2025-09-05 13:47:20,573 - __main__ - INFO - REAL SIGNAL: SELL (MACD: -42.6986)
2025-09-05 13:47:22,713 - httpx - INFO - HTTP Request: GET https://master.dlob.drift.trade/l2?marketName=SOL-PERP&depth=1&includeOracle=true "HTTP/1.1 200 OK"
2025-09-05 13:47:22,714 - __main__ - WARNING - DLOB fetch failed (attempt 1): Invalid format specifier '.4f if oracle else 'N/A'' for object of type 'float'
2025-09-05 13:47:23,247 - __main__ - WARNING - DLOB fetch failed: Invalid format specifier '.4f if oracle else 'N/A'' for object of type 'float'
2025-09-05 13:47:23,247 - __main__ - INFO - Using last good price: $203.4751
2025-09-05 13:47:23,248 - __main__ - INFO - REAL SIGNAL: SELL (MACD: -34.1631)
2025-09-05 13:47:23,248 - __main__ - ERROR - Error in trend iteration 15: '>' not supported between instances of 'NoneType' and 'int'
2025-09-05 13:47:24,559 - httpx - INFO - HTTP Request: GET https://master.dlob.drift.trade/l2?marketName=SOL-PERP&depth=1&includeOracle=true "HTTP/1.1 200 OK"
2025-09-05 13:47:24,561 - __main__ - WARNING - DLOB fetch failed (attempt 1): Invalid format specifier '.4f if oracle else 'N/A'' for object of type 'float'
2025-09-05 13:47:25,270 - __main__ - WARNING - DLOB fetch failed: Invalid format specifier '.4f if oracle else 'N/A'' for object of type 'float'
2025-09-05 13:47:25,270 - __main__ - INFO - Using last good price: $203.4413
2025-09-05 13:47:25,270 - __main__ - INFO - REAL SIGNAL: SELL (MACD: -27.3358)
2025-09-05 13:47:27,401 - httpx - INFO - HTTP Request: GET https://master.dlob.drift.trade/l2?marketName=SOL-PERP&depth=1&includeOracle=true "HTTP/1.1 200 OK"
2025-09-05 13:47:27,402 - __main__ - WARNING - DLOB fetch failed (attempt 1): Invalid format specifier '.4f if oracle else 'N/A'' for object of type 'float'
2025-09-05 13:47:27,988 - __main__ - WARNING - DLOB fetch failed: Invalid format specifier '.4f if oracle else 'N/A'' for object of type 'float'
2025-09-05 13:47:27,989 - __main__ - INFO - Using last good price: $203.4807
2025-09-05 13:47:27,989 - __main__ - INFO - REAL SIGNAL: SELL (MACD: -21.8702)
2025-09-05 13:47:30,134 - httpx - INFO - HTTP Request: GET https://master.dlob.drift.trade/l2?marketName=SOL-PERP&depth=1&includeOracle=true "HTTP/1.1 200 OK"
2025-09-05 13:47:30,135 - __main__ - WARNING - DLOB fetch failed (attempt 1): Invalid format specifier '.4f if oracle else 'N/A'' for object of type 'float'
2025-09-05 13:47:30,678 - __main__ - WARNING - DLOB fetch failed: Invalid format specifier '.4f if oracle else 'N/A'' for object of type 'float'
2025-09-05 13:47:30,679 - __main__ - INFO - Using last good price: $203.4819
2025-09-05 13:47:30,680 - __main__ - INFO - REAL SIGNAL: SELL (MACD: -17.4970)
2025-09-05 13:47:32,817 - httpx - INFO - HTTP Request: GET https://master.dlob.drift.trade/l2?marketName=SOL-PERP&depth=1&includeOracle=true "HTTP/1.1 200 OK"
2025-09-05 13:47:32,818 - __main__ - WARNING - DLOB fetch failed (attempt 1): Invalid format specifier '.4f if oracle else 'N/A'' for object of type 'float'
2025-09-05 13:47:33,501 - __main__ - WARNING - DLOB fetch failed: Invalid format specifier '.4f if oracle else 'N/A'' for object of type 'float'
2025-09-05 13:47:33,501 - __main__ - INFO - Using last good price: $203.4810
2025-09-05 13:47:33,501 - __main__ - INFO - REAL SIGNAL: SELL (MACD: -13.9981)
2025-09-05 13:47:35,637 - httpx - INFO - HTTP Request: GET https://master.dlob.drift.trade/l2?marketName=SOL-PERP&depth=1&includeOracle=true "HTTP/1.1 200 OK"
2025-09-05 13:47:35,640 - __main__ - WARNING - DLOB fetch failed (attempt 1): Invalid format specifier '.4f if oracle else 'N/A'' for object of type 'float'
2025-09-05 13:47:36,302 - __main__ - WARNING - DLOB fetch failed: Invalid format specifier '.4f if oracle else 'N/A'' for object of type 'float'
2025-09-05 13:47:36,302 - __main__ - INFO - Using last good price: $203.4807
2025-09-05 13:47:36,302 - __main__ - INFO - REAL SIGNAL: SELL (MACD: -11.1987)
2025-09-05 13:47:36,302 - __main__ - ERROR - Error in trend iteration 20: '>' not supported between instances of 'NoneType' and 'int'
2025-09-05 13:47:37,618 - httpx - INFO - HTTP Request: GET https://master.dlob.drift.trade/l2?marketName=SOL-PERP&depth=1&includeOracle=true "HTTP/1.1 200 OK"
2025-09-05 13:47:37,619 - __main__ - WARNING - DLOB fetch failed (attempt 1): Invalid format specifier '.4f if oracle else 'N/A'' for object of type 'float'
2025-09-05 13:47:38,189 - __main__ - WARNING - DLOB fetch failed: Invalid format specifier '.4f if oracle else 'N/A'' for object of type 'float'
2025-09-05 13:47:38,190 - __main__ - INFO - Using last good price: $203.4805
2025-09-05 13:47:38,190 - __main__ - INFO - REAL SIGNAL: SELL (MACD: -8.9589)
2025-09-05 13:47:40,325 - httpx - INFO - HTTP Request: GET https://master.dlob.drift.trade/l2?marketName=SOL-PERP&depth=1&includeOracle=true "HTTP/1.1 200 OK"
2025-09-05 13:47:40,326 - __main__ - WARNING - DLOB fetch failed (attempt 1): Invalid format specifier '.4f if oracle else 'N/A'' for object of type 'float'
2025-09-05 13:47:40,963 - __main__ - WARNING - DLOB fetch failed: Invalid format specifier '.4f if oracle else 'N/A'' for object of type 'float'
2025-09-05 13:47:40,963 - __main__ - INFO - Using last good price: $203.4956
2025-09-05 13:47:40,963 - __main__ - INFO - REAL SIGNAL: SELL (MACD: -7.1659)
2025-09-05 13:47:43,097 - httpx - INFO - HTTP Request: GET https://master.dlob.drift.trade/l2?marketName=SOL-PERP&depth=1&includeOracle=true "HTTP/1.1 200 OK"
2025-09-05 13:47:43,099 - __main__ - WARNING - DLOB fetch failed (attempt 1): Invalid format specifier '.4f if oracle else 'N/A'' for object of type 'float'
2025-09-05 13:47:43,723 - __main__ - WARNING - DLOB fetch failed: Invalid format specifier '.4f if oracle else 'N/A'' for object of type 'float'
2025-09-05 13:47:43,724 - __main__ - INFO - Using last good price: $203.5269
2025-09-05 13:47:43,724 - __main__ - INFO - REAL SIGNAL: SELL (MACD: -5.7295)
2025-09-05 13:47:46,055 - httpx - INFO - HTTP Request: GET https://master.dlob.drift.trade/l2?marketName=SOL-PERP&depth=1&includeOracle=true "HTTP/1.1 200 OK"
2025-09-05 13:47:46,056 - __main__ - WARNING - DLOB fetch failed (attempt 1): Invalid format specifier '.4f if oracle else 'N/A'' for object of type 'float'
2025-09-05 13:47:46,572 - __main__ - WARNING - DLOB fetch failed: Invalid format specifier '.4f if oracle else 'N/A'' for object of type 'float'
2025-09-05 13:47:46,573 - __main__ - INFO - Using last good price: $203.5557
2025-09-05 13:47:46,573 - __main__ - INFO - REAL SIGNAL: SELL (MACD: -4.5791)
2025-09-05 13:47:48,925 - httpx - INFO - HTTP Request: GET https://master.dlob.drift.trade/l2?marketName=SOL-PERP&depth=1&includeOracle=true "HTTP/1.1 200 OK"
2025-09-05 13:47:48,926 - __main__ - WARNING - DLOB fetch failed (attempt 1): Invalid format specifier '.4f if oracle else 'N/A'' for object of type 'float'
2025-09-05 13:47:49,516 - __main__ - WARNING - DLOB fetch failed: Invalid format specifier '.4f if oracle else 'N/A'' for object of type 'float'
2025-09-05 13:47:49,516 - __main__ - INFO - Using last good price: $203.5668
2025-09-05 13:47:49,516 - __main__ - INFO - REAL SIGNAL: SELL (MACD: -3.6589)
2025-09-05 13:47:49,517 - __main__ - ERROR - Error in trend iteration 25: '>' not supported between instances of 'NoneType' and 'int'
2025-09-05 13:47:50,660 - httpx - INFO - HTTP Request: GET https://master.dlob.drift.trade/l2?marketName=SOL-PERP&depth=1&includeOracle=true "HTTP/1.1 200 OK"
2025-09-05 13:47:50,661 - __main__ - WARNING - DLOB fetch failed (attempt 1): Invalid format specifier '.4f if oracle else 'N/A'' for object of type 'float'
2025-09-05 13:47:51,226 - __main__ - WARNING - DLOB fetch failed: Invalid format specifier '.4f if oracle else 'N/A'' for object of type 'float'
2025-09-05 13:47:51,226 - __main__ - INFO - Using last good price: $203.5841
2025-09-05 13:47:51,226 - __main__ - INFO - REAL SIGNAL: SELL (MACD: -2.9225)
2025-09-05 13:47:53,357 - httpx - INFO - HTTP Request: GET https://master.dlob.drift.trade/l2?marketName=SOL-PERP&depth=1&includeOracle=true "HTTP/1.1 200 OK"
2025-09-05 13:47:53,358 - __main__ - WARNING - DLOB fetch failed (attempt 1): Invalid format specifier '.4f if oracle else 'N/A'' for object of type 'float'
2025-09-05 13:47:53,997 - __main__ - WARNING - DLOB fetch failed: Invalid format specifier '.4f if oracle else 'N/A'' for object of type 'float'
2025-09-05 13:47:53,997 - __main__ - INFO - Using last good price: $203.6520
2025-09-05 13:47:53,997 - __main__ - INFO - REAL SIGNAL: SELL (MACD: -2.3300)
2025-09-05 13:47:56,150 - httpx - INFO - HTTP Request: GET https://master.dlob.drift.trade/l2?marketName=SOL-PERP&depth=1&includeOracle=true "HTTP/1.1 200 OK"
2025-09-05 13:47:56,151 - __main__ - WARNING - DLOB fetch failed (attempt 1): Invalid format specifier '.4f if oracle else 'N/A'' for object of type 'float'
2025-09-05 13:47:56,759 - __main__ - WARNING - DLOB fetch failed: Invalid format specifier '.4f if oracle else 'N/A'' for object of type 'float'
2025-09-05 13:47:56,759 - __main__ - INFO - Using last good price: $203.6746
2025-09-05 13:47:56,760 - __main__ - INFO - REAL SIGNAL: SELL (MACD: -1.8564)
2025-09-05 13:47:58,899 - httpx - INFO - HTTP Request: GET https://master.dlob.drift.trade/l2?marketName=SOL-PERP&depth=1&includeOracle=true "HTTP/1.1 200 OK"
2025-09-05 13:47:58,900 - __main__ - WARNING - DLOB fetch failed (attempt 1): Invalid format specifier '.4f if oracle else 'N/A'' for object of type 'float'
2025-09-05 13:47:59,533 - __main__ - WARNING - DLOB fetch failed: Invalid format specifier '.4f if oracle else 'N/A'' for object of type 'float'
2025-09-05 13:47:59,533 - __main__ - INFO - Using last good price: $203.6726
2025-09-05 13:47:59,533 - __main__ - INFO - REAL SIGNAL: SELL (MACD: -1.4794)
2025-09-05 13:48:01,665 - httpx - INFO - HTTP Request: GET https://master.dlob.drift.trade/l2?marketName=SOL-PERP&depth=1&includeOracle=true "HTTP/1.1 200 OK"
2025-09-05 13:48:01,666 - __main__ - WARNING - DLOB fetch failed (attempt 1): Invalid format specifier '.4f if oracle else 'N/A'' for object of type 'float'
2025-09-05 13:48:02,324 - __main__ - WARNING - DLOB fetch failed: Invalid format specifier '.4f if oracle else 'N/A'' for object of type 'float'
2025-09-05 13:48:02,324 - __main__ - INFO - Using last good price: $203.6744
2025-09-05 13:48:02,324 - __main__ - INFO - REAL SIGNAL: SELL (MACD: -1.1792)
2025-09-05 13:48:02,325 - __main__ - ERROR - Error in trend iteration 30: '>' not supported between instances of 'NoneType' and 'int'
2025-09-05 13:48:03,458 - httpx - INFO - HTTP Request: GET https://master.dlob.drift.trade/l2?marketName=SOL-PERP&depth=1&includeOracle=true "HTTP/1.1 200 OK"
2025-09-05 13:48:03,459 - __main__ - WARNING - DLOB fetch failed (attempt 1): Invalid format specifier '.4f if oracle else 'N/A'' for object of type 'float'
2025-09-05 13:48:04,064 - __main__ - WARNING - DLOB fetch failed: Invalid format specifier '.4f if oracle else 'N/A'' for object of type 'float'
2025-09-05 13:48:04,064 - __main__ - INFO - Using last good price: $203.6933
2025-09-05 13:48:04,065 - __main__ - INFO - REAL SIGNAL: SELL (MACD: -0.9390)
2025-09-05 13:48:06,199 - httpx - INFO - HTTP Request: GET https://master.dlob.drift.trade/l2?marketName=SOL-PERP&depth=1&includeOracle=true "HTTP/1.1 200 OK"
2025-09-05 13:48:06,200 - __main__ - WARNING - DLOB fetch failed (attempt 1): Invalid format specifier '.4f if oracle else 'N/A'' for object of type 'float'
2025-09-05 13:48:06,784 - __main__ - WARNING - DLOB fetch failed: Invalid format specifier '.4f if oracle else 'N/A'' for object of type 'float'
2025-09-05 13:48:06,784 - __main__ - INFO - Using last good price: $203.6945
2025-09-05 13:48:06,784 - __main__ - INFO - REAL SIGNAL: SELL (MACD: -0.7480)
2025-09-05 13:48:09,099 - httpx - INFO - HTTP Request: GET https://master.dlob.drift.trade/l2?marketName=SOL-PERP&depth=1&includeOracle=true "HTTP/1.1 200 OK"
2025-09-05 13:48:09,100 - __main__ - WARNING - DLOB fetch failed (attempt 1): Invalid format specifier '.4f if oracle else 'N/A'' for object of type 'float'
2025-09-05 13:48:09,763 - __main__ - WARNING - DLOB fetch failed: Invalid format specifier '.4f if oracle else 'N/A'' for object of type 'float'
2025-09-05 13:48:09,763 - __main__ - INFO - Using last good price: $203.7751
2025-09-05 13:48:09,764 - __main__ - INFO - REAL SIGNAL: SELL (MACD: -0.5911)
2025-09-05 13:48:12,087 - httpx - INFO - HTTP Request: GET https://master.dlob.drift.trade/l2?marketName=SOL-PERP&depth=1&includeOracle=true "HTTP/1.1 200 OK"
2025-09-05 13:48:12,089 - __main__ - WARNING - DLOB fetch failed (attempt 1): Invalid format specifier '.4f if oracle else 'N/A'' for object of type 'float'
2025-09-05 13:48:12,645 - __main__ - WARNING - DLOB fetch failed: Invalid format specifier '.4f if oracle else 'N/A'' for object of type 'float'
2025-09-05 13:48:12,645 - __main__ - INFO - Using last good price: $203.7987
2025-09-05 13:48:12,645 - __main__ - INFO - REAL SIGNAL: SELL (MACD: -0.4661)
2025-09-05 13:48:14,964 - httpx - INFO - HTTP Request: GET https://master.dlob.drift.trade/l2?marketName=SOL-PERP&depth=1&includeOracle=true "HTTP/1.1 200 OK"
2025-09-05 13:48:14,965 - __main__ - WARNING - DLOB fetch failed (attempt 1): Invalid format specifier '.4f if oracle else 'N/A'' for object of type 'float'
2025-09-05 13:48:15,535 - __main__ - WARNING - DLOB fetch failed: Invalid format specifier '.4f if oracle else 'N/A'' for object of type 'float'
2025-09-05 13:48:15,535 - __main__ - INFO - Using last good price: $203.7978
2025-09-05 13:48:15,536 - __main__ - INFO - REAL SIGNAL: SELL (MACD: -0.3682)
2025-09-05 13:48:15,536 - __main__ - ERROR - Error in trend iteration 35: '>' not supported between instances of 'NoneType' and 'int'
2025-09-05 13:48:16,680 - httpx - INFO - HTTP Request: GET https://master.dlob.drift.trade/l2?marketName=SOL-PERP&depth=1&includeOracle=true "HTTP/1.1 200 OK"
2025-09-05 13:48:16,681 - __main__ - WARNING - DLOB fetch failed (attempt 1): Invalid format specifier '.4f if oracle else 'N/A'' for object of type 'float'
2025-09-05 13:48:17,339 - __main__ - WARNING - DLOB fetch failed: Invalid format specifier '.4f if oracle else 'N/A'' for object of type 'float'
2025-09-05 13:48:17,340 - __main__ - INFO - Using last good price: $203.8053
2025-09-05 13:48:17,340 - __main__ - INFO - REAL SIGNAL: SELL (MACD: -0.2909)
2025-09-05 13:48:19,472 - httpx - INFO - HTTP Request: GET https://master.dlob.drift.trade/l2?marketName=SOL-PERP&depth=1&includeOracle=true "HTTP/1.1 200 OK"
2025-09-05 13:48:19,474 - __main__ - WARNING - DLOB fetch failed (attempt 1): Invalid format specifier '.4f if oracle else 'N/A'' for object of type 'float'
2025-09-05 13:48:20,168 - __main__ - WARNING - DLOB fetch failed: Invalid format specifier '.4f if oracle else 'N/A'' for object of type 'float'
2025-09-05 13:48:20,168 - __main__ - INFO - Using last good price: $203.7646
2025-09-05 13:48:20,168 - __main__ - INFO - REAL SIGNAL: SELL (MACD: -0.2331)
2025-09-05 13:48:22,492 - httpx - INFO - HTTP Request: GET https://master.dlob.drift.trade/l2?marketName=SOL-PERP&depth=1&includeOracle=true "HTTP/1.1 200 OK"
2025-09-05 13:48:22,493 - __main__ - WARNING - DLOB fetch failed (attempt 1): Invalid format specifier '.4f if oracle else 'N/A'' for object of type 'float'
2025-09-05 13:48:23,072 - __main__ - WARNING - DLOB fetch failed: Invalid format specifier '.4f if oracle else 'N/A'' for object of type 'float'
2025-09-05 13:48:23,072 - __main__ - INFO - Using last good price: $203.7767
2025-09-05 13:48:23,072 - __main__ - INFO - REAL SIGNAL: SELL (MACD: -0.1866)
2025-09-05 13:48:25,212 - httpx - INFO - HTTP Request: GET https://master.dlob.drift.trade/l2?marketName=SOL-PERP&depth=1&includeOracle=true "HTTP/1.1 200 OK"
2025-09-05 13:48:25,214 - __main__ - WARNING - DLOB fetch failed (attempt 1): Invalid format specifier '.4f if oracle else 'N/A'' for object of type 'float'
2025-09-05 13:48:25,849 - __main__ - WARNING - DLOB fetch failed: Invalid format specifier '.4f if oracle else 'N/A'' for object of type 'float'
2025-09-05 13:48:25,849 - __main__ - INFO - Using last good price: $203.8111
2025-09-05 13:48:25,850 - __main__ - INFO - REAL SIGNAL: SELL (MACD: -0.1478)
2025-09-05 13:48:28,169 - httpx - INFO - HTTP Request: GET https://master.dlob.drift.trade/l2?marketName=SOL-PERP&depth=1&includeOracle=true "HTTP/1.1 200 OK"
2025-09-05 13:48:28,171 - __main__ - WARNING - DLOB fetch failed (attempt 1): Invalid format specifier '.4f if oracle else 'N/A'' for object of type 'float'
2025-09-05 13:48:28,805 - __main__ - WARNING - DLOB fetch failed: Invalid format specifier '.4f if oracle else 'N/A'' for object of type 'float'
2025-09-05 13:48:28,805 - __main__ - INFO - Using last good price: $203.8107
2025-09-05 13:48:28,805 - __main__ - INFO - REAL SIGNAL: SELL (MACD: -0.1177)
2025-09-05 13:48:28,805 - __main__ - ERROR - Error in trend iteration 40: '>' not supported between instances of 'NoneType' and 'int'
2025-09-05 13:48:29,938 - httpx - INFO - HTTP Request: GET https://master.dlob.drift.trade/l2?marketName=SOL-PERP&depth=1&includeOracle=true "HTTP/1.1 200 OK"
2025-09-05 13:48:29,939 - __main__ - WARNING - DLOB fetch failed (attempt 1): Invalid format specifier '.4f if oracle else 'N/A'' for object of type 'float'
2025-09-05 13:48:30,501 - __main__ - WARNING - DLOB fetch failed: Invalid format specifier '.4f if oracle else 'N/A'' for object of type 'float'
2025-09-05 13:48:30,502 - __main__ - INFO - Using last good price: $203.8107
2025-09-05 13:48:32,635 - httpx - INFO - HTTP Request: GET https://master.dlob.drift.trade/l2?marketName=SOL-PERP&depth=1&includeOracle=true "HTTP/1.1 200 OK"
2025-09-05 13:48:32,636 - __main__ - WARNING - DLOB fetch failed (attempt 1): Invalid format specifier '.4f if oracle else 'N/A'' for object of type 'float'
2025-09-05 13:48:33,342 - __main__ - WARNING - DLOB fetch failed: Invalid format specifier '.4f if oracle else 'N/A'' for object of type 'float'
2025-09-05 13:48:33,342 - __main__ - INFO - Using last good price: $203.8100
2025-09-05 13:48:35,665 - httpx - INFO - HTTP Request: GET https://master.dlob.drift.trade/l2?marketName=SOL-PERP&depth=1&includeOracle=true "HTTP/1.1 200 OK"
2025-09-05 13:48:35,666 - __main__ - WARNING - DLOB fetch failed (attempt 1): Invalid format specifier '.4f if oracle else 'N/A'' for object of type 'float'
2025-09-05 13:48:36,320 - __main__ - WARNING - DLOB fetch failed: Invalid format specifier '.4f if oracle else 'N/A'' for object of type 'float'
2025-09-05 13:48:36,321 - __main__ - INFO - Using last good price: $203.7217
2025-09-05 13:48:38,639 - httpx - INFO - HTTP Request: GET https://master.dlob.drift.trade/l2?marketName=SOL-PERP&depth=1&includeOracle=true "HTTP/1.1 200 OK"
2025-09-05 13:48:38,640 - __main__ - WARNING - DLOB fetch failed (attempt 1): Invalid format specifier '.4f if oracle else 'N/A'' for object of type 'float'
2025-09-05 13:48:39,347 - __main__ - WARNING - DLOB fetch failed: Invalid format specifier '.4f if oracle else 'N/A'' for object of type 'float'
2025-09-05 13:48:39,347 - __main__ - INFO - Using last good price: $203.7217
2025-09-05 13:48:41,483 - httpx - INFO - HTTP Request: GET https://master.dlob.drift.trade/l2?marketName=SOL-PERP&depth=1&includeOracle=true "HTTP/1.1 200 OK"
2025-09-05 13:48:41,484 - __main__ - WARNING - DLOB fetch failed (attempt 1): Invalid format specifier '.4f if oracle else 'N/A'' for object of type 'float'
2025-09-05 13:48:42,133 - __main__ - WARNING - DLOB fetch failed: Invalid format specifier '.4f if oracle else 'N/A'' for object of type 'float'
2025-09-05 13:48:42,134 - __main__ - INFO - Using last good price: $203.7263
2025-09-05 13:48:42,134 - __main__ - ERROR - Error in trend iteration 45: '>' not supported between instances of 'NoneType' and 'int'
2025-09-05 13:48:43,451 - httpx - INFO - HTTP Request: GET https://master.dlob.drift.trade/l2?marketName=SOL-PERP&depth=1&includeOracle=true "HTTP/1.1 200 OK"
2025-09-05 13:48:43,453 - __main__ - WARNING - DLOB fetch failed (attempt 1): Invalid format specifier '.4f if oracle else 'N/A'' for object of type 'float'
2025-09-05 13:48:44,065 - __main__ - WARNING - DLOB fetch failed: Invalid format specifier '.4f if oracle else 'N/A'' for object of type 'float'
2025-09-05 13:48:44,065 - __main__ - INFO - Using last good price: $203.7185
2025-09-05 13:48:46,200 - httpx - INFO - HTTP Request: GET https://master.dlob.drift.trade/l2?marketName=SOL-PERP&depth=1&includeOracle=true "HTTP/1.1 200 OK"
2025-09-05 13:48:46,201 - __main__ - WARNING - DLOB fetch failed (attempt 1): Invalid format specifier '.4f if oracle else 'N/A'' for object of type 'float'
2025-09-05 13:48:46,798 - __main__ - WARNING - DLOB fetch failed: Invalid format specifier '.4f if oracle else 'N/A'' for object of type 'float'
2025-09-05 13:48:46,798 - __main__ - INFO - Using last good price: $203.7185
2025-09-05 13:48:49,115 - httpx - INFO - HTTP Request: GET https://master.dlob.drift.trade/l2?marketName=SOL-PERP&depth=1&includeOracle=true "HTTP/1.1 200 OK"
2025-09-05 13:48:49,116 - __main__ - WARNING - DLOB fetch failed (attempt 1): Invalid format specifier '.4f if oracle else 'N/A'' for object of type 'float'
2025-09-05 13:48:49,790 - __main__ - WARNING - DLOB fetch failed: Invalid format specifier '.4f if oracle else 'N/A'' for object of type 'float'
2025-09-05 13:48:49,790 - __main__ - INFO - Using last good price: $203.6726
2025-09-05 13:48:51,961 - httpx - INFO - HTTP Request: GET https://master.dlob.drift.trade/l2?marketName=SOL-PERP&depth=1&includeOracle=true "HTTP/1.1 200 OK"
2025-09-05 13:48:51,963 - __main__ - WARNING - DLOB fetch failed (attempt 1): Invalid format specifier '.4f if oracle else 'N/A'' for object of type 'float'
2025-09-05 13:48:52,505 - __main__ - WARNING - DLOB fetch failed: Invalid format specifier '.4f if oracle else 'N/A'' for object of type 'float'
2025-09-05 13:48:52,506 - __main__ - INFO - Using last good price: $203.6807
2025-09-05 13:48:54,646 - httpx - INFO - HTTP Request: GET https://master.dlob.drift.trade/l2?marketName=SOL-PERP&depth=1&includeOracle=true "HTTP/1.1 200 OK"
2025-09-05 13:48:54,648 - __main__ - WARNING - DLOB fetch failed (attempt 1): Invalid format specifier '.4f if oracle else 'N/A'' for object of type 'float'
2025-09-05 13:48:55,358 - __main__ - WARNING - DLOB fetch failed: Invalid format specifier '.4f if oracle else 'N/A'' for object of type 'float'
2025-09-05 13:48:55,358 - __main__ - INFO - Using last good price: $203.6817
2025-09-05 13:48:55,359 - __main__ - ERROR - Error in trend iteration 50: '>' not supported between instances of 'NoneType' and 'int'
2025-09-05 13:48:56,493 - httpx - INFO - HTTP Request: GET https://master.dlob.drift.trade/l2?marketName=SOL-PERP&depth=1&includeOracle=true "HTTP/1.1 200 OK"
2025-09-05 13:48:56,494 - __main__ - WARNING - DLOB fetch failed (attempt 1): Invalid format specifier '.4f if oracle else 'N/A'' for object of type 'float'
2025-09-05 13:48:57,127 - __main__ - WARNING - DLOB fetch failed: Invalid format specifier '.4f if oracle else 'N/A'' for object of type 'float'
2025-09-05 13:48:57,128 - __main__ - INFO - Using last good price: $203.6684
2025-09-05 13:48:59,254 - httpx - INFO - HTTP Request: GET https://master.dlob.drift.trade/l2?marketName=SOL-PERP&depth=1&includeOracle=true "HTTP/1.1 200 OK"
2025-09-05 13:48:59,255 - __main__ - WARNING - DLOB fetch failed (attempt 1): Invalid format specifier '.4f if oracle else 'N/A'' for object of type 'float'
2025-09-05 13:48:59,909 - __main__ - WARNING - DLOB fetch failed: Invalid format specifier '.4f if oracle else 'N/A'' for object of type 'float'
2025-09-05 13:48:59,909 - __main__ - INFO - Using last good price: $203.6614
2025-09-05 13:49:02,034 - httpx - INFO - HTTP Request: GET https://master.dlob.drift.trade/l2?marketName=SOL-PERP&depth=1&includeOracle=true "HTTP/1.1 200 OK"
2025-09-05 13:49:02,036 - __main__ - WARNING - DLOB fetch failed (attempt 1): Invalid format specifier '.4f if oracle else 'N/A'' for object of type 'float'
2025-09-05 13:49:02,709 - __main__ - WARNING - DLOB fetch failed: Invalid format specifier '.4f if oracle else 'N/A'' for object of type 'float'
2025-09-05 13:49:02,709 - __main__ - INFO - Using last good price: $203.6903
2025-09-05 13:49:05,032 - httpx - INFO - HTTP Request: GET https://master.dlob.drift.trade/l2?marketName=SOL-PERP&depth=1&includeOracle=true "HTTP/1.1 200 OK"
2025-09-05 13:49:05,033 - __main__ - WARNING - DLOB fetch failed (attempt 1): Invalid format specifier '.4f if oracle else 'N/A'' for object of type 'float'
2025-09-05 13:49:05,576 - __main__ - WARNING - DLOB fetch failed: Invalid format specifier '.4f if oracle else 'N/A'' for object of type 'float'
2025-09-05 13:49:05,577 - __main__ - INFO - Using last good price: $203.6694
2025-09-05 13:49:07,706 - httpx - INFO - HTTP Request: GET https://master.dlob.drift.trade/l2?marketName=SOL-PERP&depth=1&includeOracle=true "HTTP/1.1 200 OK"
2025-09-05 13:49:07,707 - __main__ - WARNING - DLOB fetch failed (attempt 1): Invalid format specifier '.4f if oracle else 'N/A'' for object of type 'float'
2025-09-05 13:49:08,325 - __main__ - WARNING - DLOB fetch failed: Invalid format specifier '.4f if oracle else 'N/A'' for object of type 'float'
2025-09-05 13:49:08,325 - __main__ - INFO - Using last good price: $203.6596
2025-09-05 13:49:08,326 - __main__ - ERROR - Error in trend iteration 55: '>' not supported between instances of 'NoneType' and 'int'
2025-09-05 13:49:09,639 - httpx - INFO - HTTP Request: GET https://master.dlob.drift.trade/l2?marketName=SOL-PERP&depth=1&includeOracle=true "HTTP/1.1 200 OK"
2025-09-05 13:49:09,640 - __main__ - WARNING - DLOB fetch failed (attempt 1): Invalid format specifier '.4f if oracle else 'N/A'' for object of type 'float'
2025-09-05 13:49:10,237 - __main__ - WARNING - DLOB fetch failed: Invalid format specifier '.4f if oracle else 'N/A'' for object of type 'float'
2025-09-05 13:49:10,237 - __main__ - INFO - Using last good price: $203.6789
2025-09-05 13:49:12,370 - httpx - INFO - HTTP Request: GET https://master.dlob.drift.trade/l2?marketName=SOL-PERP&depth=1&includeOracle=true "HTTP/1.1 200 OK"
2025-09-05 13:49:12,371 - __main__ - WARNING - DLOB fetch failed (attempt 1): Invalid format specifier '.4f if oracle else 'N/A'' for object of type 'float'
2025-09-05 13:49:13,052 - __main__ - WARNING - DLOB fetch failed: Invalid format specifier '.4f if oracle else 'N/A'' for object of type 'float'
2025-09-05 13:49:13,052 - __main__ - INFO - Using last good price: $203.6884
2025-09-05 13:49:15,190 - httpx - INFO - HTTP Request: GET https://master.dlob.drift.trade/l2?marketName=SOL-PERP&depth=1&includeOracle=true "HTTP/1.1 200 OK"
2025-09-05 13:49:15,193 - __main__ - WARNING - DLOB fetch failed (attempt 1): Invalid format specifier '.4f if oracle else 'N/A'' for object of type 'float'
2025-09-05 13:49:15,871 - __main__ - WARNING - DLOB fetch failed: Invalid format specifier '.4f if oracle else 'N/A'' for object of type 'float'
2025-09-05 13:49:15,871 - __main__ - INFO - Using last good price: $203.7127
2025-09-05 13:49:18,189 - httpx - INFO - HTTP Request: GET https://master.dlob.drift.trade/l2?marketName=SOL-PERP&depth=1&includeOracle=true "HTTP/1.1 200 OK"
2025-09-05 13:49:18,190 - __main__ - WARNING - DLOB fetch failed (attempt 1): Invalid format specifier '.4f if oracle else 'N/A'' for object of type 'float'
2025-09-05 13:49:18,891 - __main__ - WARNING - DLOB fetch failed: Invalid format specifier '.4f if oracle else 'N/A'' for object of type 'float'
2025-09-05 13:49:18,891 - __main__ - INFO - Using last good price: $203.7124
2025-09-05 13:49:21,210 - httpx - INFO - HTTP Request: GET https://master.dlob.drift.trade/l2?marketName=SOL-PERP&depth=1&includeOracle=true "HTTP/1.1 200 OK"
2025-09-05 13:49:21,211 - __main__ - WARNING - DLOB fetch failed (attempt 1): Invalid format specifier '.4f if oracle else 'N/A'' for object of type 'float'
2025-09-05 13:49:21,909 - __main__ - WARNING - DLOB fetch failed: Invalid format specifier '.4f if oracle else 'N/A'' for object of type 'float'
2025-09-05 13:49:21,909 - __main__ - INFO - Using last good price: $203.7031
2025-09-05 13:49:21,910 - __main__ - ERROR - Error in trend iteration 60: '>' not supported between instances of 'NoneType' and 'int'
2025-09-05 13:49:23,034 - httpx - INFO - HTTP Request: GET https://master.dlob.drift.trade/l2?marketName=SOL-PERP&depth=1&includeOracle=true "HTTP/1.1 200 OK"
2025-09-05 13:49:23,035 - __main__ - WARNING - DLOB fetch failed (attempt 1): Invalid format specifier '.4f if oracle else 'N/A'' for object of type 'float'
2025-09-05 13:49:23,634 - __main__ - WARNING - DLOB fetch failed: Invalid format specifier '.4f if oracle else 'N/A'' for object of type 'float'
2025-09-05 13:49:23,635 - __main__ - INFO - Using last good price: $203.6654
2025-09-05 13:49:25,774 - httpx - INFO - HTTP Request: GET https://master.dlob.drift.trade/l2?marketName=SOL-PERP&depth=1&includeOracle=true "HTTP/1.1 200 OK"
2025-09-05 13:49:25,776 - __main__ - WARNING - DLOB fetch failed (attempt 1): Invalid format specifier '.4f if oracle else 'N/A'' for object of type 'float'
2025-09-05 13:49:26,411 - __main__ - WARNING - DLOB fetch failed: Invalid format specifier '.4f if oracle else 'N/A'' for object of type 'float'
2025-09-05 13:49:26,411 - __main__ - INFO - Using last good price: $203.6557
2025-09-05 13:49:28,725 - httpx - INFO - HTTP Request: GET https://master.dlob.drift.trade/l2?marketName=SOL-PERP&depth=1&includeOracle=true "HTTP/1.1 200 OK"
2025-09-05 13:49:28,727 - __main__ - WARNING - DLOB fetch failed (attempt 1): Invalid format specifier '.4f if oracle else 'N/A'' for object of type 'float'
2025-09-05 13:49:29,339 - __main__ - WARNING - DLOB fetch failed: Invalid format specifier '.4f if oracle else 'N/A'' for object of type 'float'
2025-09-05 13:49:29,339 - __main__ - INFO - Using last good price: $203.6535
2025-09-05 13:49:31,659 - httpx - INFO - HTTP Request: GET https://master.dlob.drift.trade/l2?marketName=SOL-PERP&depth=1&includeOracle=true "HTTP/1.1 200 OK"
2025-09-05 13:49:31,661 - __main__ - WARNING - DLOB fetch failed (attempt 1): Invalid format specifier '.4f if oracle else 'N/A'' for object of type 'float'
2025-09-05 13:49:32,210 - __main__ - WARNING - DLOB fetch failed: Invalid format specifier '.4f if oracle else 'N/A'' for object of type 'float'
2025-09-05 13:49:32,211 - __main__ - INFO - Using last good price: $203.6535
2025-09-05 13:49:34,624 - httpx - INFO - HTTP Request: GET https://master.dlob.drift.trade/l2?marketName=SOL-PERP&depth=1&includeOracle=true "HTTP/1.1 200 OK"
2025-09-05 13:49:34,626 - __main__ - WARNING - DLOB fetch failed (attempt 1): Invalid format specifier '.4f if oracle else 'N/A'' for object of type 'float'
2025-09-05 13:49:35,248 - __main__ - WARNING - DLOB fetch failed: Invalid format specifier '.4f if oracle else 'N/A'' for object of type 'float'
2025-09-05 13:49:35,248 - __main__ - INFO - Using last good price: $203.6744
2025-09-05 13:49:35,248 - __main__ - ERROR - Error in trend iteration 65: '>' not supported between instances of 'NoneType' and 'int'
2025-09-05 13:49:36,381 - httpx - INFO - HTTP Request: GET https://master.dlob.drift.trade/l2?marketName=SOL-PERP&depth=1&includeOracle=true "HTTP/1.1 200 OK"
2025-09-05 13:49:36,383 - __main__ - WARNING - DLOB fetch failed (attempt 1): Invalid format specifier '.4f if oracle else 'N/A'' for object of type 'float'
2025-09-05 13:49:37,031 - __main__ - WARNING - DLOB fetch failed: Invalid format specifier '.4f if oracle else 'N/A'' for object of type 'float'
2025-09-05 13:49:37,031 - __main__ - INFO - Using last good price: $203.6936
2025-09-05 13:49:39,165 - httpx - INFO - HTTP Request: GET https://master.dlob.drift.trade/l2?marketName=SOL-PERP&depth=1&includeOracle=true "HTTP/1.1 200 OK"
2025-09-05 13:49:39,166 - __main__ - WARNING - DLOB fetch failed (attempt 1): Invalid format specifier '.4f if oracle else 'N/A'' for object of type 'float'
2025-09-05 13:49:39,830 - __main__ - WARNING - DLOB fetch failed: Invalid format specifier '.4f if oracle else 'N/A'' for object of type 'float'
2025-09-05 13:49:39,831 - __main__ - INFO - Using last good price: $203.6888
2025-09-05 13:49:42,144 - httpx - INFO - HTTP Request: GET https://master.dlob.drift.trade/l2?marketName=SOL-PERP&depth=1&includeOracle=true "HTTP/1.1 200 OK"
2025-09-05 13:49:42,145 - __main__ - WARNING - DLOB fetch failed (attempt 1): Invalid format specifier '.4f if oracle else 'N/A'' for object of type 'float'
2025-09-05 13:49:42,827 - __main__ - WARNING - DLOB fetch failed: Invalid format specifier '.4f if oracle else 'N/A'' for object of type 'float'
2025-09-05 13:49:42,828 - __main__ - INFO - Using last good price: $203.7040
2025-09-05 13:49:45,157 - httpx - INFO - HTTP Request: GET https://master.dlob.drift.trade/l2?marketName=SOL-PERP&depth=1&includeOracle=true "HTTP/1.1 200 OK"
2025-09-05 13:49:45,158 - __main__ - WARNING - DLOB fetch failed (attempt 1): Invalid format specifier '.4f if oracle else 'N/A'' for object of type 'float'
2025-09-05 13:49:45,704 - __main__ - WARNING - DLOB fetch failed: Invalid format specifier '.4f if oracle else 'N/A'' for object of type 'float'
2025-09-05 13:49:45,704 - __main__ - INFO - Using last good price: $203.7056
2025-09-05 13:49:47,877 - httpx - INFO - HTTP Request: GET https://master.dlob.drift.trade/l2?marketName=SOL-PERP&depth=1&includeOracle=true "HTTP/1.1 200 OK"
2025-09-05 13:49:47,879 - __main__ - WARNING - DLOB fetch failed (attempt 1): Invalid format specifier '.4f if oracle else 'N/A'' for object of type 'float'
2025-09-05 13:49:48,488 - __main__ - WARNING - DLOB fetch failed: Invalid format specifier '.4f if oracle else 'N/A'' for object of type 'float'
2025-09-05 13:49:48,488 - __main__ - INFO - Using last good price: $203.7253
2025-09-05 13:49:48,489 - __main__ - ERROR - Error in trend iteration 70: '>' not supported between instances of 'NoneType' and 'int'
2025-09-05 13:49:49,622 - httpx - INFO - HTTP Request: GET https://master.dlob.drift.trade/l2?marketName=SOL-PERP&depth=1&includeOracle=true "HTTP/1.1 200 OK"
2025-09-05 13:49:49,623 - __main__ - WARNING - DLOB fetch failed (attempt 1): Invalid format specifier '.4f if oracle else 'N/A'' for object of type 'float'
2025-09-05 13:49:50,291 - __main__ - WARNING - DLOB fetch failed: Invalid format specifier '.4f if oracle else 'N/A'' for object of type 'float'
2025-09-05 13:49:50,292 - __main__ - INFO - Using last good price: $203.6998
2025-09-05 13:49:52,613 - httpx - INFO - HTTP Request: GET https://master.dlob.drift.trade/l2?marketName=SOL-PERP&depth=1&includeOracle=true "HTTP/1.1 200 OK"
2025-09-05 13:49:52,614 - __main__ - WARNING - DLOB fetch failed (attempt 1): Invalid format specifier '.4f if oracle else 'N/A'' for object of type 'float'
2025-09-05 13:49:53,288 - __main__ - WARNING - DLOB fetch failed: Invalid format specifier '.4f if oracle else 'N/A'' for object of type 'float'
2025-09-05 13:49:53,288 - __main__ - INFO - Using last good price: $203.6961
2025-09-05 13:49:55,459 - httpx - INFO - HTTP Request: GET https://master.dlob.drift.trade/l2?marketName=SOL-PERP&depth=1&includeOracle=true "HTTP/1.1 200 OK"
2025-09-05 13:49:55,460 - __main__ - WARNING - DLOB fetch failed (attempt 1): Invalid format specifier '.4f if oracle else 'N/A'' for object of type 'float'
2025-09-05 13:49:56,021 - __main__ - WARNING - DLOB fetch failed: Invalid format specifier '.4f if oracle else 'N/A'' for object of type 'float'
2025-09-05 13:49:56,021 - __main__ - INFO - Using last good price: $203.6955
2025-09-05 13:49:58,148 - httpx - INFO - HTTP Request: GET https://master.dlob.drift.trade/l2?marketName=SOL-PERP&depth=1&includeOracle=true "HTTP/1.1 200 OK"
2025-09-05 13:49:58,149 - __main__ - WARNING - DLOB fetch failed (attempt 1): Invalid format specifier '.4f if oracle else 'N/A'' for object of type 'float'
2025-09-05 13:49:58,691 - __main__ - WARNING - DLOB fetch failed: Invalid format specifier '.4f if oracle else 'N/A'' for object of type 'float'
2025-09-05 13:49:58,692 - __main__ - INFO - Using last good price: $203.6954
2025-09-05 13:50:01,014 - httpx - INFO - HTTP Request: GET https://master.dlob.drift.trade/l2?marketName=SOL-PERP&depth=1&includeOracle=true "HTTP/1.1 200 OK"
2025-09-05 13:50:01,015 - __main__ - WARNING - DLOB fetch failed (attempt 1): Invalid format specifier '.4f if oracle else 'N/A'' for object of type 'float'
2025-09-05 13:50:01,590 - __main__ - WARNING - DLOB fetch failed: Invalid format specifier '.4f if oracle else 'N/A'' for object of type 'float'
2025-09-05 13:50:01,591 - __main__ - INFO - Using last good price: $203.6950
2025-09-05 13:50:01,591 - __main__ - ERROR - Error in trend iteration 75: '>' not supported between instances of 'NoneType' and 'int'
2025-09-05 13:50:02,723 - httpx - INFO - HTTP Request: GET https://master.dlob.drift.trade/l2?marketName=SOL-PERP&depth=1&includeOracle=true "HTTP/1.1 200 OK"
2025-09-05 13:50:02,725 - __main__ - WARNING - DLOB fetch failed (attempt 1): Invalid format specifier '.4f if oracle else 'N/A'' for object of type 'float'
2025-09-05 13:50:03,261 - __main__ - WARNING - DLOB fetch failed: Invalid format specifier '.4f if oracle else 'N/A'' for object of type 'float'
2025-09-05 13:50:03,261 - __main__ - INFO - Using last good price: $203.7011
2025-09-05 13:50:05,397 - httpx - INFO - HTTP Request: GET https://master.dlob.drift.trade/l2?marketName=SOL-PERP&depth=1&includeOracle=true "HTTP/1.1 200 OK"
2025-09-05 13:50:05,398 - __main__ - WARNING - DLOB fetch failed (attempt 1): Invalid format specifier '.4f if oracle else 'N/A'' for object of type 'float'
2025-09-05 13:50:06,041 - __main__ - WARNING - DLOB fetch failed: Invalid format specifier '.4f if oracle else 'N/A'' for object of type 'float'
2025-09-05 13:50:06,042 - __main__ - INFO - Using last good price: $203.7077
2025-09-05 13:50:08,354 - httpx - INFO - HTTP Request: GET https://master.dlob.drift.trade/l2?marketName=SOL-PERP&depth=1&includeOracle=true "HTTP/1.1 200 OK"
2025-09-05 13:50:08,356 - __main__ - WARNING - DLOB fetch failed (attempt 1): Invalid format specifier '.4f if oracle else 'N/A'' for object of type 'float'
2025-09-05 13:50:08,946 - __main__ - WARNING - DLOB fetch failed: Invalid format specifier '.4f if oracle else 'N/A'' for object of type 'float'
2025-09-05 13:50:08,947 - __main__ - INFO - Using last good price: $203.6825
2025-09-05 13:50:11,080 - httpx - INFO - HTTP Request: GET https://master.dlob.drift.trade/l2?marketName=SOL-PERP&depth=1&includeOracle=true "HTTP/1.1 200 OK"
2025-09-05 13:50:11,081 - __main__ - WARNING - DLOB fetch failed (attempt 1): Invalid format specifier '.4f if oracle else 'N/A'' for object of type 'float'
2025-09-05 13:50:11,719 - __main__ - WARNING - DLOB fetch failed: Invalid format specifier '.4f if oracle else 'N/A'' for object of type 'float'
2025-09-05 13:50:11,719 - __main__ - INFO - Using last good price: $203.6475
2025-09-05 13:50:13,854 - httpx - INFO - HTTP Request: GET https://master.dlob.drift.trade/l2?marketName=SOL-PERP&depth=1&includeOracle=true "HTTP/1.1 200 OK"
2025-09-05 13:50:13,856 - __main__ - WARNING - DLOB fetch failed (attempt 1): Invalid format specifier '.4f if oracle else 'N/A'' for object of type 'float'
2025-09-05 13:50:14,417 - __main__ - WARNING - DLOB fetch failed: Invalid format specifier '.4f if oracle else 'N/A'' for object of type 'float'
2025-09-05 13:50:14,417 - __main__ - INFO - Using last good price: $203.6792
2025-09-05 13:50:14,418 - __main__ - ERROR - Error in trend iteration 80: '>' not supported between instances of 'NoneType' and 'int'
2025-09-05 13:50:15,554 - httpx - INFO - HTTP Request: GET https://master.dlob.drift.trade/l2?marketName=SOL-PERP&depth=1&includeOracle=true "HTTP/1.1 200 OK"
2025-09-05 13:50:15,555 - __main__ - WARNING - DLOB fetch failed (attempt 1): Invalid format specifier '.4f if oracle else 'N/A'' for object of type 'float'
2025-09-05 13:50:16,258 - __main__ - WARNING - DLOB fetch failed: Invalid format specifier '.4f if oracle else 'N/A'' for object of type 'float'
2025-09-05 13:50:16,258 - __main__ - INFO - Using last good price: $203.6783
2025-09-05 13:50:18,587 - httpx - INFO - HTTP Request: GET https://master.dlob.drift.trade/l2?marketName=SOL-PERP&depth=1&includeOracle=true "HTTP/1.1 200 OK"
2025-09-05 13:50:18,588 - __main__ - WARNING - DLOB fetch failed (attempt 1): Invalid format specifier '.4f if oracle else 'N/A'' for object of type 'float'
2025-09-05 13:50:19,186 - __main__ - WARNING - DLOB fetch failed: Invalid format specifier '.4f if oracle else 'N/A'' for object of type 'float'
2025-09-05 13:50:19,186 - __main__ - INFO - Using last good price: $203.6297
2025-09-05 13:50:21,324 - httpx - INFO - HTTP Request: GET https://master.dlob.drift.trade/l2?marketName=SOL-PERP&depth=1&includeOracle=true "HTTP/1.1 200 OK"
2025-09-05 13:50:21,325 - __main__ - WARNING - DLOB fetch failed (attempt 1): Invalid format specifier '.4f if oracle else 'N/A'' for object of type 'float'
2025-09-05 13:50:21,883 - __main__ - WARNING - DLOB fetch failed: Invalid format specifier '.4f if oracle else 'N/A'' for object of type 'float'
2025-09-05 13:50:21,883 - __main__ - INFO - Using last good price: $203.6310
2025-09-05 13:50:24,203 - httpx - INFO - HTTP Request: GET https://master.dlob.drift.trade/l2?marketName=SOL-PERP&depth=1&includeOracle=true "HTTP/1.1 200 OK"
2025-09-05 13:50:24,204 - __main__ - WARNING - DLOB fetch failed (attempt 1): Invalid format specifier '.4f if oracle else 'N/A'' for object of type 'float'
2025-09-05 13:50:24,744 - __main__ - WARNING - DLOB fetch failed: Invalid format specifier '.4f if oracle else 'N/A'' for object of type 'float'
2025-09-05 13:50:24,744 - __main__ - INFO - Using last good price: $203.6281
2025-09-05 13:50:27,066 - httpx - INFO - HTTP Request: GET https://master.dlob.drift.trade/l2?marketName=SOL-PERP&depth=1&includeOracle=true "HTTP/1.1 200 OK"
2025-09-05 13:50:27,067 - __main__ - WARNING - DLOB fetch failed (attempt 1): Invalid format specifier '.4f if oracle else 'N/A'' for object of type 'float'
2025-09-05 13:50:27,623 - __main__ - WARNING - DLOB fetch failed: Invalid format specifier '.4f if oracle else 'N/A'' for object of type 'float'
2025-09-05 13:50:27,623 - __main__ - INFO - Using last good price: $203.5788
2025-09-05 13:50:27,623 - __main__ - ERROR - Error in trend iteration 85: '>' not supported between instances of 'NoneType' and 'int'
2025-09-05 13:50:28,756 - httpx - INFO - HTTP Request: GET https://master.dlob.drift.trade/l2?marketName=SOL-PERP&depth=1&includeOracle=true "HTTP/1.1 200 OK"
2025-09-05 13:50:28,757 - __main__ - WARNING - DLOB fetch failed (attempt 1): Invalid format specifier '.4f if oracle else 'N/A'' for object of type 'float'
2025-09-05 13:50:29,395 - __main__ - WARNING - DLOB fetch failed: Invalid format specifier '.4f if oracle else 'N/A'' for object of type 'float'
2025-09-05 13:50:29,395 - __main__ - INFO - Using last good price: $203.6145
2025-09-05 13:50:31,717 - httpx - INFO - HTTP Request: GET https://master.dlob.drift.trade/l2?marketName=SOL-PERP&depth=1&includeOracle=true "HTTP/1.1 200 OK"
2025-09-05 13:50:31,719 - __main__ - WARNING - DLOB fetch failed (attempt 1): Invalid format specifier '.4f if oracle else 'N/A'' for object of type 'float'
2025-09-05 13:50:32,247 - __main__ - WARNING - DLOB fetch failed: Invalid format specifier '.4f if oracle else 'N/A'' for object of type 'float'
2025-09-05 13:50:32,247 - __main__ - INFO - Using last good price: $203.6210
2025-09-05 13:50:34,379 - httpx - INFO - HTTP Request: GET https://master.dlob.drift.trade/l2?marketName=SOL-PERP&depth=1&includeOracle=true "HTTP/1.1 200 OK"
2025-09-05 13:50:34,380 - __main__ - WARNING - DLOB fetch failed (attempt 1): Invalid format specifier '.4f if oracle else 'N/A'' for object of type 'float'
2025-09-05 13:50:35,033 - __main__ - WARNING - DLOB fetch failed: Invalid format specifier '.4f if oracle else 'N/A'' for object of type 'float'
2025-09-05 13:50:35,033 - __main__ - INFO - Using last good price: $203.6630
2025-09-05 13:50:37,189 - httpx - INFO - HTTP Request: GET https://master.dlob.drift.trade/l2?marketName=SOL-PERP&depth=1&includeOracle=true "HTTP/1.1 200 OK"
2025-09-05 13:50:37,191 - __main__ - WARNING - DLOB fetch failed (attempt 1): Invalid format specifier '.4f if oracle else 'N/A'' for object of type 'float'
2025-09-05 13:50:37,771 - __main__ - WARNING - DLOB fetch failed: Invalid format specifier '.4f if oracle else 'N/A'' for object of type 'float'
2025-09-05 13:50:37,772 - __main__ - INFO - Using last good price: $203.6812
2025-09-05 13:50:39,324 - __main__ - ERROR - Trend Bot robust failed: unknown async library, or not in async context
2025-09-05 13:50:39,325 - __main__ - ERROR - Unexpected error: sys.meta_path is None, Python is likely shutting down
2025-09-05 13:51:32,153 - __main__ - INFO - Starting Trend Bot with Robust DLOB API
2025-09-05 13:51:32,154 - __main__ - INFO - ======================================================================
2025-09-05 13:51:32,155 - __main__ - INFO - Environment: DEVNET (Beta)
2025-09-05 13:51:32,156 - __main__ - INFO - Trading Platform: beta.drift.trade
2025-09-05 13:51:32,156 - __main__ - INFO - Strategy: MACD + Momentum Trend Following
2025-09-05 13:51:32,157 - __main__ - INFO - Market: SOL-PERP
2025-09-05 13:51:32,158 - __main__ - INFO - Data Source: DLOB API with retry/circuit breaker
2025-09-05 13:51:32,158 - __main__ - INFO - Signal Gating: Mock mode prevents trading on fake data
2025-09-05 13:51:32,159 - __main__ - INFO - ======================================================================
2025-09-05 13:51:32,159 - __main__ - INFO - DLOB Poller initialized for SOL-PERP on devnet
2025-09-05 13:51:32,159 - __main__ - INFO - DLOB poller initialized
2025-09-05 13:51:32,160 - __main__ - INFO - Testing DLOB API connection...
2025-09-05 13:51:33,250 - httpx - INFO - HTTP Request: GET https://master.dlob.drift.trade/l2?marketName=SOL-PERP&depth=1&includeOracle=true "HTTP/1.1 200 OK"
2025-09-05 13:51:33,252 - __main__ - INFO - DLOB API connection successful! Price: $203.7000
2025-09-05 13:51:33,252 - __main__ - INFO - Oracle price: $202.6501
2025-09-05 13:51:33,266 - __main__ - INFO - Initializing components...
2025-09-05 13:51:33,266 - __main__ - INFO - All components initialized
2025-09-05 13:51:34,782 - __main__ - INFO - Trend configuration loaded
2025-09-05 13:51:34,783 - __main__ - INFO - Starting trend analysis loop with robust DLOB data...
2025-09-05 13:51:34,783 - __main__ - INFO - You can track orders at: https://beta.drift.trade
2025-09-05 13:51:34,784 - __main__ - INFO - Press Ctrl+C to stop gracefully
2025-09-05 13:51:34,784 - __main__ - INFO - ======================================================================
2025-09-05 13:51:35,450 - httpx - INFO - HTTP Request: GET https://master.dlob.drift.trade/l2?marketName=SOL-PERP&depth=1&includeOracle=true "HTTP/1.1 200 OK"
2025-09-05 13:51:35,452 - __main__ - INFO - REAL PRICE from DLOB: $203.7081
2025-09-05 13:51:35,452 - __main__ - INFO -   Oracle: $202.6501
2025-09-05 13:51:37,581 - httpx - INFO - HTTP Request: GET https://master.dlob.drift.trade/l2?marketName=SOL-PERP&depth=1&includeOracle=true "HTTP/1.1 200 OK"
2025-09-05 13:51:37,583 - __main__ - INFO - REAL PRICE from DLOB: $203.7020
2025-09-05 13:51:37,583 - __main__ - INFO -   Oracle: $202.6501
2025-09-05 13:51:37,583 - __main__ - INFO - REAL SIGNAL: SELL (MACD: -162.9616)
2025-09-05 13:51:39,909 - httpx - INFO - HTTP Request: GET https://master.dlob.drift.trade/l2?marketName=SOL-PERP&depth=1&includeOracle=true "HTTP/1.1 200 OK"
2025-09-05 13:51:39,910 - __main__ - INFO - REAL PRICE from DLOB: $203.7021
2025-09-05 13:51:39,910 - __main__ - INFO -   Oracle: $202.6807
2025-09-05 13:51:39,911 - __main__ - INFO - REAL SIGNAL: SELL (MACD: -130.3692)
2025-09-05 13:51:42,230 - httpx - INFO - HTTP Request: GET https://master.dlob.drift.trade/l2?marketName=SOL-PERP&depth=1&includeOracle=true "HTTP/1.1 200 OK"
2025-09-05 13:51:42,231 - __main__ - INFO - REAL PRICE from DLOB: $203.7484
2025-09-05 13:51:42,232 - __main__ - INFO -   Oracle: $202.6968
2025-09-05 13:51:42,232 - __main__ - INFO - REAL SIGNAL: SELL (MACD: -104.2924)
2025-09-05 13:51:44,367 - httpx - INFO - HTTP Request: GET https://master.dlob.drift.trade/l2?marketName=SOL-PERP&depth=1&includeOracle=true "HTTP/1.1 200 OK"
2025-09-05 13:51:44,369 - __main__ - INFO - REAL PRICE from DLOB: $203.7966
2025-09-05 13:51:44,369 - __main__ - INFO -   Oracle: $202.6968
2025-09-05 13:51:44,369 - __main__ - INFO - REAL SIGNAL: SELL (MACD: -83.4286)
2025-09-05 13:51:44,369 - __main__ - INFO - ==================================================
2025-09-05 13:51:44,370 - __main__ - INFO - BETA TRACKING UPDATE - Iteration 5
2025-09-05 13:51:44,370 - __main__ - INFO - Runtime: 9.6s
2025-09-05 13:51:44,370 - __main__ - INFO - Current Position: $0.00
2025-09-05 13:51:44,370 - __main__ - INFO - Total Volume: $0.00
2025-09-05 13:51:44,370 - __main__ - INFO - Current Price: $203.7966
2025-09-05 13:51:44,371 - __main__ - INFO - Price Change: +0.00%
2025-09-05 13:51:44,371 - __main__ - INFO - Open Orders: 0
2025-09-05 13:51:44,371 - __main__ - INFO - MACD Values: 4
2025-09-05 13:51:44,372 - __main__ - INFO - Total Signals: 4 (Real: 4)
2025-09-05 13:51:44,372 - __main__ - INFO - DLOB API Success Rate: 5/5
2025-09-05 13:51:44,372 - __main__ - INFO - Data Quality: real_tick
2025-09-05 13:51:44,372 - __main__ - INFO - Mock Mode: False
2025-09-05 13:51:44,373 - __main__ - INFO - Fail Count: 0
2025-09-05 13:51:44,373 - __main__ - INFO - ==================================================
2025-09-05 13:51:46,511 - httpx - INFO - HTTP Request: GET https://master.dlob.drift.trade/l2?marketName=SOL-PERP&depth=1&includeOracle=true "HTTP/1.1 200 OK"
2025-09-05 13:51:46,513 - __main__ - INFO - REAL PRICE from DLOB: $203.8076
2025-09-05 13:51:46,513 - __main__ - INFO -   Oracle: $202.6968
2025-09-05 13:51:46,514 - __main__ - INFO - REAL SIGNAL: SELL (MACD: -66.7381)
2025-09-05 13:51:48,636 - httpx - INFO - HTTP Request: GET https://master.dlob.drift.trade/l2?marketName=SOL-PERP&depth=1&includeOracle=true "HTTP/1.1 200 OK"
2025-09-05 13:51:48,637 - __main__ - INFO - REAL PRICE from DLOB: $203.8261
2025-09-05 13:51:48,638 - __main__ - INFO -   Oracle: $202.6968
2025-09-05 13:51:48,638 - __main__ - INFO - REAL SIGNAL: SELL (MACD: -53.3856)
2025-09-05 13:51:50,950 - httpx - INFO - HTTP Request: GET https://master.dlob.drift.trade/l2?marketName=SOL-PERP&depth=1&includeOracle=true "HTTP/1.1 200 OK"
2025-09-05 13:51:50,951 - __main__ - INFO - REAL PRICE from DLOB: $203.8295
2025-09-05 13:51:50,952 - __main__ - INFO -   Oracle: $202.6968
2025-09-05 13:51:50,952 - __main__ - INFO - REAL SIGNAL: SELL (MACD: -42.7047)
2025-09-05 13:51:53,092 - httpx - INFO - HTTP Request: GET https://master.dlob.drift.trade/l2?marketName=SOL-PERP&depth=1&includeOracle=true "HTTP/1.1 200 OK"
2025-09-05 13:51:53,093 - __main__ - INFO - REAL PRICE from DLOB: $203.8299
2025-09-05 13:51:53,093 - __main__ - INFO -   Oracle: $202.6968
2025-09-05 13:51:53,093 - __main__ - INFO - REAL SIGNAL: SELL (MACD: -34.1611)
2025-09-05 13:51:55,415 - httpx - INFO - HTTP Request: GET https://master.dlob.drift.trade/l2?marketName=SOL-PERP&depth=1&includeOracle=true "HTTP/1.1 200 OK"
2025-09-05 13:51:55,416 - __main__ - INFO - REAL PRICE from DLOB: $203.8376
2025-09-05 13:51:55,416 - __main__ - INFO -   Oracle: $202.6968
2025-09-05 13:51:55,416 - __main__ - INFO - REAL SIGNAL: SELL (MACD: -27.3265)
2025-09-05 13:51:55,416 - __main__ - INFO - ==================================================
2025-09-05 13:51:55,417 - __main__ - INFO - BETA TRACKING UPDATE - Iteration 10
2025-09-05 13:51:55,417 - __main__ - INFO - Runtime: 20.6s
2025-09-05 13:51:55,417 - __main__ - INFO - Current Position: $0.00
2025-09-05 13:51:55,417 - __main__ - INFO - Total Volume: $0.00
2025-09-05 13:51:55,417 - __main__ - INFO - Current Price: $203.8376
2025-09-05 13:51:55,418 - __main__ - INFO - Price Change: +0.02%
2025-09-05 13:51:55,418 - __main__ - INFO - Open Orders: 0
2025-09-05 13:51:55,418 - __main__ - INFO - MACD Values: 9
2025-09-05 13:51:55,418 - __main__ - INFO - Total Signals: 9 (Real: 9)
2025-09-05 13:51:55,418 - __main__ - INFO - DLOB API Success Rate: 10/10
2025-09-05 13:51:55,419 - __main__ - INFO - Data Quality: real_tick
2025-09-05 13:51:55,419 - __main__ - INFO - Mock Mode: False
2025-09-05 13:51:55,419 - __main__ - INFO - Fail Count: 0
2025-09-05 13:51:55,419 - __main__ - INFO - ==================================================
2025-09-05 13:51:57,556 - httpx - INFO - HTTP Request: GET https://master.dlob.drift.trade/l2?marketName=SOL-PERP&depth=1&includeOracle=true "HTTP/1.1 200 OK"
2025-09-05 13:51:57,557 - __main__ - INFO - REAL PRICE from DLOB: $203.8376
2025-09-05 13:51:57,558 - __main__ - INFO -   Oracle: $202.6968
2025-09-05 13:51:57,558 - __main__ - INFO - REAL SIGNAL: SELL (MACD: -21.8597)
2025-09-05 13:51:59,681 - httpx - INFO - HTTP Request: GET https://master.dlob.drift.trade/l2?marketName=SOL-PERP&depth=1&includeOracle=true "HTTP/1.1 200 OK"
2025-09-05 13:51:59,683 - __main__ - INFO - REAL PRICE from DLOB: $203.8340
2025-09-05 13:51:59,683 - __main__ - INFO -   Oracle: $202.6968
2025-09-05 13:51:59,684 - __main__ - INFO - REAL SIGNAL: SELL (MACD: -17.4871)
2025-09-05 13:52:00,848 - __main__ - ERROR - Trend Bot robust failed: unknown async library, or not in async context
2025-09-05 13:52:00,849 - __main__ - ERROR - Unexpected error: sys.meta_path is None, Python is likely shutting down
2025-09-05 13:52:35,959 - __main__ - INFO - Starting Trend Bot with Robust DLOB API
2025-09-05 13:52:35,961 - __main__ - INFO - ======================================================================
2025-09-05 13:52:35,961 - __main__ - INFO - Environment: DEVNET (Beta)
2025-09-05 13:52:35,962 - __main__ - INFO - Trading Platform: beta.drift.trade
2025-09-05 13:52:35,963 - __main__ - INFO - Strategy: MACD + Momentum Trend Following
2025-09-05 13:52:35,964 - __main__ - INFO - Market: SOL-PERP
2025-09-05 13:52:35,965 - __main__ - INFO - Data Source: DLOB API with retry/circuit breaker
2025-09-05 13:52:35,966 - __main__ - INFO - Signal Gating: Mock mode prevents trading on fake data
2025-09-05 13:52:35,967 - __main__ - INFO - ======================================================================
2025-09-05 13:52:35,967 - __main__ - INFO - DLOB Poller initialized for SOL-PERP on devnet
2025-09-05 13:52:35,968 - __main__ - INFO - DLOB poller initialized
2025-09-05 13:52:35,968 - __main__ - INFO - Testing DLOB API connection...
2025-09-05 13:52:37,140 - httpx - INFO - HTTP Request: GET https://master.dlob.drift.trade/l2?marketName=SOL-PERP&depth=1&includeOracle=true "HTTP/1.1 200 OK"
2025-09-05 13:52:37,141 - __main__ - INFO - DLOB API connection successful! Price: $203.9629
2025-09-05 13:52:37,141 - __main__ - INFO - Oracle price: $202.9376
2025-09-05 13:52:37,153 - __main__ - INFO - Initializing components...
2025-09-05 13:52:37,154 - __main__ - INFO - All components initialized
2025-09-05 13:52:38,707 - __main__ - INFO - Trend configuration loaded
2025-09-05 13:52:38,708 - __main__ - INFO - Starting trend analysis loop with robust DLOB data...
2025-09-05 13:52:38,708 - __main__ - INFO - You can track orders at: https://beta.drift.trade
2025-09-05 13:52:38,708 - __main__ - INFO - Press Ctrl+C to stop gracefully
2025-09-05 13:52:38,708 - __main__ - INFO - ======================================================================
2025-09-05 13:52:39,438 - httpx - INFO - HTTP Request: GET https://master.dlob.drift.trade/l2?marketName=SOL-PERP&depth=1&includeOracle=true "HTTP/1.1 200 OK"
2025-09-05 13:52:39,440 - __main__ - INFO - REAL PRICE from DLOB: $203.9352
2025-09-05 13:52:39,440 - __main__ - INFO -   Oracle: $202.9353
2025-09-05 13:52:41,578 - httpx - INFO - HTTP Request: GET https://master.dlob.drift.trade/l2?marketName=SOL-PERP&depth=1&includeOracle=true "HTTP/1.1 200 OK"
2025-09-05 13:52:41,580 - __main__ - INFO - REAL PRICE from DLOB: $203.9185
2025-09-05 13:52:41,580 - __main__ - INFO -   Oracle: $202.8912
2025-09-05 13:52:41,580 - __main__ - INFO - REAL SIGNAL: SELL (MACD: -163.1348)
2025-09-05 13:52:43,891 - httpx - INFO - HTTP Request: GET https://master.dlob.drift.trade/l2?marketName=SOL-PERP&depth=1&includeOracle=true "HTTP/1.1 200 OK"
2025-09-05 13:52:43,892 - __main__ - INFO - REAL PRICE from DLOB: $203.9375
2025-09-05 13:52:43,892 - __main__ - INFO -   Oracle: $202.9157
2025-09-05 13:52:43,893 - __main__ - INFO - REAL SIGNAL: SELL (MACD: -130.5067)
2025-09-05 13:52:46,222 - httpx - INFO - HTTP Request: GET https://master.dlob.drift.trade/l2?marketName=SOL-PERP&depth=1&includeOracle=true "HTTP/1.1 200 OK"
2025-09-05 13:52:46,223 - __main__ - INFO - REAL PRICE from DLOB: $203.9903
2025-09-05 13:52:46,224 - __main__ - INFO -   Oracle: $202.9157
2025-09-05 13:52:46,224 - __main__ - INFO - REAL SIGNAL: SELL (MACD: -104.4010)
2025-09-05 13:52:48,359 - httpx - INFO - HTTP Request: GET https://master.dlob.drift.trade/l2?marketName=SOL-PERP&depth=1&includeOracle=true "HTTP/1.1 200 OK"
2025-09-05 13:52:48,359 - __main__ - INFO - REAL PRICE from DLOB: $203.9710
2025-09-05 13:52:48,360 - __main__ - INFO -   Oracle: $202.9490
2025-09-05 13:52:48,360 - __main__ - INFO - REAL SIGNAL: SELL (MACD: -83.5188)
2025-09-05 13:52:48,360 - __main__ - INFO - ==================================================
2025-09-05 13:52:48,361 - __main__ - INFO - BETA TRACKING UPDATE - Iteration 5
2025-09-05 13:52:48,361 - __main__ - INFO - Runtime: 9.7s
2025-09-05 13:52:48,361 - __main__ - INFO - Current Position: $0.00
2025-09-05 13:52:48,361 - __main__ - INFO - Total Volume: $0.00
2025-09-05 13:52:48,362 - __main__ - INFO - Current Price: $203.9710
2025-09-05 13:52:48,362 - __main__ - INFO - Price Change: +0.00%
2025-09-05 13:52:48,362 - __main__ - INFO - Open Orders: 0
2025-09-05 13:52:48,363 - __main__ - INFO - MACD Values: 4
2025-09-05 13:52:48,363 - __main__ - INFO - Total Signals: 4 (Real: 4)
2025-09-05 13:52:48,363 - __main__ - INFO - DLOB API Success Rate: 5/5
2025-09-05 13:52:48,363 - __main__ - INFO - Data Quality: real_tick
2025-09-05 13:52:48,364 - __main__ - INFO - Mock Mode: False
2025-09-05 13:52:48,364 - __main__ - INFO - Fail Count: 0
2025-09-05 13:52:48,364 - __main__ - INFO - ==================================================
2025-09-05 13:52:50,680 - httpx - INFO - HTTP Request: GET https://master.dlob.drift.trade/l2?marketName=SOL-PERP&depth=1&includeOracle=true "HTTP/1.1 200 OK"
2025-09-05 13:52:50,681 - __main__ - INFO - REAL PRICE from DLOB: $203.9133
2025-09-05 13:52:50,682 - __main__ - INFO -   Oracle: $202.9490
2025-09-05 13:52:50,682 - __main__ - INFO - REAL SIGNAL: SELL (MACD: -66.8171)
2025-09-05 13:52:52,818 - httpx - INFO - HTTP Request: GET https://master.dlob.drift.trade/l2?marketName=SOL-PERP&depth=1&includeOracle=true "HTTP/1.1 200 OK"
2025-09-05 13:52:52,819 - __main__ - INFO - REAL PRICE from DLOB: $203.8904
2025-09-05 13:52:52,820 - __main__ - INFO -   Oracle: $202.8833
2025-09-05 13:52:52,820 - __main__ - INFO - REAL SIGNAL: SELL (MACD: -53.4569)
2025-09-05 13:52:54,954 - httpx - INFO - HTTP Request: GET https://master.dlob.drift.trade/l2?marketName=SOL-PERP&depth=1&includeOracle=true "HTTP/1.1 200 OK"
2025-09-05 13:52:54,955 - __main__ - INFO - REAL PRICE from DLOB: $203.8904
2025-09-05 13:52:54,956 - __main__ - INFO -   Oracle: $202.8683
2025-09-05 13:52:54,956 - __main__ - INFO - REAL SIGNAL: SELL (MACD: -42.7681)
2025-09-05 13:52:57,084 - httpx - INFO - HTTP Request: GET https://master.dlob.drift.trade/l2?marketName=SOL-PERP&depth=1&includeOracle=true "HTTP/1.1 200 OK"
2025-09-05 13:52:57,086 - __main__ - INFO - REAL PRICE from DLOB: $203.8512
2025-09-05 13:52:57,086 - __main__ - INFO -   Oracle: $202.8293
2025-09-05 13:52:57,087 - __main__ - INFO - REAL SIGNAL: SELL (MACD: -34.2189)
2025-09-05 13:52:59,410 - httpx - INFO - HTTP Request: GET https://master.dlob.drift.trade/l2?marketName=SOL-PERP&depth=1&includeOracle=true "HTTP/1.1 200 OK"
2025-09-05 13:52:59,412 - __main__ - INFO - REAL PRICE from DLOB: $203.8508
2025-09-05 13:52:59,413 - __main__ - INFO -   Oracle: $202.8183
2025-09-05 13:52:59,413 - __main__ - INFO - REAL SIGNAL: SELL (MACD: -27.3786)
2025-09-05 13:52:59,414 - __main__ - INFO - ==================================================
2025-09-05 13:52:59,414 - __main__ - INFO - BETA TRACKING UPDATE - Iteration 10
2025-09-05 13:52:59,414 - __main__ - INFO - Runtime: 20.7s
2025-09-05 13:52:59,415 - __main__ - INFO - Current Position: $0.00
2025-09-05 13:52:59,415 - __main__ - INFO - Total Volume: $0.00
2025-09-05 13:52:59,416 - __main__ - INFO - Current Price: $203.8508
2025-09-05 13:52:59,416 - __main__ - INFO - Price Change: -0.06%
2025-09-05 13:52:59,416 - __main__ - INFO - Open Orders: 0
2025-09-05 13:52:59,417 - __main__ - INFO - MACD Values: 9
2025-09-05 13:52:59,417 - __main__ - INFO - Total Signals: 9 (Real: 9)
2025-09-05 13:52:59,417 - __main__ - INFO - DLOB API Success Rate: 10/10
2025-09-05 13:52:59,418 - __main__ - INFO - Data Quality: real_tick
2025-09-05 13:52:59,418 - __main__ - INFO - Mock Mode: False
2025-09-05 13:52:59,419 - __main__ - INFO - Fail Count: 0
2025-09-05 13:52:59,419 - __main__ - INFO - ==================================================
2025-09-05 13:53:01,553 - httpx - INFO - HTTP Request: GET https://master.dlob.drift.trade/l2?marketName=SOL-PERP&depth=1&includeOracle=true "HTTP/1.1 200 OK"
2025-09-05 13:53:01,554 - __main__ - INFO - REAL PRICE from DLOB: $203.8614
2025-09-05 13:53:01,555 - __main__ - INFO -   Oracle: $202.8410
2025-09-05 13:53:01,555 - __main__ - INFO - REAL SIGNAL: SELL (MACD: -21.9049)
2025-09-05 13:53:03,876 - httpx - INFO - HTTP Request: GET https://master.dlob.drift.trade/l2?marketName=SOL-PERP&depth=1&includeOracle=true "HTTP/1.1 200 OK"
2025-09-05 13:53:03,878 - __main__ - INFO - REAL PRICE from DLOB: $203.8621
2025-09-05 13:53:03,878 - __main__ - INFO -   Oracle: $202.8385
2025-09-05 13:53:03,879 - __main__ - INFO - REAL SIGNAL: SELL (MACD: -17.5253)
2025-09-05 13:53:06,200 - httpx - INFO - HTTP Request: GET https://master.dlob.drift.trade/l2?marketName=SOL-PERP&depth=1&includeOracle=true "HTTP/1.1 200 OK"
2025-09-05 13:53:06,201 - __main__ - INFO - REAL PRICE from DLOB: $203.8804
2025-09-05 13:53:06,202 - __main__ - INFO -   Oracle: $202.8385
2025-09-05 13:53:06,202 - __main__ - INFO - REAL SIGNAL: SELL (MACD: -14.0200)
2025-09-05 13:53:08,326 - httpx - INFO - HTTP Request: GET https://master.dlob.drift.trade/l2?marketName=SOL-PERP&depth=1&includeOracle=true "HTTP/1.1 200 OK"
2025-09-05 13:53:08,327 - __main__ - INFO - REAL PRICE from DLOB: $203.8804
2025-09-05 13:53:08,328 - __main__ - INFO -   Oracle: $202.8385
2025-09-05 13:53:08,329 - __main__ - INFO - REAL SIGNAL: SELL (MACD: -11.2157)
2025-09-05 13:53:10,466 - httpx - INFO - HTTP Request: GET https://master.dlob.drift.trade/l2?marketName=SOL-PERP&depth=1&includeOracle=true "HTTP/1.1 200 OK"
2025-09-05 13:53:10,467 - __main__ - INFO - REAL PRICE from DLOB: $203.8804
2025-09-05 13:53:10,468 - __main__ - INFO -   Oracle: $202.8385
2025-09-05 13:53:10,468 - __main__ - INFO - REAL SIGNAL: SELL (MACD: -8.9722)
2025-09-05 13:53:10,468 - __main__ - INFO - ==================================================
2025-09-05 13:53:10,469 - __main__ - INFO - BETA TRACKING UPDATE - Iteration 15
2025-09-05 13:53:10,469 - __main__ - INFO - Runtime: 31.8s
2025-09-05 13:53:10,469 - __main__ - INFO - Current Position: $0.00
2025-09-05 13:53:10,470 - __main__ - INFO - Total Volume: $0.00
2025-09-05 13:53:10,470 - __main__ - INFO - Current Price: $203.8804
2025-09-05 13:53:10,470 - __main__ - INFO - Price Change: +0.01%
2025-09-05 13:53:10,470 - __main__ - INFO - Open Orders: 0
2025-09-05 13:53:10,471 - __main__ - INFO - MACD Values: 14
2025-09-05 13:53:10,471 - __main__ - INFO - Total Signals: 14 (Real: 14)
2025-09-05 13:53:10,471 - __main__ - INFO - DLOB API Success Rate: 15/15
2025-09-05 13:53:10,472 - __main__ - INFO - Data Quality: real_tick
2025-09-05 13:53:10,472 - __main__ - INFO - Mock Mode: False
2025-09-05 13:53:10,472 - __main__ - INFO - Fail Count: 0
2025-09-05 13:53:10,472 - __main__ - INFO - ==================================================
2025-09-05 13:53:12,599 - httpx - INFO - HTTP Request: GET https://master.dlob.drift.trade/l2?marketName=SOL-PERP&depth=1&includeOracle=true "HTTP/1.1 200 OK"
2025-09-05 13:53:12,601 - __main__ - INFO - REAL PRICE from DLOB: $203.8804
2025-09-05 13:53:12,602 - __main__ - INFO -   Oracle: $202.8385
2025-09-05 13:53:12,602 - __main__ - INFO - REAL SIGNAL: SELL (MACD: -7.1773)
2025-09-05 13:53:14,738 - httpx - INFO - HTTP Request: GET https://master.dlob.drift.trade/l2?marketName=SOL-PERP&depth=1&includeOracle=true "HTTP/1.1 200 OK"
2025-09-05 13:53:14,740 - __main__ - INFO - REAL PRICE from DLOB: $203.8804
2025-09-05 13:53:14,740 - __main__ - INFO -   Oracle: $202.8583
2025-09-05 13:53:14,740 - __main__ - INFO - REAL SIGNAL: SELL (MACD: -5.7414)
2025-09-05 13:53:17,055 - httpx - INFO - HTTP Request: GET https://master.dlob.drift.trade/l2?marketName=SOL-PERP&depth=1&includeOracle=true "HTTP/1.1 200 OK"
2025-09-05 13:53:17,056 - __main__ - INFO - REAL PRICE from DLOB: $203.8768
2025-09-05 13:53:17,057 - __main__ - INFO -   Oracle: $202.8583
2025-09-05 13:53:17,057 - __main__ - INFO - REAL SIGNAL: SELL (MACD: -4.5929)
2025-09-05 13:53:19,193 - httpx - INFO - HTTP Request: GET https://master.dlob.drift.trade/l2?marketName=SOL-PERP&depth=1&includeOracle=true "HTTP/1.1 200 OK"
2025-09-05 13:53:19,195 - __main__ - INFO - REAL PRICE from DLOB: $203.8764
2025-09-05 13:53:19,195 - __main__ - INFO -   Oracle: $202.8550
2025-09-05 13:53:19,196 - __main__ - INFO - REAL SIGNAL: SELL (MACD: -3.6741)
2025-09-05 13:53:21,506 - httpx - INFO - HTTP Request: GET https://master.dlob.drift.trade/l2?marketName=SOL-PERP&depth=1&includeOracle=true "HTTP/1.1 200 OK"
2025-09-05 13:53:21,507 - __main__ - INFO - REAL PRICE from DLOB: $203.8773
2025-09-05 13:53:21,507 - __main__ - INFO -   Oracle: $202.8543
2025-09-05 13:53:21,507 - __main__ - INFO - REAL SIGNAL: SELL (MACD: -2.9389)
2025-09-05 13:53:21,508 - __main__ - INFO - ==================================================
2025-09-05 13:53:21,508 - __main__ - INFO - BETA TRACKING UPDATE - Iteration 20
2025-09-05 13:53:21,508 - __main__ - INFO - Runtime: 42.8s
2025-09-05 13:53:21,509 - __main__ - INFO - Current Position: $0.00
2025-09-05 13:53:21,509 - __main__ - INFO - Total Volume: $0.00
2025-09-05 13:53:21,510 - __main__ - INFO - Current Price: $203.8773
2025-09-05 13:53:21,510 - __main__ - INFO - Price Change: -0.00%
2025-09-05 13:53:21,510 - __main__ - INFO - Open Orders: 0
2025-09-05 13:53:21,510 - __main__ - INFO - MACD Values: 19
2025-09-05 13:53:21,511 - __main__ - INFO - Total Signals: 19 (Real: 19)
2025-09-05 13:53:21,511 - __main__ - INFO - DLOB API Success Rate: 20/20
2025-09-05 13:53:21,511 - __main__ - INFO - Data Quality: real_tick
2025-09-05 13:53:21,512 - __main__ - INFO - Mock Mode: False
2025-09-05 13:53:21,512 - __main__ - INFO - Fail Count: 0
2025-09-05 13:53:21,512 - __main__ - INFO - ==================================================
2025-09-05 13:53:23,645 - httpx - INFO - HTTP Request: GET https://master.dlob.drift.trade/l2?marketName=SOL-PERP&depth=1&includeOracle=true "HTTP/1.1 200 OK"
2025-09-05 13:53:23,646 - __main__ - INFO - REAL PRICE from DLOB: $203.8673
2025-09-05 13:53:23,646 - __main__ - INFO -   Oracle: $202.8453
2025-09-05 13:53:23,647 - __main__ - INFO - REAL SIGNAL: SELL (MACD: -2.3514)
2025-09-05 13:53:25,777 - httpx - INFO - HTTP Request: GET https://master.dlob.drift.trade/l2?marketName=SOL-PERP&depth=1&includeOracle=true "HTTP/1.1 200 OK"
2025-09-05 13:53:25,778 - __main__ - INFO - REAL PRICE from DLOB: $203.8922
2025-09-05 13:53:25,778 - __main__ - INFO -   Oracle: $202.8606
2025-09-05 13:53:25,778 - __main__ - INFO - REAL SIGNAL: SELL (MACD: -1.8796)
2025-09-05 13:53:27,903 - httpx - INFO - HTTP Request: GET https://master.dlob.drift.trade/l2?marketName=SOL-PERP&depth=1&includeOracle=true "HTTP/1.1 200 OK"
2025-09-05 13:53:27,904 - __main__ - INFO - REAL PRICE from DLOB: $203.9275
2025-09-05 13:53:27,904 - __main__ - INFO -   Oracle: $202.8606
2025-09-05 13:53:27,905 - __main__ - INFO - REAL SIGNAL: SELL (MACD: -1.5002)
2025-09-05 13:53:30,221 - httpx - INFO - HTTP Request: GET https://master.dlob.drift.trade/l2?marketName=SOL-PERP&depth=1&includeOracle=true "HTTP/1.1 200 OK"
2025-09-05 13:53:30,222 - __main__ - INFO - REAL PRICE from DLOB: $203.9271
2025-09-05 13:53:30,223 - __main__ - INFO -   Oracle: $202.9061
2025-09-05 13:53:30,223 - __main__ - INFO - REAL SIGNAL: SELL (MACD: -1.1974)
2025-09-05 13:53:32,354 - httpx - INFO - HTTP Request: GET https://master.dlob.drift.trade/l2?marketName=SOL-PERP&depth=1&includeOracle=true "HTTP/1.1 200 OK"
2025-09-05 13:53:32,355 - __main__ - INFO - REAL PRICE from DLOB: $203.9289
2025-09-05 13:53:32,356 - __main__ - INFO -   Oracle: $202.9043
2025-09-05 13:53:32,356 - __main__ - INFO - REAL SIGNAL: SELL (MACD: -0.9556)
2025-09-05 13:53:32,356 - __main__ - INFO - ==================================================
2025-09-05 13:53:32,356 - __main__ - INFO - BETA TRACKING UPDATE - Iteration 25
2025-09-05 13:53:32,356 - __main__ - INFO - Runtime: 53.6s
2025-09-05 13:53:32,357 - __main__ - INFO - Current Position: $0.00
2025-09-05 13:53:32,357 - __main__ - INFO - Total Volume: $0.00
2025-09-05 13:53:32,357 - __main__ - INFO - Current Price: $203.9289
2025-09-05 13:53:32,357 - __main__ - INFO - Price Change: +0.03%
2025-09-05 13:53:32,357 - __main__ - INFO - Open Orders: 0
2025-09-05 13:53:32,358 - __main__ - INFO - MACD Values: 24
2025-09-05 13:53:32,358 - __main__ - INFO - Total Signals: 24 (Real: 24)
2025-09-05 13:53:32,359 - __main__ - INFO - DLOB API Success Rate: 25/25
2025-09-05 13:53:32,359 - __main__ - INFO - Data Quality: real_tick
2025-09-05 13:53:32,359 - __main__ - INFO - Mock Mode: False
2025-09-05 13:53:32,359 - __main__ - INFO - Fail Count: 0
2025-09-05 13:53:32,360 - __main__ - INFO - ==================================================
2025-09-05 13:53:34,495 - httpx - INFO - HTTP Request: GET https://master.dlob.drift.trade/l2?marketName=SOL-PERP&depth=1&includeOracle=true "HTTP/1.1 200 OK"
2025-09-05 13:53:34,496 - __main__ - INFO - REAL PRICE from DLOB: $203.9329
2025-09-05 13:53:34,496 - __main__ - INFO -   Oracle: $202.9096
2025-09-05 13:53:34,496 - __main__ - INFO - REAL SIGNAL: SELL (MACD: -0.7624)
2025-09-05 13:53:36,814 - httpx - INFO - HTTP Request: GET https://master.dlob.drift.trade/l2?marketName=SOL-PERP&depth=1&includeOracle=true "HTTP/1.1 200 OK"
2025-09-05 13:53:36,816 - __main__ - INFO - REAL PRICE from DLOB: $203.9298
2025-09-05 13:53:36,817 - __main__ - INFO -   Oracle: $202.9073
2025-09-05 13:53:36,817 - __main__ - INFO - REAL SIGNAL: SELL (MACD: -0.6085)
2025-09-05 13:53:38,949 - httpx - INFO - HTTP Request: GET https://master.dlob.drift.trade/l2?marketName=SOL-PERP&depth=1&includeOracle=true "HTTP/1.1 200 OK"
2025-09-05 13:53:38,951 - __main__ - INFO - REAL PRICE from DLOB: $203.9425
2025-09-05 13:53:38,952 - __main__ - INFO -   Oracle: $202.9201
2025-09-05 13:53:38,953 - __main__ - INFO - REAL SIGNAL: SELL (MACD: -0.4850)
2025-09-05 13:53:41,285 - httpx - INFO - HTTP Request: GET https://master.dlob.drift.trade/l2?marketName=SOL-PERP&depth=1&includeOracle=true "HTTP/1.1 200 OK"
2025-09-05 13:53:41,287 - __main__ - INFO - REAL PRICE from DLOB: $203.9407
2025-09-05 13:53:41,287 - __main__ - INFO -   Oracle: $202.9253
2025-09-05 13:53:41,288 - __main__ - INFO - REAL SIGNAL: SELL (MACD: -0.3867)
2025-09-05 13:53:43,430 - httpx - INFO - HTTP Request: GET https://master.dlob.drift.trade/l2?marketName=SOL-PERP&depth=1&includeOracle=true "HTTP/1.1 200 OK"
2025-09-05 13:53:43,431 - __main__ - INFO - REAL PRICE from DLOB: $203.9477
2025-09-05 13:53:43,432 - __main__ - INFO -   Oracle: $202.9222
2025-09-05 13:53:43,432 - __main__ - INFO - REAL SIGNAL: SELL (MACD: -0.3080)
2025-09-05 13:53:43,433 - __main__ - INFO - ==================================================
2025-09-05 13:53:43,433 - __main__ - INFO - BETA TRACKING UPDATE - Iteration 30
2025-09-05 13:53:43,434 - __main__ - INFO - Runtime: 64.7s
2025-09-05 13:53:43,435 - __main__ - INFO - Current Position: $0.00
2025-09-05 13:53:43,435 - __main__ - INFO - Total Volume: $0.00
2025-09-05 13:53:43,436 - __main__ - INFO - Current Price: $203.9477
2025-09-05 13:53:43,436 - __main__ - INFO - Price Change: +0.01%
2025-09-05 13:53:43,437 - __main__ - INFO - Open Orders: 0
2025-09-05 13:53:43,438 - __main__ - INFO - MACD Values: 29
2025-09-05 13:53:43,438 - __main__ - INFO - Total Signals: 29 (Real: 29)
2025-09-05 13:53:43,439 - __main__ - INFO - DLOB API Success Rate: 30/30
2025-09-05 13:53:43,439 - __main__ - INFO - Data Quality: real_tick
2025-09-05 13:53:43,439 - __main__ - INFO - Mock Mode: False
2025-09-05 13:53:43,440 - __main__ - INFO - Fail Count: 0
2025-09-05 13:53:43,440 - __main__ - INFO - ==================================================
2025-09-05 13:53:45,756 - httpx - INFO - HTTP Request: GET https://master.dlob.drift.trade/l2?marketName=SOL-PERP&depth=1&includeOracle=true "HTTP/1.1 200 OK"
2025-09-05 13:53:45,758 - __main__ - INFO - REAL PRICE from DLOB: $203.9498
2025-09-05 13:53:45,759 - __main__ - INFO -   Oracle: $202.9222
2025-09-05 13:53:45,760 - __main__ - INFO - REAL SIGNAL: SELL (MACD: -0.2453)
2025-09-05 13:53:47,900 - httpx - INFO - HTTP Request: GET https://master.dlob.drift.trade/l2?marketName=SOL-PERP&depth=1&includeOracle=true "HTTP/1.1 200 OK"
2025-09-05 13:53:47,902 - __main__ - INFO - REAL PRICE from DLOB: $203.9498
2025-09-05 13:53:47,902 - __main__ - INFO -   Oracle: $202.9274
2025-09-05 13:53:47,903 - __main__ - INFO - REAL SIGNAL: SELL (MACD: -0.1955)
2025-09-05 13:53:50,217 - httpx - INFO - HTTP Request: GET https://master.dlob.drift.trade/l2?marketName=SOL-PERP&depth=1&includeOracle=true "HTTP/1.1 200 OK"
2025-09-05 13:53:50,218 - __main__ - INFO - REAL PRICE from DLOB: $203.9624
2025-09-05 13:53:50,219 - __main__ - INFO -   Oracle: $202.9358
2025-09-05 13:53:50,220 - __main__ - INFO - REAL SIGNAL: SELL (MACD: -0.1552)
2025-09-05 13:53:52,358 - httpx - INFO - HTTP Request: GET https://master.dlob.drift.trade/l2?marketName=SOL-PERP&depth=1&includeOracle=true "HTTP/1.1 200 OK"
2025-09-05 13:53:52,361 - __main__ - INFO - REAL PRICE from DLOB: $203.9586
2025-09-05 13:53:52,361 - __main__ - INFO -   Oracle: $202.9373
2025-09-05 13:53:52,362 - __main__ - INFO - REAL SIGNAL: SELL (MACD: -0.1235)
2025-09-05 13:53:54,685 - httpx - INFO - HTTP Request: GET https://master.dlob.drift.trade/l2?marketName=SOL-PERP&depth=1&includeOracle=true "HTTP/1.1 200 OK"
2025-09-05 13:53:54,686 - __main__ - INFO - REAL PRICE from DLOB: $203.9680
2025-09-05 13:53:54,687 - __main__ - INFO -   Oracle: $202.9367
2025-09-05 13:53:54,687 - __main__ - INFO - ==================================================
2025-09-05 13:53:54,687 - __main__ - INFO - BETA TRACKING UPDATE - Iteration 35
2025-09-05 13:53:54,687 - __main__ - INFO - Runtime: 76.0s
2025-09-05 13:53:54,687 - __main__ - INFO - Current Position: $0.00
2025-09-05 13:53:54,688 - __main__ - INFO - Total Volume: $0.00
2025-09-05 13:53:54,688 - __main__ - INFO - Current Price: $203.9680
2025-09-05 13:53:54,688 - __main__ - INFO - Price Change: +0.01%
2025-09-05 13:53:54,689 - __main__ - INFO - Open Orders: 0
2025-09-05 13:53:54,689 - __main__ - INFO - MACD Values: 34
2025-09-05 13:53:54,689 - __main__ - INFO - Total Signals: 33 (Real: 33)
2025-09-05 13:53:54,689 - __main__ - INFO - DLOB API Success Rate: 35/35
2025-09-05 13:53:54,689 - __main__ - INFO - Data Quality: real_tick
2025-09-05 13:53:54,690 - __main__ - INFO - Mock Mode: False
2025-09-05 13:53:54,690 - __main__ - INFO - Fail Count: 0
2025-09-05 13:53:54,690 - __main__ - INFO - ==================================================
2025-09-05 13:53:56,825 - httpx - INFO - HTTP Request: GET https://master.dlob.drift.trade/l2?marketName=SOL-PERP&depth=1&includeOracle=true "HTTP/1.1 200 OK"
2025-09-05 13:53:56,826 - __main__ - INFO - REAL PRICE from DLOB: $203.9825
2025-09-05 13:53:56,826 - __main__ - INFO -   Oracle: $202.9367
2025-09-05 13:53:59,146 - httpx - INFO - HTTP Request: GET https://master.dlob.drift.trade/l2?marketName=SOL-PERP&depth=1&includeOracle=true "HTTP/1.1 200 OK"
2025-09-05 13:53:59,147 - __main__ - INFO - REAL PRICE from DLOB: $203.9821
2025-09-05 13:53:59,148 - __main__ - INFO -   Oracle: $202.9367
2025-09-05 13:54:01,283 - httpx - INFO - HTTP Request: GET https://master.dlob.drift.trade/l2?marketName=SOL-PERP&depth=1&includeOracle=true "HTTP/1.1 200 OK"
2025-09-05 13:54:01,285 - __main__ - INFO - REAL PRICE from DLOB: $203.9825
2025-09-05 13:54:01,285 - __main__ - INFO -   Oracle: $202.9599
2025-09-05 13:54:03,416 - httpx - INFO - HTTP Request: GET https://master.dlob.drift.trade/l2?marketName=SOL-PERP&depth=1&includeOracle=true "HTTP/1.1 200 OK"
2025-09-05 13:54:03,417 - __main__ - INFO - REAL PRICE from DLOB: $203.9592
2025-09-05 13:54:03,418 - __main__ - INFO -   Oracle: $202.9457
2025-09-05 13:54:05,559 - httpx - INFO - HTTP Request: GET https://master.dlob.drift.trade/l2?marketName=SOL-PERP&depth=1&includeOracle=true "HTTP/1.1 200 OK"
2025-09-05 13:54:05,561 - __main__ - INFO - REAL PRICE from DLOB: $203.9567
2025-09-05 13:54:05,561 - __main__ - INFO -   Oracle: $202.9457
2025-09-05 13:54:05,561 - __main__ - INFO - ==================================================
2025-09-05 13:54:05,561 - __main__ - INFO - BETA TRACKING UPDATE - Iteration 40
2025-09-05 13:54:05,562 - __main__ - INFO - Runtime: 86.9s
2025-09-05 13:54:05,562 - __main__ - INFO - Current Position: $0.00
2025-09-05 13:54:05,562 - __main__ - INFO - Total Volume: $0.00
2025-09-05 13:54:05,562 - __main__ - INFO - Current Price: $203.9567
2025-09-05 13:54:05,562 - __main__ - INFO - Price Change: -0.01%
2025-09-05 13:54:05,562 - __main__ - INFO - Open Orders: 0
2025-09-05 13:54:05,563 - __main__ - INFO - MACD Values: 39
2025-09-05 13:54:05,563 - __main__ - INFO - Total Signals: 33 (Real: 33)
2025-09-05 13:54:05,563 - __main__ - INFO - DLOB API Success Rate: 40/40
2025-09-05 13:54:05,563 - __main__ - INFO - Data Quality: real_tick
2025-09-05 13:54:05,563 - __main__ - INFO - Mock Mode: False
2025-09-05 13:54:05,564 - __main__ - INFO - Fail Count: 0
2025-09-05 13:54:05,564 - __main__ - INFO - ==================================================
2025-09-05 13:54:07,691 - httpx - INFO - HTTP Request: GET https://master.dlob.drift.trade/l2?marketName=SOL-PERP&depth=1&includeOracle=true "HTTP/1.1 200 OK"
2025-09-05 13:54:07,693 - __main__ - INFO - REAL PRICE from DLOB: $203.9567
2025-09-05 13:54:07,693 - __main__ - INFO -   Oracle: $202.9457
2025-09-05 13:54:10,011 - httpx - INFO - HTTP Request: GET https://master.dlob.drift.trade/l2?marketName=SOL-PERP&depth=1&includeOracle=true "HTTP/1.1 200 OK"
2025-09-05 13:54:10,012 - __main__ - INFO - REAL PRICE from DLOB: $203.9527
2025-09-05 13:54:10,012 - __main__ - INFO -   Oracle: $202.9297
2025-09-05 13:54:12,144 - httpx - INFO - HTTP Request: GET https://master.dlob.drift.trade/l2?marketName=SOL-PERP&depth=1&includeOracle=true "HTTP/1.1 200 OK"
2025-09-05 13:54:12,145 - __main__ - INFO - REAL PRICE from DLOB: $203.9547
2025-09-05 13:54:12,145 - __main__ - INFO -   Oracle: $202.9297
2025-09-05 13:54:14,469 - httpx - INFO - HTTP Request: GET https://master.dlob.drift.trade/l2?marketName=SOL-PERP&depth=1&includeOracle=true "HTTP/1.1 200 OK"
2025-09-05 13:54:14,470 - __main__ - INFO - REAL PRICE from DLOB: $203.9567
2025-09-05 13:54:14,471 - __main__ - INFO -   Oracle: $202.9297
2025-09-05 13:54:16,607 - httpx - INFO - HTTP Request: GET https://master.dlob.drift.trade/l2?marketName=SOL-PERP&depth=1&includeOracle=true "HTTP/1.1 200 OK"
2025-09-05 13:54:16,609 - __main__ - INFO - REAL PRICE from DLOB: $203.9588
2025-09-05 13:54:16,609 - __main__ - INFO -   Oracle: $202.9303
2025-09-05 13:54:16,609 - __main__ - INFO - ==================================================
2025-09-05 13:54:16,610 - __main__ - INFO - BETA TRACKING UPDATE - Iteration 45
2025-09-05 13:54:16,610 - __main__ - INFO - Runtime: 97.9s
2025-09-05 13:54:16,610 - __main__ - INFO - Current Position: $0.00
2025-09-05 13:54:16,611 - __main__ - INFO - Total Volume: $0.00
2025-09-05 13:54:16,611 - __main__ - INFO - Current Price: $203.9588
2025-09-05 13:54:16,611 - __main__ - INFO - Price Change: +0.00%
2025-09-05 13:54:16,611 - __main__ - INFO - Open Orders: 0
2025-09-05 13:54:16,612 - __main__ - INFO - MACD Values: 44
2025-09-05 13:54:16,612 - __main__ - INFO - Total Signals: 33 (Real: 33)
2025-09-05 13:54:16,612 - __main__ - INFO - DLOB API Success Rate: 45/45
2025-09-05 13:54:16,612 - __main__ - INFO - Data Quality: real_tick
2025-09-05 13:54:16,613 - __main__ - INFO - Mock Mode: False
2025-09-05 13:54:16,613 - __main__ - INFO - Fail Count: 0
2025-09-05 13:54:16,613 - __main__ - INFO - ==================================================
2025-09-05 13:54:18,747 - httpx - INFO - HTTP Request: GET https://master.dlob.drift.trade/l2?marketName=SOL-PERP&depth=1&includeOracle=true "HTTP/1.1 200 OK"
2025-09-05 13:54:18,749 - __main__ - INFO - REAL PRICE from DLOB: $203.9541
2025-09-05 13:54:18,749 - __main__ - INFO -   Oracle: $202.9340
2025-09-05 13:54:21,064 - httpx - INFO - HTTP Request: GET https://master.dlob.drift.trade/l2?marketName=SOL-PERP&depth=1&includeOracle=true "HTTP/1.1 200 OK"
2025-09-05 13:54:21,065 - __main__ - INFO - REAL PRICE from DLOB: $203.9552
2025-09-05 13:54:21,065 - __main__ - INFO -   Oracle: $202.9340
2025-09-05 13:54:23,211 - httpx - INFO - HTTP Request: GET https://master.dlob.drift.trade/l2?marketName=SOL-PERP&depth=1&includeOracle=true "HTTP/1.1 200 OK"
2025-09-05 13:54:23,212 - __main__ - INFO - REAL PRICE from DLOB: $203.9541
2025-09-05 13:54:23,212 - __main__ - INFO -   Oracle: $202.9317
2025-09-05 13:54:25,529 - httpx - INFO - HTTP Request: GET https://master.dlob.drift.trade/l2?marketName=SOL-PERP&depth=1&includeOracle=true "HTTP/1.1 200 OK"
2025-09-05 13:54:25,530 - __main__ - INFO - REAL PRICE from DLOB: $203.9527
2025-09-05 13:54:25,530 - __main__ - INFO -   Oracle: $202.9317
2025-09-05 13:54:27,660 - httpx - INFO - HTTP Request: GET https://master.dlob.drift.trade/l2?marketName=SOL-PERP&depth=1&includeOracle=true "HTTP/1.1 200 OK"
2025-09-05 13:54:27,661 - __main__ - INFO - REAL PRICE from DLOB: $203.9527
2025-09-05 13:54:27,661 - __main__ - INFO -   Oracle: $202.9317
2025-09-05 13:54:27,661 - __main__ - INFO - ==================================================
2025-09-05 13:54:27,662 - __main__ - INFO - BETA TRACKING UPDATE - Iteration 50
2025-09-05 13:54:27,662 - __main__ - INFO - Runtime: 109.0s
2025-09-05 13:54:27,662 - __main__ - INFO - Current Position: $0.00
2025-09-05 13:54:27,662 - __main__ - INFO - Total Volume: $0.00
2025-09-05 13:54:27,662 - __main__ - INFO - Current Price: $203.9527
2025-09-05 13:54:27,662 - __main__ - INFO - Price Change: -0.00%
2025-09-05 13:54:27,663 - __main__ - INFO - Open Orders: 0
2025-09-05 13:54:27,663 - __main__ - INFO - MACD Values: 49
2025-09-05 13:54:27,663 - __main__ - INFO - Total Signals: 33 (Real: 33)
2025-09-05 13:54:27,663 - __main__ - INFO - DLOB API Success Rate: 50/50
2025-09-05 13:54:27,663 - __main__ - INFO - Data Quality: real_tick
2025-09-05 13:54:27,664 - __main__ - INFO - Mock Mode: False
2025-09-05 13:54:27,664 - __main__ - INFO - Fail Count: 0
2025-09-05 13:54:27,664 - __main__ - INFO - ==================================================
2025-09-05 13:54:29,796 - httpx - INFO - HTTP Request: GET https://master.dlob.drift.trade/l2?marketName=SOL-PERP&depth=1&includeOracle=true "HTTP/1.1 200 OK"
2025-09-05 13:54:29,797 - __main__ - INFO - REAL PRICE from DLOB: $203.9557
2025-09-05 13:54:29,797 - __main__ - INFO -   Oracle: $202.9302
2025-09-05 13:54:32,120 - httpx - INFO - HTTP Request: GET https://master.dlob.drift.trade/l2?marketName=SOL-PERP&depth=1&includeOracle=true "HTTP/1.1 200 OK"
2025-09-05 13:54:32,121 - __main__ - INFO - REAL PRICE from DLOB: $203.9638
2025-09-05 13:54:32,121 - __main__ - INFO -   Oracle: $202.9475
2025-09-05 13:54:34,437 - httpx - INFO - HTTP Request: GET https://master.dlob.drift.trade/l2?marketName=SOL-PERP&depth=1&includeOracle=true "HTTP/1.1 200 OK"
2025-09-05 13:54:34,438 - __main__ - INFO - REAL PRICE from DLOB: $203.9622
2025-09-05 13:54:34,438 - __main__ - INFO -   Oracle: $202.9452
2025-09-05 13:54:36,574 - httpx - INFO - HTTP Request: GET https://master.dlob.drift.trade/l2?marketName=SOL-PERP&depth=1&includeOracle=true "HTTP/1.1 200 OK"
2025-09-05 13:54:36,576 - __main__ - INFO - REAL PRICE from DLOB: $203.9622
2025-09-05 13:54:36,576 - __main__ - INFO -   Oracle: $202.9397
2025-09-05 13:54:38,707 - httpx - INFO - HTTP Request: GET https://master.dlob.drift.trade/l2?marketName=SOL-PERP&depth=1&includeOracle=true "HTTP/1.1 200 OK"
2025-09-05 13:54:38,708 - __main__ - INFO - REAL PRICE from DLOB: $203.9665
2025-09-05 13:54:38,708 - __main__ - INFO -   Oracle: $202.9404
2025-09-05 13:54:38,708 - __main__ - INFO - ==================================================
2025-09-05 13:54:38,709 - __main__ - INFO - BETA TRACKING UPDATE - Iteration 55
2025-09-05 13:54:38,709 - __main__ - INFO - Runtime: 120.0s
2025-09-05 13:54:38,709 - __main__ - INFO - Current Position: $0.00
2025-09-05 13:54:38,709 - __main__ - INFO - Total Volume: $0.00
2025-09-05 13:54:38,709 - __main__ - INFO - Current Price: $203.9665
2025-09-05 13:54:38,710 - __main__ - INFO - Price Change: +0.01%
2025-09-05 13:54:38,710 - __main__ - INFO - Open Orders: 0
2025-09-05 13:54:38,710 - __main__ - INFO - MACD Values: 54
2025-09-05 13:54:38,710 - __main__ - INFO - Total Signals: 33 (Real: 33)
2025-09-05 13:54:38,710 - __main__ - INFO - DLOB API Success Rate: 55/55
2025-09-05 13:54:38,711 - __main__ - INFO - Data Quality: real_tick
2025-09-05 13:54:38,711 - __main__ - INFO - Mock Mode: False
2025-09-05 13:54:38,711 - __main__ - INFO - Fail Count: 0
2025-09-05 13:54:38,711 - __main__ - INFO - ==================================================
2025-09-05 13:54:40,842 - httpx - INFO - HTTP Request: GET https://master.dlob.drift.trade/l2?marketName=SOL-PERP&depth=1&includeOracle=true "HTTP/1.1 200 OK"
2025-09-05 13:54:40,844 - __main__ - INFO - REAL PRICE from DLOB: $203.9631
2025-09-05 13:54:40,845 - __main__ - INFO -   Oracle: $202.9439
2025-09-05 13:54:42,980 - httpx - INFO - HTTP Request: GET https://master.dlob.drift.trade/l2?marketName=SOL-PERP&depth=1&includeOracle=true "HTTP/1.1 200 OK"
2025-09-05 13:54:42,981 - __main__ - INFO - REAL PRICE from DLOB: $203.9611
2025-09-05 13:54:42,981 - __main__ - INFO -   Oracle: $202.9385
2025-09-05 13:54:45,110 - httpx - INFO - HTTP Request: GET https://master.dlob.drift.trade/l2?marketName=SOL-PERP&depth=1&includeOracle=true "HTTP/1.1 200 OK"
2025-09-05 13:54:45,111 - __main__ - INFO - REAL PRICE from DLOB: $203.9590
2025-09-05 13:54:45,111 - __main__ - INFO -   Oracle: $202.9385
2025-09-05 13:54:47,437 - httpx - INFO - HTTP Request: GET https://master.dlob.drift.trade/l2?marketName=SOL-PERP&depth=1&includeOracle=true "HTTP/1.1 200 OK"
2025-09-05 13:54:47,439 - __main__ - INFO - REAL PRICE from DLOB: $203.9518
2025-09-05 13:54:47,439 - __main__ - INFO -   Oracle: $202.9385
2025-09-05 13:54:49,592 - httpx - INFO - HTTP Request: GET https://master.dlob.drift.trade/l2?marketName=SOL-PERP&depth=1&includeOracle=true "HTTP/1.1 200 OK"
2025-09-05 13:54:49,594 - __main__ - INFO - REAL PRICE from DLOB: $203.9481
2025-09-05 13:54:49,594 - __main__ - INFO -   Oracle: $202.9258
2025-09-05 13:54:49,594 - __main__ - INFO - ==================================================
2025-09-05 13:54:49,594 - __main__ - INFO - BETA TRACKING UPDATE - Iteration 60
2025-09-05 13:54:49,595 - __main__ - INFO - Runtime: 130.9s
2025-09-05 13:54:49,595 - __main__ - INFO - Current Position: $0.00
2025-09-05 13:54:49,595 - __main__ - INFO - Total Volume: $0.00
2025-09-05 13:54:49,595 - __main__ - INFO - Current Price: $203.9481
2025-09-05 13:54:49,595 - __main__ - INFO - Price Change: -0.01%
2025-09-05 13:54:49,595 - __main__ - INFO - Open Orders: 0
2025-09-05 13:54:49,596 - __main__ - INFO - MACD Values: 59
2025-09-05 13:54:49,596 - __main__ - INFO - Total Signals: 33 (Real: 33)
2025-09-05 13:54:49,596 - __main__ - INFO - DLOB API Success Rate: 60/60
2025-09-05 13:54:49,596 - __main__ - INFO - Data Quality: real_tick
2025-09-05 13:54:49,596 - __main__ - INFO - Mock Mode: False
2025-09-05 13:54:49,597 - __main__ - INFO - Fail Count: 0
2025-09-05 13:54:49,597 - __main__ - INFO - ==================================================
2025-09-05 13:54:51,735 - httpx - INFO - HTTP Request: GET https://master.dlob.drift.trade/l2?marketName=SOL-PERP&depth=1&includeOracle=true "HTTP/1.1 200 OK"
2025-09-05 13:54:51,736 - __main__ - INFO - REAL PRICE from DLOB: $203.9480
2025-09-05 13:54:51,737 - __main__ - INFO -   Oracle: $202.9257
2025-09-05 13:54:54,047 - httpx - INFO - HTTP Request: GET https://master.dlob.drift.trade/l2?marketName=SOL-PERP&depth=1&includeOracle=true "HTTP/1.1 200 OK"
2025-09-05 13:54:54,049 - __main__ - INFO - REAL PRICE from DLOB: $203.9489
2025-09-05 13:54:54,049 - __main__ - INFO -   Oracle: $202.9265
2025-09-05 13:54:56,184 - httpx - INFO - HTTP Request: GET https://master.dlob.drift.trade/l2?marketName=SOL-PERP&depth=1&includeOracle=true "HTTP/1.1 200 OK"
2025-09-05 13:54:56,185 - __main__ - INFO - REAL PRICE from DLOB: $203.9250
2025-09-05 13:54:56,186 - __main__ - INFO -   Oracle: $202.9129
2025-09-05 13:54:58,511 - httpx - INFO - HTTP Request: GET https://master.dlob.drift.trade/l2?marketName=SOL-PERP&depth=1&includeOracle=true "HTTP/1.1 200 OK"
2025-09-05 13:54:58,512 - __main__ - INFO - REAL PRICE from DLOB: $203.8988
2025-09-05 13:54:58,512 - __main__ - INFO -   Oracle: $202.9027
2025-09-05 13:55:00,837 - httpx - INFO - HTTP Request: GET https://master.dlob.drift.trade/l2?marketName=SOL-PERP&depth=1&includeOracle=true "HTTP/1.1 200 OK"
2025-09-05 13:55:00,838 - __main__ - INFO - REAL PRICE from DLOB: $203.8646
2025-09-05 13:55:00,839 - __main__ - INFO -   Oracle: $202.8433
2025-09-05 13:55:00,840 - __main__ - INFO - ==================================================
2025-09-05 13:55:00,840 - __main__ - INFO - BETA TRACKING UPDATE - Iteration 65
2025-09-05 13:55:00,840 - __main__ - INFO - Runtime: 142.1s
2025-09-05 13:55:00,841 - __main__ - INFO - Current Position: $0.00
2025-09-05 13:55:00,841 - __main__ - INFO - Total Volume: $0.00
2025-09-05 13:55:00,842 - __main__ - INFO - Current Price: $203.8646
2025-09-05 13:55:00,842 - __main__ - INFO - Price Change: -0.04%
2025-09-05 13:55:00,843 - __main__ - INFO - Open Orders: 0
2025-09-05 13:55:00,843 - __main__ - INFO - MACD Values: 64
2025-09-05 13:55:00,843 - __main__ - INFO - Total Signals: 33 (Real: 33)
2025-09-05 13:55:00,843 - __main__ - INFO - DLOB API Success Rate: 65/65
2025-09-05 13:55:00,843 - __main__ - INFO - Data Quality: real_tick
2025-09-05 13:55:00,844 - __main__ - INFO - Mock Mode: False
2025-09-05 13:55:00,844 - __main__ - INFO - Fail Count: 0
2025-09-05 13:55:00,844 - __main__ - INFO - ==================================================
2025-09-05 13:55:02,980 - httpx - INFO - HTTP Request: GET https://master.dlob.drift.trade/l2?marketName=SOL-PERP&depth=1&includeOracle=true "HTTP/1.1 200 OK"
2025-09-05 13:55:02,982 - __main__ - INFO - REAL PRICE from DLOB: $203.8584
2025-09-05 13:55:02,982 - __main__ - INFO -   Oracle: $202.8390
2025-09-05 13:55:05,292 - httpx - INFO - HTTP Request: GET https://master.dlob.drift.trade/l2?marketName=SOL-PERP&depth=1&includeOracle=true "HTTP/1.1 200 OK"
2025-09-05 13:55:05,293 - __main__ - INFO - REAL PRICE from DLOB: $203.8047
2025-09-05 13:55:05,293 - __main__ - INFO -   Oracle: $202.8342
2025-09-05 13:55:07,429 - httpx - INFO - HTTP Request: GET https://master.dlob.drift.trade/l2?marketName=SOL-PERP&depth=1&includeOracle=true "HTTP/1.1 200 OK"
2025-09-05 13:55:07,429 - __main__ - INFO - REAL PRICE from DLOB: $203.7588
2025-09-05 13:55:07,430 - __main__ - INFO -   Oracle: $202.8342
2025-09-05 13:55:09,558 - httpx - INFO - HTTP Request: GET https://master.dlob.drift.trade/l2?marketName=SOL-PERP&depth=1&includeOracle=true "HTTP/1.1 200 OK"
2025-09-05 13:55:09,559 - __main__ - INFO - REAL PRICE from DLOB: $203.7573
2025-09-05 13:55:09,559 - __main__ - INFO -   Oracle: $202.7354
2025-09-05 13:55:11,684 - httpx - INFO - HTTP Request: GET https://master.dlob.drift.trade/l2?marketName=SOL-PERP&depth=1&includeOracle=true "HTTP/1.1 200 OK"
2025-09-05 13:55:11,685 - __main__ - INFO - REAL PRICE from DLOB: $203.7523
2025-09-05 13:55:11,685 - __main__ - INFO -   Oracle: $202.7354
2025-09-05 13:55:11,686 - __main__ - INFO - ==================================================
2025-09-05 13:55:11,686 - __main__ - INFO - BETA TRACKING UPDATE - Iteration 70
2025-09-05 13:55:11,686 - __main__ - INFO - Runtime: 153.0s
2025-09-05 13:55:11,686 - __main__ - INFO - Current Position: $0.00
2025-09-05 13:55:11,686 - __main__ - INFO - Total Volume: $0.00
2025-09-05 13:55:11,687 - __main__ - INFO - Current Price: $203.7523
2025-09-05 13:55:11,687 - __main__ - INFO - Price Change: -0.06%
2025-09-05 13:55:11,687 - __main__ - INFO - Open Orders: 0
2025-09-05 13:55:11,687 - __main__ - INFO - MACD Values: 69
2025-09-05 13:55:11,687 - __main__ - INFO - Total Signals: 33 (Real: 33)
2025-09-05 13:55:11,688 - __main__ - INFO - DLOB API Success Rate: 70/70
2025-09-05 13:55:11,688 - __main__ - INFO - Data Quality: real_tick
2025-09-05 13:55:11,688 - __main__ - INFO - Mock Mode: False
2025-09-05 13:55:11,688 - __main__ - INFO - Fail Count: 0
2025-09-05 13:55:11,689 - __main__ - INFO - ==================================================
2025-09-05 13:55:13,828 - httpx - INFO - HTTP Request: GET https://master.dlob.drift.trade/l2?marketName=SOL-PERP&depth=1&includeOracle=true "HTTP/1.1 200 OK"
2025-09-05 13:55:13,829 - __main__ - INFO - REAL PRICE from DLOB: $203.7516
2025-09-05 13:55:13,829 - __main__ - INFO -   Oracle: $202.7305
2025-09-05 13:55:16,141 - httpx - INFO - HTTP Request: GET https://master.dlob.drift.trade/l2?marketName=SOL-PERP&depth=1&includeOracle=true "HTTP/1.1 200 OK"
2025-09-05 13:55:16,142 - __main__ - INFO - REAL PRICE from DLOB: $203.7171
2025-09-05 13:55:16,142 - __main__ - INFO -   Oracle: $202.7305
2025-09-05 13:55:18,462 - httpx - INFO - HTTP Request: GET https://master.dlob.drift.trade/l2?marketName=SOL-PERP&depth=1&includeOracle=true "HTTP/1.1 200 OK"
2025-09-05 13:55:18,463 - __main__ - INFO - REAL PRICE from DLOB: $203.7113
2025-09-05 13:55:18,463 - __main__ - INFO -   Oracle: $202.6900
2025-09-05 13:55:20,588 - httpx - INFO - HTTP Request: GET https://master.dlob.drift.trade/l2?marketName=SOL-PERP&depth=1&includeOracle=true "HTTP/1.1 200 OK"
2025-09-05 13:55:20,589 - __main__ - INFO - REAL PRICE from DLOB: $203.7536
2025-09-05 13:55:20,590 - __main__ - INFO -   Oracle: $202.6900
2025-09-05 13:55:22,725 - httpx - INFO - HTTP Request: GET https://master.dlob.drift.trade/l2?marketName=SOL-PERP&depth=1&includeOracle=true "HTTP/1.1 200 OK"
2025-09-05 13:55:22,726 - __main__ - INFO - REAL PRICE from DLOB: $203.7536
2025-09-05 13:55:22,726 - __main__ - INFO -   Oracle: $202.7366
2025-09-05 13:55:22,727 - __main__ - INFO - ==================================================
2025-09-05 13:55:22,727 - __main__ - INFO - BETA TRACKING UPDATE - Iteration 75
2025-09-05 13:55:22,727 - __main__ - INFO - Runtime: 164.0s
2025-09-05 13:55:22,727 - __main__ - INFO - Current Position: $0.00
2025-09-05 13:55:22,728 - __main__ - INFO - Total Volume: $0.00
2025-09-05 13:55:22,728 - __main__ - INFO - Current Price: $203.7536
2025-09-05 13:55:22,728 - __main__ - INFO - Price Change: +0.00%
2025-09-05 13:55:22,728 - __main__ - INFO - Open Orders: 0
2025-09-05 13:55:22,729 - __main__ - INFO - MACD Values: 74
2025-09-05 13:55:22,729 - __main__ - INFO - Total Signals: 33 (Real: 33)
2025-09-05 13:55:22,729 - __main__ - INFO - DLOB API Success Rate: 75/75
2025-09-05 13:55:22,730 - __main__ - INFO - Data Quality: real_tick
2025-09-05 13:55:22,730 - __main__ - INFO - Mock Mode: False
2025-09-05 13:55:22,731 - __main__ - INFO - Fail Count: 0
2025-09-05 13:55:22,731 - __main__ - INFO - ==================================================
2025-09-05 13:55:24,859 - httpx - INFO - HTTP Request: GET https://master.dlob.drift.trade/l2?marketName=SOL-PERP&depth=1&includeOracle=true "HTTP/1.1 200 OK"
2025-09-05 13:55:24,860 - __main__ - INFO - REAL PRICE from DLOB: $203.7559
2025-09-05 13:55:24,860 - __main__ - INFO -   Oracle: $202.7290
2025-09-05 13:55:26,987 - httpx - INFO - HTTP Request: GET https://master.dlob.drift.trade/l2?marketName=SOL-PERP&depth=1&includeOracle=true "HTTP/1.1 200 OK"
2025-09-05 13:55:26,988 - __main__ - INFO - REAL PRICE from DLOB: $203.7561
2025-09-05 13:55:26,989 - __main__ - INFO -   Oracle: $202.7290
2025-09-05 13:55:29,127 - httpx - INFO - HTTP Request: GET https://master.dlob.drift.trade/l2?marketName=SOL-PERP&depth=1&includeOracle=true "HTTP/1.1 200 OK"
2025-09-05 13:55:29,128 - __main__ - INFO - REAL PRICE from DLOB: $203.7475
2025-09-05 13:55:29,128 - __main__ - INFO -   Oracle: $202.7271
2025-09-05 13:55:31,445 - httpx - INFO - HTTP Request: GET https://master.dlob.drift.trade/l2?marketName=SOL-PERP&depth=1&includeOracle=true "HTTP/1.1 200 OK"
2025-09-05 13:55:31,447 - __main__ - INFO - REAL PRICE from DLOB: $203.7278
2025-09-05 13:55:31,447 - __main__ - INFO -   Oracle: $202.7074
2025-09-05 13:55:33,762 - httpx - INFO - HTTP Request: GET https://master.dlob.drift.trade/l2?marketName=SOL-PERP&depth=1&includeOracle=true "HTTP/1.1 200 OK"
2025-09-05 13:55:33,764 - __main__ - INFO - REAL PRICE from DLOB: $203.6954
2025-09-05 13:55:33,764 - __main__ - INFO -   Oracle: $202.6785
2025-09-05 13:55:33,765 - __main__ - INFO - ==================================================
2025-09-05 13:55:33,765 - __main__ - INFO - BETA TRACKING UPDATE - Iteration 80
2025-09-05 13:55:33,765 - __main__ - INFO - Runtime: 175.1s
2025-09-05 13:55:33,766 - __main__ - INFO - Current Position: $0.00
2025-09-05 13:55:33,766 - __main__ - INFO - Total Volume: $0.00
2025-09-05 13:55:33,766 - __main__ - INFO - Current Price: $203.6954
2025-09-05 13:55:33,766 - __main__ - INFO - Price Change: -0.03%
2025-09-05 13:55:33,767 - __main__ - INFO - Open Orders: 0
2025-09-05 13:55:33,767 - __main__ - INFO - MACD Values: 79
2025-09-05 13:55:33,767 - __main__ - INFO - Total Signals: 33 (Real: 33)
2025-09-05 13:55:33,767 - __main__ - INFO - DLOB API Success Rate: 80/80
2025-09-05 13:55:33,768 - __main__ - INFO - Data Quality: real_tick
2025-09-05 13:55:33,768 - __main__ - INFO - Mock Mode: False
2025-09-05 13:55:33,768 - __main__ - INFO - Fail Count: 0
2025-09-05 13:55:33,768 - __main__ - INFO - ==================================================
2025-09-05 13:55:36,083 - httpx - INFO - HTTP Request: GET https://master.dlob.drift.trade/l2?marketName=SOL-PERP&depth=1&includeOracle=true "HTTP/1.1 200 OK"
2025-09-05 13:55:36,085 - __main__ - INFO - REAL PRICE from DLOB: $203.6478
2025-09-05 13:55:36,085 - __main__ - INFO -   Oracle: $202.6785
2025-09-05 13:55:38,408 - httpx - INFO - HTTP Request: GET https://master.dlob.drift.trade/l2?marketName=SOL-PERP&depth=1&includeOracle=true "HTTP/1.1 200 OK"
2025-09-05 13:55:38,410 - __main__ - INFO - REAL PRICE from DLOB: $203.6748
2025-09-05 13:55:38,410 - __main__ - INFO -   Oracle: $202.6523
2025-09-05 13:55:40,540 - httpx - INFO - HTTP Request: GET https://master.dlob.drift.trade/l2?marketName=SOL-PERP&depth=1&includeOracle=true "HTTP/1.1 200 OK"
2025-09-05 13:55:40,541 - __main__ - INFO - REAL PRICE from DLOB: $203.6880
2025-09-05 13:55:40,542 - __main__ - INFO -   Oracle: $202.6668
2025-09-05 13:55:42,865 - httpx - INFO - HTTP Request: GET https://master.dlob.drift.trade/l2?marketName=SOL-PERP&depth=1&includeOracle=true "HTTP/1.1 200 OK"
2025-09-05 13:55:42,866 - __main__ - INFO - REAL PRICE from DLOB: $203.6775
2025-09-05 13:55:42,866 - __main__ - INFO -   Oracle: $202.6670
2025-09-05 13:55:45,011 - httpx - INFO - HTTP Request: GET https://master.dlob.drift.trade/l2?marketName=SOL-PERP&depth=1&includeOracle=true "HTTP/1.1 200 OK"
2025-09-05 13:55:45,012 - __main__ - INFO - REAL PRICE from DLOB: $203.6640
2025-09-05 13:55:45,013 - __main__ - INFO -   Oracle: $202.6670
2025-09-05 13:55:45,013 - __main__ - INFO - ==================================================
2025-09-05 13:55:45,014 - __main__ - INFO - BETA TRACKING UPDATE - Iteration 85
2025-09-05 13:55:45,014 - __main__ - INFO - Runtime: 186.3s
2025-09-05 13:55:45,014 - __main__ - INFO - Current Position: $0.00
2025-09-05 13:55:45,014 - __main__ - INFO - Total Volume: $0.00
2025-09-05 13:55:45,015 - __main__ - INFO - Current Price: $203.6640
2025-09-05 13:55:45,015 - __main__ - INFO - Price Change: -0.02%
2025-09-05 13:55:45,015 - __main__ - INFO - Open Orders: 0
2025-09-05 13:55:45,015 - __main__ - INFO - MACD Values: 84
2025-09-05 13:55:45,016 - __main__ - INFO - Total Signals: 33 (Real: 33)
2025-09-05 13:55:45,016 - __main__ - INFO - DLOB API Success Rate: 85/85
2025-09-05 13:55:45,016 - __main__ - INFO - Data Quality: real_tick
2025-09-05 13:55:45,016 - __main__ - INFO - Mock Mode: False
2025-09-05 13:55:45,017 - __main__ - INFO - Fail Count: 0
2025-09-05 13:55:45,017 - __main__ - INFO - ==================================================
2025-09-05 13:55:47,332 - httpx - INFO - HTTP Request: GET https://master.dlob.drift.trade/l2?marketName=SOL-PERP&depth=1&includeOracle=true "HTTP/1.1 200 OK"
2025-09-05 13:55:47,333 - __main__ - INFO - REAL PRICE from DLOB: $203.6619
2025-09-05 13:55:47,334 - __main__ - INFO -   Oracle: $202.6670
2025-09-05 13:55:49,468 - httpx - INFO - HTTP Request: GET https://master.dlob.drift.trade/l2?marketName=SOL-PERP&depth=1&includeOracle=true "HTTP/1.1 200 OK"
2025-09-05 13:55:49,469 - __main__ - INFO - REAL PRICE from DLOB: $203.6752
2025-09-05 13:55:49,469 - __main__ - INFO -   Oracle: $202.6670
2025-09-05 13:55:51,783 - httpx - INFO - HTTP Request: GET https://master.dlob.drift.trade/l2?marketName=SOL-PERP&depth=1&includeOracle=true "HTTP/1.1 200 OK"
2025-09-05 13:55:51,784 - __main__ - INFO - REAL PRICE from DLOB: $203.6755
2025-09-05 13:55:51,784 - __main__ - INFO -   Oracle: $202.6670
2025-09-05 13:55:53,925 - httpx - INFO - HTTP Request: GET https://master.dlob.drift.trade/l2?marketName=SOL-PERP&depth=1&includeOracle=true "HTTP/1.1 200 OK"
2025-09-05 13:55:53,926 - __main__ - INFO - REAL PRICE from DLOB: $203.6778
2025-09-05 13:55:53,926 - __main__ - INFO -   Oracle: $202.6670
2025-09-05 13:55:56,242 - httpx - INFO - HTTP Request: GET https://master.dlob.drift.trade/l2?marketName=SOL-PERP&depth=1&includeOracle=true "HTTP/1.1 200 OK"
2025-09-05 13:55:56,243 - __main__ - INFO - REAL PRICE from DLOB: $203.6476
2025-09-05 13:55:56,243 - __main__ - INFO -   Oracle: $202.6670
2025-09-05 13:55:56,243 - __main__ - INFO - ==================================================
2025-09-05 13:55:56,244 - __main__ - INFO - BETA TRACKING UPDATE - Iteration 90
2025-09-05 13:55:56,244 - __main__ - INFO - Runtime: 197.5s
2025-09-05 13:55:56,244 - __main__ - INFO - Current Position: $0.00
2025-09-05 13:55:56,244 - __main__ - INFO - Total Volume: $0.00
2025-09-05 13:55:56,244 - __main__ - INFO - Current Price: $203.6476
2025-09-05 13:55:56,245 - __main__ - INFO - Price Change: -0.01%
2025-09-05 13:55:56,245 - __main__ - INFO - Open Orders: 0
2025-09-05 13:55:56,245 - __main__ - INFO - MACD Values: 89
2025-09-05 13:55:56,247 - __main__ - INFO - Total Signals: 33 (Real: 33)
2025-09-05 13:55:56,247 - __main__ - INFO - DLOB API Success Rate: 90/90
2025-09-05 13:55:56,247 - __main__ - INFO - Data Quality: real_tick
2025-09-05 13:55:56,247 - __main__ - INFO - Mock Mode: False
2025-09-05 13:55:56,247 - __main__ - INFO - Fail Count: 0
2025-09-05 13:55:56,247 - __main__ - INFO - ==================================================
2025-09-05 13:55:58,565 - httpx - INFO - HTTP Request: GET https://master.dlob.drift.trade/l2?marketName=SOL-PERP&depth=1&includeOracle=true "HTTP/1.1 200 OK"
2025-09-05 13:55:58,566 - __main__ - INFO - REAL PRICE from DLOB: $203.6451
2025-09-05 13:55:58,566 - __main__ - INFO -   Oracle: $202.6237
2025-09-05 13:56:00,698 - httpx - INFO - HTTP Request: GET https://master.dlob.drift.trade/l2?marketName=SOL-PERP&depth=1&includeOracle=true "HTTP/1.1 200 OK"
2025-09-05 13:56:00,699 - __main__ - INFO - REAL PRICE from DLOB: $203.6395
2025-09-05 13:56:00,700 - __main__ - INFO -   Oracle: $202.6152
2025-09-05 13:56:02,833 - httpx - INFO - HTTP Request: GET https://master.dlob.drift.trade/l2?marketName=SOL-PERP&depth=1&includeOracle=true "HTTP/1.1 200 OK"
2025-09-05 13:56:02,834 - __main__ - INFO - REAL PRICE from DLOB: $203.6373
2025-09-05 13:56:02,834 - __main__ - INFO -   Oracle: $202.6170
2025-09-05 13:56:04,968 - httpx - INFO - HTTP Request: GET https://master.dlob.drift.trade/l2?marketName=SOL-PERP&depth=1&includeOracle=true "HTTP/1.1 200 OK"
2025-09-05 13:56:04,969 - __main__ - INFO - REAL PRICE from DLOB: $203.6372
2025-09-05 13:56:04,969 - __main__ - INFO -   Oracle: $202.6165
2025-09-05 13:56:07,104 - httpx - INFO - HTTP Request: GET https://master.dlob.drift.trade/l2?marketName=SOL-PERP&depth=1&includeOracle=true "HTTP/1.1 200 OK"
2025-09-05 13:56:07,106 - __main__ - INFO - REAL PRICE from DLOB: $203.6735
2025-09-05 13:56:07,106 - __main__ - INFO -   Oracle: $202.6165
2025-09-05 13:56:07,106 - __main__ - INFO - ==================================================
2025-09-05 13:56:07,107 - __main__ - INFO - BETA TRACKING UPDATE - Iteration 95
2025-09-05 13:56:07,107 - __main__ - INFO - Runtime: 208.4s
2025-09-05 13:56:07,107 - __main__ - INFO - Current Position: $0.00
2025-09-05 13:56:07,107 - __main__ - INFO - Total Volume: $0.00
2025-09-05 13:56:07,107 - __main__ - INFO - Current Price: $203.6735
2025-09-05 13:56:07,108 - __main__ - INFO - Price Change: +0.01%
2025-09-05 13:56:07,108 - __main__ - INFO - Open Orders: 0
2025-09-05 13:56:07,108 - __main__ - INFO - MACD Values: 94
2025-09-05 13:56:07,108 - __main__ - INFO - Total Signals: 33 (Real: 33)
2025-09-05 13:56:07,108 - __main__ - INFO - DLOB API Success Rate: 95/95
2025-09-05 13:56:07,108 - __main__ - INFO - Data Quality: real_tick
2025-09-05 13:56:07,109 - __main__ - INFO - Mock Mode: False
2025-09-05 13:56:07,109 - __main__ - INFO - Fail Count: 0
2025-09-05 13:56:07,109 - __main__ - INFO - ==================================================
2025-09-05 13:56:09,424 - httpx - INFO - HTTP Request: GET https://master.dlob.drift.trade/l2?marketName=SOL-PERP&depth=1&includeOracle=true "HTTP/1.1 200 OK"
2025-09-05 13:56:09,426 - __main__ - INFO - REAL PRICE from DLOB: $203.7052
2025-09-05 13:56:09,426 - __main__ - INFO -   Oracle: $202.6165
2025-09-05 13:56:11,556 - httpx - INFO - HTTP Request: GET https://master.dlob.drift.trade/l2?marketName=SOL-PERP&depth=1&includeOracle=true "HTTP/1.1 200 OK"
2025-09-05 13:56:11,557 - __main__ - INFO - REAL PRICE from DLOB: $203.6721
2025-09-05 13:56:11,558 - __main__ - INFO -   Oracle: $202.6165
2025-09-05 13:56:13,693 - httpx - INFO - HTTP Request: GET https://master.dlob.drift.trade/l2?marketName=SOL-PERP&depth=1&includeOracle=true "HTTP/1.1 200 OK"
2025-09-05 13:56:13,695 - __main__ - INFO - REAL PRICE from DLOB: $203.6676
2025-09-05 13:56:13,695 - __main__ - INFO -   Oracle: $202.6165
2025-09-05 13:56:16,014 - httpx - INFO - HTTP Request: GET https://master.dlob.drift.trade/l2?marketName=SOL-PERP&depth=1&includeOracle=true "HTTP/1.1 200 OK"
2025-09-05 13:56:16,016 - __main__ - INFO - REAL PRICE from DLOB: $203.6936
2025-09-05 13:56:16,016 - __main__ - INFO -   Oracle: $202.6165
2025-09-05 13:56:18,348 - httpx - INFO - HTTP Request: GET https://master.dlob.drift.trade/l2?marketName=SOL-PERP&depth=1&includeOracle=true "HTTP/1.1 200 OK"
2025-09-05 13:56:18,349 - __main__ - INFO - REAL PRICE from DLOB: $203.6574
2025-09-05 13:56:18,349 - __main__ - INFO -   Oracle: $202.6365
2025-09-05 13:56:18,349 - __main__ - INFO - ==================================================
2025-09-05 13:56:18,350 - __main__ - INFO - BETA TRACKING UPDATE - Iteration 100
2025-09-05 13:56:18,350 - __main__ - INFO - Runtime: 219.6s
2025-09-05 13:56:18,350 - __main__ - INFO - Current Position: $0.00
2025-09-05 13:56:18,350 - __main__ - INFO - Total Volume: $0.00
2025-09-05 13:56:18,350 - __main__ - INFO - Current Price: $203.6574
2025-09-05 13:56:18,351 - __main__ - INFO - Price Change: -0.01%
2025-09-05 13:56:18,351 - __main__ - INFO - Open Orders: 0
2025-09-05 13:56:18,351 - __main__ - INFO - MACD Values: 99
2025-09-05 13:56:18,351 - __main__ - INFO - Total Signals: 33 (Real: 33)
2025-09-05 13:56:18,351 - __main__ - INFO - DLOB API Success Rate: 100/100
2025-09-05 13:56:18,352 - __main__ - INFO - Data Quality: real_tick
2025-09-05 13:56:18,352 - __main__ - INFO - Mock Mode: False
2025-09-05 13:56:18,352 - __main__ - INFO - Fail Count: 0
2025-09-05 13:56:18,352 - __main__ - INFO - ==================================================
2025-09-05 13:56:20,478 - httpx - INFO - HTTP Request: GET https://master.dlob.drift.trade/l2?marketName=SOL-PERP&depth=1&includeOracle=true "HTTP/1.1 200 OK"
2025-09-05 13:56:20,479 - __main__ - INFO - REAL PRICE from DLOB: $203.6365
2025-09-05 13:56:20,480 - __main__ - INFO -   Oracle: $202.6365
2025-09-05 13:56:22,613 - httpx - INFO - HTTP Request: GET https://master.dlob.drift.trade/l2?marketName=SOL-PERP&depth=1&includeOracle=true "HTTP/1.1 200 OK"
2025-09-05 13:56:22,615 - __main__ - INFO - REAL PRICE from DLOB: $203.6332
2025-09-05 13:56:22,615 - __main__ - INFO -   Oracle: $202.6155
2025-09-05 13:56:24,926 - httpx - INFO - HTTP Request: GET https://master.dlob.drift.trade/l2?marketName=SOL-PERP&depth=1&includeOracle=true "HTTP/1.1 200 OK"
2025-09-05 13:56:24,927 - __main__ - INFO - REAL PRICE from DLOB: $203.6234
2025-09-05 13:56:24,927 - __main__ - INFO -   Oracle: $202.6155
2025-09-05 13:56:27,062 - httpx - INFO - HTTP Request: GET https://master.dlob.drift.trade/l2?marketName=SOL-PERP&depth=1&includeOracle=true "HTTP/1.1 200 OK"
2025-09-05 13:56:27,063 - __main__ - INFO - REAL PRICE from DLOB: $203.6234
2025-09-05 13:56:27,063 - __main__ - INFO -   Oracle: $202.6155
2025-09-05 13:56:29,375 - httpx - INFO - HTTP Request: GET https://master.dlob.drift.trade/l2?marketName=SOL-PERP&depth=1&includeOracle=true "HTTP/1.1 200 OK"
2025-09-05 13:56:29,376 - __main__ - INFO - REAL PRICE from DLOB: $203.6332
2025-09-05 13:56:29,376 - __main__ - INFO -   Oracle: $202.6102
2025-09-05 13:56:29,377 - __main__ - INFO - ==================================================
2025-09-05 13:56:29,377 - __main__ - INFO - BETA TRACKING UPDATE - Iteration 105
2025-09-05 13:56:29,377 - __main__ - INFO - Runtime: 230.7s
2025-09-05 13:56:29,377 - __main__ - INFO - Current Position: $0.00
2025-09-05 13:56:29,377 - __main__ - INFO - Total Volume: $0.00
2025-09-05 13:56:29,378 - __main__ - INFO - Current Price: $203.6332
2025-09-05 13:56:29,378 - __main__ - INFO - Price Change: -0.01%
2025-09-05 13:56:29,378 - __main__ - INFO - Open Orders: 0
2025-09-05 13:56:29,378 - __main__ - INFO - MACD Values: 104
2025-09-05 13:56:29,379 - __main__ - INFO - Total Signals: 33 (Real: 33)
2025-09-05 13:56:29,379 - __main__ - INFO - DLOB API Success Rate: 105/105
2025-09-05 13:56:29,379 - __main__ - INFO - Data Quality: real_tick
2025-09-05 13:56:29,380 - __main__ - INFO - Mock Mode: False
2025-09-05 13:56:29,380 - __main__ - INFO - Fail Count: 0
2025-09-05 13:56:29,380 - __main__ - INFO - ==================================================
2025-09-05 13:56:31,697 - httpx - INFO - HTTP Request: GET https://master.dlob.drift.trade/l2?marketName=SOL-PERP&depth=1&includeOracle=true "HTTP/1.1 200 OK"
2025-09-05 13:56:31,698 - __main__ - INFO - REAL PRICE from DLOB: $203.6286
2025-09-05 13:56:31,698 - __main__ - INFO -   Oracle: $202.6115
2025-09-05 13:56:33,842 - httpx - INFO - HTTP Request: GET https://master.dlob.drift.trade/l2?marketName=SOL-PERP&depth=1&includeOracle=true "HTTP/1.1 200 OK"
2025-09-05 13:56:33,843 - __main__ - INFO - REAL PRICE from DLOB: $203.6239
2025-09-05 13:56:33,843 - __main__ - INFO -   Oracle: $202.6115
2025-09-05 13:56:36,157 - httpx - INFO - HTTP Request: GET https://master.dlob.drift.trade/l2?marketName=SOL-PERP&depth=1&includeOracle=true "HTTP/1.1 200 OK"
2025-09-05 13:56:36,159 - __main__ - INFO - REAL PRICE from DLOB: $203.6259
2025-09-05 13:56:36,159 - __main__ - INFO -   Oracle: $202.6050
2025-09-05 13:56:38,287 - httpx - INFO - HTTP Request: GET https://master.dlob.drift.trade/l2?marketName=SOL-PERP&depth=1&includeOracle=true "HTTP/1.1 200 OK"
2025-09-05 13:56:38,288 - __main__ - INFO - REAL PRICE from DLOB: $203.6209
2025-09-05 13:56:38,289 - __main__ - INFO -   Oracle: $202.6050
2025-09-05 13:56:40,620 - httpx - INFO - HTTP Request: GET https://master.dlob.drift.trade/l2?marketName=SOL-PERP&depth=1&includeOracle=true "HTTP/1.1 200 OK"
2025-09-05 13:56:40,622 - __main__ - INFO - REAL PRICE from DLOB: $203.6184
2025-09-05 13:56:40,622 - __main__ - INFO -   Oracle: $202.6002
2025-09-05 13:56:40,623 - __main__ - INFO - ==================================================
2025-09-05 13:56:40,623 - __main__ - INFO - BETA TRACKING UPDATE - Iteration 110
2025-09-05 13:56:40,623 - __main__ - INFO - Runtime: 241.9s
2025-09-05 13:56:40,623 - __main__ - INFO - Current Position: $0.00
2025-09-05 13:56:40,624 - __main__ - INFO - Total Volume: $0.00
2025-09-05 13:56:40,624 - __main__ - INFO - Current Price: $203.6184
2025-09-05 13:56:40,624 - __main__ - INFO - Price Change: -0.01%
2025-09-05 13:56:40,624 - __main__ - INFO - Open Orders: 0
2025-09-05 13:56:40,624 - __main__ - INFO - MACD Values: 109
2025-09-05 13:56:40,625 - __main__ - INFO - Total Signals: 33 (Real: 33)
2025-09-05 13:56:40,625 - __main__ - INFO - DLOB API Success Rate: 110/110
2025-09-05 13:56:40,625 - __main__ - INFO - Data Quality: real_tick
2025-09-05 13:56:40,625 - __main__ - INFO - Mock Mode: False
2025-09-05 13:56:40,625 - __main__ - INFO - Fail Count: 0
2025-09-05 13:56:40,626 - __main__ - INFO - ==================================================
2025-09-05 13:56:42,756 - httpx - INFO - HTTP Request: GET https://master.dlob.drift.trade/l2?marketName=SOL-PERP&depth=1&includeOracle=true "HTTP/1.1 200 OK"
2025-09-05 13:56:42,757 - __main__ - INFO - REAL PRICE from DLOB: $203.6216
2025-09-05 13:56:42,757 - __main__ - INFO -   Oracle: $202.5976
2025-09-05 13:56:44,896 - httpx - INFO - HTTP Request: GET https://master.dlob.drift.trade/l2?marketName=SOL-PERP&depth=1&includeOracle=true "HTTP/1.1 200 OK"
2025-09-05 13:56:44,897 - __main__ - INFO - REAL PRICE from DLOB: $203.6214
2025-09-05 13:56:44,898 - __main__ - INFO -   Oracle: $202.6010
2025-09-05 13:56:47,067 - httpx - INFO - HTTP Request: GET https://master.dlob.drift.trade/l2?marketName=SOL-PERP&depth=1&includeOracle=true "HTTP/1.1 200 OK"
2025-09-05 13:56:47,068 - __main__ - INFO - REAL PRICE from DLOB: $203.6213
2025-09-05 13:56:47,068 - __main__ - INFO -   Oracle: $202.6010
2025-09-05 13:56:49,385 - httpx - INFO - HTTP Request: GET https://master.dlob.drift.trade/l2?marketName=SOL-PERP&depth=1&includeOracle=true "HTTP/1.1 200 OK"
2025-09-05 13:56:49,386 - __main__ - INFO - REAL PRICE from DLOB: $203.6213
2025-09-05 13:56:49,387 - __main__ - INFO -   Oracle: $202.6005
2025-09-05 13:56:51,529 - httpx - INFO - HTTP Request: GET https://master.dlob.drift.trade/l2?marketName=SOL-PERP&depth=1&includeOracle=true "HTTP/1.1 200 OK"
2025-09-05 13:56:51,530 - __main__ - INFO - REAL PRICE from DLOB: $203.6221
2025-09-05 13:56:51,530 - __main__ - INFO -   Oracle: $202.6005
2025-09-05 13:56:51,530 - __main__ - INFO - ==================================================
2025-09-05 13:56:51,531 - __main__ - INFO - BETA TRACKING UPDATE - Iteration 115
2025-09-05 13:56:51,531 - __main__ - INFO - Runtime: 252.8s
2025-09-05 13:56:51,531 - __main__ - INFO - Current Position: $0.00
2025-09-05 13:56:51,531 - __main__ - INFO - Total Volume: $0.00
2025-09-05 13:56:51,531 - __main__ - INFO - Current Price: $203.6221
2025-09-05 13:56:51,532 - __main__ - INFO - Price Change: +0.00%
2025-09-05 13:56:51,532 - __main__ - INFO - Open Orders: 0
2025-09-05 13:56:51,532 - __main__ - INFO - MACD Values: 114
2025-09-05 13:56:51,532 - __main__ - INFO - Total Signals: 33 (Real: 33)
2025-09-05 13:56:51,532 - __main__ - INFO - DLOB API Success Rate: 115/115
2025-09-05 13:56:51,533 - __main__ - INFO - Data Quality: real_tick
2025-09-05 13:56:51,533 - __main__ - INFO - Mock Mode: False
2025-09-05 13:56:51,533 - __main__ - INFO - Fail Count: 0
2025-09-05 13:56:51,533 - __main__ - INFO - ==================================================
2025-09-05 13:56:53,664 - httpx - INFO - HTTP Request: GET https://master.dlob.drift.trade/l2?marketName=SOL-PERP&depth=1&includeOracle=true "HTTP/1.1 200 OK"
2025-09-05 13:56:53,665 - __main__ - INFO - REAL PRICE from DLOB: $203.6277
2025-09-05 13:56:53,665 - __main__ - INFO -   Oracle: $202.6005
2025-09-05 13:56:55,991 - httpx - INFO - HTTP Request: GET https://master.dlob.drift.trade/l2?marketName=SOL-PERP&depth=1&includeOracle=true "HTTP/1.1 200 OK"
2025-09-05 13:56:55,993 - __main__ - INFO - REAL PRICE from DLOB: $203.6181
2025-09-05 13:56:55,993 - __main__ - INFO -   Oracle: $202.6069
2025-09-05 13:56:58,132 - httpx - INFO - HTTP Request: GET https://master.dlob.drift.trade/l2?marketName=SOL-PERP&depth=1&includeOracle=true "HTTP/1.1 200 OK"
2025-09-05 13:56:58,133 - __main__ - INFO - REAL PRICE from DLOB: $203.6171
2025-09-05 13:56:58,134 - __main__ - INFO -   Oracle: $202.6069
2025-09-05 13:57:00,259 - httpx - INFO - HTTP Request: GET https://master.dlob.drift.trade/l2?marketName=SOL-PERP&depth=1&includeOracle=true "HTTP/1.1 200 OK"
2025-09-05 13:57:00,260 - __main__ - INFO - REAL PRICE from DLOB: $203.5260
2025-09-05 13:57:00,261 - __main__ - INFO -   Oracle: $202.5212
2025-09-05 13:57:02,576 - httpx - INFO - HTTP Request: GET https://master.dlob.drift.trade/l2?marketName=SOL-PERP&depth=1&includeOracle=true "HTTP/1.1 200 OK"
2025-09-05 13:57:02,578 - __main__ - INFO - REAL PRICE from DLOB: $203.5199
2025-09-05 13:57:02,578 - __main__ - INFO -   Oracle: $202.4997
2025-09-05 13:57:02,578 - __main__ - INFO - ==================================================
2025-09-05 13:57:02,579 - __main__ - INFO - BETA TRACKING UPDATE - Iteration 120
2025-09-05 13:57:02,579 - __main__ - INFO - Runtime: 263.9s
2025-09-05 13:57:02,579 - __main__ - INFO - Current Position: $0.00
2025-09-05 13:57:02,579 - __main__ - INFO - Total Volume: $0.00
2025-09-05 13:57:02,580 - __main__ - INFO - Current Price: $203.5199
2025-09-05 13:57:02,580 - __main__ - INFO - Price Change: -0.05%
2025-09-05 13:57:02,580 - __main__ - INFO - Open Orders: 0
2025-09-05 13:57:02,580 - __main__ - INFO - MACD Values: 119
2025-09-05 13:57:02,580 - __main__ - INFO - Total Signals: 33 (Real: 33)
2025-09-05 13:57:02,581 - __main__ - INFO - DLOB API Success Rate: 120/120
2025-09-05 13:57:02,581 - __main__ - INFO - Data Quality: real_tick
2025-09-05 13:57:02,581 - __main__ - INFO - Mock Mode: False
2025-09-05 13:57:02,581 - __main__ - INFO - Fail Count: 0
2025-09-05 13:57:02,581 - __main__ - INFO - ==================================================
2025-09-05 13:57:04,894 - httpx - INFO - HTTP Request: GET https://master.dlob.drift.trade/l2?marketName=SOL-PERP&depth=1&includeOracle=true "HTTP/1.1 200 OK"
2025-09-05 13:57:04,895 - __main__ - INFO - REAL PRICE from DLOB: $203.5190
2025-09-05 13:57:04,896 - __main__ - INFO -   Oracle: $202.5032
2025-09-05 13:57:07,036 - httpx - INFO - HTTP Request: GET https://master.dlob.drift.trade/l2?marketName=SOL-PERP&depth=1&includeOracle=true "HTTP/1.1 200 OK"
2025-09-05 13:57:07,037 - __main__ - INFO - REAL PRICE from DLOB: $203.5274
2025-09-05 13:57:07,037 - __main__ - INFO -   Oracle: $202.5032
2025-09-05 13:57:09,171 - httpx - INFO - HTTP Request: GET https://master.dlob.drift.trade/l2?marketName=SOL-PERP&depth=1&includeOracle=true "HTTP/1.1 200 OK"
2025-09-05 13:57:09,173 - __main__ - INFO - REAL PRICE from DLOB: $203.5437
2025-09-05 13:57:09,173 - __main__ - INFO -   Oracle: $202.5225
2025-09-05 13:57:11,485 - httpx - INFO - HTTP Request: GET https://master.dlob.drift.trade/l2?marketName=SOL-PERP&depth=1&includeOracle=true "HTTP/1.1 200 OK"
2025-09-05 13:57:11,487 - __main__ - INFO - REAL PRICE from DLOB: $203.6031
2025-09-05 13:57:11,487 - __main__ - INFO -   Oracle: $202.5225
2025-09-05 13:57:13,627 - httpx - INFO - HTTP Request: GET https://master.dlob.drift.trade/l2?marketName=SOL-PERP&depth=1&includeOracle=true "HTTP/1.1 200 OK"
2025-09-05 13:57:13,628 - __main__ - INFO - REAL PRICE from DLOB: $203.5904
2025-09-05 13:57:13,629 - __main__ - INFO -   Oracle: $202.5697
2025-09-05 13:57:13,629 - __main__ - INFO - ==================================================
2025-09-05 13:57:13,629 - __main__ - INFO - BETA TRACKING UPDATE - Iteration 125
2025-09-05 13:57:13,629 - __main__ - INFO - Runtime: 274.9s
2025-09-05 13:57:13,629 - __main__ - INFO - Current Position: $0.00
2025-09-05 13:57:13,630 - __main__ - INFO - Total Volume: $0.00
2025-09-05 13:57:13,630 - __main__ - INFO - Current Price: $203.5904
2025-09-05 13:57:13,630 - __main__ - INFO - Price Change: +0.03%
2025-09-05 13:57:13,630 - __main__ - INFO - Open Orders: 0
2025-09-05 13:57:13,630 - __main__ - INFO - MACD Values: 124
2025-09-05 13:57:13,631 - __main__ - INFO - Total Signals: 33 (Real: 33)
2025-09-05 13:57:13,631 - __main__ - INFO - DLOB API Success Rate: 125/125
2025-09-05 13:57:13,631 - __main__ - INFO - Data Quality: real_tick
2025-09-05 13:57:13,631 - __main__ - INFO - Mock Mode: False
2025-09-05 13:57:13,631 - __main__ - INFO - Fail Count: 0
2025-09-05 13:57:13,632 - __main__ - INFO - ==================================================
2025-09-05 13:57:15,762 - httpx - INFO - HTTP Request: GET https://master.dlob.drift.trade/l2?marketName=SOL-PERP&depth=1&includeOracle=true "HTTP/1.1 200 OK"
2025-09-05 13:57:15,763 - __main__ - INFO - REAL PRICE from DLOB: $203.5432
2025-09-05 13:57:15,763 - __main__ - INFO -   Oracle: $202.5697
2025-09-05 13:57:17,904 - httpx - INFO - HTTP Request: GET https://master.dlob.drift.trade/l2?marketName=SOL-PERP&depth=1&includeOracle=true "HTTP/1.1 200 OK"
2025-09-05 13:57:17,905 - __main__ - INFO - REAL PRICE from DLOB: $203.5165
2025-09-05 13:57:17,905 - __main__ - INFO -   Oracle: $202.5697
2025-09-05 13:57:20,041 - httpx - INFO - HTTP Request: GET https://master.dlob.drift.trade/l2?marketName=SOL-PERP&depth=1&includeOracle=true "HTTP/1.1 200 OK"
2025-09-05 13:57:20,041 - __main__ - INFO - REAL PRICE from DLOB: $203.5165
2025-09-05 13:57:20,042 - __main__ - INFO -   Oracle: $202.4962
2025-09-05 13:57:22,365 - httpx - INFO - HTTP Request: GET https://master.dlob.drift.trade/l2?marketName=SOL-PERP&depth=1&includeOracle=true "HTTP/1.1 200 OK"
2025-09-05 13:57:22,366 - __main__ - INFO - REAL PRICE from DLOB: $203.5165
2025-09-05 13:57:22,367 - __main__ - INFO -   Oracle: $202.4963
2025-09-05 13:57:24,499 - httpx - INFO - HTTP Request: GET https://master.dlob.drift.trade/l2?marketName=SOL-PERP&depth=1&includeOracle=true "HTTP/1.1 200 OK"
2025-09-05 13:57:24,502 - __main__ - INFO - REAL PRICE from DLOB: $203.5088
2025-09-05 13:57:24,502 - __main__ - INFO -   Oracle: $202.4963
2025-09-05 13:57:24,502 - __main__ - INFO - ==================================================
2025-09-05 13:57:24,503 - __main__ - INFO - BETA TRACKING UPDATE - Iteration 130
2025-09-05 13:57:24,503 - __main__ - INFO - Runtime: 285.8s
2025-09-05 13:57:24,503 - __main__ - INFO - Current Position: $0.00
2025-09-05 13:57:24,503 - __main__ - INFO - Total Volume: $0.00
2025-09-05 13:57:24,504 - __main__ - INFO - Current Price: $203.5088
2025-09-05 13:57:24,504 - __main__ - INFO - Price Change: -0.04%
2025-09-05 13:57:24,504 - __main__ - INFO - Open Orders: 0
2025-09-05 13:57:24,504 - __main__ - INFO - MACD Values: 129
2025-09-05 13:57:24,505 - __main__ - INFO - Total Signals: 33 (Real: 33)
2025-09-05 13:57:24,505 - __main__ - INFO - DLOB API Success Rate: 130/130
2025-09-05 13:57:24,505 - __main__ - INFO - Data Quality: real_tick
2025-09-05 13:57:24,505 - __main__ - INFO - Mock Mode: False
2025-09-05 13:57:24,505 - __main__ - INFO - Fail Count: 0
2025-09-05 13:57:24,506 - __main__ - INFO - ==================================================
2025-09-05 13:57:26,637 - httpx - INFO - HTTP Request: GET https://master.dlob.drift.trade/l2?marketName=SOL-PERP&depth=1&includeOracle=true "HTTP/1.1 200 OK"
2025-09-05 13:57:26,638 - __main__ - INFO - REAL PRICE from DLOB: $203.5014
2025-09-05 13:57:26,638 - __main__ - INFO -   Oracle: $202.4963
2025-09-05 13:57:28,951 - httpx - INFO - HTTP Request: GET https://master.dlob.drift.trade/l2?marketName=SOL-PERP&depth=1&includeOracle=true "HTTP/1.1 200 OK"
2025-09-05 13:57:28,953 - __main__ - INFO - REAL PRICE from DLOB: $203.4988
2025-09-05 13:57:28,953 - __main__ - INFO -   Oracle: $202.4786
2025-09-05 13:57:31,081 - httpx - INFO - HTTP Request: GET https://master.dlob.drift.trade/l2?marketName=SOL-PERP&depth=1&includeOracle=true "HTTP/1.1 200 OK"
2025-09-05 13:57:31,081 - __main__ - INFO - REAL PRICE from DLOB: $203.4979
2025-09-05 13:57:31,082 - __main__ - INFO -   Oracle: $202.4772
2025-09-05 13:57:33,401 - httpx - INFO - HTTP Request: GET https://master.dlob.drift.trade/l2?marketName=SOL-PERP&depth=1&includeOracle=true "HTTP/1.1 200 OK"
2025-09-05 13:57:33,402 - __main__ - INFO - REAL PRICE from DLOB: $203.4973
2025-09-05 13:57:33,403 - __main__ - INFO -   Oracle: $202.4772
2025-09-05 13:57:35,530 - httpx - INFO - HTTP Request: GET https://master.dlob.drift.trade/l2?marketName=SOL-PERP&depth=1&includeOracle=true "HTTP/1.1 200 OK"
2025-09-05 13:57:35,530 - __main__ - INFO - REAL PRICE from DLOB: $203.4883
2025-09-05 13:57:35,531 - __main__ - INFO -   Oracle: $202.4772
2025-09-05 13:57:35,531 - __main__ - INFO - ==================================================
2025-09-05 13:57:35,531 - __main__ - INFO - BETA TRACKING UPDATE - Iteration 135
2025-09-05 13:57:35,532 - __main__ - INFO - Runtime: 296.8s
2025-09-05 13:57:35,532 - __main__ - INFO - Current Position: $0.00
2025-09-05 13:57:35,532 - __main__ - INFO - Total Volume: $0.00
2025-09-05 13:57:35,532 - __main__ - INFO - Current Price: $203.4883
2025-09-05 13:57:35,532 - __main__ - INFO - Price Change: -0.01%
2025-09-05 13:57:35,533 - __main__ - INFO - Open Orders: 0
2025-09-05 13:57:35,533 - __main__ - INFO - MACD Values: 134
2025-09-05 13:57:35,533 - __main__ - INFO - Total Signals: 33 (Real: 33)
2025-09-05 13:57:35,533 - __main__ - INFO - DLOB API Success Rate: 135/135
2025-09-05 13:57:35,533 - __main__ - INFO - Data Quality: real_tick
2025-09-05 13:57:35,534 - __main__ - INFO - Mock Mode: False
2025-09-05 13:57:35,534 - __main__ - INFO - Fail Count: 0
2025-09-05 13:57:35,534 - __main__ - INFO - ==================================================
2025-09-05 13:57:37,664 - httpx - INFO - HTTP Request: GET https://master.dlob.drift.trade/l2?marketName=SOL-PERP&depth=1&includeOracle=true "HTTP/1.1 200 OK"
2025-09-05 13:57:37,665 - __main__ - INFO - REAL PRICE from DLOB: $203.4862
2025-09-05 13:57:37,665 - __main__ - INFO -   Oracle: $202.4772
2025-09-05 13:57:39,982 - httpx - INFO - HTTP Request: GET https://master.dlob.drift.trade/l2?marketName=SOL-PERP&depth=1&includeOracle=true "HTTP/1.1 200 OK"
2025-09-05 13:57:39,983 - __main__ - INFO - REAL PRICE from DLOB: $203.4932
2025-09-05 13:57:39,983 - __main__ - INFO -   Oracle: $202.4662
2025-09-05 13:57:42,112 - httpx - INFO - HTTP Request: GET https://master.dlob.drift.trade/l2?marketName=SOL-PERP&depth=1&includeOracle=true "HTTP/1.1 200 OK"
2025-09-05 13:57:42,113 - __main__ - INFO - REAL PRICE from DLOB: $203.5023
2025-09-05 13:57:42,114 - __main__ - INFO -   Oracle: $202.4757
2025-09-05 13:57:44,436 - httpx - INFO - HTTP Request: GET https://master.dlob.drift.trade/l2?marketName=SOL-PERP&depth=1&includeOracle=true "HTTP/1.1 200 OK"
2025-09-05 13:57:44,437 - __main__ - INFO - REAL PRICE from DLOB: $203.4905
2025-09-05 13:57:44,438 - __main__ - INFO -   Oracle: $202.4757
2025-09-05 13:57:46,573 - httpx - INFO - HTTP Request: GET https://master.dlob.drift.trade/l2?marketName=SOL-PERP&depth=1&includeOracle=true "HTTP/1.1 200 OK"
2025-09-05 13:57:46,574 - __main__ - INFO - REAL PRICE from DLOB: $203.4869
2025-09-05 13:57:46,574 - __main__ - INFO -   Oracle: $202.4757
2025-09-05 13:57:46,574 - __main__ - INFO - ==================================================
2025-09-05 13:57:46,574 - __main__ - INFO - BETA TRACKING UPDATE - Iteration 140
2025-09-05 13:57:46,575 - __main__ - INFO - Runtime: 307.9s
2025-09-05 13:57:46,575 - __main__ - INFO - Current Position: $0.00
2025-09-05 13:57:46,575 - __main__ - INFO - Total Volume: $0.00
2025-09-05 13:57:46,576 - __main__ - INFO - Current Price: $203.4869
2025-09-05 13:57:46,576 - __main__ - INFO - Price Change: -0.00%
2025-09-05 13:57:46,576 - __main__ - INFO - Open Orders: 0
2025-09-05 13:57:46,576 - __main__ - INFO - MACD Values: 139
2025-09-05 13:57:46,576 - __main__ - INFO - Total Signals: 33 (Real: 33)
2025-09-05 13:57:46,577 - __main__ - INFO - DLOB API Success Rate: 140/140
2025-09-05 13:57:46,577 - __main__ - INFO - Data Quality: real_tick
2025-09-05 13:57:46,577 - __main__ - INFO - Mock Mode: False
2025-09-05 13:57:46,577 - __main__ - INFO - Fail Count: 0
2025-09-05 13:57:46,578 - __main__ - INFO - ==================================================
2025-09-05 13:57:48,931 - httpx - INFO - HTTP Request: GET https://master.dlob.drift.trade/l2?marketName=SOL-PERP&depth=1&includeOracle=true "HTTP/1.1 200 OK"
2025-09-05 13:57:48,933 - __main__ - INFO - REAL PRICE from DLOB: $203.4860
2025-09-05 13:57:48,933 - __main__ - INFO -   Oracle: $202.4757
2025-09-05 13:57:51,070 - httpx - INFO - HTTP Request: GET https://master.dlob.drift.trade/l2?marketName=SOL-PERP&depth=1&includeOracle=true "HTTP/1.1 200 OK"
2025-09-05 13:57:51,071 - __main__ - INFO - REAL PRICE from DLOB: $203.4864
2025-09-05 13:57:51,071 - __main__ - INFO -   Oracle: $202.4757
2025-09-05 13:57:53,388 - httpx - INFO - HTTP Request: GET https://master.dlob.drift.trade/l2?marketName=SOL-PERP&depth=1&includeOracle=true "HTTP/1.1 200 OK"
2025-09-05 13:57:53,389 - __main__ - INFO - REAL PRICE from DLOB: $203.4856
2025-09-05 13:57:53,389 - __main__ - INFO -   Oracle: $202.4655
2025-09-05 13:57:55,528 - httpx - INFO - HTTP Request: GET https://master.dlob.drift.trade/l2?marketName=SOL-PERP&depth=1&includeOracle=true "HTTP/1.1 200 OK"
2025-09-05 13:57:55,529 - __main__ - INFO - REAL PRICE from DLOB: $203.4690
2025-09-05 13:57:55,529 - __main__ - INFO -   Oracle: $202.4655
2025-09-05 13:57:57,843 - httpx - INFO - HTTP Request: GET https://master.dlob.drift.trade/l2?marketName=SOL-PERP&depth=1&includeOracle=true "HTTP/1.1 200 OK"
2025-09-05 13:57:57,845 - __main__ - INFO - REAL PRICE from DLOB: $203.4735
2025-09-05 13:57:57,846 - __main__ - INFO -   Oracle: $202.4655
2025-09-05 13:57:57,846 - __main__ - INFO - ==================================================
2025-09-05 13:57:57,847 - __main__ - INFO - BETA TRACKING UPDATE - Iteration 145
2025-09-05 13:57:57,847 - __main__ - INFO - Runtime: 319.1s
2025-09-05 13:57:57,847 - __main__ - INFO - Current Position: $0.00
2025-09-05 13:57:57,848 - __main__ - INFO - Total Volume: $0.00
2025-09-05 13:57:57,848 - __main__ - INFO - Current Price: $203.4735
2025-09-05 13:57:57,848 - __main__ - INFO - Price Change: -0.01%
2025-09-05 13:57:57,848 - __main__ - INFO - Open Orders: 0
2025-09-05 13:57:57,848 - __main__ - INFO - MACD Values: 144
2025-09-05 13:57:57,849 - __main__ - INFO - Total Signals: 33 (Real: 33)
2025-09-05 13:57:57,849 - __main__ - INFO - DLOB API Success Rate: 145/145
2025-09-05 13:57:57,849 - __main__ - INFO - Data Quality: real_tick
2025-09-05 13:57:57,849 - __main__ - INFO - Mock Mode: False
2025-09-05 13:57:57,849 - __main__ - INFO - Fail Count: 0
2025-09-05 13:57:57,850 - __main__ - INFO - ==================================================
2025-09-05 13:58:00,164 - httpx - INFO - HTTP Request: GET https://master.dlob.drift.trade/l2?marketName=SOL-PERP&depth=1&includeOracle=true "HTTP/1.1 200 OK"
2025-09-05 13:58:00,166 - __main__ - INFO - REAL PRICE from DLOB: $203.4991
2025-09-05 13:58:00,166 - __main__ - INFO -   Oracle: $202.4790
2025-09-05 13:58:02,303 - httpx - INFO - HTTP Request: GET https://master.dlob.drift.trade/l2?marketName=SOL-PERP&depth=1&includeOracle=true "HTTP/1.1 503 Service Unavailable"
2025-09-05 13:58:02,303 - __main__ - WARNING - DLOB fetch failed (attempt 1): DLOB 503 Service Unavailable (devnet flaky)
2025-09-05 13:58:02,992 - __main__ - WARNING - DLOB fetch failed: DLOB 503 Service Unavailable (devnet flaky)
2025-09-05 13:58:02,992 - __main__ - INFO - Using last good price: $203.4991
2025-09-05 13:58:05,313 - httpx - INFO - HTTP Request: GET https://master.dlob.drift.trade/l2?marketName=SOL-PERP&depth=1&includeOracle=true "HTTP/1.1 503 Service Unavailable"
2025-09-05 13:58:05,313 - __main__ - WARNING - DLOB fetch failed (attempt 2): DLOB 503 Service Unavailable (devnet flaky)
2025-09-05 13:58:06,359 - __main__ - WARNING - DLOB fetch failed: DLOB 503 Service Unavailable (devnet flaky)
2025-09-05 13:58:06,359 - __main__ - INFO - Using last good price: $203.4991
2025-09-05 13:58:08,490 - httpx - INFO - HTTP Request: GET https://master.dlob.drift.trade/l2?marketName=SOL-PERP&depth=1&includeOracle=true "HTTP/1.1 503 Service Unavailable"
2025-09-05 13:58:08,491 - __main__ - WARNING - DLOB fetch failed (attempt 3): DLOB 503 Service Unavailable (devnet flaky)
2025-09-05 13:58:08,491 - __main__ - WARNING - Circuit breaker activated - switching to mock mode after 3 failures
2025-09-05 13:58:08,491 - __main__ - WARNING - DLOB fetch failed: DLOB 503 Service Unavailable (devnet flaky)
2025-09-05 13:58:08,492 - __main__ - INFO - Using last good price: $203.4991
2025-09-05 13:58:08,492 - __main__ - WARNING - No valid price for strategy - skipping signal generation
2025-09-05 13:58:10,821 - httpx - INFO - HTTP Request: GET https://master.dlob.drift.trade/l2?marketName=SOL-PERP&depth=1&includeOracle=true "HTTP/1.1 503 Service Unavailable"
2025-09-05 13:58:10,821 - __main__ - WARNING - DLOB fetch failed (attempt 4): DLOB 503 Service Unavailable (devnet flaky)
2025-09-05 13:58:10,822 - __main__ - WARNING - Circuit breaker activated - switching to mock mode after 4 failures
2025-09-05 13:58:10,822 - __main__ - WARNING - DLOB fetch failed: DLOB 503 Service Unavailable (devnet flaky)
2025-09-05 13:58:10,822 - __main__ - INFO - Using last good price: $203.4991
2025-09-05 13:58:10,822 - __main__ - WARNING - No valid price for strategy - skipping signal generation
2025-09-05 13:58:10,823 - __main__ - INFO - ==================================================
2025-09-05 13:58:10,823 - __main__ - INFO - BETA TRACKING UPDATE - Iteration 150
2025-09-05 13:58:10,823 - __main__ - INFO - Runtime: 332.1s
2025-09-05 13:58:10,823 - __main__ - INFO - Current Position: $0.00
2025-09-05 13:58:10,823 - __main__ - INFO - Total Volume: $0.00
2025-09-05 13:58:10,824 - __main__ - INFO - Current Price: $203.4991
2025-09-05 13:58:10,824 - __main__ - INFO - Price Change: +0.01%
2025-09-05 13:58:10,824 - __main__ - INFO - Open Orders: 0
2025-09-05 13:58:10,824 - __main__ - INFO - MACD Values: 147
2025-09-05 13:58:10,825 - __main__ - INFO - Total Signals: 33 (Real: 33)
2025-09-05 13:58:10,825 - __main__ - INFO - DLOB API Success Rate: 146/150
2025-09-05 13:58:10,825 - __main__ - INFO - Data Quality: mock
2025-09-05 13:58:10,825 - __main__ - INFO - Mock Mode: True
2025-09-05 13:58:10,826 - __main__ - INFO - Fail Count: 4
2025-09-05 13:58:10,826 - __main__ - INFO - ==================================================
2025-09-05 13:58:12,959 - httpx - INFO - HTTP Request: GET https://master.dlob.drift.trade/l2?marketName=SOL-PERP&depth=1&includeOracle=true "HTTP/1.1 503 Service Unavailable"
2025-09-05 13:58:12,960 - __main__ - WARNING - DLOB fetch failed (attempt 5): DLOB 503 Service Unavailable (devnet flaky)
2025-09-05 13:58:12,960 - __main__ - WARNING - Circuit breaker activated - switching to mock mode after 5 failures
2025-09-05 13:58:12,961 - __main__ - WARNING - DLOB fetch failed: DLOB 503 Service Unavailable (devnet flaky)
2025-09-05 13:58:12,961 - __main__ - INFO - Using last good price: $203.4991
2025-09-05 13:58:12,961 - __main__ - WARNING - No valid price for strategy - skipping signal generation
2025-09-05 13:58:15,280 - httpx - INFO - HTTP Request: GET https://master.dlob.drift.trade/l2?marketName=SOL-PERP&depth=1&includeOracle=true "HTTP/1.1 503 Service Unavailable"
2025-09-05 13:58:15,281 - __main__ - WARNING - DLOB fetch failed (attempt 6): DLOB 503 Service Unavailable (devnet flaky)
2025-09-05 13:58:15,281 - __main__ - WARNING - Circuit breaker activated - switching to mock mode after 6 failures
2025-09-05 13:58:15,282 - __main__ - WARNING - DLOB fetch failed: DLOB 503 Service Unavailable (devnet flaky)
2025-09-05 13:58:15,282 - __main__ - INFO - Using last good price: $203.4991
2025-09-05 13:58:15,282 - __main__ - WARNING - No valid price for strategy - skipping signal generation
2025-09-05 13:58:17,413 - httpx - INFO - HTTP Request: GET https://master.dlob.drift.trade/l2?marketName=SOL-PERP&depth=1&includeOracle=true "HTTP/1.1 503 Service Unavailable"
2025-09-05 13:58:17,414 - __main__ - WARNING - DLOB fetch failed (attempt 7): DLOB 503 Service Unavailable (devnet flaky)
2025-09-05 13:58:17,414 - __main__ - WARNING - Circuit breaker activated - switching to mock mode after 7 failures
2025-09-05 13:58:17,414 - __main__ - WARNING - DLOB fetch failed: DLOB 503 Service Unavailable (devnet flaky)
2025-09-05 13:58:17,414 - __main__ - INFO - Using last good price: $203.4991
2025-09-05 13:58:17,414 - __main__ - WARNING - No valid price for strategy - skipping signal generation
2025-09-05 13:58:19,537 - httpx - INFO - HTTP Request: GET https://master.dlob.drift.trade/l2?marketName=SOL-PERP&depth=1&includeOracle=true "HTTP/1.1 503 Service Unavailable"
2025-09-05 13:58:19,538 - __main__ - WARNING - DLOB fetch failed (attempt 8): DLOB 503 Service Unavailable (devnet flaky)
2025-09-05 13:58:19,538 - __main__ - WARNING - Circuit breaker activated - switching to mock mode after 8 failures
2025-09-05 13:58:19,538 - __main__ - WARNING - DLOB fetch failed: DLOB 503 Service Unavailable (devnet flaky)
2025-09-05 13:58:19,539 - __main__ - INFO - Using last good price: $203.4991
2025-09-05 13:58:19,540 - __main__ - WARNING - No valid price for strategy - skipping signal generation
2025-09-05 13:58:21,669 - httpx - INFO - HTTP Request: GET https://master.dlob.drift.trade/l2?marketName=SOL-PERP&depth=1&includeOracle=true "HTTP/1.1 503 Service Unavailable"
2025-09-05 13:58:21,670 - __main__ - WARNING - DLOB fetch failed (attempt 9): DLOB 503 Service Unavailable (devnet flaky)
2025-09-05 13:58:21,670 - __main__ - WARNING - Circuit breaker activated - switching to mock mode after 9 failures
2025-09-05 13:58:21,670 - __main__ - WARNING - DLOB fetch failed: DLOB 503 Service Unavailable (devnet flaky)
2025-09-05 13:58:21,670 - __main__ - INFO - Using last good price: $203.4991
2025-09-05 13:58:21,671 - __main__ - WARNING - No valid price for strategy - skipping signal generation
2025-09-05 13:58:21,671 - __main__ - INFO - ==================================================
2025-09-05 13:58:21,671 - __main__ - INFO - BETA TRACKING UPDATE - Iteration 155
2025-09-05 13:58:21,671 - __main__ - INFO - Runtime: 343.0s
2025-09-05 13:58:21,671 - __main__ - INFO - Current Position: $0.00
2025-09-05 13:58:21,672 - __main__ - INFO - Total Volume: $0.00
2025-09-05 13:58:21,672 - __main__ - INFO - Current Price: $203.4991
2025-09-05 13:58:21,672 - __main__ - INFO - Price Change: +0.00%
2025-09-05 13:58:21,672 - __main__ - INFO - Open Orders: 0
2025-09-05 13:58:21,672 - __main__ - INFO - MACD Values: 147
2025-09-05 13:58:21,673 - __main__ - INFO - Total Signals: 33 (Real: 33)
2025-09-05 13:58:21,673 - __main__ - INFO - DLOB API Success Rate: 146/155
2025-09-05 13:58:21,673 - __main__ - INFO - Data Quality: mock
2025-09-05 13:58:21,673 - __main__ - INFO - Mock Mode: True
2025-09-05 13:58:21,673 - __main__ - INFO - Fail Count: 9
2025-09-05 13:58:21,674 - __main__ - INFO - ==================================================
2025-09-05 13:58:23,998 - httpx - INFO - HTTP Request: GET https://master.dlob.drift.trade/l2?marketName=SOL-PERP&depth=1&includeOracle=true "HTTP/1.1 503 Service Unavailable"
2025-09-05 13:58:23,999 - __main__ - WARNING - DLOB fetch failed (attempt 10): DLOB 503 Service Unavailable (devnet flaky)
2025-09-05 13:58:24,000 - __main__ - WARNING - Circuit breaker activated - switching to mock mode after 10 failures
2025-09-05 13:58:24,000 - __main__ - WARNING - DLOB fetch failed: DLOB 503 Service Unavailable (devnet flaky)
2025-09-05 13:58:24,000 - __main__ - INFO - Using last good price: $203.4991
2025-09-05 13:58:24,001 - __main__ - WARNING - No valid price for strategy - skipping signal generation
2025-09-05 13:58:26,320 - httpx - INFO - HTTP Request: GET https://master.dlob.drift.trade/l2?marketName=SOL-PERP&depth=1&includeOracle=true "HTTP/1.1 503 Service Unavailable"
2025-09-05 13:58:26,321 - __main__ - WARNING - DLOB fetch failed (attempt 11): DLOB 503 Service Unavailable (devnet flaky)
2025-09-05 13:58:26,321 - __main__ - WARNING - Circuit breaker activated - switching to mock mode after 11 failures
2025-09-05 13:58:26,321 - __main__ - WARNING - DLOB fetch failed: DLOB 503 Service Unavailable (devnet flaky)
2025-09-05 13:58:26,322 - __main__ - INFO - Using last good price: $203.4991
2025-09-05 13:58:26,322 - __main__ - WARNING - No valid price for strategy - skipping signal generation
2025-09-05 13:58:28,462 - httpx - INFO - HTTP Request: GET https://master.dlob.drift.trade/l2?marketName=SOL-PERP&depth=1&includeOracle=true "HTTP/1.1 503 Service Unavailable"
2025-09-05 13:58:28,463 - __main__ - WARNING - DLOB fetch failed (attempt 12): DLOB 503 Service Unavailable (devnet flaky)
2025-09-05 13:58:28,463 - __main__ - WARNING - Circuit breaker activated - switching to mock mode after 12 failures
2025-09-05 13:58:28,463 - __main__ - WARNING - DLOB fetch failed: DLOB 503 Service Unavailable (devnet flaky)
2025-09-05 13:58:28,463 - __main__ - INFO - Using last good price: $203.4991
2025-09-05 13:58:28,464 - __main__ - WARNING - No valid price for strategy - skipping signal generation
2025-09-05 13:58:30,600 - httpx - INFO - HTTP Request: GET https://master.dlob.drift.trade/l2?marketName=SOL-PERP&depth=1&includeOracle=true "HTTP/1.1 503 Service Unavailable"
2025-09-05 13:58:30,601 - __main__ - WARNING - DLOB fetch failed (attempt 13): DLOB 503 Service Unavailable (devnet flaky)
2025-09-05 13:58:30,601 - __main__ - WARNING - Circuit breaker activated - switching to mock mode after 13 failures
2025-09-05 13:58:30,602 - __main__ - WARNING - DLOB fetch failed: DLOB 503 Service Unavailable (devnet flaky)
2025-09-05 13:58:30,603 - __main__ - INFO - Using last good price: $203.4991
2025-09-05 13:58:30,603 - __main__ - WARNING - No valid price for strategy - skipping signal generation
2025-09-05 13:58:32,737 - httpx - INFO - HTTP Request: GET https://master.dlob.drift.trade/l2?marketName=SOL-PERP&depth=1&includeOracle=true "HTTP/1.1 503 Service Unavailable"
2025-09-05 13:58:32,738 - __main__ - WARNING - DLOB fetch failed (attempt 14): DLOB 503 Service Unavailable (devnet flaky)
2025-09-05 13:58:32,738 - __main__ - WARNING - Circuit breaker activated - switching to mock mode after 14 failures
2025-09-05 13:58:32,739 - __main__ - WARNING - DLOB fetch failed: DLOB 503 Service Unavailable (devnet flaky)
2025-09-05 13:58:32,739 - __main__ - INFO - Using last good price: $203.4991
2025-09-05 13:58:32,739 - __main__ - WARNING - No valid price for strategy - skipping signal generation
2025-09-05 13:58:32,739 - __main__ - INFO - ==================================================
2025-09-05 13:58:32,739 - __main__ - INFO - BETA TRACKING UPDATE - Iteration 160
2025-09-05 13:58:32,741 - __main__ - INFO - Runtime: 354.0s
2025-09-05 13:58:32,741 - __main__ - INFO - Current Position: $0.00
2025-09-05 13:58:32,741 - __main__ - INFO - Total Volume: $0.00
2025-09-05 13:58:32,741 - __main__ - INFO - Current Price: $203.4991
2025-09-05 13:58:32,741 - __main__ - INFO - Price Change: +0.00%
2025-09-05 13:58:32,742 - __main__ - INFO - Open Orders: 0
2025-09-05 13:58:32,742 - __main__ - INFO - MACD Values: 147
2025-09-05 13:58:32,742 - __main__ - INFO - Total Signals: 33 (Real: 33)
2025-09-05 13:58:32,742 - __main__ - INFO - DLOB API Success Rate: 146/160
2025-09-05 13:58:32,742 - __main__ - INFO - Data Quality: mock
2025-09-05 13:58:32,743 - __main__ - INFO - Mock Mode: True
2025-09-05 13:58:32,743 - __main__ - INFO - Fail Count: 14
2025-09-05 13:58:32,743 - __main__ - INFO - ==================================================
2025-09-05 13:58:34,877 - httpx - INFO - HTTP Request: GET https://master.dlob.drift.trade/l2?marketName=SOL-PERP&depth=1&includeOracle=true "HTTP/1.1 503 Service Unavailable"
2025-09-05 13:58:34,878 - __main__ - WARNING - DLOB fetch failed (attempt 15): DLOB 503 Service Unavailable (devnet flaky)
2025-09-05 13:58:34,878 - __main__ - WARNING - Circuit breaker activated - switching to mock mode after 15 failures
2025-09-05 13:58:34,878 - __main__ - WARNING - DLOB fetch failed: DLOB 503 Service Unavailable (devnet flaky)
2025-09-05 13:58:34,879 - __main__ - INFO - Using last good price: $203.4991
2025-09-05 13:58:34,879 - __main__ - WARNING - No valid price for strategy - skipping signal generation
2025-09-05 13:58:37,192 - httpx - INFO - HTTP Request: GET https://master.dlob.drift.trade/l2?marketName=SOL-PERP&depth=1&includeOracle=true "HTTP/1.1 503 Service Unavailable"
2025-09-05 13:58:37,193 - __main__ - WARNING - DLOB fetch failed (attempt 16): DLOB 503 Service Unavailable (devnet flaky)
2025-09-05 13:58:37,194 - __main__ - WARNING - Circuit breaker activated - switching to mock mode after 16 failures
2025-09-05 13:58:37,195 - __main__ - WARNING - DLOB fetch failed: DLOB 503 Service Unavailable (devnet flaky)
2025-09-05 13:58:37,195 - __main__ - INFO - Using last good price: $203.4991
2025-09-05 13:58:37,195 - __main__ - WARNING - No valid price for strategy - skipping signal generation
2025-09-05 13:58:39,324 - httpx - INFO - HTTP Request: GET https://master.dlob.drift.trade/l2?marketName=SOL-PERP&depth=1&includeOracle=true "HTTP/1.1 503 Service Unavailable"
2025-09-05 13:58:39,325 - __main__ - WARNING - DLOB fetch failed (attempt 17): DLOB 503 Service Unavailable (devnet flaky)
2025-09-05 13:58:39,326 - __main__ - WARNING - Circuit breaker activated - switching to mock mode after 17 failures
2025-09-05 13:58:39,326 - __main__ - WARNING - DLOB fetch failed: DLOB 503 Service Unavailable (devnet flaky)
2025-09-05 13:58:39,326 - __main__ - INFO - Using last good price: $203.4991
2025-09-05 13:58:39,326 - __main__ - WARNING - No valid price for strategy - skipping signal generation
2025-09-05 13:58:41,453 - httpx - INFO - HTTP Request: GET https://master.dlob.drift.trade/l2?marketName=SOL-PERP&depth=1&includeOracle=true "HTTP/1.1 503 Service Unavailable"
2025-09-05 13:58:41,454 - __main__ - WARNING - DLOB fetch failed (attempt 18): DLOB 503 Service Unavailable (devnet flaky)
2025-09-05 13:58:41,454 - __main__ - WARNING - Circuit breaker activated - switching to mock mode after 18 failures
2025-09-05 13:58:41,454 - __main__ - WARNING - DLOB fetch failed: DLOB 503 Service Unavailable (devnet flaky)
2025-09-05 13:58:41,454 - __main__ - INFO - Using last good price: $203.4991
2025-09-05 13:58:41,455 - __main__ - WARNING - No valid price for strategy - skipping signal generation
2025-09-05 13:58:43,777 - httpx - INFO - HTTP Request: GET https://master.dlob.drift.trade/l2?marketName=SOL-PERP&depth=1&includeOracle=true "HTTP/1.1 503 Service Unavailable"
2025-09-05 13:58:43,778 - __main__ - WARNING - DLOB fetch failed (attempt 19): DLOB 503 Service Unavailable (devnet flaky)
2025-09-05 13:58:43,778 - __main__ - WARNING - Circuit breaker activated - switching to mock mode after 19 failures
2025-09-05 13:58:43,778 - __main__ - WARNING - DLOB fetch failed: DLOB 503 Service Unavailable (devnet flaky)
2025-09-05 13:58:43,779 - __main__ - INFO - Using last good price: $203.4991
2025-09-05 13:58:43,779 - __main__ - WARNING - No valid price for strategy - skipping signal generation
2025-09-05 13:58:43,779 - __main__ - INFO - ==================================================
2025-09-05 13:58:43,780 - __main__ - INFO - BETA TRACKING UPDATE - Iteration 165
2025-09-05 13:58:43,780 - __main__ - INFO - Runtime: 365.1s
2025-09-05 13:58:43,780 - __main__ - INFO - Current Position: $0.00
2025-09-05 13:58:43,780 - __main__ - INFO - Total Volume: $0.00
2025-09-05 13:58:43,781 - __main__ - INFO - Current Price: $203.4991
2025-09-05 13:58:43,781 - __main__ - INFO - Price Change: +0.00%
2025-09-05 13:58:43,781 - __main__ - INFO - Open Orders: 0
2025-09-05 13:58:43,781 - __main__ - INFO - MACD Values: 147
2025-09-05 13:58:43,782 - __main__ - INFO - Total Signals: 33 (Real: 33)
2025-09-05 13:58:43,782 - __main__ - INFO - DLOB API Success Rate: 146/165
2025-09-05 13:58:43,782 - __main__ - INFO - Data Quality: mock
2025-09-05 13:58:43,783 - __main__ - INFO - Mock Mode: True
2025-09-05 13:58:43,783 - __main__ - INFO - Fail Count: 19
2025-09-05 13:58:43,783 - __main__ - INFO - ==================================================
2025-09-05 13:58:46,099 - httpx - INFO - HTTP Request: GET https://master.dlob.drift.trade/l2?marketName=SOL-PERP&depth=1&includeOracle=true "HTTP/1.1 503 Service Unavailable"
2025-09-05 13:58:46,100 - __main__ - WARNING - DLOB fetch failed (attempt 20): DLOB 503 Service Unavailable (devnet flaky)
2025-09-05 13:58:46,101 - __main__ - WARNING - Circuit breaker activated - switching to mock mode after 20 failures
2025-09-05 13:58:46,101 - __main__ - WARNING - DLOB fetch failed: DLOB 503 Service Unavailable (devnet flaky)
2025-09-05 13:58:46,102 - __main__ - INFO - Using last good price: $203.4991
2025-09-05 13:58:46,102 - __main__ - WARNING - No valid price for strategy - skipping signal generation
2025-09-05 13:58:48,236 - httpx - INFO - HTTP Request: GET https://master.dlob.drift.trade/l2?marketName=SOL-PERP&depth=1&includeOracle=true "HTTP/1.1 503 Service Unavailable"
2025-09-05 13:58:48,236 - __main__ - WARNING - DLOB fetch failed (attempt 21): DLOB 503 Service Unavailable (devnet flaky)
2025-09-05 13:58:48,237 - __main__ - WARNING - Circuit breaker activated - switching to mock mode after 21 failures
2025-09-05 13:58:48,237 - __main__ - WARNING - DLOB fetch failed: DLOB 503 Service Unavailable (devnet flaky)
2025-09-05 13:58:48,237 - __main__ - INFO - Using last good price: $203.4991
2025-09-05 13:58:48,237 - __main__ - WARNING - No valid price for strategy - skipping signal generation
2025-09-05 13:58:50,584 - httpx - INFO - HTTP Request: GET https://master.dlob.drift.trade/l2?marketName=SOL-PERP&depth=1&includeOracle=true "HTTP/1.1 503 Service Unavailable"
2025-09-05 13:58:50,585 - __main__ - WARNING - DLOB fetch failed (attempt 22): DLOB 503 Service Unavailable (devnet flaky)
2025-09-05 13:58:50,585 - __main__ - WARNING - Circuit breaker activated - switching to mock mode after 22 failures
2025-09-05 13:58:50,586 - __main__ - WARNING - DLOB fetch failed: DLOB 503 Service Unavailable (devnet flaky)
2025-09-05 13:58:50,586 - __main__ - INFO - Using last good price: $203.4991
2025-09-05 13:58:50,586 - __main__ - WARNING - No valid price for strategy - skipping signal generation
2025-09-05 13:58:52,895 - httpx - INFO - HTTP Request: GET https://master.dlob.drift.trade/l2?marketName=SOL-PERP&depth=1&includeOracle=true "HTTP/1.1 503 Service Unavailable"
2025-09-05 13:58:52,896 - __main__ - WARNING - DLOB fetch failed (attempt 23): DLOB 503 Service Unavailable (devnet flaky)
2025-09-05 13:58:52,896 - __main__ - WARNING - Circuit breaker activated - switching to mock mode after 23 failures
2025-09-05 13:58:52,897 - __main__ - WARNING - DLOB fetch failed: DLOB 503 Service Unavailable (devnet flaky)
2025-09-05 13:58:52,897 - __main__ - INFO - Using last good price: $203.4991
2025-09-05 13:58:52,897 - __main__ - WARNING - No valid price for strategy - skipping signal generation
2025-09-05 13:58:55,024 - httpx - INFO - HTTP Request: GET https://master.dlob.drift.trade/l2?marketName=SOL-PERP&depth=1&includeOracle=true "HTTP/1.1 503 Service Unavailable"
2025-09-05 13:58:55,025 - __main__ - WARNING - DLOB fetch failed (attempt 24): DLOB 503 Service Unavailable (devnet flaky)
2025-09-05 13:58:55,025 - __main__ - WARNING - Circuit breaker activated - switching to mock mode after 24 failures
2025-09-05 13:58:55,025 - __main__ - WARNING - DLOB fetch failed: DLOB 503 Service Unavailable (devnet flaky)
2025-09-05 13:58:55,026 - __main__ - INFO - Using last good price: $203.4991
2025-09-05 13:58:55,026 - __main__ - WARNING - No valid price for strategy - skipping signal generation
2025-09-05 13:58:55,026 - __main__ - INFO - ==================================================
2025-09-05 13:58:55,026 - __main__ - INFO - BETA TRACKING UPDATE - Iteration 170
2025-09-05 13:58:55,026 - __main__ - INFO - Runtime: 376.3s
2025-09-05 13:58:55,027 - __main__ - INFO - Current Position: $0.00
2025-09-05 13:58:55,027 - __main__ - INFO - Total Volume: $0.00
2025-09-05 13:58:55,027 - __main__ - INFO - Current Price: $203.4991
2025-09-05 13:58:55,027 - __main__ - INFO - Price Change: +0.00%
2025-09-05 13:58:55,027 - __main__ - INFO - Open Orders: 0
2025-09-05 13:58:55,028 - __main__ - INFO - MACD Values: 147
2025-09-05 13:58:55,028 - __main__ - INFO - Total Signals: 33 (Real: 33)
2025-09-05 13:58:55,028 - __main__ - INFO - DLOB API Success Rate: 146/170
2025-09-05 13:58:55,028 - __main__ - INFO - Data Quality: mock
2025-09-05 13:58:55,028 - __main__ - INFO - Mock Mode: True
2025-09-05 13:58:55,029 - __main__ - INFO - Fail Count: 24
2025-09-05 13:58:55,029 - __main__ - INFO - ==================================================
2025-09-05 13:58:57,152 - httpx - INFO - HTTP Request: GET https://master.dlob.drift.trade/l2?marketName=SOL-PERP&depth=1&includeOracle=true "HTTP/1.1 503 Service Unavailable"
2025-09-05 13:58:57,153 - __main__ - WARNING - DLOB fetch failed (attempt 25): DLOB 503 Service Unavailable (devnet flaky)
2025-09-05 13:58:57,153 - __main__ - WARNING - Circuit breaker activated - switching to mock mode after 25 failures
2025-09-05 13:58:57,153 - __main__ - WARNING - DLOB fetch failed: DLOB 503 Service Unavailable (devnet flaky)
2025-09-05 13:58:57,154 - __main__ - INFO - Using last good price: $203.4991
2025-09-05 13:58:57,154 - __main__ - WARNING - No valid price for strategy - skipping signal generation
2025-09-05 13:58:59,280 - httpx - INFO - HTTP Request: GET https://master.dlob.drift.trade/l2?marketName=SOL-PERP&depth=1&includeOracle=true "HTTP/1.1 503 Service Unavailable"
2025-09-05 13:58:59,281 - __main__ - WARNING - DLOB fetch failed (attempt 26): DLOB 503 Service Unavailable (devnet flaky)
2025-09-05 13:58:59,281 - __main__ - WARNING - Circuit breaker activated - switching to mock mode after 26 failures
2025-09-05 13:58:59,281 - __main__ - WARNING - DLOB fetch failed: DLOB 503 Service Unavailable (devnet flaky)
2025-09-05 13:58:59,281 - __main__ - INFO - Using last good price: $203.4991
2025-09-05 13:58:59,282 - __main__ - WARNING - No valid price for strategy - skipping signal generation
2025-09-05 13:59:01,404 - httpx - INFO - HTTP Request: GET https://master.dlob.drift.trade/l2?marketName=SOL-PERP&depth=1&includeOracle=true "HTTP/1.1 503 Service Unavailable"
2025-09-05 13:59:01,405 - __main__ - WARNING - DLOB fetch failed (attempt 27): DLOB 503 Service Unavailable (devnet flaky)
2025-09-05 13:59:01,405 - __main__ - WARNING - Circuit breaker activated - switching to mock mode after 27 failures
2025-09-05 13:59:01,406 - __main__ - WARNING - DLOB fetch failed: DLOB 503 Service Unavailable (devnet flaky)
2025-09-05 13:59:01,406 - __main__ - INFO - Using last good price: $203.4991
2025-09-05 13:59:01,406 - __main__ - WARNING - No valid price for strategy - skipping signal generation
2025-09-05 13:59:03,726 - httpx - INFO - HTTP Request: GET https://master.dlob.drift.trade/l2?marketName=SOL-PERP&depth=1&includeOracle=true "HTTP/1.1 503 Service Unavailable"
2025-09-05 13:59:03,727 - __main__ - WARNING - DLOB fetch failed (attempt 28): DLOB 503 Service Unavailable (devnet flaky)
2025-09-05 13:59:03,727 - __main__ - WARNING - Circuit breaker activated - switching to mock mode after 28 failures
2025-09-05 13:59:03,728 - __main__ - WARNING - DLOB fetch failed: DLOB 503 Service Unavailable (devnet flaky)
2025-09-05 13:59:03,728 - __main__ - INFO - Using last good price: $203.4991
2025-09-05 13:59:03,728 - __main__ - WARNING - No valid price for strategy - skipping signal generation
2025-09-05 13:59:05,856 - httpx - INFO - HTTP Request: GET https://master.dlob.drift.trade/l2?marketName=SOL-PERP&depth=1&includeOracle=true "HTTP/1.1 503 Service Unavailable"
2025-09-05 13:59:05,862 - __main__ - WARNING - DLOB fetch failed (attempt 29): DLOB 503 Service Unavailable (devnet flaky)
2025-09-05 13:59:05,863 - __main__ - WARNING - Circuit breaker activated - switching to mock mode after 29 failures
2025-09-05 13:59:05,865 - __main__ - WARNING - DLOB fetch failed: DLOB 503 Service Unavailable (devnet flaky)
2025-09-05 13:59:05,866 - __main__ - INFO - Using last good price: $203.4991
2025-09-05 13:59:05,867 - __main__ - WARNING - No valid price for strategy - skipping signal generation
2025-09-05 13:59:05,867 - __main__ - INFO - ==================================================
2025-09-05 13:59:05,869 - __main__ - INFO - BETA TRACKING UPDATE - Iteration 175
2025-09-05 13:59:05,870 - __main__ - INFO - Runtime: 387.2s
2025-09-05 13:59:05,871 - __main__ - INFO - Current Position: $0.00
2025-09-05 13:59:05,871 - __main__ - INFO - Total Volume: $0.00
2025-09-05 13:59:05,872 - __main__ - INFO - Current Price: $203.4991
2025-09-05 13:59:05,873 - __main__ - INFO - Price Change: +0.00%
2025-09-05 13:59:05,875 - __main__ - INFO - Open Orders: 0
2025-09-05 13:59:05,875 - __main__ - INFO - MACD Values: 147
2025-09-05 13:59:05,876 - __main__ - INFO - Total Signals: 33 (Real: 33)
2025-09-05 13:59:05,878 - __main__ - INFO - DLOB API Success Rate: 146/175
2025-09-05 13:59:05,879 - __main__ - INFO - Data Quality: mock
2025-09-05 13:59:05,879 - __main__ - INFO - Mock Mode: True
2025-09-05 13:59:05,881 - __main__ - INFO - Fail Count: 29
2025-09-05 13:59:05,882 - __main__ - INFO - ==================================================
2025-09-05 13:59:08,010 - httpx - INFO - HTTP Request: GET https://master.dlob.drift.trade/l2?marketName=SOL-PERP&depth=1&includeOracle=true "HTTP/1.1 503 Service Unavailable"
2025-09-05 13:59:08,010 - __main__ - WARNING - DLOB fetch failed (attempt 30): DLOB 503 Service Unavailable (devnet flaky)
2025-09-05 13:59:08,011 - __main__ - WARNING - Circuit breaker activated - switching to mock mode after 30 failures
2025-09-05 13:59:08,011 - __main__ - WARNING - DLOB fetch failed: DLOB 503 Service Unavailable (devnet flaky)
2025-09-05 13:59:08,011 - __main__ - INFO - Using last good price: $203.4991
2025-09-05 13:59:08,012 - __main__ - WARNING - No valid price for strategy - skipping signal generation
2025-09-05 13:59:10,324 - httpx - INFO - HTTP Request: GET https://master.dlob.drift.trade/l2?marketName=SOL-PERP&depth=1&includeOracle=true "HTTP/1.1 503 Service Unavailable"
2025-09-05 13:59:10,325 - __main__ - WARNING - DLOB fetch failed (attempt 31): DLOB 503 Service Unavailable (devnet flaky)
2025-09-05 13:59:10,325 - __main__ - WARNING - Circuit breaker activated - switching to mock mode after 31 failures
2025-09-05 13:59:10,325 - __main__ - WARNING - DLOB fetch failed: DLOB 503 Service Unavailable (devnet flaky)
2025-09-05 13:59:10,326 - __main__ - INFO - Using last good price: $203.4991
2025-09-05 13:59:10,326 - __main__ - WARNING - No valid price for strategy - skipping signal generation
2025-09-05 13:59:12,646 - httpx - INFO - HTTP Request: GET https://master.dlob.drift.trade/l2?marketName=SOL-PERP&depth=1&includeOracle=true "HTTP/1.1 503 Service Unavailable"
2025-09-05 13:59:12,647 - __main__ - WARNING - DLOB fetch failed (attempt 32): DLOB 503 Service Unavailable (devnet flaky)
2025-09-05 13:59:12,648 - __main__ - WARNING - Circuit breaker activated - switching to mock mode after 32 failures
2025-09-05 13:59:12,648 - __main__ - WARNING - DLOB fetch failed: DLOB 503 Service Unavailable (devnet flaky)
2025-09-05 13:59:12,648 - __main__ - INFO - Using last good price: $203.4991
2025-09-05 13:59:12,649 - __main__ - WARNING - No valid price for strategy - skipping signal generation
2025-09-05 13:59:14,773 - httpx - INFO - HTTP Request: GET https://master.dlob.drift.trade/l2?marketName=SOL-PERP&depth=1&includeOracle=true "HTTP/1.1 503 Service Unavailable"
2025-09-05 13:59:14,773 - __main__ - WARNING - DLOB fetch failed (attempt 33): DLOB 503 Service Unavailable (devnet flaky)
2025-09-05 13:59:14,774 - __main__ - WARNING - Circuit breaker activated - switching to mock mode after 33 failures
2025-09-05 13:59:14,774 - __main__ - WARNING - DLOB fetch failed: DLOB 503 Service Unavailable (devnet flaky)
2025-09-05 13:59:14,775 - __main__ - INFO - Using last good price: $203.4991
2025-09-05 13:59:14,775 - __main__ - WARNING - No valid price for strategy - skipping signal generation
2025-09-05 13:59:16,908 - httpx - INFO - HTTP Request: GET https://master.dlob.drift.trade/l2?marketName=SOL-PERP&depth=1&includeOracle=true "HTTP/1.1 503 Service Unavailable"
2025-09-05 13:59:16,909 - __main__ - WARNING - DLOB fetch failed (attempt 34): DLOB 503 Service Unavailable (devnet flaky)
2025-09-05 13:59:16,910 - __main__ - WARNING - Circuit breaker activated - switching to mock mode after 34 failures
2025-09-05 13:59:16,910 - __main__ - WARNING - DLOB fetch failed: DLOB 503 Service Unavailable (devnet flaky)
2025-09-05 13:59:16,910 - __main__ - INFO - Using last good price: $203.4991
2025-09-05 13:59:16,911 - __main__ - WARNING - No valid price for strategy - skipping signal generation
2025-09-05 13:59:16,911 - __main__ - INFO - ==================================================
2025-09-05 13:59:16,911 - __main__ - INFO - BETA TRACKING UPDATE - Iteration 180
2025-09-05 13:59:16,911 - __main__ - INFO - Runtime: 398.2s
2025-09-05 13:59:16,911 - __main__ - INFO - Current Position: $0.00
2025-09-05 13:59:16,912 - __main__ - INFO - Total Volume: $0.00
2025-09-05 13:59:16,912 - __main__ - INFO - Current Price: $203.4991
2025-09-05 13:59:16,912 - __main__ - INFO - Price Change: +0.00%
2025-09-05 13:59:16,912 - __main__ - INFO - Open Orders: 0
2025-09-05 13:59:16,912 - __main__ - INFO - MACD Values: 147
2025-09-05 13:59:16,913 - __main__ - INFO - Total Signals: 33 (Real: 33)
2025-09-05 13:59:16,913 - __main__ - INFO - DLOB API Success Rate: 146/180
2025-09-05 13:59:16,913 - __main__ - INFO - Data Quality: mock
2025-09-05 13:59:16,913 - __main__ - INFO - Mock Mode: True
2025-09-05 13:59:16,913 - __main__ - INFO - Fail Count: 34
2025-09-05 13:59:16,914 - __main__ - INFO - ==================================================
2025-09-05 13:59:19,231 - httpx - INFO - HTTP Request: GET https://master.dlob.drift.trade/l2?marketName=SOL-PERP&depth=1&includeOracle=true "HTTP/1.1 503 Service Unavailable"
2025-09-05 13:59:19,232 - __main__ - WARNING - DLOB fetch failed (attempt 35): DLOB 503 Service Unavailable (devnet flaky)
2025-09-05 13:59:19,233 - __main__ - WARNING - Circuit breaker activated - switching to mock mode after 35 failures
2025-09-05 13:59:19,233 - __main__ - WARNING - DLOB fetch failed: DLOB 503 Service Unavailable (devnet flaky)
2025-09-05 13:59:19,233 - __main__ - INFO - Using last good price: $203.4991
2025-09-05 13:59:19,233 - __main__ - WARNING - No valid price for strategy - skipping signal generation
2025-09-05 13:59:21,356 - httpx - INFO - HTTP Request: GET https://master.dlob.drift.trade/l2?marketName=SOL-PERP&depth=1&includeOracle=true "HTTP/1.1 503 Service Unavailable"
2025-09-05 13:59:21,357 - __main__ - WARNING - DLOB fetch failed (attempt 36): DLOB 503 Service Unavailable (devnet flaky)
2025-09-05 13:59:21,358 - __main__ - WARNING - Circuit breaker activated - switching to mock mode after 36 failures
2025-09-05 13:59:21,358 - __main__ - WARNING - DLOB fetch failed: DLOB 503 Service Unavailable (devnet flaky)
2025-09-05 13:59:21,358 - __main__ - INFO - Using last good price: $203.4991
2025-09-05 13:59:21,359 - __main__ - WARNING - No valid price for strategy - skipping signal generation
2025-09-05 13:59:23,669 - httpx - INFO - HTTP Request: GET https://master.dlob.drift.trade/l2?marketName=SOL-PERP&depth=1&includeOracle=true "HTTP/1.1 503 Service Unavailable"
2025-09-05 13:59:23,670 - __main__ - WARNING - DLOB fetch failed (attempt 37): DLOB 503 Service Unavailable (devnet flaky)
2025-09-05 13:59:23,670 - __main__ - WARNING - Circuit breaker activated - switching to mock mode after 37 failures
2025-09-05 13:59:23,670 - __main__ - WARNING - DLOB fetch failed: DLOB 503 Service Unavailable (devnet flaky)
2025-09-05 13:59:23,670 - __main__ - INFO - Using last good price: $203.4991
2025-09-05 13:59:23,671 - __main__ - WARNING - No valid price for strategy - skipping signal generation
2025-09-05 13:59:25,791 - httpx - INFO - HTTP Request: GET https://master.dlob.drift.trade/l2?marketName=SOL-PERP&depth=1&includeOracle=true "HTTP/1.1 503 Service Unavailable"
2025-09-05 13:59:25,792 - __main__ - WARNING - DLOB fetch failed (attempt 38): DLOB 503 Service Unavailable (devnet flaky)
2025-09-05 13:59:25,792 - __main__ - WARNING - Circuit breaker activated - switching to mock mode after 38 failures
2025-09-05 13:59:25,793 - __main__ - WARNING - DLOB fetch failed: DLOB 503 Service Unavailable (devnet flaky)
2025-09-05 13:59:25,793 - __main__ - INFO - Using last good price: $203.4991
2025-09-05 13:59:25,793 - __main__ - WARNING - No valid price for strategy - skipping signal generation
2025-09-05 13:59:28,105 - httpx - INFO - HTTP Request: GET https://master.dlob.drift.trade/l2?marketName=SOL-PERP&depth=1&includeOracle=true "HTTP/1.1 503 Service Unavailable"
2025-09-05 13:59:28,106 - __main__ - WARNING - DLOB fetch failed (attempt 39): DLOB 503 Service Unavailable (devnet flaky)
2025-09-05 13:59:28,107 - __main__ - WARNING - Circuit breaker activated - switching to mock mode after 39 failures
2025-09-05 13:59:28,107 - __main__ - WARNING - DLOB fetch failed: DLOB 503 Service Unavailable (devnet flaky)
2025-09-05 13:59:28,108 - __main__ - INFO - Using last good price: $203.4991
2025-09-05 13:59:28,108 - __main__ - WARNING - No valid price for strategy - skipping signal generation
2025-09-05 13:59:28,108 - __main__ - INFO - ==================================================
2025-09-05 13:59:28,108 - __main__ - INFO - BETA TRACKING UPDATE - Iteration 185
2025-09-05 13:59:28,109 - __main__ - INFO - Runtime: 409.4s
2025-09-05 13:59:28,109 - __main__ - INFO - Current Position: $0.00
2025-09-05 13:59:28,109 - __main__ - INFO - Total Volume: $0.00
2025-09-05 13:59:28,110 - __main__ - INFO - Current Price: $203.4991
2025-09-05 13:59:28,110 - __main__ - INFO - Price Change: +0.00%
2025-09-05 13:59:28,110 - __main__ - INFO - Open Orders: 0
2025-09-05 13:59:28,110 - __main__ - INFO - MACD Values: 147
2025-09-05 13:59:28,110 - __main__ - INFO - Total Signals: 33 (Real: 33)
2025-09-05 13:59:28,111 - __main__ - INFO - DLOB API Success Rate: 146/185
2025-09-05 13:59:28,111 - __main__ - INFO - Data Quality: mock
2025-09-05 13:59:28,111 - __main__ - INFO - Mock Mode: True
2025-09-05 13:59:28,112 - __main__ - INFO - Fail Count: 39
2025-09-05 13:59:28,112 - __main__ - INFO - ==================================================
2025-09-05 13:59:30,434 - httpx - INFO - HTTP Request: GET https://master.dlob.drift.trade/l2?marketName=SOL-PERP&depth=1&includeOracle=true "HTTP/1.1 503 Service Unavailable"
2025-09-05 13:59:30,435 - __main__ - WARNING - DLOB fetch failed (attempt 40): DLOB 503 Service Unavailable (devnet flaky)
2025-09-05 13:59:30,435 - __main__ - WARNING - Circuit breaker activated - switching to mock mode after 40 failures
2025-09-05 13:59:30,435 - __main__ - WARNING - DLOB fetch failed: DLOB 503 Service Unavailable (devnet flaky)
2025-09-05 13:59:30,436 - __main__ - INFO - Using last good price: $203.4991
2025-09-05 13:59:30,436 - __main__ - WARNING - No valid price for strategy - skipping signal generation
2025-09-05 13:59:32,759 - httpx - INFO - HTTP Request: GET https://master.dlob.drift.trade/l2?marketName=SOL-PERP&depth=1&includeOracle=true "HTTP/1.1 200 OK"
2025-09-05 13:59:32,761 - __main__ - INFO - REAL PRICE from DLOB: $203.4427
2025-09-05 13:59:32,762 - __main__ - INFO -   Oracle: $202.4225
2025-09-05 13:59:34,888 - httpx - INFO - HTTP Request: GET https://master.dlob.drift.trade/l2?marketName=SOL-PERP&depth=1&includeOracle=true "HTTP/1.1 200 OK"
2025-09-05 13:59:34,890 - __main__ - INFO - REAL PRICE from DLOB: $203.4341
2025-09-05 13:59:34,890 - __main__ - INFO -   Oracle: $202.4204
2025-09-05 13:59:37,020 - httpx - INFO - HTTP Request: GET https://master.dlob.drift.trade/l2?marketName=SOL-PERP&depth=1&includeOracle=true "HTTP/1.1 200 OK"
2025-09-05 13:59:37,021 - __main__ - INFO - REAL PRICE from DLOB: $203.4352
2025-09-05 13:59:37,022 - __main__ - INFO -   Oracle: $202.4154
2025-09-05 13:59:39,175 - httpx - INFO - HTTP Request: GET https://master.dlob.drift.trade/l2?marketName=SOL-PERP&depth=1&includeOracle=true "HTTP/1.1 200 OK"
2025-09-05 13:59:39,176 - __main__ - INFO - REAL PRICE from DLOB: $203.4366
2025-09-05 13:59:39,177 - __main__ - INFO -   Oracle: $202.4168
2025-09-05 13:59:39,177 - __main__ - INFO - ==================================================
2025-09-05 13:59:39,177 - __main__ - INFO - BETA TRACKING UPDATE - Iteration 190
2025-09-05 13:59:39,178 - __main__ - INFO - Runtime: 420.5s
2025-09-05 13:59:39,178 - __main__ - INFO - Current Position: $0.00
2025-09-05 13:59:39,179 - __main__ - INFO - Total Volume: $0.00
2025-09-05 13:59:39,179 - __main__ - INFO - Current Price: $203.4366
2025-09-05 13:59:39,179 - __main__ - INFO - Price Change: -0.03%
2025-09-05 13:59:39,180 - __main__ - INFO - Open Orders: 0
2025-09-05 13:59:39,180 - __main__ - INFO - MACD Values: 151
2025-09-05 13:59:39,181 - __main__ - INFO - Total Signals: 33 (Real: 33)
2025-09-05 13:59:39,181 - __main__ - INFO - DLOB API Success Rate: 150/190
2025-09-05 13:59:39,182 - __main__ - INFO - Data Quality: real_tick
2025-09-05 13:59:39,182 - __main__ - INFO - Mock Mode: False
2025-09-05 13:59:39,183 - __main__ - INFO - Fail Count: 0
2025-09-05 13:59:39,183 - __main__ - INFO - ==================================================
2025-09-05 13:59:41,494 - httpx - INFO - HTTP Request: GET https://master.dlob.drift.trade/l2?marketName=SOL-PERP&depth=1&includeOracle=true "HTTP/1.1 200 OK"
2025-09-05 13:59:41,496 - __main__ - INFO - REAL PRICE from DLOB: $203.4377
2025-09-05 13:59:41,496 - __main__ - INFO -   Oracle: $202.4203
2025-09-05 13:59:43,824 - httpx - INFO - HTTP Request: GET https://master.dlob.drift.trade/l2?marketName=SOL-PERP&depth=1&includeOracle=true "HTTP/1.1 200 OK"
2025-09-05 13:59:43,825 - __main__ - INFO - REAL PRICE from DLOB: $203.4386
2025-09-05 13:59:43,826 - __main__ - INFO -   Oracle: $202.4187
2025-09-05 13:59:45,960 - httpx - INFO - HTTP Request: GET https://master.dlob.drift.trade/l2?marketName=SOL-PERP&depth=1&includeOracle=true "HTTP/1.1 200 OK"
2025-09-05 13:59:45,962 - __main__ - INFO - REAL PRICE from DLOB: $203.4402
2025-09-05 13:59:45,963 - __main__ - INFO -   Oracle: $202.4203
2025-09-05 13:59:48,091 - httpx - INFO - HTTP Request: GET https://master.dlob.drift.trade/l2?marketName=SOL-PERP&depth=1&includeOracle=true "HTTP/1.1 200 OK"
2025-09-05 13:59:48,093 - __main__ - INFO - REAL PRICE from DLOB: $203.4427
2025-09-05 13:59:48,093 - __main__ - INFO -   Oracle: $202.4203
2025-09-05 13:59:50,229 - httpx - INFO - HTTP Request: GET https://master.dlob.drift.trade/l2?marketName=SOL-PERP&depth=1&includeOracle=true "HTTP/1.1 200 OK"
2025-09-05 13:59:50,230 - __main__ - INFO - REAL PRICE from DLOB: $203.4603
2025-09-05 13:59:50,231 - __main__ - INFO -   Oracle: $202.4303
2025-09-05 13:59:50,231 - __main__ - INFO - ==================================================
2025-09-05 13:59:50,232 - __main__ - INFO - BETA TRACKING UPDATE - Iteration 195
2025-09-05 13:59:50,232 - __main__ - INFO - Runtime: 431.5s
2025-09-05 13:59:50,232 - __main__ - INFO - Current Position: $0.00
2025-09-05 13:59:50,232 - __main__ - INFO - Total Volume: $0.00
2025-09-05 13:59:50,232 - __main__ - INFO - Current Price: $203.4603
2025-09-05 13:59:50,233 - __main__ - INFO - Price Change: +0.01%
2025-09-05 13:59:50,233 - __main__ - INFO - Open Orders: 0
2025-09-05 13:59:50,233 - __main__ - INFO - MACD Values: 156
2025-09-05 13:59:50,233 - __main__ - INFO - Total Signals: 33 (Real: 33)
2025-09-05 13:59:50,234 - __main__ - INFO - DLOB API Success Rate: 155/195
2025-09-05 13:59:50,234 - __main__ - INFO - Data Quality: real_tick
2025-09-05 13:59:50,234 - __main__ - INFO - Mock Mode: False
2025-09-05 13:59:50,234 - __main__ - INFO - Fail Count: 0
2025-09-05 13:59:50,234 - __main__ - INFO - ==================================================
2025-09-05 13:59:52,380 - httpx - INFO - HTTP Request: GET https://master.dlob.drift.trade/l2?marketName=SOL-PERP&depth=1&includeOracle=true "HTTP/1.1 200 OK"
2025-09-05 13:59:52,381 - __main__ - INFO - REAL PRICE from DLOB: $203.4603
2025-09-05 13:59:52,382 - __main__ - INFO -   Oracle: $202.4403
2025-09-05 13:59:54,525 - httpx - INFO - HTTP Request: GET https://master.dlob.drift.trade/l2?marketName=SOL-PERP&depth=1&includeOracle=true "HTTP/1.1 200 OK"
2025-09-05 13:59:54,526 - __main__ - INFO - REAL PRICE from DLOB: $203.4603
2025-09-05 13:59:54,526 - __main__ - INFO -   Oracle: $202.4403
2025-09-05 13:59:56,842 - httpx - INFO - HTTP Request: GET https://master.dlob.drift.trade/l2?marketName=SOL-PERP&depth=1&includeOracle=true "HTTP/1.1 200 OK"
2025-09-05 13:59:56,843 - __main__ - INFO - REAL PRICE from DLOB: $203.4638
2025-09-05 13:59:56,844 - __main__ - INFO -   Oracle: $202.4403
2025-09-05 13:59:58,973 - httpx - INFO - HTTP Request: GET https://master.dlob.drift.trade/l2?marketName=SOL-PERP&depth=1&includeOracle=true "HTTP/1.1 200 OK"
2025-09-05 13:59:58,974 - __main__ - INFO - REAL PRICE from DLOB: $203.4506
2025-09-05 13:59:58,975 - __main__ - INFO -   Oracle: $202.4342
2025-09-05 14:00:01,299 - httpx - INFO - HTTP Request: GET https://master.dlob.drift.trade/l2?marketName=SOL-PERP&depth=1&includeOracle=true "HTTP/1.1 200 OK"
2025-09-05 14:00:01,300 - __main__ - INFO - REAL PRICE from DLOB: $203.5122
2025-09-05 14:00:01,300 - __main__ - INFO -   Oracle: $202.4418
2025-09-05 14:00:01,300 - __main__ - INFO - ==================================================
2025-09-05 14:00:01,301 - __main__ - INFO - BETA TRACKING UPDATE - Iteration 200
2025-09-05 14:00:01,301 - __main__ - INFO - Runtime: 442.6s
2025-09-05 14:00:01,301 - __main__ - INFO - Current Position: $0.00
2025-09-05 14:00:01,301 - __main__ - INFO - Total Volume: $0.00
2025-09-05 14:00:01,301 - __main__ - INFO - Current Price: $203.5122
2025-09-05 14:00:01,302 - __main__ - INFO - Price Change: +0.03%
2025-09-05 14:00:01,302 - __main__ - INFO - Open Orders: 0
2025-09-05 14:00:01,302 - __main__ - INFO - MACD Values: 161
2025-09-05 14:00:01,302 - __main__ - INFO - Total Signals: 33 (Real: 33)
2025-09-05 14:00:01,302 - __main__ - INFO - DLOB API Success Rate: 160/200
2025-09-05 14:00:01,302 - __main__ - INFO - Data Quality: real_tick
2025-09-05 14:00:01,303 - __main__ - INFO - Mock Mode: False
2025-09-05 14:00:01,303 - __main__ - INFO - Fail Count: 0
2025-09-05 14:00:01,303 - __main__ - INFO - ==================================================
2025-09-05 14:00:03,434 - httpx - INFO - HTTP Request: GET https://master.dlob.drift.trade/l2?marketName=SOL-PERP&depth=1&includeOracle=true "HTTP/1.1 200 OK"
2025-09-05 14:00:03,435 - __main__ - INFO - REAL PRICE from DLOB: $203.4636
2025-09-05 14:00:03,436 - __main__ - INFO -   Oracle: $202.4975
2025-09-05 14:00:05,751 - httpx - INFO - HTTP Request: GET https://master.dlob.drift.trade/l2?marketName=SOL-PERP&depth=1&includeOracle=true "HTTP/1.1 200 OK"
2025-09-05 14:00:05,753 - __main__ - INFO - REAL PRICE from DLOB: $203.5111
2025-09-05 14:00:05,753 - __main__ - INFO -   Oracle: $202.4876
2025-09-05 14:00:08,063 - httpx - INFO - HTTP Request: GET https://master.dlob.drift.trade/l2?marketName=SOL-PERP&depth=1&includeOracle=true "HTTP/1.1 200 OK"
2025-09-05 14:00:08,064 - __main__ - INFO - REAL PRICE from DLOB: $203.5272
2025-09-05 14:00:08,064 - __main__ - INFO -   Oracle: $202.4876
2025-09-05 14:00:10,387 - httpx - INFO - HTTP Request: GET https://master.dlob.drift.trade/l2?marketName=SOL-PERP&depth=1&includeOracle=true "HTTP/1.1 200 OK"
2025-09-05 14:00:10,389 - __main__ - INFO - REAL PRICE from DLOB: $203.5279
2025-09-05 14:00:10,389 - __main__ - INFO -   Oracle: $202.5147
2025-09-05 14:00:12,521 - httpx - INFO - HTTP Request: GET https://master.dlob.drift.trade/l2?marketName=SOL-PERP&depth=1&includeOracle=true "HTTP/1.1 200 OK"
2025-09-05 14:00:12,523 - __main__ - INFO - REAL PRICE from DLOB: $203.5251
2025-09-05 14:00:12,523 - __main__ - INFO -   Oracle: $202.5147
2025-09-05 14:00:12,524 - __main__ - INFO - ==================================================
2025-09-05 14:00:12,524 - __main__ - INFO - BETA TRACKING UPDATE - Iteration 205
2025-09-05 14:00:12,524 - __main__ - INFO - Runtime: 453.8s
2025-09-05 14:00:12,524 - __main__ - INFO - Current Position: $0.00
2025-09-05 14:00:12,524 - __main__ - INFO - Total Volume: $0.00
2025-09-05 14:00:12,524 - __main__ - INFO - Current Price: $203.5251
2025-09-05 14:00:12,524 - __main__ - INFO - Price Change: +0.01%
2025-09-05 14:00:12,525 - __main__ - INFO - Open Orders: 0
2025-09-05 14:00:12,525 - __main__ - INFO - MACD Values: 166
2025-09-05 14:00:12,525 - __main__ - INFO - Total Signals: 33 (Real: 33)
2025-09-05 14:00:12,525 - __main__ - INFO - DLOB API Success Rate: 165/205
2025-09-05 14:00:12,525 - __main__ - INFO - Data Quality: real_tick
2025-09-05 14:00:12,526 - __main__ - INFO - Mock Mode: False
2025-09-05 14:00:12,526 - __main__ - INFO - Fail Count: 0
2025-09-05 14:00:12,526 - __main__ - INFO - ==================================================
2025-09-05 14:00:14,840 - httpx - INFO - HTTP Request: GET https://master.dlob.drift.trade/l2?marketName=SOL-PERP&depth=1&includeOracle=true "HTTP/1.1 200 OK"
2025-09-05 14:00:14,842 - __main__ - INFO - REAL PRICE from DLOB: $203.5243
2025-09-05 14:00:14,842 - __main__ - INFO -   Oracle: $202.5028
2025-09-05 14:00:16,981 - httpx - INFO - HTTP Request: GET https://master.dlob.drift.trade/l2?marketName=SOL-PERP&depth=1&includeOracle=true "HTTP/1.1 200 OK"
2025-09-05 14:00:16,982 - __main__ - INFO - REAL PRICE from DLOB: $203.5272
2025-09-05 14:00:16,983 - __main__ - INFO -   Oracle: $202.5028
2025-09-05 14:00:19,308 - httpx - INFO - HTTP Request: GET https://master.dlob.drift.trade/l2?marketName=SOL-PERP&depth=1&includeOracle=true "HTTP/1.1 200 OK"
2025-09-05 14:00:19,309 - __main__ - INFO - REAL PRICE from DLOB: $203.5751
2025-09-05 14:00:19,309 - __main__ - INFO -   Oracle: $202.5523
2025-09-05 14:00:21,439 - httpx - INFO - HTTP Request: GET https://master.dlob.drift.trade/l2?marketName=SOL-PERP&depth=1&includeOracle=true "HTTP/1.1 200 OK"
2025-09-05 14:00:21,440 - __main__ - INFO - REAL PRICE from DLOB: $203.5808
2025-09-05 14:00:21,440 - __main__ - INFO -   Oracle: $202.5517
2025-09-05 14:00:23,758 - httpx - INFO - HTTP Request: GET https://master.dlob.drift.trade/l2?marketName=SOL-PERP&depth=1&includeOracle=true "HTTP/1.1 200 OK"
2025-09-05 14:00:23,759 - __main__ - INFO - REAL PRICE from DLOB: $203.5774
2025-09-05 14:00:23,760 - __main__ - INFO -   Oracle: $202.5543
2025-09-05 14:00:23,760 - __main__ - INFO - ==================================================
2025-09-05 14:00:23,760 - __main__ - INFO - BETA TRACKING UPDATE - Iteration 210
2025-09-05 14:00:23,760 - __main__ - INFO - Runtime: 465.1s
2025-09-05 14:00:23,760 - __main__ - INFO - Current Position: $0.00
2025-09-05 14:00:23,760 - __main__ - INFO - Total Volume: $0.00
2025-09-05 14:00:23,761 - __main__ - INFO - Current Price: $203.5774
2025-09-05 14:00:23,761 - __main__ - INFO - Price Change: +0.03%
2025-09-05 14:00:23,761 - __main__ - INFO - Open Orders: 0
2025-09-05 14:00:23,762 - __main__ - INFO - MACD Values: 171
2025-09-05 14:00:23,762 - __main__ - INFO - Total Signals: 33 (Real: 33)
2025-09-05 14:00:23,763 - __main__ - INFO - DLOB API Success Rate: 170/210
2025-09-05 14:00:23,763 - __main__ - INFO - Data Quality: real_tick
2025-09-05 14:00:23,763 - __main__ - INFO - Mock Mode: False
2025-09-05 14:00:23,763 - __main__ - INFO - Fail Count: 0
2025-09-05 14:00:23,764 - __main__ - INFO - ==================================================
2025-09-05 14:00:26,082 - httpx - INFO - HTTP Request: GET https://master.dlob.drift.trade/l2?marketName=SOL-PERP&depth=1&includeOracle=true "HTTP/1.1 200 OK"
2025-09-05 14:00:26,083 - __main__ - INFO - REAL PRICE from DLOB: $203.5716
2025-09-05 14:00:26,084 - __main__ - INFO -   Oracle: $202.5543
2025-09-05 14:00:28,217 - httpx - INFO - HTTP Request: GET https://master.dlob.drift.trade/l2?marketName=SOL-PERP&depth=1&includeOracle=true "HTTP/1.1 200 OK"
2025-09-05 14:00:28,218 - __main__ - INFO - REAL PRICE from DLOB: $203.5348
2025-09-05 14:00:28,218 - __main__ - INFO -   Oracle: $202.5116
2025-09-05 14:00:30,543 - httpx - INFO - HTTP Request: GET https://master.dlob.drift.trade/l2?marketName=SOL-PERP&depth=1&includeOracle=true "HTTP/1.1 200 OK"
2025-09-05 14:00:30,545 - __main__ - INFO - REAL PRICE from DLOB: $203.4968
2025-09-05 14:00:30,545 - __main__ - INFO -   Oracle: $202.5082
2025-09-05 14:00:32,677 - httpx - INFO - HTTP Request: GET https://master.dlob.drift.trade/l2?marketName=SOL-PERP&depth=1&includeOracle=true "HTTP/1.1 200 OK"
2025-09-05 14:00:32,679 - __main__ - INFO - REAL PRICE from DLOB: $203.4691
2025-09-05 14:00:32,680 - __main__ - INFO -   Oracle: $202.4538
2025-09-05 14:00:34,997 - httpx - INFO - HTTP Request: GET https://master.dlob.drift.trade/l2?marketName=SOL-PERP&depth=1&includeOracle=true "HTTP/1.1 200 OK"
2025-09-05 14:00:34,999 - __main__ - INFO - REAL PRICE from DLOB: $203.4683
2025-09-05 14:00:34,999 - __main__ - INFO -   Oracle: $202.4493
2025-09-05 14:00:34,999 - __main__ - INFO - ==================================================
2025-09-05 14:00:34,999 - __main__ - INFO - BETA TRACKING UPDATE - Iteration 215
2025-09-05 14:00:35,000 - __main__ - INFO - Runtime: 476.3s
2025-09-05 14:00:35,000 - __main__ - INFO - Current Position: $0.00
2025-09-05 14:00:35,000 - __main__ - INFO - Total Volume: $0.00
2025-09-05 14:00:35,000 - __main__ - INFO - Current Price: $203.4683
2025-09-05 14:00:35,001 - __main__ - INFO - Price Change: -0.05%
2025-09-05 14:00:35,001 - __main__ - INFO - Open Orders: 0
2025-09-05 14:00:35,001 - __main__ - INFO - MACD Values: 176
2025-09-05 14:00:35,001 - __main__ - INFO - Total Signals: 33 (Real: 33)
2025-09-05 14:00:35,001 - __main__ - INFO - DLOB API Success Rate: 175/215
2025-09-05 14:00:35,002 - __main__ - INFO - Data Quality: real_tick
2025-09-05 14:00:35,002 - __main__ - INFO - Mock Mode: False
2025-09-05 14:00:35,002 - __main__ - INFO - Fail Count: 0
2025-09-05 14:00:35,002 - __main__ - INFO - ==================================================
2025-09-05 14:00:37,132 - httpx - INFO - HTTP Request: GET https://master.dlob.drift.trade/l2?marketName=SOL-PERP&depth=1&includeOracle=true "HTTP/1.1 200 OK"
2025-09-05 14:00:37,133 - __main__ - INFO - REAL PRICE from DLOB: $203.4540
2025-09-05 14:00:37,133 - __main__ - INFO -   Oracle: $202.4493
2025-09-05 14:00:39,274 - httpx - INFO - HTTP Request: GET https://master.dlob.drift.trade/l2?marketName=SOL-PERP&depth=1&includeOracle=true "HTTP/1.1 200 OK"
2025-09-05 14:00:39,276 - __main__ - INFO - REAL PRICE from DLOB: $203.4536
2025-09-05 14:00:39,276 - __main__ - INFO -   Oracle: $202.4339
2025-09-05 14:00:41,590 - httpx - INFO - HTTP Request: GET https://master.dlob.drift.trade/l2?marketName=SOL-PERP&depth=1&includeOracle=true "HTTP/1.1 200 OK"
2025-09-05 14:00:41,591 - __main__ - INFO - REAL PRICE from DLOB: $203.3470
2025-09-05 14:00:41,592 - __main__ - INFO -   Oracle: $202.3276
2025-09-05 14:00:43,916 - httpx - INFO - HTTP Request: GET https://master.dlob.drift.trade/l2?marketName=SOL-PERP&depth=1&includeOracle=true "HTTP/1.1 200 OK"
2025-09-05 14:00:43,917 - __main__ - INFO - REAL PRICE from DLOB: $203.3399
2025-09-05 14:00:43,917 - __main__ - INFO -   Oracle: $202.3228
2025-09-05 14:00:46,045 - httpx - INFO - HTTP Request: GET https://master.dlob.drift.trade/l2?marketName=SOL-PERP&depth=1&includeOracle=true "HTTP/1.1 200 OK"
2025-09-05 14:00:46,047 - __main__ - INFO - REAL PRICE from DLOB: $203.3385
2025-09-05 14:00:46,047 - __main__ - INFO -   Oracle: $202.3228
2025-09-05 14:00:46,048 - __main__ - INFO - ==================================================
2025-09-05 14:00:46,048 - __main__ - INFO - BETA TRACKING UPDATE - Iteration 220
2025-09-05 14:00:46,049 - __main__ - INFO - Runtime: 487.3s
2025-09-05 14:00:46,049 - __main__ - INFO - Current Position: $0.00
2025-09-05 14:00:46,049 - __main__ - INFO - Total Volume: $0.00
2025-09-05 14:00:46,049 - __main__ - INFO - Current Price: $203.3385
2025-09-05 14:00:46,050 - __main__ - INFO - Price Change: -0.06%
2025-09-05 14:00:46,050 - __main__ - INFO - Open Orders: 0
2025-09-05 14:00:46,050 - __main__ - INFO - MACD Values: 181
2025-09-05 14:00:46,051 - __main__ - INFO - Total Signals: 33 (Real: 33)
2025-09-05 14:00:46,051 - __main__ - INFO - DLOB API Success Rate: 180/220
2025-09-05 14:00:46,051 - __main__ - INFO - Data Quality: real_tick
2025-09-05 14:00:46,052 - __main__ - INFO - Mock Mode: False
2025-09-05 14:00:46,053 - __main__ - INFO - Fail Count: 0
2025-09-05 14:00:46,053 - __main__ - INFO - ==================================================
2025-09-05 14:00:48,181 - httpx - INFO - HTTP Request: GET https://master.dlob.drift.trade/l2?marketName=SOL-PERP&depth=1&includeOracle=true "HTTP/1.1 200 OK"
2025-09-05 14:00:48,182 - __main__ - INFO - REAL PRICE from DLOB: $203.3331
2025-09-05 14:00:48,182 - __main__ - INFO -   Oracle: $202.3137
2025-09-05 14:00:50,506 - httpx - INFO - HTTP Request: GET https://master.dlob.drift.trade/l2?marketName=SOL-PERP&depth=1&includeOracle=true "HTTP/1.1 200 OK"
2025-09-05 14:00:50,507 - __main__ - INFO - REAL PRICE from DLOB: $203.3305
2025-09-05 14:00:50,508 - __main__ - INFO -   Oracle: $202.3137
2025-09-05 14:00:52,842 - httpx - INFO - HTTP Request: GET https://master.dlob.drift.trade/l2?marketName=SOL-PERP&depth=1&includeOracle=true "HTTP/1.1 200 OK"
2025-09-05 14:00:52,843 - __main__ - INFO - REAL PRICE from DLOB: $203.3285
2025-09-05 14:00:52,843 - __main__ - INFO -   Oracle: $202.3137
2025-09-05 14:00:54,971 - httpx - INFO - HTTP Request: GET https://master.dlob.drift.trade/l2?marketName=SOL-PERP&depth=1&includeOracle=true "HTTP/1.1 200 OK"
2025-09-05 14:00:54,973 - __main__ - INFO - REAL PRICE from DLOB: $203.3582
2025-09-05 14:00:54,973 - __main__ - INFO -   Oracle: $202.3488
2025-09-05 14:00:57,095 - httpx - INFO - HTTP Request: GET https://master.dlob.drift.trade/l2?marketName=SOL-PERP&depth=1&includeOracle=true "HTTP/1.1 200 OK"
2025-09-05 14:00:57,097 - __main__ - INFO - REAL PRICE from DLOB: $203.3481
2025-09-05 14:00:57,097 - __main__ - INFO -   Oracle: $202.3488
2025-09-05 14:00:57,098 - __main__ - INFO - ==================================================
2025-09-05 14:00:57,098 - __main__ - INFO - BETA TRACKING UPDATE - Iteration 225
2025-09-05 14:00:57,098 - __main__ - INFO - Runtime: 498.4s
2025-09-05 14:00:57,098 - __main__ - INFO - Current Position: $0.00
2025-09-05 14:00:57,098 - __main__ - INFO - Total Volume: $0.00
2025-09-05 14:00:57,098 - __main__ - INFO - Current Price: $203.3481
2025-09-05 14:00:57,099 - __main__ - INFO - Price Change: +0.00%
2025-09-05 14:00:57,099 - __main__ - INFO - Open Orders: 0
2025-09-05 14:00:57,099 - __main__ - INFO - MACD Values: 186
2025-09-05 14:00:57,099 - __main__ - INFO - Total Signals: 33 (Real: 33)
2025-09-05 14:00:57,099 - __main__ - INFO - DLOB API Success Rate: 185/225
2025-09-05 14:00:57,100 - __main__ - INFO - Data Quality: real_tick
2025-09-05 14:00:57,100 - __main__ - INFO - Mock Mode: False
2025-09-05 14:00:57,100 - __main__ - INFO - Fail Count: 0
2025-09-05 14:00:57,100 - __main__ - INFO - ==================================================
2025-09-05 14:00:59,231 - httpx - INFO - HTTP Request: GET https://master.dlob.drift.trade/l2?marketName=SOL-PERP&depth=1&includeOracle=true "HTTP/1.1 200 OK"
2025-09-05 14:00:59,232 - __main__ - INFO - REAL PRICE from DLOB: $203.3343
2025-09-05 14:00:59,233 - __main__ - INFO -   Oracle: $202.3155
2025-09-05 14:01:01,551 - httpx - INFO - HTTP Request: GET https://master.dlob.drift.trade/l2?marketName=SOL-PERP&depth=1&includeOracle=true "HTTP/1.1 200 OK"
2025-09-05 14:01:01,552 - __main__ - INFO - REAL PRICE from DLOB: $203.3482
2025-09-05 14:01:01,553 - __main__ - INFO -   Oracle: $202.3288
2025-09-05 14:01:03,678 - httpx - INFO - HTTP Request: GET https://master.dlob.drift.trade/l2?marketName=SOL-PERP&depth=1&includeOracle=true "HTTP/1.1 200 OK"
2025-09-05 14:01:03,680 - __main__ - INFO - REAL PRICE from DLOB: $203.3506
2025-09-05 14:01:03,680 - __main__ - INFO -   Oracle: $202.3288
2025-09-05 14:01:06,002 - httpx - INFO - HTTP Request: GET https://master.dlob.drift.trade/l2?marketName=SOL-PERP&depth=1&includeOracle=true "HTTP/1.1 200 OK"
2025-09-05 14:01:06,013 - __main__ - INFO - REAL PRICE from DLOB: $203.3431
2025-09-05 14:01:06,014 - __main__ - INFO -   Oracle: $202.3288
2025-09-05 14:01:08,149 - httpx - INFO - HTTP Request: GET https://master.dlob.drift.trade/l2?marketName=SOL-PERP&depth=1&includeOracle=true "HTTP/1.1 200 OK"
2025-09-05 14:01:08,150 - __main__ - INFO - REAL PRICE from DLOB: $203.3270
2025-09-05 14:01:08,150 - __main__ - INFO -   Oracle: $202.3288
2025-09-05 14:01:08,151 - __main__ - INFO - ==================================================
2025-09-05 14:01:08,151 - __main__ - INFO - BETA TRACKING UPDATE - Iteration 230
2025-09-05 14:01:08,151 - __main__ - INFO - Runtime: 509.4s
2025-09-05 14:01:08,152 - __main__ - INFO - Current Position: $0.00
2025-09-05 14:01:08,152 - __main__ - INFO - Total Volume: $0.00
2025-09-05 14:01:08,153 - __main__ - INFO - Current Price: $203.3270
2025-09-05 14:01:08,153 - __main__ - INFO - Price Change: -0.01%
2025-09-05 14:01:08,154 - __main__ - INFO - Open Orders: 0
2025-09-05 14:01:08,154 - __main__ - INFO - MACD Values: 191
2025-09-05 14:01:08,154 - __main__ - INFO - Total Signals: 33 (Real: 33)
2025-09-05 14:01:08,155 - __main__ - INFO - DLOB API Success Rate: 190/230
2025-09-05 14:01:08,155 - __main__ - INFO - Data Quality: real_tick
2025-09-05 14:01:08,156 - __main__ - INFO - Mock Mode: False
2025-09-05 14:01:08,156 - __main__ - INFO - Fail Count: 0
2025-09-05 14:01:08,156 - __main__ - INFO - ==================================================
2025-09-05 14:01:10,480 - httpx - INFO - HTTP Request: GET https://master.dlob.drift.trade/l2?marketName=SOL-PERP&depth=1&includeOracle=true "HTTP/1.1 200 OK"
2025-09-05 14:01:10,482 - __main__ - INFO - REAL PRICE from DLOB: $203.2817
2025-09-05 14:01:10,482 - __main__ - INFO -   Oracle: $202.3288
2025-09-05 14:01:12,619 - httpx - INFO - HTTP Request: GET https://master.dlob.drift.trade/l2?marketName=SOL-PERP&depth=1&includeOracle=true "HTTP/1.1 200 OK"
2025-09-05 14:01:12,621 - __main__ - INFO - REAL PRICE from DLOB: $203.2673
2025-09-05 14:01:12,621 - __main__ - INFO -   Oracle: $202.3288
2025-09-05 14:01:14,759 - httpx - INFO - HTTP Request: GET https://master.dlob.drift.trade/l2?marketName=SOL-PERP&depth=1&includeOracle=true "HTTP/1.1 200 OK"
2025-09-05 14:01:14,761 - __main__ - INFO - REAL PRICE from DLOB: $203.2661
2025-09-05 14:01:14,761 - __main__ - INFO -   Oracle: $202.2480
2025-09-05 14:01:17,074 - httpx - INFO - HTTP Request: GET https://master.dlob.drift.trade/l2?marketName=SOL-PERP&depth=1&includeOracle=true "HTTP/1.1 200 OK"
2025-09-05 14:01:17,075 - __main__ - INFO - REAL PRICE from DLOB: $203.2873
2025-09-05 14:01:17,075 - __main__ - INFO -   Oracle: $202.2480
2025-09-05 14:01:19,396 - httpx - INFO - HTTP Request: GET https://master.dlob.drift.trade/l2?marketName=SOL-PERP&depth=1&includeOracle=true "HTTP/1.1 200 OK"
2025-09-05 14:01:19,397 - __main__ - INFO - REAL PRICE from DLOB: $203.2987
2025-09-05 14:01:19,397 - __main__ - INFO -   Oracle: $202.2677
2025-09-05 14:01:19,398 - __main__ - INFO - ==================================================
2025-09-05 14:01:19,398 - __main__ - INFO - BETA TRACKING UPDATE - Iteration 235
2025-09-05 14:01:19,398 - __main__ - INFO - Runtime: 520.7s
2025-09-05 14:01:19,398 - __main__ - INFO - Current Position: $0.00
2025-09-05 14:01:19,398 - __main__ - INFO - Total Volume: $0.00
2025-09-05 14:01:19,399 - __main__ - INFO - Current Price: $203.2987
2025-09-05 14:01:19,399 - __main__ - INFO - Price Change: -0.01%
2025-09-05 14:01:19,399 - __main__ - INFO - Open Orders: 0
2025-09-05 14:01:19,399 - __main__ - INFO - MACD Values: 196
2025-09-05 14:01:19,399 - __main__ - INFO - Total Signals: 33 (Real: 33)
2025-09-05 14:01:19,399 - __main__ - INFO - DLOB API Success Rate: 195/235
2025-09-05 14:01:19,400 - __main__ - INFO - Data Quality: real_tick
2025-09-05 14:01:19,400 - __main__ - INFO - Mock Mode: False
2025-09-05 14:01:19,400 - __main__ - INFO - Fail Count: 0
2025-09-05 14:01:19,400 - __main__ - INFO - ==================================================
2025-09-05 14:01:21,526 - httpx - INFO - HTTP Request: GET https://master.dlob.drift.trade/l2?marketName=SOL-PERP&depth=1&includeOracle=true "HTTP/1.1 200 OK"
2025-09-05 14:01:21,527 - __main__ - INFO - REAL PRICE from DLOB: $203.2731
2025-09-05 14:01:21,528 - __main__ - INFO -   Oracle: $202.2538
2025-09-05 14:01:23,851 - httpx - INFO - HTTP Request: GET https://master.dlob.drift.trade/l2?marketName=SOL-PERP&depth=1&includeOracle=true "HTTP/1.1 200 OK"
2025-09-05 14:01:23,852 - __main__ - INFO - REAL PRICE from DLOB: $203.2565
2025-09-05 14:01:23,852 - __main__ - INFO -   Oracle: $202.2538
2025-09-05 14:01:25,989 - httpx - INFO - HTTP Request: GET https://master.dlob.drift.trade/l2?marketName=SOL-PERP&depth=1&includeOracle=true "HTTP/1.1 200 OK"
2025-09-05 14:01:25,990 - __main__ - INFO - REAL PRICE from DLOB: $203.2661
2025-09-05 14:01:25,990 - __main__ - INFO -   Oracle: $202.2538
2025-09-05 14:01:28,122 - httpx - INFO - HTTP Request: GET https://master.dlob.drift.trade/l2?marketName=SOL-PERP&depth=1&includeOracle=true "HTTP/1.1 200 OK"
2025-09-05 14:01:28,123 - __main__ - INFO - REAL PRICE from DLOB: $203.2360
2025-09-05 14:01:28,123 - __main__ - INFO -   Oracle: $202.2538
2025-09-05 14:01:30,460 - httpx - INFO - HTTP Request: GET https://master.dlob.drift.trade/l2?marketName=SOL-PERP&depth=1&includeOracle=true "HTTP/1.1 200 OK"
2025-09-05 14:01:30,462 - __main__ - INFO - REAL PRICE from DLOB: $203.2230
2025-09-05 14:01:30,463 - __main__ - INFO -   Oracle: $202.2044
2025-09-05 14:01:30,464 - __main__ - INFO - ==================================================
2025-09-05 14:01:30,464 - __main__ - INFO - BETA TRACKING UPDATE - Iteration 240
2025-09-05 14:01:30,464 - __main__ - INFO - Runtime: 531.8s
2025-09-05 14:01:30,465 - __main__ - INFO - Current Position: $0.00
2025-09-05 14:01:30,465 - __main__ - INFO - Total Volume: $0.00
2025-09-05 14:01:30,465 - __main__ - INFO - Current Price: $203.2230
2025-09-05 14:01:30,465 - __main__ - INFO - Price Change: -0.04%
2025-09-05 14:01:30,466 - __main__ - INFO - Open Orders: 0
2025-09-05 14:01:30,466 - __main__ - INFO - MACD Values: 201
2025-09-05 14:01:30,466 - __main__ - INFO - Total Signals: 33 (Real: 33)
2025-09-05 14:01:30,467 - __main__ - INFO - DLOB API Success Rate: 200/240
2025-09-05 14:01:30,468 - __main__ - INFO - Data Quality: real_tick
2025-09-05 14:01:30,469 - __main__ - INFO - Mock Mode: False
2025-09-05 14:01:30,470 - __main__ - INFO - Fail Count: 0
2025-09-05 14:01:30,470 - __main__ - INFO - ==================================================
2025-09-05 14:01:32,599 - httpx - INFO - HTTP Request: GET https://master.dlob.drift.trade/l2?marketName=SOL-PERP&depth=1&includeOracle=true "HTTP/1.1 503 Service Unavailable"
2025-09-05 14:01:32,600 - __main__ - WARNING - DLOB fetch failed (attempt 1): DLOB 503 Service Unavailable (devnet flaky)
2025-09-05 14:01:33,129 - __main__ - WARNING - DLOB fetch failed: DLOB 503 Service Unavailable (devnet flaky)
2025-09-05 14:01:33,129 - __main__ - INFO - Using last good price: $203.2230
2025-09-05 14:01:35,252 - httpx - INFO - HTTP Request: GET https://master.dlob.drift.trade/l2?marketName=SOL-PERP&depth=1&includeOracle=true "HTTP/1.1 503 Service Unavailable"
2025-09-05 14:01:35,253 - __main__ - WARNING - DLOB fetch failed (attempt 2): DLOB 503 Service Unavailable (devnet flaky)
2025-09-05 14:01:36,299 - __main__ - WARNING - DLOB fetch failed: DLOB 503 Service Unavailable (devnet flaky)
2025-09-05 14:01:36,300 - __main__ - INFO - Using last good price: $203.2230
2025-09-05 14:01:38,427 - httpx - INFO - HTTP Request: GET https://master.dlob.drift.trade/l2?marketName=SOL-PERP&depth=1&includeOracle=true "HTTP/1.1 503 Service Unavailable"
2025-09-05 14:01:38,428 - __main__ - WARNING - DLOB fetch failed (attempt 3): DLOB 503 Service Unavailable (devnet flaky)
2025-09-05 14:01:38,429 - __main__ - WARNING - Circuit breaker activated - switching to mock mode after 3 failures
2025-09-05 14:01:38,429 - __main__ - WARNING - DLOB fetch failed: DLOB 503 Service Unavailable (devnet flaky)
2025-09-05 14:01:38,429 - __main__ - INFO - Using last good price: $203.2230
2025-09-05 14:01:38,429 - __main__ - WARNING - No valid price for strategy - skipping signal generation
2025-09-05 14:01:40,601 - httpx - INFO - HTTP Request: GET https://master.dlob.drift.trade/l2?marketName=SOL-PERP&depth=1&includeOracle=true "HTTP/1.1 503 Service Unavailable"
2025-09-05 14:01:40,603 - __main__ - WARNING - DLOB fetch failed (attempt 4): DLOB 503 Service Unavailable (devnet flaky)
2025-09-05 14:01:40,603 - __main__ - WARNING - Circuit breaker activated - switching to mock mode after 4 failures
2025-09-05 14:01:40,604 - __main__ - WARNING - DLOB fetch failed: DLOB 503 Service Unavailable (devnet flaky)
2025-09-05 14:01:40,604 - __main__ - INFO - Using last good price: $203.2230
2025-09-05 14:01:40,605 - __main__ - WARNING - No valid price for strategy - skipping signal generation
2025-09-05 14:01:42,728 - httpx - INFO - HTTP Request: GET https://master.dlob.drift.trade/l2?marketName=SOL-PERP&depth=1&includeOracle=true "HTTP/1.1 503 Service Unavailable"
2025-09-05 14:01:42,729 - __main__ - WARNING - DLOB fetch failed (attempt 5): DLOB 503 Service Unavailable (devnet flaky)
2025-09-05 14:01:42,730 - __main__ - WARNING - Circuit breaker activated - switching to mock mode after 5 failures
2025-09-05 14:01:42,730 - __main__ - WARNING - DLOB fetch failed: DLOB 503 Service Unavailable (devnet flaky)
2025-09-05 14:01:42,730 - __main__ - INFO - Using last good price: $203.2230
2025-09-05 14:01:42,731 - __main__ - WARNING - No valid price for strategy - skipping signal generation
2025-09-05 14:01:42,732 - __main__ - INFO - ==================================================
2025-09-05 14:01:42,732 - __main__ - INFO - BETA TRACKING UPDATE - Iteration 245
2025-09-05 14:01:42,732 - __main__ - INFO - Runtime: 544.0s
2025-09-05 14:01:42,732 - __main__ - INFO - Current Position: $0.00
2025-09-05 14:01:42,733 - __main__ - INFO - Total Volume: $0.00
2025-09-05 14:01:42,733 - __main__ - INFO - Current Price: $203.2230
2025-09-05 14:01:42,733 - __main__ - INFO - Price Change: +0.00%
2025-09-05 14:01:42,733 - __main__ - INFO - Open Orders: 0
2025-09-05 14:01:42,734 - __main__ - INFO - MACD Values: 203
2025-09-05 14:01:42,734 - __main__ - INFO - Total Signals: 33 (Real: 33)
2025-09-05 14:01:42,735 - __main__ - INFO - DLOB API Success Rate: 200/245
2025-09-05 14:01:42,735 - __main__ - INFO - Data Quality: mock
2025-09-05 14:01:42,736 - __main__ - INFO - Mock Mode: True
2025-09-05 14:01:42,736 - __main__ - INFO - Fail Count: 5
2025-09-05 14:01:42,736 - __main__ - INFO - ==================================================
2025-09-05 14:01:45,047 - httpx - INFO - HTTP Request: GET https://master.dlob.drift.trade/l2?marketName=SOL-PERP&depth=1&includeOracle=true "HTTP/1.1 503 Service Unavailable"
2025-09-05 14:01:45,048 - __main__ - WARNING - DLOB fetch failed (attempt 6): DLOB 503 Service Unavailable (devnet flaky)
2025-09-05 14:01:45,048 - __main__ - WARNING - Circuit breaker activated - switching to mock mode after 6 failures
2025-09-05 14:01:45,049 - __main__ - WARNING - DLOB fetch failed: DLOB 503 Service Unavailable (devnet flaky)
2025-09-05 14:01:45,049 - __main__ - INFO - Using last good price: $203.2230
2025-09-05 14:01:45,049 - __main__ - WARNING - No valid price for strategy - skipping signal generation
2025-09-05 14:01:47,458 - httpx - INFO - HTTP Request: GET https://master.dlob.drift.trade/l2?marketName=SOL-PERP&depth=1&includeOracle=true "HTTP/1.1 503 Service Unavailable"
2025-09-05 14:01:47,459 - __main__ - WARNING - DLOB fetch failed (attempt 7): DLOB 503 Service Unavailable (devnet flaky)
2025-09-05 14:01:47,460 - __main__ - WARNING - Circuit breaker activated - switching to mock mode after 7 failures
2025-09-05 14:01:47,460 - __main__ - WARNING - DLOB fetch failed: DLOB 503 Service Unavailable (devnet flaky)
2025-09-05 14:01:47,460 - __main__ - INFO - Using last good price: $203.2230
2025-09-05 14:01:47,461 - __main__ - WARNING - No valid price for strategy - skipping signal generation
2025-09-05 14:01:49,590 - httpx - INFO - HTTP Request: GET https://master.dlob.drift.trade/l2?marketName=SOL-PERP&depth=1&includeOracle=true "HTTP/1.1 503 Service Unavailable"
2025-09-05 14:01:49,590 - __main__ - WARNING - DLOB fetch failed (attempt 8): DLOB 503 Service Unavailable (devnet flaky)
2025-09-05 14:01:49,591 - __main__ - WARNING - Circuit breaker activated - switching to mock mode after 8 failures
2025-09-05 14:01:49,591 - __main__ - WARNING - DLOB fetch failed: DLOB 503 Service Unavailable (devnet flaky)
2025-09-05 14:01:49,591 - __main__ - INFO - Using last good price: $203.2230
2025-09-05 14:01:49,592 - __main__ - WARNING - No valid price for strategy - skipping signal generation
2025-09-05 14:01:51,724 - httpx - INFO - HTTP Request: GET https://master.dlob.drift.trade/l2?marketName=SOL-PERP&depth=1&includeOracle=true "HTTP/1.1 503 Service Unavailable"
2025-09-05 14:01:51,725 - __main__ - WARNING - DLOB fetch failed (attempt 9): DLOB 503 Service Unavailable (devnet flaky)
2025-09-05 14:01:51,726 - __main__ - WARNING - Circuit breaker activated - switching to mock mode after 9 failures
2025-09-05 14:01:51,727 - __main__ - WARNING - DLOB fetch failed: DLOB 503 Service Unavailable (devnet flaky)
2025-09-05 14:01:51,727 - __main__ - INFO - Using last good price: $203.2230
2025-09-05 14:01:51,728 - __main__ - WARNING - No valid price for strategy - skipping signal generation
2025-09-05 14:01:54,044 - httpx - INFO - HTTP Request: GET https://master.dlob.drift.trade/l2?marketName=SOL-PERP&depth=1&includeOracle=true "HTTP/1.1 503 Service Unavailable"
2025-09-05 14:01:54,045 - __main__ - WARNING - DLOB fetch failed (attempt 10): DLOB 503 Service Unavailable (devnet flaky)
2025-09-05 14:01:54,045 - __main__ - WARNING - Circuit breaker activated - switching to mock mode after 10 failures
2025-09-05 14:01:54,045 - __main__ - WARNING - DLOB fetch failed: DLOB 503 Service Unavailable (devnet flaky)
2025-09-05 14:01:54,046 - __main__ - INFO - Using last good price: $203.2230
2025-09-05 14:01:54,046 - __main__ - WARNING - No valid price for strategy - skipping signal generation
2025-09-05 14:01:54,046 - __main__ - INFO - ==================================================
2025-09-05 14:01:54,046 - __main__ - INFO - BETA TRACKING UPDATE - Iteration 250
2025-09-05 14:01:54,047 - __main__ - INFO - Runtime: 555.3s
2025-09-05 14:01:54,047 - __main__ - INFO - Current Position: $0.00
2025-09-05 14:01:54,047 - __main__ - INFO - Total Volume: $0.00
2025-09-05 14:01:54,047 - __main__ - INFO - Current Price: $203.2230
2025-09-05 14:01:54,047 - __main__ - INFO - Price Change: +0.00%
2025-09-05 14:01:54,048 - __main__ - INFO - Open Orders: 0
2025-09-05 14:01:54,048 - __main__ - INFO - MACD Values: 203
2025-09-05 14:01:54,048 - __main__ - INFO - Total Signals: 33 (Real: 33)
2025-09-05 14:01:54,048 - __main__ - INFO - DLOB API Success Rate: 200/250
2025-09-05 14:01:54,048 - __main__ - INFO - Data Quality: mock
2025-09-05 14:01:54,049 - __main__ - INFO - Mock Mode: True
2025-09-05 14:01:54,049 - __main__ - INFO - Fail Count: 10
2025-09-05 14:01:54,049 - __main__ - INFO - ==================================================
2025-09-05 14:01:56,358 - httpx - INFO - HTTP Request: GET https://master.dlob.drift.trade/l2?marketName=SOL-PERP&depth=1&includeOracle=true "HTTP/1.1 503 Service Unavailable"
2025-09-05 14:01:56,359 - __main__ - WARNING - DLOB fetch failed (attempt 11): DLOB 503 Service Unavailable (devnet flaky)
2025-09-05 14:01:56,359 - __main__ - WARNING - Circuit breaker activated - switching to mock mode after 11 failures
2025-09-05 14:01:56,360 - __main__ - WARNING - DLOB fetch failed: DLOB 503 Service Unavailable (devnet flaky)
2025-09-05 14:01:56,361 - __main__ - INFO - Using last good price: $203.2230
2025-09-05 14:01:56,361 - __main__ - WARNING - No valid price for strategy - skipping signal generation
2025-09-05 14:01:58,486 - httpx - INFO - HTTP Request: GET https://master.dlob.drift.trade/l2?marketName=SOL-PERP&depth=1&includeOracle=true "HTTP/1.1 503 Service Unavailable"
2025-09-05 14:01:58,487 - __main__ - WARNING - DLOB fetch failed (attempt 12): DLOB 503 Service Unavailable (devnet flaky)
2025-09-05 14:01:58,487 - __main__ - WARNING - Circuit breaker activated - switching to mock mode after 12 failures
2025-09-05 14:01:58,487 - __main__ - WARNING - DLOB fetch failed: DLOB 503 Service Unavailable (devnet flaky)
2025-09-05 14:01:58,488 - __main__ - INFO - Using last good price: $203.2230
2025-09-05 14:01:58,488 - __main__ - WARNING - No valid price for strategy - skipping signal generation
2025-09-05 14:02:00,612 - httpx - INFO - HTTP Request: GET https://master.dlob.drift.trade/l2?marketName=SOL-PERP&depth=1&includeOracle=true "HTTP/1.1 503 Service Unavailable"
2025-09-05 14:02:00,613 - __main__ - WARNING - DLOB fetch failed (attempt 13): DLOB 503 Service Unavailable (devnet flaky)
2025-09-05 14:02:00,613 - __main__ - WARNING - Circuit breaker activated - switching to mock mode after 13 failures
2025-09-05 14:02:00,614 - __main__ - WARNING - DLOB fetch failed: DLOB 503 Service Unavailable (devnet flaky)
2025-09-05 14:02:00,614 - __main__ - INFO - Using last good price: $203.2230
2025-09-05 14:02:00,614 - __main__ - WARNING - No valid price for strategy - skipping signal generation
2025-09-05 14:02:02,751 - httpx - INFO - HTTP Request: GET https://master.dlob.drift.trade/l2?marketName=SOL-PERP&depth=1&includeOracle=true "HTTP/1.1 503 Service Unavailable"
2025-09-05 14:02:02,752 - __main__ - WARNING - DLOB fetch failed (attempt 14): DLOB 503 Service Unavailable (devnet flaky)
2025-09-05 14:02:02,752 - __main__ - WARNING - Circuit breaker activated - switching to mock mode after 14 failures
2025-09-05 14:02:02,752 - __main__ - WARNING - DLOB fetch failed: DLOB 503 Service Unavailable (devnet flaky)
2025-09-05 14:02:02,753 - __main__ - INFO - Using last good price: $203.2230
2025-09-05 14:02:02,753 - __main__ - WARNING - No valid price for strategy - skipping signal generation
2025-09-05 14:02:05,075 - httpx - INFO - HTTP Request: GET https://master.dlob.drift.trade/l2?marketName=SOL-PERP&depth=1&includeOracle=true "HTTP/1.1 503 Service Unavailable"
2025-09-05 14:02:05,076 - __main__ - WARNING - DLOB fetch failed (attempt 15): DLOB 503 Service Unavailable (devnet flaky)
2025-09-05 14:02:05,077 - __main__ - WARNING - Circuit breaker activated - switching to mock mode after 15 failures
2025-09-05 14:02:05,077 - __main__ - WARNING - DLOB fetch failed: DLOB 503 Service Unavailable (devnet flaky)
2025-09-05 14:02:05,077 - __main__ - INFO - Using last good price: $203.2230
2025-09-05 14:02:05,078 - __main__ - WARNING - No valid price for strategy - skipping signal generation
2025-09-05 14:02:05,078 - __main__ - INFO - ==================================================
2025-09-05 14:02:05,078 - __main__ - INFO - BETA TRACKING UPDATE - Iteration 255
2025-09-05 14:02:05,078 - __main__ - INFO - Runtime: 566.4s
2025-09-05 14:02:05,079 - __main__ - INFO - Current Position: $0.00
2025-09-05 14:02:05,079 - __main__ - INFO - Total Volume: $0.00
2025-09-05 14:02:05,079 - __main__ - INFO - Current Price: $203.2230
2025-09-05 14:02:05,079 - __main__ - INFO - Price Change: +0.00%
2025-09-05 14:02:05,079 - __main__ - INFO - Open Orders: 0
2025-09-05 14:02:05,080 - __main__ - INFO - MACD Values: 203
2025-09-05 14:02:05,080 - __main__ - INFO - Total Signals: 33 (Real: 33)
2025-09-05 14:02:05,080 - __main__ - INFO - DLOB API Success Rate: 200/255
2025-09-05 14:02:05,080 - __main__ - INFO - Data Quality: mock
2025-09-05 14:02:05,081 - __main__ - INFO - Mock Mode: True
2025-09-05 14:02:05,081 - __main__ - INFO - Fail Count: 15
2025-09-05 14:02:05,081 - __main__ - INFO - ==================================================
2025-09-05 14:02:07,392 - httpx - INFO - HTTP Request: GET https://master.dlob.drift.trade/l2?marketName=SOL-PERP&depth=1&includeOracle=true "HTTP/1.1 503 Service Unavailable"
2025-09-05 14:02:07,393 - __main__ - WARNING - DLOB fetch failed (attempt 16): DLOB 503 Service Unavailable (devnet flaky)
2025-09-05 14:02:07,394 - __main__ - WARNING - Circuit breaker activated - switching to mock mode after 16 failures
2025-09-05 14:02:07,394 - __main__ - WARNING - DLOB fetch failed: DLOB 503 Service Unavailable (devnet flaky)
2025-09-05 14:02:07,395 - __main__ - INFO - Using last good price: $203.2230
2025-09-05 14:02:07,395 - __main__ - WARNING - No valid price for strategy - skipping signal generation
2025-09-05 14:02:09,526 - httpx - INFO - HTTP Request: GET https://master.dlob.drift.trade/l2?marketName=SOL-PERP&depth=1&includeOracle=true "HTTP/1.1 503 Service Unavailable"
2025-09-05 14:02:09,527 - __main__ - WARNING - DLOB fetch failed (attempt 17): DLOB 503 Service Unavailable (devnet flaky)
2025-09-05 14:02:09,528 - __main__ - WARNING - Circuit breaker activated - switching to mock mode after 17 failures
2025-09-05 14:02:09,528 - __main__ - WARNING - DLOB fetch failed: DLOB 503 Service Unavailable (devnet flaky)
2025-09-05 14:02:09,529 - __main__ - INFO - Using last good price: $203.2230
2025-09-05 14:02:09,529 - __main__ - WARNING - No valid price for strategy - skipping signal generation
2025-09-05 14:02:11,653 - httpx - INFO - HTTP Request: GET https://master.dlob.drift.trade/l2?marketName=SOL-PERP&depth=1&includeOracle=true "HTTP/1.1 503 Service Unavailable"
2025-09-05 14:02:11,654 - __main__ - WARNING - DLOB fetch failed (attempt 18): DLOB 503 Service Unavailable (devnet flaky)
2025-09-05 14:02:11,654 - __main__ - WARNING - Circuit breaker activated - switching to mock mode after 18 failures
2025-09-05 14:02:11,655 - __main__ - WARNING - DLOB fetch failed: DLOB 503 Service Unavailable (devnet flaky)
2025-09-05 14:02:11,655 - __main__ - INFO - Using last good price: $203.2230
2025-09-05 14:02:11,655 - __main__ - WARNING - No valid price for strategy - skipping signal generation
2025-09-05 14:02:13,971 - httpx - INFO - HTTP Request: GET https://master.dlob.drift.trade/l2?marketName=SOL-PERP&depth=1&includeOracle=true "HTTP/1.1 503 Service Unavailable"
2025-09-05 14:02:13,972 - __main__ - WARNING - DLOB fetch failed (attempt 19): DLOB 503 Service Unavailable (devnet flaky)
2025-09-05 14:02:13,972 - __main__ - WARNING - Circuit breaker activated - switching to mock mode after 19 failures
2025-09-05 14:02:13,972 - __main__ - WARNING - DLOB fetch failed: DLOB 503 Service Unavailable (devnet flaky)
2025-09-05 14:02:13,973 - __main__ - INFO - Using last good price: $203.2230
2025-09-05 14:02:13,973 - __main__ - WARNING - No valid price for strategy - skipping signal generation
2025-09-05 14:02:16,102 - httpx - INFO - HTTP Request: GET https://master.dlob.drift.trade/l2?marketName=SOL-PERP&depth=1&includeOracle=true "HTTP/1.1 503 Service Unavailable"
2025-09-05 14:02:16,103 - __main__ - WARNING - DLOB fetch failed (attempt 20): DLOB 503 Service Unavailable (devnet flaky)
2025-09-05 14:02:16,103 - __main__ - WARNING - Circuit breaker activated - switching to mock mode after 20 failures
2025-09-05 14:02:16,103 - __main__ - WARNING - DLOB fetch failed: DLOB 503 Service Unavailable (devnet flaky)
2025-09-05 14:02:16,104 - __main__ - INFO - Using last good price: $203.2230
2025-09-05 14:02:16,104 - __main__ - WARNING - No valid price for strategy - skipping signal generation
2025-09-05 14:02:16,104 - __main__ - INFO - ==================================================
2025-09-05 14:02:16,104 - __main__ - INFO - BETA TRACKING UPDATE - Iteration 260
2025-09-05 14:02:16,104 - __main__ - INFO - Runtime: 577.4s
2025-09-05 14:02:16,105 - __main__ - INFO - Current Position: $0.00
2025-09-05 14:02:16,105 - __main__ - INFO - Total Volume: $0.00
2025-09-05 14:02:16,105 - __main__ - INFO - Current Price: $203.2230
2025-09-05 14:02:16,105 - __main__ - INFO - Price Change: +0.00%
2025-09-05 14:02:16,105 - __main__ - INFO - Open Orders: 0
2025-09-05 14:02:16,106 - __main__ - INFO - MACD Values: 203
2025-09-05 14:02:16,106 - __main__ - INFO - Total Signals: 33 (Real: 33)
2025-09-05 14:02:16,106 - __main__ - INFO - DLOB API Success Rate: 200/260
2025-09-05 14:02:16,106 - __main__ - INFO - Data Quality: mock
2025-09-05 14:02:16,106 - __main__ - INFO - Mock Mode: True
2025-09-05 14:02:16,106 - __main__ - INFO - Fail Count: 20
2025-09-05 14:02:16,107 - __main__ - INFO - ==================================================
2025-09-05 14:02:18,425 - httpx - INFO - HTTP Request: GET https://master.dlob.drift.trade/l2?marketName=SOL-PERP&depth=1&includeOracle=true "HTTP/1.1 503 Service Unavailable"
2025-09-05 14:02:18,426 - __main__ - WARNING - DLOB fetch failed (attempt 21): DLOB 503 Service Unavailable (devnet flaky)
2025-09-05 14:02:18,427 - __main__ - WARNING - Circuit breaker activated - switching to mock mode after 21 failures
2025-09-05 14:02:18,427 - __main__ - WARNING - DLOB fetch failed: DLOB 503 Service Unavailable (devnet flaky)
2025-09-05 14:02:18,428 - __main__ - INFO - Using last good price: $203.2230
2025-09-05 14:02:18,428 - __main__ - WARNING - No valid price for strategy - skipping signal generation
2025-09-05 14:02:20,554 - httpx - INFO - HTTP Request: GET https://master.dlob.drift.trade/l2?marketName=SOL-PERP&depth=1&includeOracle=true "HTTP/1.1 503 Service Unavailable"
2025-09-05 14:02:20,556 - __main__ - WARNING - DLOB fetch failed (attempt 22): DLOB 503 Service Unavailable (devnet flaky)
2025-09-05 14:02:20,556 - __main__ - WARNING - Circuit breaker activated - switching to mock mode after 22 failures
2025-09-05 14:02:20,556 - __main__ - WARNING - DLOB fetch failed: DLOB 503 Service Unavailable (devnet flaky)
2025-09-05 14:02:20,557 - __main__ - INFO - Using last good price: $203.2230
2025-09-05 14:02:20,557 - __main__ - WARNING - No valid price for strategy - skipping signal generation
2025-09-05 14:02:22,877 - httpx - INFO - HTTP Request: GET https://master.dlob.drift.trade/l2?marketName=SOL-PERP&depth=1&includeOracle=true "HTTP/1.1 503 Service Unavailable"
2025-09-05 14:02:22,878 - __main__ - WARNING - DLOB fetch failed (attempt 23): DLOB 503 Service Unavailable (devnet flaky)
2025-09-05 14:02:22,878 - __main__ - WARNING - Circuit breaker activated - switching to mock mode after 23 failures
2025-09-05 14:02:22,879 - __main__ - WARNING - DLOB fetch failed: DLOB 503 Service Unavailable (devnet flaky)
2025-09-05 14:02:22,879 - __main__ - INFO - Using last good price: $203.2230
2025-09-05 14:02:22,879 - __main__ - WARNING - No valid price for strategy - skipping signal generation
2025-09-05 14:02:25,012 - httpx - INFO - HTTP Request: GET https://master.dlob.drift.trade/l2?marketName=SOL-PERP&depth=1&includeOracle=true "HTTP/1.1 503 Service Unavailable"
2025-09-05 14:02:25,013 - __main__ - WARNING - DLOB fetch failed (attempt 24): DLOB 503 Service Unavailable (devnet flaky)
2025-09-05 14:02:25,013 - __main__ - WARNING - Circuit breaker activated - switching to mock mode after 24 failures
2025-09-05 14:02:25,013 - __main__ - WARNING - DLOB fetch failed: DLOB 503 Service Unavailable (devnet flaky)
2025-09-05 14:02:25,014 - __main__ - INFO - Using last good price: $203.2230
2025-09-05 14:02:25,014 - __main__ - WARNING - No valid price for strategy - skipping signal generation
2025-09-05 14:02:27,334 - httpx - INFO - HTTP Request: GET https://master.dlob.drift.trade/l2?marketName=SOL-PERP&depth=1&includeOracle=true "HTTP/1.1 503 Service Unavailable"
2025-09-05 14:02:27,335 - __main__ - WARNING - DLOB fetch failed (attempt 25): DLOB 503 Service Unavailable (devnet flaky)
2025-09-05 14:02:27,335 - __main__ - WARNING - Circuit breaker activated - switching to mock mode after 25 failures
2025-09-05 14:02:27,335 - __main__ - WARNING - DLOB fetch failed: DLOB 503 Service Unavailable (devnet flaky)
2025-09-05 14:02:27,336 - __main__ - INFO - Using last good price: $203.2230
2025-09-05 14:02:27,336 - __main__ - WARNING - No valid price for strategy - skipping signal generation
2025-09-05 14:02:27,336 - __main__ - INFO - ==================================================
2025-09-05 14:02:27,336 - __main__ - INFO - BETA TRACKING UPDATE - Iteration 265
2025-09-05 14:02:27,336 - __main__ - INFO - Runtime: 588.6s
2025-09-05 14:02:27,337 - __main__ - INFO - Current Position: $0.00
2025-09-05 14:02:27,337 - __main__ - INFO - Total Volume: $0.00
2025-09-05 14:02:27,337 - __main__ - INFO - Current Price: $203.2230
2025-09-05 14:02:27,337 - __main__ - INFO - Price Change: +0.00%
2025-09-05 14:02:27,337 - __main__ - INFO - Open Orders: 0
2025-09-05 14:02:27,338 - __main__ - INFO - MACD Values: 203
2025-09-05 14:02:27,338 - __main__ - INFO - Total Signals: 33 (Real: 33)
2025-09-05 14:02:27,338 - __main__ - INFO - DLOB API Success Rate: 200/265
2025-09-05 14:02:27,338 - __main__ - INFO - Data Quality: mock
2025-09-05 14:02:27,338 - __main__ - INFO - Mock Mode: True
2025-09-05 14:02:27,339 - __main__ - INFO - Fail Count: 25
2025-09-05 14:02:27,339 - __main__ - INFO - ==================================================
2025-09-05 14:02:29,466 - httpx - INFO - HTTP Request: GET https://master.dlob.drift.trade/l2?marketName=SOL-PERP&depth=1&includeOracle=true "HTTP/1.1 503 Service Unavailable"
2025-09-05 14:02:29,468 - __main__ - WARNING - DLOB fetch failed (attempt 26): DLOB 503 Service Unavailable (devnet flaky)
2025-09-05 14:02:29,469 - __main__ - WARNING - Circuit breaker activated - switching to mock mode after 26 failures
2025-09-05 14:02:29,470 - __main__ - WARNING - DLOB fetch failed: DLOB 503 Service Unavailable (devnet flaky)
2025-09-05 14:02:29,470 - __main__ - INFO - Using last good price: $203.2230
2025-09-05 14:02:29,471 - __main__ - WARNING - No valid price for strategy - skipping signal generation
2025-09-05 14:02:31,603 - httpx - INFO - HTTP Request: GET https://master.dlob.drift.trade/l2?marketName=SOL-PERP&depth=1&includeOracle=true "HTTP/1.1 503 Service Unavailable"
2025-09-05 14:02:31,604 - __main__ - WARNING - DLOB fetch failed (attempt 27): DLOB 503 Service Unavailable (devnet flaky)
2025-09-05 14:02:31,605 - __main__ - WARNING - Circuit breaker activated - switching to mock mode after 27 failures
2025-09-05 14:02:31,605 - __main__ - WARNING - DLOB fetch failed: DLOB 503 Service Unavailable (devnet flaky)
2025-09-05 14:02:31,605 - __main__ - INFO - Using last good price: $203.2230
2025-09-05 14:02:31,606 - __main__ - WARNING - No valid price for strategy - skipping signal generation
2025-09-05 14:02:33,920 - httpx - INFO - HTTP Request: GET https://master.dlob.drift.trade/l2?marketName=SOL-PERP&depth=1&includeOracle=true "HTTP/1.1 503 Service Unavailable"
2025-09-05 14:02:33,921 - __main__ - WARNING - DLOB fetch failed (attempt 28): DLOB 503 Service Unavailable (devnet flaky)
2025-09-05 14:02:33,922 - __main__ - WARNING - Circuit breaker activated - switching to mock mode after 28 failures
2025-09-05 14:02:33,922 - __main__ - WARNING - DLOB fetch failed: DLOB 503 Service Unavailable (devnet flaky)
2025-09-05 14:02:33,922 - __main__ - INFO - Using last good price: $203.2230
2025-09-05 14:02:33,923 - __main__ - WARNING - No valid price for strategy - skipping signal generation
2025-09-05 14:02:36,060 - httpx - INFO - HTTP Request: GET https://master.dlob.drift.trade/l2?marketName=SOL-PERP&depth=1&includeOracle=true "HTTP/1.1 503 Service Unavailable"
2025-09-05 14:02:36,061 - __main__ - WARNING - DLOB fetch failed (attempt 29): DLOB 503 Service Unavailable (devnet flaky)
2025-09-05 14:02:36,061 - __main__ - WARNING - Circuit breaker activated - switching to mock mode after 29 failures
2025-09-05 14:02:36,062 - __main__ - WARNING - DLOB fetch failed: DLOB 503 Service Unavailable (devnet flaky)
2025-09-05 14:02:36,062 - __main__ - INFO - Using last good price: $203.2230
2025-09-05 14:02:36,062 - __main__ - WARNING - No valid price for strategy - skipping signal generation
2025-09-05 14:02:38,379 - httpx - INFO - HTTP Request: GET https://master.dlob.drift.trade/l2?marketName=SOL-PERP&depth=1&includeOracle=true "HTTP/1.1 503 Service Unavailable"
2025-09-05 14:02:38,380 - __main__ - WARNING - DLOB fetch failed (attempt 30): DLOB 503 Service Unavailable (devnet flaky)
2025-09-05 14:02:38,380 - __main__ - WARNING - Circuit breaker activated - switching to mock mode after 30 failures
2025-09-05 14:02:38,380 - __main__ - WARNING - DLOB fetch failed: DLOB 503 Service Unavailable (devnet flaky)
2025-09-05 14:02:38,381 - __main__ - INFO - Using last good price: $203.2230
2025-09-05 14:02:38,381 - __main__ - WARNING - No valid price for strategy - skipping signal generation
2025-09-05 14:02:38,381 - __main__ - INFO - ==================================================
2025-09-05 14:02:38,381 - __main__ - INFO - BETA TRACKING UPDATE - Iteration 270
2025-09-05 14:02:38,381 - __main__ - INFO - Runtime: 599.7s
2025-09-05 14:02:38,382 - __main__ - INFO - Current Position: $0.00
2025-09-05 14:02:38,382 - __main__ - INFO - Total Volume: $0.00
2025-09-05 14:02:38,382 - __main__ - INFO - Current Price: $203.2230
2025-09-05 14:02:38,383 - __main__ - INFO - Price Change: +0.00%
2025-09-05 14:02:38,383 - __main__ - INFO - Open Orders: 0
2025-09-05 14:02:38,383 - __main__ - INFO - MACD Values: 203
2025-09-05 14:02:38,384 - __main__ - INFO - Total Signals: 33 (Real: 33)
2025-09-05 14:02:38,384 - __main__ - INFO - DLOB API Success Rate: 200/270
2025-09-05 14:02:38,384 - __main__ - INFO - Data Quality: mock
2025-09-05 14:02:38,385 - __main__ - INFO - Mock Mode: True
2025-09-05 14:02:38,385 - __main__ - INFO - Fail Count: 30
2025-09-05 14:02:38,385 - __main__ - INFO - ==================================================
2025-09-05 14:02:40,695 - httpx - INFO - HTTP Request: GET https://master.dlob.drift.trade/l2?marketName=SOL-PERP&depth=1&includeOracle=true "HTTP/1.1 503 Service Unavailable"
2025-09-05 14:02:40,696 - __main__ - WARNING - DLOB fetch failed (attempt 31): DLOB 503 Service Unavailable (devnet flaky)
2025-09-05 14:02:40,696 - __main__ - WARNING - Circuit breaker activated - switching to mock mode after 31 failures
2025-09-05 14:02:40,696 - __main__ - WARNING - DLOB fetch failed: DLOB 503 Service Unavailable (devnet flaky)
2025-09-05 14:02:40,696 - __main__ - INFO - Using last good price: $203.2230
2025-09-05 14:02:40,697 - __main__ - WARNING - No valid price for strategy - skipping signal generation
2025-09-05 14:02:43,011 - httpx - INFO - HTTP Request: GET https://master.dlob.drift.trade/l2?marketName=SOL-PERP&depth=1&includeOracle=true "HTTP/1.1 503 Service Unavailable"
2025-09-05 14:02:43,011 - __main__ - WARNING - DLOB fetch failed (attempt 32): DLOB 503 Service Unavailable (devnet flaky)
2025-09-05 14:02:43,012 - __main__ - WARNING - Circuit breaker activated - switching to mock mode after 32 failures
2025-09-05 14:02:43,012 - __main__ - WARNING - DLOB fetch failed: DLOB 503 Service Unavailable (devnet flaky)
2025-09-05 14:02:43,012 - __main__ - INFO - Using last good price: $203.2230
2025-09-05 14:02:43,012 - __main__ - WARNING - No valid price for strategy - skipping signal generation
2025-09-05 14:02:45,144 - httpx - INFO - HTTP Request: GET https://master.dlob.drift.trade/l2?marketName=SOL-PERP&depth=1&includeOracle=true "HTTP/1.1 503 Service Unavailable"
2025-09-05 14:02:45,144 - __main__ - WARNING - DLOB fetch failed (attempt 33): DLOB 503 Service Unavailable (devnet flaky)
2025-09-05 14:02:45,145 - __main__ - WARNING - Circuit breaker activated - switching to mock mode after 33 failures
2025-09-05 14:02:45,145 - __main__ - WARNING - DLOB fetch failed: DLOB 503 Service Unavailable (devnet flaky)
2025-09-05 14:02:45,145 - __main__ - INFO - Using last good price: $203.2230
2025-09-05 14:02:45,145 - __main__ - WARNING - No valid price for strategy - skipping signal generation
2025-09-05 14:02:47,275 - httpx - INFO - HTTP Request: GET https://master.dlob.drift.trade/l2?marketName=SOL-PERP&depth=1&includeOracle=true "HTTP/1.1 503 Service Unavailable"
2025-09-05 14:02:47,276 - __main__ - WARNING - DLOB fetch failed (attempt 34): DLOB 503 Service Unavailable (devnet flaky)
2025-09-05 14:02:47,277 - __main__ - WARNING - Circuit breaker activated - switching to mock mode after 34 failures
2025-09-05 14:02:47,277 - __main__ - WARNING - DLOB fetch failed: DLOB 503 Service Unavailable (devnet flaky)
2025-09-05 14:02:47,277 - __main__ - INFO - Using last good price: $203.2230
2025-09-05 14:02:47,277 - __main__ - WARNING - No valid price for strategy - skipping signal generation
2025-09-05 14:02:49,405 - httpx - INFO - HTTP Request: GET https://master.dlob.drift.trade/l2?marketName=SOL-PERP&depth=1&includeOracle=true "HTTP/1.1 503 Service Unavailable"
2025-09-05 14:02:49,406 - __main__ - WARNING - DLOB fetch failed (attempt 35): DLOB 503 Service Unavailable (devnet flaky)
2025-09-05 14:02:49,406 - __main__ - WARNING - Circuit breaker activated - switching to mock mode after 35 failures
2025-09-05 14:02:49,406 - __main__ - WARNING - DLOB fetch failed: DLOB 503 Service Unavailable (devnet flaky)
2025-09-05 14:02:49,406 - __main__ - INFO - Using last good price: $203.2230
2025-09-05 14:02:49,407 - __main__ - WARNING - No valid price for strategy - skipping signal generation
2025-09-05 14:02:49,407 - __main__ - INFO - ==================================================
2025-09-05 14:02:49,408 - __main__ - INFO - BETA TRACKING UPDATE - Iteration 275
2025-09-05 14:02:49,408 - __main__ - INFO - Runtime: 610.7s
2025-09-05 14:02:49,408 - __main__ - INFO - Current Position: $0.00
2025-09-05 14:02:49,408 - __main__ - INFO - Total Volume: $0.00
2025-09-05 14:02:49,409 - __main__ - INFO - Current Price: $203.2230
2025-09-05 14:02:49,409 - __main__ - INFO - Price Change: +0.00%
2025-09-05 14:02:49,409 - __main__ - INFO - Open Orders: 0
2025-09-05 14:02:49,410 - __main__ - INFO - MACD Values: 203
2025-09-05 14:02:49,410 - __main__ - INFO - Total Signals: 33 (Real: 33)
2025-09-05 14:02:49,410 - __main__ - INFO - DLOB API Success Rate: 200/275
2025-09-05 14:02:49,410 - __main__ - INFO - Data Quality: mock
2025-09-05 14:02:49,411 - __main__ - INFO - Mock Mode: True
2025-09-05 14:02:49,411 - __main__ - INFO - Fail Count: 35
2025-09-05 14:02:49,411 - __main__ - INFO - ==================================================
2025-09-05 14:02:51,737 - httpx - INFO - HTTP Request: GET https://master.dlob.drift.trade/l2?marketName=SOL-PERP&depth=1&includeOracle=true "HTTP/1.1 503 Service Unavailable"
2025-09-05 14:02:51,738 - __main__ - WARNING - DLOB fetch failed (attempt 36): DLOB 503 Service Unavailable (devnet flaky)
2025-09-05 14:02:51,739 - __main__ - WARNING - Circuit breaker activated - switching to mock mode after 36 failures
2025-09-05 14:02:51,740 - __main__ - WARNING - DLOB fetch failed: DLOB 503 Service Unavailable (devnet flaky)
2025-09-05 14:02:51,740 - __main__ - INFO - Using last good price: $203.2230
2025-09-05 14:02:51,741 - __main__ - WARNING - No valid price for strategy - skipping signal generation
2025-09-05 14:02:53,863 - httpx - INFO - HTTP Request: GET https://master.dlob.drift.trade/l2?marketName=SOL-PERP&depth=1&includeOracle=true "HTTP/1.1 503 Service Unavailable"
2025-09-05 14:02:53,864 - __main__ - WARNING - DLOB fetch failed (attempt 37): DLOB 503 Service Unavailable (devnet flaky)
2025-09-05 14:02:53,864 - __main__ - WARNING - Circuit breaker activated - switching to mock mode after 37 failures
2025-09-05 14:02:53,865 - __main__ - WARNING - DLOB fetch failed: DLOB 503 Service Unavailable (devnet flaky)
2025-09-05 14:02:53,865 - __main__ - INFO - Using last good price: $203.2230
2025-09-05 14:02:53,866 - __main__ - WARNING - No valid price for strategy - skipping signal generation
2025-09-05 14:02:56,030 - httpx - INFO - HTTP Request: GET https://master.dlob.drift.trade/l2?marketName=SOL-PERP&depth=1&includeOracle=true "HTTP/1.1 503 Service Unavailable"
2025-09-05 14:02:56,032 - __main__ - WARNING - DLOB fetch failed (attempt 38): DLOB 503 Service Unavailable (devnet flaky)
2025-09-05 14:02:56,032 - __main__ - WARNING - Circuit breaker activated - switching to mock mode after 38 failures
2025-09-05 14:02:56,033 - __main__ - WARNING - DLOB fetch failed: DLOB 503 Service Unavailable (devnet flaky)
2025-09-05 14:02:56,033 - __main__ - INFO - Using last good price: $203.2230
2025-09-05 14:02:56,033 - __main__ - WARNING - No valid price for strategy - skipping signal generation
2025-09-05 14:02:58,356 - httpx - INFO - HTTP Request: GET https://master.dlob.drift.trade/l2?marketName=SOL-PERP&depth=1&includeOracle=true "HTTP/1.1 503 Service Unavailable"
2025-09-05 14:02:58,357 - __main__ - WARNING - DLOB fetch failed (attempt 39): DLOB 503 Service Unavailable (devnet flaky)
2025-09-05 14:02:58,358 - __main__ - WARNING - Circuit breaker activated - switching to mock mode after 39 failures
2025-09-05 14:02:58,358 - __main__ - WARNING - DLOB fetch failed: DLOB 503 Service Unavailable (devnet flaky)
2025-09-05 14:02:58,358 - __main__ - INFO - Using last good price: $203.2230
2025-09-05 14:02:58,359 - __main__ - WARNING - No valid price for strategy - skipping signal generation
2025-09-05 14:03:00,674 - httpx - INFO - HTTP Request: GET https://master.dlob.drift.trade/l2?marketName=SOL-PERP&depth=1&includeOracle=true "HTTP/1.1 200 OK"
2025-09-05 14:03:00,676 - __main__ - INFO - REAL PRICE from DLOB: $203.2113
2025-09-05 14:03:00,677 - __main__ - INFO -   Oracle: $202.2440
2025-09-05 14:03:00,677 - __main__ - INFO - ==================================================
2025-09-05 14:03:00,677 - __main__ - INFO - BETA TRACKING UPDATE - Iteration 280
2025-09-05 14:03:00,677 - __main__ - INFO - Runtime: 622.0s
2025-09-05 14:03:00,678 - __main__ - INFO - Current Position: $0.00
2025-09-05 14:03:00,678 - __main__ - INFO - Total Volume: $0.00
2025-09-05 14:03:00,678 - __main__ - INFO - Current Price: $203.2113
2025-09-05 14:03:00,678 - __main__ - INFO - Price Change: -0.01%
2025-09-05 14:03:00,679 - __main__ - INFO - Open Orders: 0
2025-09-05 14:03:00,679 - __main__ - INFO - MACD Values: 204
2025-09-05 14:03:00,679 - __main__ - INFO - Total Signals: 33 (Real: 33)
2025-09-05 14:03:00,679 - __main__ - INFO - DLOB API Success Rate: 201/280
2025-09-05 14:03:00,679 - __main__ - INFO - Data Quality: real_tick
2025-09-05 14:03:00,679 - __main__ - INFO - Mock Mode: False
2025-09-05 14:03:00,680 - __main__ - INFO - Fail Count: 0
2025-09-05 14:03:00,680 - __main__ - INFO - ==================================================
2025-09-05 14:03:02,995 - httpx - INFO - HTTP Request: GET https://master.dlob.drift.trade/l2?marketName=SOL-PERP&depth=1&includeOracle=true "HTTP/1.1 200 OK"
2025-09-05 14:03:02,996 - __main__ - INFO - REAL PRICE from DLOB: $202.7516
2025-09-05 14:03:02,996 - __main__ - INFO -   Oracle: $202.1751
2025-09-05 14:03:05,134 - httpx - INFO - HTTP Request: GET https://master.dlob.drift.trade/l2?marketName=SOL-PERP&depth=1&includeOracle=true "HTTP/1.1 200 OK"
2025-09-05 14:03:05,135 - __main__ - INFO - REAL PRICE from DLOB: $203.1535
2025-09-05 14:03:05,135 - __main__ - INFO -   Oracle: $202.1751
2025-09-05 14:03:07,264 - httpx - INFO - HTTP Request: GET https://master.dlob.drift.trade/l2?marketName=SOL-PERP&depth=1&includeOracle=true "HTTP/1.1 200 OK"
2025-09-05 14:03:07,266 - __main__ - INFO - REAL PRICE from DLOB: $202.6964
2025-09-05 14:03:07,267 - __main__ - INFO -   Oracle: $202.1751
2025-09-05 14:03:09,400 - httpx - INFO - HTTP Request: GET https://master.dlob.drift.trade/l2?marketName=SOL-PERP&depth=1&includeOracle=true "HTTP/1.1 200 OK"
2025-09-05 14:03:09,401 - __main__ - INFO - REAL PRICE from DLOB: $202.6890
2025-09-05 14:03:09,402 - __main__ - INFO -   Oracle: $202.1751
2025-09-05 14:03:11,542 - httpx - INFO - HTTP Request: GET https://master.dlob.drift.trade/l2?marketName=SOL-PERP&depth=1&includeOracle=true "HTTP/1.1 200 OK"
2025-09-05 14:03:11,544 - __main__ - INFO - REAL PRICE from DLOB: $203.0737
2025-09-05 14:03:11,544 - __main__ - INFO -   Oracle: $202.1751
2025-09-05 14:03:11,544 - __main__ - INFO - ==================================================
2025-09-05 14:03:11,544 - __main__ - INFO - BETA TRACKING UPDATE - Iteration 285
2025-09-05 14:03:11,545 - __main__ - INFO - Runtime: 632.8s
2025-09-05 14:03:11,545 - __main__ - INFO - Current Position: $0.00
2025-09-05 14:03:11,545 - __main__ - INFO - Total Volume: $0.00
2025-09-05 14:03:11,545 - __main__ - INFO - Current Price: $203.0737
2025-09-05 14:03:11,545 - __main__ - INFO - Price Change: -0.07%
2025-09-05 14:03:11,546 - __main__ - INFO - Open Orders: 0
2025-09-05 14:03:11,546 - __main__ - INFO - MACD Values: 209
2025-09-05 14:03:11,546 - __main__ - INFO - Total Signals: 33 (Real: 33)
2025-09-05 14:03:11,546 - __main__ - INFO - DLOB API Success Rate: 206/285
2025-09-05 14:03:11,546 - __main__ - INFO - Data Quality: real_tick
2025-09-05 14:03:11,546 - __main__ - INFO - Mock Mode: False
2025-09-05 14:03:11,547 - __main__ - INFO - Fail Count: 0
2025-09-05 14:03:11,547 - __main__ - INFO - ==================================================
2025-09-05 14:03:13,864 - httpx - INFO - HTTP Request: GET https://master.dlob.drift.trade/l2?marketName=SOL-PERP&depth=1&includeOracle=true "HTTP/1.1 200 OK"
2025-09-05 14:03:13,865 - __main__ - INFO - REAL PRICE from DLOB: $203.1053
2025-09-05 14:03:13,866 - __main__ - INFO -   Oracle: $202.0533
2025-09-05 14:03:15,998 - httpx - INFO - HTTP Request: GET https://master.dlob.drift.trade/l2?marketName=SOL-PERP&depth=1&includeOracle=true "HTTP/1.1 200 OK"
2025-09-05 14:03:16,000 - __main__ - INFO - REAL PRICE from DLOB: $202.6133
2025-09-05 14:03:16,000 - __main__ - INFO -   Oracle: $202.0533
2025-09-05 14:03:18,130 - httpx - INFO - HTTP Request: GET https://master.dlob.drift.trade/l2?marketName=SOL-PERP&depth=1&includeOracle=true "HTTP/1.1 200 OK"
2025-09-05 14:03:18,132 - __main__ - INFO - REAL PRICE from DLOB: $202.6207
2025-09-05 14:03:18,133 - __main__ - INFO -   Oracle: $202.0533
2025-09-05 14:03:20,253 - httpx - INFO - HTTP Request: GET https://master.dlob.drift.trade/l2?marketName=SOL-PERP&depth=1&includeOracle=true "HTTP/1.1 200 OK"
2025-09-05 14:03:20,255 - __main__ - INFO - REAL PRICE from DLOB: $202.6232
2025-09-05 14:03:20,255 - __main__ - INFO -   Oracle: $202.0533
2025-09-05 14:03:22,569 - httpx - INFO - HTTP Request: GET https://master.dlob.drift.trade/l2?marketName=SOL-PERP&depth=1&includeOracle=true "HTTP/1.1 200 OK"
2025-09-05 14:03:22,570 - __main__ - INFO - REAL PRICE from DLOB: $202.6232
2025-09-05 14:03:22,570 - __main__ - INFO -   Oracle: $202.1053
2025-09-05 14:03:22,570 - __main__ - INFO - ==================================================
2025-09-05 14:03:22,571 - __main__ - INFO - BETA TRACKING UPDATE - Iteration 290
2025-09-05 14:03:22,571 - __main__ - INFO - Runtime: 643.9s
2025-09-05 14:03:22,571 - __main__ - INFO - Current Position: $0.00
2025-09-05 14:03:22,571 - __main__ - INFO - Total Volume: $0.00
2025-09-05 14:03:22,572 - __main__ - INFO - Current Price: $202.6232
2025-09-05 14:03:22,572 - __main__ - INFO - Price Change: -0.22%
2025-09-05 14:03:22,572 - __main__ - INFO - Open Orders: 0
2025-09-05 14:03:22,573 - __main__ - INFO - MACD Values: 214
2025-09-05 14:03:22,573 - __main__ - INFO - Total Signals: 33 (Real: 33)
2025-09-05 14:03:22,573 - __main__ - INFO - DLOB API Success Rate: 211/290
2025-09-05 14:03:22,573 - __main__ - INFO - Data Quality: real_tick
2025-09-05 14:03:22,574 - __main__ - INFO - Mock Mode: False
2025-09-05 14:03:22,574 - __main__ - INFO - Fail Count: 0
2025-09-05 14:03:22,575 - __main__ - INFO - ==================================================
2025-09-05 14:03:24,703 - httpx - INFO - HTTP Request: GET https://master.dlob.drift.trade/l2?marketName=SOL-PERP&depth=1&includeOracle=true "HTTP/1.1 200 OK"
2025-09-05 14:03:24,704 - __main__ - INFO - REAL PRICE from DLOB: $203.1235
2025-09-05 14:03:24,704 - __main__ - INFO -   Oracle: $202.1053
2025-09-05 14:03:26,829 - httpx - INFO - HTTP Request: GET https://master.dlob.drift.trade/l2?marketName=SOL-PERP&depth=1&includeOracle=true "HTTP/1.1 200 OK"
2025-09-05 14:03:26,831 - __main__ - INFO - REAL PRICE from DLOB: $202.6392
2025-09-05 14:03:26,831 - __main__ - INFO -   Oracle: $202.1053
2025-09-05 14:03:28,957 - httpx - INFO - HTTP Request: GET https://master.dlob.drift.trade/l2?marketName=SOL-PERP&depth=1&includeOracle=true "HTTP/1.1 200 OK"
2025-09-05 14:03:28,959 - __main__ - INFO - REAL PRICE from DLOB: $202.5816
2025-09-05 14:03:28,959 - __main__ - INFO -   Oracle: $202.1053
2025-09-05 14:03:31,092 - httpx - INFO - HTTP Request: GET https://master.dlob.drift.trade/l2?marketName=SOL-PERP&depth=1&includeOracle=true "HTTP/1.1 200 OK"
2025-09-05 14:03:31,093 - __main__ - INFO - REAL PRICE from DLOB: $202.5668
2025-09-05 14:03:31,093 - __main__ - INFO -   Oracle: $201.9655
2025-09-05 14:03:33,416 - httpx - INFO - HTTP Request: GET https://master.dlob.drift.trade/l2?marketName=SOL-PERP&depth=1&includeOracle=true "HTTP/1.1 200 OK"
2025-09-05 14:03:33,417 - __main__ - INFO - REAL PRICE from DLOB: $202.5663
2025-09-05 14:03:33,418 - __main__ - INFO -   Oracle: $201.9655
2025-09-05 14:03:33,418 - __main__ - INFO - ==================================================
2025-09-05 14:03:33,418 - __main__ - INFO - BETA TRACKING UPDATE - Iteration 295
2025-09-05 14:03:33,418 - __main__ - INFO - Runtime: 654.7s
2025-09-05 14:03:33,418 - __main__ - INFO - Current Position: $0.00
2025-09-05 14:03:33,419 - __main__ - INFO - Total Volume: $0.00
2025-09-05 14:03:33,419 - __main__ - INFO - Current Price: $202.5663
2025-09-05 14:03:33,419 - __main__ - INFO - Price Change: -0.03%
2025-09-05 14:03:33,419 - __main__ - INFO - Open Orders: 0
2025-09-05 14:03:33,420 - __main__ - INFO - MACD Values: 219
2025-09-05 14:03:33,420 - __main__ - INFO - Total Signals: 33 (Real: 33)
2025-09-05 14:03:33,420 - __main__ - INFO - DLOB API Success Rate: 216/295
2025-09-05 14:03:33,420 - __main__ - INFO - Data Quality: real_tick
2025-09-05 14:03:33,420 - __main__ - INFO - Mock Mode: False
2025-09-05 14:03:33,421 - __main__ - INFO - Fail Count: 0
2025-09-05 14:03:33,421 - __main__ - INFO - ==================================================
2025-09-05 14:03:35,733 - httpx - INFO - HTTP Request: GET https://master.dlob.drift.trade/l2?marketName=SOL-PERP&depth=1&includeOracle=true "HTTP/1.1 200 OK"
2025-09-05 14:03:35,734 - __main__ - INFO - REAL PRICE from DLOB: $202.5014
2025-09-05 14:03:35,735 - __main__ - INFO -   Oracle: $201.9655
2025-09-05 14:03:38,048 - httpx - INFO - HTTP Request: GET https://master.dlob.drift.trade/l2?marketName=SOL-PERP&depth=1&includeOracle=true "HTTP/1.1 200 OK"
2025-09-05 14:03:38,050 - __main__ - INFO - REAL PRICE from DLOB: $202.4988
2025-09-05 14:03:38,050 - __main__ - INFO -   Oracle: $201.9655
2025-09-05 14:03:40,175 - httpx - INFO - HTTP Request: GET https://master.dlob.drift.trade/l2?marketName=SOL-PERP&depth=1&includeOracle=true "HTTP/1.1 200 OK"
2025-09-05 14:03:40,176 - __main__ - INFO - REAL PRICE from DLOB: $202.5064
2025-09-05 14:03:40,176 - __main__ - INFO -   Oracle: $201.9455
2025-09-05 14:03:42,526 - httpx - INFO - HTTP Request: GET https://master.dlob.drift.trade/l2?marketName=SOL-PERP&depth=1&includeOracle=true "HTTP/1.1 200 OK"
2025-09-05 14:03:42,527 - __main__ - INFO - REAL PRICE from DLOB: $202.5240
2025-09-05 14:03:42,527 - __main__ - INFO -   Oracle: $201.9705
2025-09-05 14:03:44,940 - httpx - INFO - HTTP Request: GET https://master.dlob.drift.trade/l2?marketName=SOL-PERP&depth=1&includeOracle=true "HTTP/1.1 200 OK"
2025-09-05 14:03:44,941 - __main__ - INFO - REAL PRICE from DLOB: $202.5238
2025-09-05 14:03:44,942 - __main__ - INFO -   Oracle: $201.9705
2025-09-05 14:03:44,942 - __main__ - INFO - ==================================================
2025-09-05 14:03:44,942 - __main__ - INFO - BETA TRACKING UPDATE - Iteration 300
2025-09-05 14:03:44,942 - __main__ - INFO - Runtime: 666.2s
2025-09-05 14:03:44,942 - __main__ - INFO - Current Position: $0.00
2025-09-05 14:03:44,943 - __main__ - INFO - Total Volume: $0.00
2025-09-05 14:03:44,943 - __main__ - INFO - Current Price: $202.5238
2025-09-05 14:03:44,943 - __main__ - INFO - Price Change: -0.02%
2025-09-05 14:03:44,943 - __main__ - INFO - Open Orders: 0
2025-09-05 14:03:44,943 - __main__ - INFO - MACD Values: 224
2025-09-05 14:03:44,944 - __main__ - INFO - Total Signals: 33 (Real: 33)
2025-09-05 14:03:44,944 - __main__ - INFO - DLOB API Success Rate: 221/300
2025-09-05 14:03:44,944 - __main__ - INFO - Data Quality: real_tick
2025-09-05 14:03:44,944 - __main__ - INFO - Mock Mode: False
2025-09-05 14:03:44,944 - __main__ - INFO - Fail Count: 0
2025-09-05 14:03:44,945 - __main__ - INFO - ==================================================
2025-09-05 14:03:47,070 - httpx - INFO - HTTP Request: GET https://master.dlob.drift.trade/l2?marketName=SOL-PERP&depth=1&includeOracle=true "HTTP/1.1 200 OK"
2025-09-05 14:03:47,071 - __main__ - INFO - REAL PRICE from DLOB: $203.0285
2025-09-05 14:03:47,071 - __main__ - INFO -   Oracle: $201.9705
2025-09-05 14:03:49,200 - httpx - INFO - HTTP Request: GET https://master.dlob.drift.trade/l2?marketName=SOL-PERP&depth=1&includeOracle=true "HTTP/1.1 200 OK"
2025-09-05 14:03:49,200 - __main__ - INFO - REAL PRICE from DLOB: $203.0291
2025-09-05 14:03:49,200 - __main__ - INFO -   Oracle: $202.0102
2025-09-05 14:03:51,520 - httpx - INFO - HTTP Request: GET https://master.dlob.drift.trade/l2?marketName=SOL-PERP&depth=1&includeOracle=true "HTTP/1.1 200 OK"
2025-09-05 14:03:51,522 - __main__ - INFO - REAL PRICE from DLOB: $202.5345
2025-09-05 14:03:51,522 - __main__ - INFO -   Oracle: $202.0102
2025-09-05 14:03:53,651 - httpx - INFO - HTTP Request: GET https://master.dlob.drift.trade/l2?marketName=SOL-PERP&depth=1&includeOracle=true "HTTP/1.1 200 OK"
2025-09-05 14:03:53,652 - __main__ - INFO - REAL PRICE from DLOB: $203.0937
2025-09-05 14:03:53,653 - __main__ - INFO -   Oracle: $202.0762
2025-09-05 14:03:55,973 - httpx - INFO - HTTP Request: GET https://master.dlob.drift.trade/l2?marketName=SOL-PERP&depth=1&includeOracle=true "HTTP/1.1 200 OK"
2025-09-05 14:03:55,974 - __main__ - INFO - REAL PRICE from DLOB: $203.1308
2025-09-05 14:03:55,975 - __main__ - INFO -   Oracle: $202.1100
2025-09-05 14:03:55,975 - __main__ - INFO - ==================================================
2025-09-05 14:03:55,975 - __main__ - INFO - BETA TRACKING UPDATE - Iteration 305
2025-09-05 14:03:55,975 - __main__ - INFO - Runtime: 677.3s
2025-09-05 14:03:55,976 - __main__ - INFO - Current Position: $0.00
2025-09-05 14:03:55,976 - __main__ - INFO - Total Volume: $0.00
2025-09-05 14:03:55,976 - __main__ - INFO - Current Price: $203.1308
2025-09-05 14:03:55,976 - __main__ - INFO - Price Change: +0.30%
2025-09-05 14:03:55,976 - __main__ - INFO - Open Orders: 0
2025-09-05 14:03:55,977 - __main__ - INFO - MACD Values: 229
2025-09-05 14:03:55,977 - __main__ - INFO - Total Signals: 33 (Real: 33)
2025-09-05 14:03:55,977 - __main__ - INFO - DLOB API Success Rate: 226/305
2025-09-05 14:03:55,977 - __main__ - INFO - Data Quality: real_tick
2025-09-05 14:03:55,978 - __main__ - INFO - Mock Mode: False
2025-09-05 14:03:55,978 - __main__ - INFO - Fail Count: 0
2025-09-05 14:03:55,978 - __main__ - INFO - ==================================================
2025-09-05 14:03:58,116 - httpx - INFO - HTTP Request: GET https://master.dlob.drift.trade/l2?marketName=SOL-PERP&depth=1&includeOracle=true "HTTP/1.1 200 OK"
2025-09-05 14:03:58,117 - __main__ - INFO - REAL PRICE from DLOB: $203.2140
2025-09-05 14:03:58,117 - __main__ - INFO -   Oracle: $202.1100
2025-09-05 14:04:00,431 - httpx - INFO - HTTP Request: GET https://master.dlob.drift.trade/l2?marketName=SOL-PERP&depth=1&includeOracle=true "HTTP/1.1 200 OK"
2025-09-05 14:04:00,433 - __main__ - INFO - REAL PRICE from DLOB: $203.2185
2025-09-05 14:04:00,433 - __main__ - INFO -   Oracle: $202.1948
2025-09-05 14:04:02,573 - httpx - INFO - HTTP Request: GET https://master.dlob.drift.trade/l2?marketName=SOL-PERP&depth=1&includeOracle=true "HTTP/1.1 200 OK"
2025-09-05 14:04:02,574 - __main__ - INFO - REAL PRICE from DLOB: $203.2162
2025-09-05 14:04:02,575 - __main__ - INFO -   Oracle: $202.1997
2025-09-05 14:04:04,899 - httpx - INFO - HTTP Request: GET https://master.dlob.drift.trade/l2?marketName=SOL-PERP&depth=1&includeOracle=true "HTTP/1.1 200 OK"
2025-09-05 14:04:04,900 - __main__ - INFO - REAL PRICE from DLOB: $202.7244
2025-09-05 14:04:04,900 - __main__ - INFO -   Oracle: $202.1992
2025-09-05 14:04:07,030 - httpx - INFO - HTTP Request: GET https://master.dlob.drift.trade/l2?marketName=SOL-PERP&depth=1&includeOracle=true "HTTP/1.1 200 OK"
2025-09-05 14:04:07,031 - __main__ - INFO - REAL PRICE from DLOB: $203.1760
2025-09-05 14:04:07,032 - __main__ - INFO -   Oracle: $202.1646
2025-09-05 14:04:07,032 - __main__ - INFO - ==================================================
2025-09-05 14:04:07,032 - __main__ - INFO - BETA TRACKING UPDATE - Iteration 310
2025-09-05 14:04:07,032 - __main__ - INFO - Runtime: 688.3s
2025-09-05 14:04:07,033 - __main__ - INFO - Current Position: $0.00
2025-09-05 14:04:07,033 - __main__ - INFO - Total Volume: $0.00
2025-09-05 14:04:07,033 - __main__ - INFO - Current Price: $203.1760
2025-09-05 14:04:07,033 - __main__ - INFO - Price Change: +0.02%
2025-09-05 14:04:07,033 - __main__ - INFO - Open Orders: 0
2025-09-05 14:04:07,034 - __main__ - INFO - MACD Values: 234
2025-09-05 14:04:07,034 - __main__ - INFO - Total Signals: 33 (Real: 33)
2025-09-05 14:04:07,034 - __main__ - INFO - DLOB API Success Rate: 231/310
2025-09-05 14:04:07,034 - __main__ - INFO - Data Quality: real_tick
2025-09-05 14:04:07,034 - __main__ - INFO - Mock Mode: False
2025-09-05 14:04:07,035 - __main__ - INFO - Fail Count: 0
2025-09-05 14:04:07,035 - __main__ - INFO - ==================================================
2025-09-05 14:04:09,165 - httpx - INFO - HTTP Request: GET https://master.dlob.drift.trade/l2?marketName=SOL-PERP&depth=1&includeOracle=true "HTTP/1.1 200 OK"
2025-09-05 14:04:09,168 - __main__ - INFO - REAL PRICE from DLOB: $202.7035
2025-09-05 14:04:09,169 - __main__ - INFO -   Oracle: $202.1646
2025-09-05 14:04:11,499 - httpx - INFO - HTTP Request: GET https://master.dlob.drift.trade/l2?marketName=SOL-PERP&depth=1&includeOracle=true "HTTP/1.1 200 OK"
2025-09-05 14:04:11,501 - __main__ - INFO - REAL PRICE from DLOB: $202.6899
2025-09-05 14:04:11,501 - __main__ - INFO -   Oracle: $202.1646
2025-09-05 14:04:13,634 - httpx - INFO - HTTP Request: GET https://master.dlob.drift.trade/l2?marketName=SOL-PERP&depth=1&includeOracle=true "HTTP/1.1 200 OK"
2025-09-05 14:04:13,636 - __main__ - INFO - REAL PRICE from DLOB: $202.6979
2025-09-05 14:04:13,636 - __main__ - INFO -   Oracle: $202.1393
2025-09-05 14:04:15,772 - httpx - INFO - HTTP Request: GET https://master.dlob.drift.trade/l2?marketName=SOL-PERP&depth=1&includeOracle=true "HTTP/1.1 200 OK"
2025-09-05 14:04:15,775 - __main__ - INFO - REAL PRICE from DLOB: $202.6981
2025-09-05 14:04:15,775 - __main__ - INFO -   Oracle: $202.1437
2025-09-05 14:04:17,905 - httpx - INFO - HTTP Request: GET https://master.dlob.drift.trade/l2?marketName=SOL-PERP&depth=1&includeOracle=true "HTTP/1.1 200 OK"
2025-09-05 14:04:17,907 - __main__ - INFO - REAL PRICE from DLOB: $202.6839
2025-09-05 14:04:17,908 - __main__ - INFO -   Oracle: $202.1437
2025-09-05 14:04:17,908 - __main__ - INFO - ==================================================
2025-09-05 14:04:17,909 - __main__ - INFO - BETA TRACKING UPDATE - Iteration 315
2025-09-05 14:04:17,909 - __main__ - INFO - Runtime: 699.2s
2025-09-05 14:04:17,909 - __main__ - INFO - Current Position: $0.00
2025-09-05 14:04:17,909 - __main__ - INFO - Total Volume: $0.00
2025-09-05 14:04:17,910 - __main__ - INFO - Current Price: $202.6839
2025-09-05 14:04:17,910 - __main__ - INFO - Price Change: -0.24%
2025-09-05 14:04:17,910 - __main__ - INFO - Open Orders: 0
2025-09-05 14:04:17,910 - __main__ - INFO - MACD Values: 239
2025-09-05 14:04:17,911 - __main__ - INFO - Total Signals: 33 (Real: 33)
2025-09-05 14:04:17,911 - __main__ - INFO - DLOB API Success Rate: 236/315
2025-09-05 14:04:17,911 - __main__ - INFO - Data Quality: real_tick
2025-09-05 14:04:17,911 - __main__ - INFO - Mock Mode: False
2025-09-05 14:04:17,912 - __main__ - INFO - Fail Count: 0
2025-09-05 14:04:17,912 - __main__ - INFO - ==================================================
2025-09-05 14:04:20,235 - httpx - INFO - HTTP Request: GET https://master.dlob.drift.trade/l2?marketName=SOL-PERP&depth=1&includeOracle=true "HTTP/1.1 200 OK"
2025-09-05 14:04:20,236 - __main__ - INFO - REAL PRICE from DLOB: $203.1218
2025-09-05 14:04:20,236 - __main__ - INFO -   Oracle: $202.1097
2025-09-05 14:04:22,371 - httpx - INFO - HTTP Request: GET https://master.dlob.drift.trade/l2?marketName=SOL-PERP&depth=1&includeOracle=true "HTTP/1.1 200 OK"
2025-09-05 14:04:22,373 - __main__ - INFO - REAL PRICE from DLOB: $202.6596
2025-09-05 14:04:22,373 - __main__ - INFO -   Oracle: $202.0887
2025-09-05 14:04:24,683 - httpx - INFO - HTTP Request: GET https://master.dlob.drift.trade/l2?marketName=SOL-PERP&depth=1&includeOracle=true "HTTP/1.1 200 OK"
2025-09-05 14:04:24,684 - __main__ - INFO - REAL PRICE from DLOB: $202.6671
2025-09-05 14:04:24,684 - __main__ - INFO -   Oracle: $202.1032
2025-09-05 14:04:26,829 - httpx - INFO - HTTP Request: GET https://master.dlob.drift.trade/l2?marketName=SOL-PERP&depth=1&includeOracle=true "HTTP/1.1 200 OK"
2025-09-05 14:04:26,831 - __main__ - INFO - REAL PRICE from DLOB: $203.1652
2025-09-05 14:04:26,831 - __main__ - INFO -   Oracle: $202.1032
2025-09-05 14:04:29,143 - httpx - INFO - HTTP Request: GET https://master.dlob.drift.trade/l2?marketName=SOL-PERP&depth=1&includeOracle=true "HTTP/1.1 200 OK"
2025-09-05 14:04:29,145 - __main__ - INFO - REAL PRICE from DLOB: $202.6631
2025-09-05 14:04:29,145 - __main__ - INFO -   Oracle: $202.1480
2025-09-05 14:04:29,145 - __main__ - INFO - ==================================================
2025-09-05 14:04:29,146 - __main__ - INFO - BETA TRACKING UPDATE - Iteration 320
2025-09-05 14:04:29,146 - __main__ - INFO - Runtime: 710.4s
2025-09-05 14:04:29,147 - __main__ - INFO - Current Position: $0.00
2025-09-05 14:04:29,147 - __main__ - INFO - Total Volume: $0.00
2025-09-05 14:04:29,147 - __main__ - INFO - Current Price: $202.6631
2025-09-05 14:04:29,148 - __main__ - INFO - Price Change: -0.01%
2025-09-05 14:04:29,148 - __main__ - INFO - Open Orders: 0
2025-09-05 14:04:29,148 - __main__ - INFO - MACD Values: 244
2025-09-05 14:04:29,149 - __main__ - INFO - Total Signals: 33 (Real: 33)
2025-09-05 14:04:29,149 - __main__ - INFO - DLOB API Success Rate: 241/320
2025-09-05 14:04:29,149 - __main__ - INFO - Data Quality: real_tick
2025-09-05 14:04:29,150 - __main__ - INFO - Mock Mode: False
2025-09-05 14:04:29,150 - __main__ - INFO - Fail Count: 0
2025-09-05 14:04:29,150 - __main__ - INFO - ==================================================
2025-09-05 14:04:31,290 - httpx - INFO - HTTP Request: GET https://master.dlob.drift.trade/l2?marketName=SOL-PERP&depth=1&includeOracle=true "HTTP/1.1 200 OK"
2025-09-05 14:04:31,291 - __main__ - INFO - REAL PRICE from DLOB: $203.1678
2025-09-05 14:04:31,291 - __main__ - INFO -   Oracle: $202.1467
2025-09-05 14:04:33,613 - httpx - INFO - HTTP Request: GET https://master.dlob.drift.trade/l2?marketName=SOL-PERP&depth=1&includeOracle=true "HTTP/1.1 200 OK"
2025-09-05 14:04:33,614 - __main__ - INFO - REAL PRICE from DLOB: $202.6529
2025-09-05 14:04:33,615 - __main__ - INFO -   Oracle: $202.1145
2025-09-05 14:04:35,751 - httpx - INFO - HTTP Request: GET https://master.dlob.drift.trade/l2?marketName=SOL-PERP&depth=1&includeOracle=true "HTTP/1.1 200 OK"
2025-09-05 14:04:35,752 - __main__ - INFO - REAL PRICE from DLOB: $203.1228
2025-09-05 14:04:35,753 - __main__ - INFO -   Oracle: $202.1145
2025-09-05 14:04:38,065 - httpx - INFO - HTTP Request: GET https://master.dlob.drift.trade/l2?marketName=SOL-PERP&depth=1&includeOracle=true "HTTP/1.1 200 OK"
2025-09-05 14:04:38,066 - __main__ - INFO - REAL PRICE from DLOB: $203.1295
2025-09-05 14:04:38,066 - __main__ - INFO -   Oracle: $202.1068
2025-09-05 14:04:40,191 - httpx - INFO - HTTP Request: GET https://master.dlob.drift.trade/l2?marketName=SOL-PERP&depth=1&includeOracle=true "HTTP/1.1 200 OK"
2025-09-05 14:04:40,192 - __main__ - INFO - REAL PRICE from DLOB: $203.1233
2025-09-05 14:04:40,193 - __main__ - INFO -   Oracle: $202.1073
2025-09-05 14:04:40,193 - __main__ - INFO - ==================================================
2025-09-05 14:04:40,193 - __main__ - INFO - BETA TRACKING UPDATE - Iteration 325
2025-09-05 14:04:40,193 - __main__ - INFO - Runtime: 721.5s
2025-09-05 14:04:40,193 - __main__ - INFO - Current Position: $0.00
2025-09-05 14:04:40,194 - __main__ - INFO - Total Volume: $0.00
2025-09-05 14:04:40,194 - __main__ - INFO - Current Price: $203.1233
2025-09-05 14:04:40,194 - __main__ - INFO - Price Change: +0.23%
2025-09-05 14:04:40,194 - __main__ - INFO - Open Orders: 0
2025-09-05 14:04:40,194 - __main__ - INFO - MACD Values: 249
2025-09-05 14:04:40,195 - __main__ - INFO - Total Signals: 33 (Real: 33)
2025-09-05 14:04:40,195 - __main__ - INFO - DLOB API Success Rate: 246/325
2025-09-05 14:04:40,195 - __main__ - INFO - Data Quality: real_tick
2025-09-05 14:04:40,196 - __main__ - INFO - Mock Mode: False
2025-09-05 14:04:40,196 - __main__ - INFO - Fail Count: 0
2025-09-05 14:04:40,196 - __main__ - INFO - ==================================================
2025-09-05 14:04:42,525 - httpx - INFO - HTTP Request: GET https://master.dlob.drift.trade/l2?marketName=SOL-PERP&depth=1&includeOracle=true "HTTP/1.1 200 OK"
2025-09-05 14:04:42,527 - __main__ - INFO - REAL PRICE from DLOB: $202.6534
2025-09-05 14:04:42,528 - __main__ - INFO -   Oracle: $202.1046
2025-09-05 14:04:44,663 - httpx - INFO - HTTP Request: GET https://master.dlob.drift.trade/l2?marketName=SOL-PERP&depth=1&includeOracle=true "HTTP/1.1 200 OK"
2025-09-05 14:04:44,664 - __main__ - INFO - REAL PRICE from DLOB: $202.6533
2025-09-05 14:04:44,665 - __main__ - INFO -   Oracle: $202.1044
2025-09-05 14:04:46,973 - httpx - INFO - HTTP Request: GET https://master.dlob.drift.trade/l2?marketName=SOL-PERP&depth=1&includeOracle=true "HTTP/1.1 200 OK"
2025-09-05 14:04:46,974 - __main__ - INFO - REAL PRICE from DLOB: $202.6481
2025-09-05 14:04:46,975 - __main__ - INFO -   Oracle: $202.1044
2025-09-05 14:04:49,295 - httpx - INFO - HTTP Request: GET https://master.dlob.drift.trade/l2?marketName=SOL-PERP&depth=1&includeOracle=true "HTTP/1.1 200 OK"
2025-09-05 14:04:49,297 - __main__ - INFO - REAL PRICE from DLOB: $202.6560
2025-09-05 14:04:49,297 - __main__ - INFO -   Oracle: $202.1046
2025-09-05 14:04:51,423 - httpx - INFO - HTTP Request: GET https://master.dlob.drift.trade/l2?marketName=SOL-PERP&depth=1&includeOracle=true "HTTP/1.1 200 OK"
2025-09-05 14:04:51,424 - __main__ - INFO - REAL PRICE from DLOB: $202.6560
2025-09-05 14:04:51,425 - __main__ - INFO -   Oracle: $202.1046
2025-09-05 14:04:51,425 - __main__ - INFO - ==================================================
2025-09-05 14:04:51,425 - __main__ - INFO - BETA TRACKING UPDATE - Iteration 330
2025-09-05 14:04:51,425 - __main__ - INFO - Runtime: 732.7s
2025-09-05 14:04:51,426 - __main__ - INFO - Current Position: $0.00
2025-09-05 14:04:51,426 - __main__ - INFO - Total Volume: $0.00
2025-09-05 14:04:51,426 - __main__ - INFO - Current Price: $202.6560
2025-09-05 14:04:51,426 - __main__ - INFO - Price Change: -0.23%
2025-09-05 14:04:51,426 - __main__ - INFO - Open Orders: 0
2025-09-05 14:04:51,427 - __main__ - INFO - MACD Values: 254
2025-09-05 14:04:51,427 - __main__ - INFO - Total Signals: 33 (Real: 33)
2025-09-05 14:04:51,427 - __main__ - INFO - DLOB API Success Rate: 251/330
2025-09-05 14:04:51,427 - __main__ - INFO - Data Quality: real_tick
2025-09-05 14:04:51,428 - __main__ - INFO - Mock Mode: False
2025-09-05 14:04:51,428 - __main__ - INFO - Fail Count: 0
2025-09-05 14:04:51,428 - __main__ - INFO - ==================================================
2025-09-05 14:04:53,744 - httpx - INFO - HTTP Request: GET https://master.dlob.drift.trade/l2?marketName=SOL-PERP&depth=1&includeOracle=true "HTTP/1.1 200 OK"
2025-09-05 14:04:53,746 - __main__ - INFO - REAL PRICE from DLOB: $203.1376
2025-09-05 14:04:53,746 - __main__ - INFO -   Oracle: $202.1193
2025-09-05 14:04:55,889 - httpx - INFO - HTTP Request: GET https://master.dlob.drift.trade/l2?marketName=SOL-PERP&depth=1&includeOracle=true "HTTP/1.1 200 OK"
2025-09-05 14:04:55,891 - __main__ - INFO - REAL PRICE from DLOB: $203.1525
2025-09-05 14:04:55,891 - __main__ - INFO -   Oracle: $202.1192
2025-09-05 14:04:58,033 - httpx - INFO - HTTP Request: GET https://master.dlob.drift.trade/l2?marketName=SOL-PERP&depth=1&includeOracle=true "HTTP/1.1 200 OK"
2025-09-05 14:04:58,034 - __main__ - INFO - REAL PRICE from DLOB: $203.1287
2025-09-05 14:04:58,034 - __main__ - INFO -   Oracle: $202.1192
2025-09-05 14:05:00,415 - httpx - INFO - HTTP Request: GET https://master.dlob.drift.trade/l2?marketName=SOL-PERP&depth=1&includeOracle=true "HTTP/1.1 200 OK"
2025-09-05 14:05:00,416 - __main__ - INFO - REAL PRICE from DLOB: $202.6864
2025-09-05 14:05:00,417 - __main__ - INFO -   Oracle: $202.1511
2025-09-05 14:05:02,554 - httpx - INFO - HTTP Request: GET https://master.dlob.drift.trade/l2?marketName=SOL-PERP&depth=1&includeOracle=true "HTTP/1.1 200 OK"
2025-09-05 14:05:02,555 - __main__ - INFO - REAL PRICE from DLOB: $202.6815
2025-09-05 14:05:02,556 - __main__ - INFO -   Oracle: $202.1806
2025-09-05 14:05:02,556 - __main__ - INFO - ==================================================
2025-09-05 14:05:02,556 - __main__ - INFO - BETA TRACKING UPDATE - Iteration 335
2025-09-05 14:05:02,557 - __main__ - INFO - Runtime: 743.8s
2025-09-05 14:05:02,557 - __main__ - INFO - Current Position: $0.00
2025-09-05 14:05:02,557 - __main__ - INFO - Total Volume: $0.00
2025-09-05 14:05:02,557 - __main__ - INFO - Current Price: $202.6815
2025-09-05 14:05:02,557 - __main__ - INFO - Price Change: +0.01%
2025-09-05 14:05:02,558 - __main__ - INFO - Open Orders: 0
2025-09-05 14:05:02,558 - __main__ - INFO - MACD Values: 259
2025-09-05 14:05:02,558 - __main__ - INFO - Total Signals: 33 (Real: 33)
2025-09-05 14:05:02,558 - __main__ - INFO - DLOB API Success Rate: 256/335
2025-09-05 14:05:02,558 - __main__ - INFO - Data Quality: real_tick
2025-09-05 14:05:02,559 - __main__ - INFO - Mock Mode: False
2025-09-05 14:05:02,559 - __main__ - INFO - Fail Count: 0
2025-09-05 14:05:02,559 - __main__ - INFO - ==================================================
2025-09-05 14:05:04,883 - httpx - INFO - HTTP Request: GET https://master.dlob.drift.trade/l2?marketName=SOL-PERP&depth=1&includeOracle=true "HTTP/1.1 200 OK"
2025-09-05 14:05:04,884 - __main__ - INFO - REAL PRICE from DLOB: $202.6968
2025-09-05 14:05:04,884 - __main__ - INFO -   Oracle: $202.1806
2025-09-05 14:05:07,205 - httpx - INFO - HTTP Request: GET https://master.dlob.drift.trade/l2?marketName=SOL-PERP&depth=1&includeOracle=true "HTTP/1.1 200 OK"
2025-09-05 14:05:07,206 - __main__ - INFO - REAL PRICE from DLOB: $203.1736
2025-09-05 14:05:07,207 - __main__ - INFO -   Oracle: $202.1806
2025-09-05 14:05:09,531 - httpx - INFO - HTTP Request: GET https://master.dlob.drift.trade/l2?marketName=SOL-PERP&depth=1&includeOracle=true "HTTP/1.1 200 OK"
2025-09-05 14:05:09,532 - __main__ - INFO - REAL PRICE from DLOB: $202.7135
2025-09-05 14:05:09,532 - __main__ - INFO -   Oracle: $202.1551
2025-09-05 14:05:11,671 - httpx - INFO - HTTP Request: GET https://master.dlob.drift.trade/l2?marketName=SOL-PERP&depth=1&includeOracle=true "HTTP/1.1 200 OK"
2025-09-05 14:05:11,672 - __main__ - INFO - REAL PRICE from DLOB: $202.7246
2025-09-05 14:05:11,673 - __main__ - INFO -   Oracle: $202.1551
2025-09-05 14:05:13,996 - httpx - INFO - HTTP Request: GET https://master.dlob.drift.trade/l2?marketName=SOL-PERP&depth=1&includeOracle=true "HTTP/1.1 200 OK"
2025-09-05 14:05:13,997 - __main__ - INFO - REAL PRICE from DLOB: $202.7125
2025-09-05 14:05:13,998 - __main__ - INFO -   Oracle: $202.1551
2025-09-05 14:05:13,998 - __main__ - INFO - ==================================================
2025-09-05 14:05:13,999 - __main__ - INFO - BETA TRACKING UPDATE - Iteration 340
2025-09-05 14:05:13,999 - __main__ - INFO - Runtime: 755.3s
2025-09-05 14:05:13,999 - __main__ - INFO - Current Position: $0.00
2025-09-05 14:05:13,999 - __main__ - INFO - Total Volume: $0.00
2025-09-05 14:05:13,999 - __main__ - INFO - Current Price: $202.7125
2025-09-05 14:05:14,000 - __main__ - INFO - Price Change: +0.02%
2025-09-05 14:05:14,000 - __main__ - INFO - Open Orders: 0
2025-09-05 14:05:14,000 - __main__ - INFO - MACD Values: 264
2025-09-05 14:05:14,000 - __main__ - INFO - Total Signals: 33 (Real: 33)
2025-09-05 14:05:14,000 - __main__ - INFO - DLOB API Success Rate: 261/340
2025-09-05 14:05:14,001 - __main__ - INFO - Data Quality: real_tick
2025-09-05 14:05:14,001 - __main__ - INFO - Mock Mode: False
2025-09-05 14:05:14,001 - __main__ - INFO - Fail Count: 0
2025-09-05 14:05:14,001 - __main__ - INFO - ==================================================
2025-09-05 14:05:16,326 - httpx - INFO - HTTP Request: GET https://master.dlob.drift.trade/l2?marketName=SOL-PERP&depth=1&includeOracle=true "HTTP/1.1 200 OK"
2025-09-05 14:05:16,327 - __main__ - INFO - REAL PRICE from DLOB: $202.7473
2025-09-05 14:05:16,328 - __main__ - INFO -   Oracle: $202.1551
2025-09-05 14:05:18,454 - httpx - INFO - HTTP Request: GET https://master.dlob.drift.trade/l2?marketName=SOL-PERP&depth=1&includeOracle=true "HTTP/1.1 200 OK"
2025-09-05 14:05:18,456 - __main__ - INFO - REAL PRICE from DLOB: $203.3048
2025-09-05 14:05:18,456 - __main__ - INFO -   Oracle: $202.2854
2025-09-05 14:05:20,772 - httpx - INFO - HTTP Request: GET https://master.dlob.drift.trade/l2?marketName=SOL-PERP&depth=1&includeOracle=true "HTTP/1.1 200 OK"
2025-09-05 14:05:20,773 - __main__ - INFO - REAL PRICE from DLOB: $203.3141
2025-09-05 14:05:20,773 - __main__ - INFO -   Oracle: $202.2854
2025-09-05 14:05:23,109 - httpx - INFO - HTTP Request: GET https://master.dlob.drift.trade/l2?marketName=SOL-PERP&depth=1&includeOracle=true "HTTP/1.1 200 OK"
2025-09-05 14:05:23,110 - __main__ - INFO - REAL PRICE from DLOB: $202.8345
2025-09-05 14:05:23,110 - __main__ - INFO -   Oracle: $202.2947
2025-09-05 14:05:25,247 - httpx - INFO - HTTP Request: GET https://master.dlob.drift.trade/l2?marketName=SOL-PERP&depth=1&includeOracle=true "HTTP/1.1 200 OK"
2025-09-05 14:05:25,248 - __main__ - INFO - REAL PRICE from DLOB: $202.8270
2025-09-05 14:05:25,249 - __main__ - INFO -   Oracle: $202.2947
2025-09-05 14:05:25,249 - __main__ - INFO - ==================================================
2025-09-05 14:05:25,249 - __main__ - INFO - BETA TRACKING UPDATE - Iteration 345
2025-09-05 14:05:25,249 - __main__ - INFO - Runtime: 766.5s
2025-09-05 14:05:25,249 - __main__ - INFO - Current Position: $0.00
2025-09-05 14:05:25,250 - __main__ - INFO - Total Volume: $0.00
2025-09-05 14:05:25,250 - __main__ - INFO - Current Price: $202.8270
2025-09-05 14:05:25,250 - __main__ - INFO - Price Change: +0.06%
2025-09-05 14:05:25,250 - __main__ - INFO - Open Orders: 0
2025-09-05 14:05:25,250 - __main__ - INFO - MACD Values: 269
2025-09-05 14:05:25,251 - __main__ - INFO - Total Signals: 33 (Real: 33)
2025-09-05 14:05:25,251 - __main__ - INFO - DLOB API Success Rate: 266/345
2025-09-05 14:05:25,251 - __main__ - INFO - Data Quality: real_tick
2025-09-05 14:05:25,252 - __main__ - INFO - Mock Mode: False
2025-09-05 14:05:25,252 - __main__ - INFO - Fail Count: 0
2025-09-05 14:05:25,252 - __main__ - INFO - ==================================================
2025-09-05 14:05:27,382 - httpx - INFO - HTTP Request: GET https://master.dlob.drift.trade/l2?marketName=SOL-PERP&depth=1&includeOracle=true "HTTP/1.1 200 OK"
2025-09-05 14:05:27,383 - __main__ - INFO - REAL PRICE from DLOB: $203.2928
2025-09-05 14:05:27,383 - __main__ - INFO -   Oracle: $202.2947
2025-09-05 14:05:29,707 - httpx - INFO - HTTP Request: GET https://master.dlob.drift.trade/l2?marketName=SOL-PERP&depth=1&includeOracle=true "HTTP/1.1 200 OK"
2025-09-05 14:05:29,708 - __main__ - INFO - REAL PRICE from DLOB: $203.2911
2025-09-05 14:05:29,708 - __main__ - INFO -   Oracle: $202.2776
2025-09-05 14:05:32,020 - httpx - INFO - HTTP Request: GET https://master.dlob.drift.trade/l2?marketName=SOL-PERP&depth=1&includeOracle=true "HTTP/1.1 200 OK"
2025-09-05 14:05:32,021 - __main__ - INFO - REAL PRICE from DLOB: $203.2399
2025-09-05 14:05:32,021 - __main__ - INFO -   Oracle: $202.2210
2025-09-05 14:05:34,347 - httpx - INFO - HTTP Request: GET https://master.dlob.drift.trade/l2?marketName=SOL-PERP&depth=1&includeOracle=true "HTTP/1.1 200 OK"
2025-09-05 14:05:34,348 - __main__ - INFO - REAL PRICE from DLOB: $203.2559
2025-09-05 14:05:34,348 - __main__ - INFO -   Oracle: $202.2210
2025-09-05 14:05:36,486 - httpx - INFO - HTTP Request: GET https://master.dlob.drift.trade/l2?marketName=SOL-PERP&depth=1&includeOracle=true "HTTP/1.1 200 OK"
2025-09-05 14:05:36,488 - __main__ - INFO - REAL PRICE from DLOB: $203.2039
2025-09-05 14:05:36,488 - __main__ - INFO -   Oracle: $202.2210
2025-09-05 14:05:36,488 - __main__ - INFO - ==================================================
2025-09-05 14:05:36,488 - __main__ - INFO - BETA TRACKING UPDATE - Iteration 350
2025-09-05 14:05:36,489 - __main__ - INFO - Runtime: 777.8s
2025-09-05 14:05:36,489 - __main__ - INFO - Current Position: $0.00
2025-09-05 14:05:36,489 - __main__ - INFO - Total Volume: $0.00
2025-09-05 14:05:36,489 - __main__ - INFO - Current Price: $203.2039
2025-09-05 14:05:36,489 - __main__ - INFO - Price Change: +0.19%
2025-09-05 14:05:36,490 - __main__ - INFO - Open Orders: 0
2025-09-05 14:05:36,490 - __main__ - INFO - MACD Values: 274
2025-09-05 14:05:36,490 - __main__ - INFO - Total Signals: 33 (Real: 33)
2025-09-05 14:05:36,490 - __main__ - INFO - DLOB API Success Rate: 271/350
2025-09-05 14:05:36,490 - __main__ - INFO - Data Quality: real_tick
2025-09-05 14:05:36,491 - __main__ - INFO - Mock Mode: False
2025-09-05 14:05:36,491 - __main__ - INFO - Fail Count: 0
2025-09-05 14:05:36,491 - __main__ - INFO - ==================================================
2025-09-05 14:05:38,645 - httpx - INFO - HTTP Request: GET https://master.dlob.drift.trade/l2?marketName=SOL-PERP&depth=1&includeOracle=true "HTTP/1.1 200 OK"
2025-09-05 14:05:38,646 - __main__ - INFO - REAL PRICE from DLOB: $203.2039
2025-09-05 14:05:38,647 - __main__ - INFO -   Oracle: $202.2210
2025-09-05 14:05:40,771 - httpx - INFO - HTTP Request: GET https://master.dlob.drift.trade/l2?marketName=SOL-PERP&depth=1&includeOracle=true "HTTP/1.1 200 OK"
2025-09-05 14:05:40,772 - __main__ - INFO - REAL PRICE from DLOB: $203.2441
2025-09-05 14:05:40,773 - __main__ - INFO -   Oracle: $202.2210
2025-09-05 14:05:43,091 - httpx - INFO - HTTP Request: GET https://master.dlob.drift.trade/l2?marketName=SOL-PERP&depth=1&includeOracle=true "HTTP/1.1 200 OK"
2025-09-05 14:05:43,093 - __main__ - INFO - REAL PRICE from DLOB: $203.2645
2025-09-05 14:05:43,093 - __main__ - INFO -   Oracle: $202.2481
2025-09-05 14:05:45,411 - httpx - INFO - HTTP Request: GET https://master.dlob.drift.trade/l2?marketName=SOL-PERP&depth=1&includeOracle=true "HTTP/1.1 200 OK"
2025-09-05 14:05:45,412 - __main__ - INFO - REAL PRICE from DLOB: $203.2640
2025-09-05 14:05:45,412 - __main__ - INFO -   Oracle: $202.2481
2025-09-05 14:05:47,546 - httpx - INFO - HTTP Request: GET https://master.dlob.drift.trade/l2?marketName=SOL-PERP&depth=1&includeOracle=true "HTTP/1.1 200 OK"
2025-09-05 14:05:47,546 - __main__ - INFO - REAL PRICE from DLOB: $203.2651
2025-09-05 14:05:47,547 - __main__ - INFO -   Oracle: $202.2481
2025-09-05 14:05:47,547 - __main__ - INFO - ==================================================
2025-09-05 14:05:47,547 - __main__ - INFO - BETA TRACKING UPDATE - Iteration 355
2025-09-05 14:05:47,547 - __main__ - INFO - Runtime: 788.8s
2025-09-05 14:05:47,548 - __main__ - INFO - Current Position: $0.00
2025-09-05 14:05:47,548 - __main__ - INFO - Total Volume: $0.00
2025-09-05 14:05:47,548 - __main__ - INFO - Current Price: $203.2651
2025-09-05 14:05:47,548 - __main__ - INFO - Price Change: +0.03%
2025-09-05 14:05:47,548 - __main__ - INFO - Open Orders: 0
2025-09-05 14:05:47,549 - __main__ - INFO - MACD Values: 279
2025-09-05 14:05:47,549 - __main__ - INFO - Total Signals: 33 (Real: 33)
2025-09-05 14:05:47,549 - __main__ - INFO - DLOB API Success Rate: 276/355
2025-09-05 14:05:47,549 - __main__ - INFO - Data Quality: real_tick
2025-09-05 14:05:47,549 - __main__ - INFO - Mock Mode: False
2025-09-05 14:05:47,549 - __main__ - INFO - Fail Count: 0
2025-09-05 14:05:47,550 - __main__ - INFO - ==================================================
2025-09-05 14:05:49,689 - httpx - INFO - HTTP Request: GET https://master.dlob.drift.trade/l2?marketName=SOL-PERP&depth=1&includeOracle=true "HTTP/1.1 200 OK"
2025-09-05 14:05:49,690 - __main__ - INFO - REAL PRICE from DLOB: $203.2700
2025-09-05 14:05:49,690 - __main__ - INFO -   Oracle: $202.2481
2025-09-05 14:05:52,015 - httpx - INFO - HTTP Request: GET https://master.dlob.drift.trade/l2?marketName=SOL-PERP&depth=1&includeOracle=true "HTTP/1.1 200 OK"
2025-09-05 14:05:52,016 - __main__ - INFO - REAL PRICE from DLOB: $203.2702
2025-09-05 14:05:52,016 - __main__ - INFO -   Oracle: $202.2481
2025-09-05 14:05:54,150 - httpx - INFO - HTTP Request: GET https://master.dlob.drift.trade/l2?marketName=SOL-PERP&depth=1&includeOracle=true "HTTP/1.1 200 OK"
2025-09-05 14:05:54,151 - __main__ - INFO - REAL PRICE from DLOB: $203.2801
2025-09-05 14:05:54,152 - __main__ - INFO -   Oracle: $202.2481
2025-09-05 14:05:56,472 - httpx - INFO - HTTP Request: GET https://master.dlob.drift.trade/l2?marketName=SOL-PERP&depth=1&includeOracle=true "HTTP/1.1 200 OK"
2025-09-05 14:05:56,474 - __main__ - INFO - REAL PRICE from DLOB: $203.3043
2025-09-05 14:05:56,474 - __main__ - INFO -   Oracle: $202.2481
2025-09-05 14:05:58,613 - httpx - INFO - HTTP Request: GET https://master.dlob.drift.trade/l2?marketName=SOL-PERP&depth=1&includeOracle=true "HTTP/1.1 200 OK"
2025-09-05 14:05:58,614 - __main__ - INFO - REAL PRICE from DLOB: $203.2848
2025-09-05 14:05:58,614 - __main__ - INFO -   Oracle: $202.2481
2025-09-05 14:05:58,614 - __main__ - INFO - ==================================================
2025-09-05 14:05:58,615 - __main__ - INFO - BETA TRACKING UPDATE - Iteration 360
2025-09-05 14:05:58,615 - __main__ - INFO - Runtime: 799.9s
2025-09-05 14:05:58,615 - __main__ - INFO - Current Position: $0.00
2025-09-05 14:05:58,615 - __main__ - INFO - Total Volume: $0.00
2025-09-05 14:05:58,615 - __main__ - INFO - Current Price: $203.2848
2025-09-05 14:05:58,616 - __main__ - INFO - Price Change: +0.01%
2025-09-05 14:05:58,616 - __main__ - INFO - Open Orders: 0
2025-09-05 14:05:58,616 - __main__ - INFO - MACD Values: 284
2025-09-05 14:05:58,616 - __main__ - INFO - Total Signals: 33 (Real: 33)
2025-09-05 14:05:58,616 - __main__ - INFO - DLOB API Success Rate: 281/360
2025-09-05 14:05:58,617 - __main__ - INFO - Data Quality: real_tick
2025-09-05 14:05:58,617 - __main__ - INFO - Mock Mode: False
2025-09-05 14:05:58,617 - __main__ - INFO - Fail Count: 0
2025-09-05 14:05:58,618 - __main__ - INFO - ==================================================
2025-09-05 14:06:00,949 - httpx - INFO - HTTP Request: GET https://master.dlob.drift.trade/l2?marketName=SOL-PERP&depth=1&includeOracle=true "HTTP/1.1 200 OK"
2025-09-05 14:06:00,950 - __main__ - INFO - REAL PRICE from DLOB: $203.2849
2025-09-05 14:06:00,951 - __main__ - INFO -   Oracle: $202.2658
2025-09-05 14:06:03,088 - httpx - INFO - HTTP Request: GET https://master.dlob.drift.trade/l2?marketName=SOL-PERP&depth=1&includeOracle=true "HTTP/1.1 200 OK"
2025-09-05 14:06:03,089 - __main__ - INFO - REAL PRICE from DLOB: $203.2819
2025-09-05 14:06:03,089 - __main__ - INFO -   Oracle: $202.2623
2025-09-05 14:06:05,433 - httpx - INFO - HTTP Request: GET https://master.dlob.drift.trade/l2?marketName=SOL-PERP&depth=1&includeOracle=true "HTTP/1.1 200 OK"
2025-09-05 14:06:05,434 - __main__ - INFO - REAL PRICE from DLOB: $203.2340
2025-09-05 14:06:05,435 - __main__ - INFO -   Oracle: $202.2623
2025-09-05 14:06:07,566 - httpx - INFO - HTTP Request: GET https://master.dlob.drift.trade/l2?marketName=SOL-PERP&depth=1&includeOracle=true "HTTP/1.1 200 OK"
2025-09-05 14:06:07,568 - __main__ - INFO - REAL PRICE from DLOB: $203.2321
2025-09-05 14:06:07,568 - __main__ - INFO -   Oracle: $202.2623
2025-09-05 14:06:09,704 - httpx - INFO - HTTP Request: GET https://master.dlob.drift.trade/l2?marketName=SOL-PERP&depth=1&includeOracle=true "HTTP/1.1 200 OK"
2025-09-05 14:06:09,705 - __main__ - INFO - REAL PRICE from DLOB: $203.2686
2025-09-05 14:06:09,706 - __main__ - INFO -   Oracle: $202.2623
2025-09-05 14:06:09,706 - __main__ - INFO - ==================================================
2025-09-05 14:06:09,706 - __main__ - INFO - BETA TRACKING UPDATE - Iteration 365
2025-09-05 14:06:09,706 - __main__ - INFO - Runtime: 811.0s
2025-09-05 14:06:09,707 - __main__ - INFO - Current Position: $0.00
2025-09-05 14:06:09,707 - __main__ - INFO - Total Volume: $0.00
2025-09-05 14:06:09,707 - __main__ - INFO - Current Price: $203.2686
2025-09-05 14:06:09,707 - __main__ - INFO - Price Change: -0.01%
2025-09-05 14:06:09,708 - __main__ - INFO - Open Orders: 0
2025-09-05 14:06:09,708 - __main__ - INFO - MACD Values: 289
2025-09-05 14:06:09,708 - __main__ - INFO - Total Signals: 33 (Real: 33)
2025-09-05 14:06:09,708 - __main__ - INFO - DLOB API Success Rate: 286/365
2025-09-05 14:06:09,709 - __main__ - INFO - Data Quality: real_tick
2025-09-05 14:06:09,709 - __main__ - INFO - Mock Mode: False
2025-09-05 14:06:09,709 - __main__ - INFO - Fail Count: 0
2025-09-05 14:06:09,710 - __main__ - INFO - ==================================================
2025-09-05 14:06:11,972 - httpx - INFO - HTTP Request: GET https://master.dlob.drift.trade/l2?marketName=SOL-PERP&depth=1&includeOracle=true "HTTP/1.1 200 OK"
2025-09-05 14:06:11,973 - __main__ - INFO - REAL PRICE from DLOB: $203.3027
2025-09-05 14:06:11,974 - __main__ - INFO -   Oracle: $202.2623
2025-09-05 14:06:14,106 - httpx - INFO - HTTP Request: GET https://master.dlob.drift.trade/l2?marketName=SOL-PERP&depth=1&includeOracle=true "HTTP/1.1 200 OK"
2025-09-05 14:06:14,107 - __main__ - INFO - REAL PRICE from DLOB: $203.3256
2025-09-05 14:06:14,107 - __main__ - INFO -   Oracle: $202.2623
2025-09-05 14:06:16,434 - httpx - INFO - HTTP Request: GET https://master.dlob.drift.trade/l2?marketName=SOL-PERP&depth=1&includeOracle=true "HTTP/1.1 200 OK"
2025-09-05 14:06:16,436 - __main__ - INFO - REAL PRICE from DLOB: $203.3867
2025-09-05 14:06:16,436 - __main__ - INFO -   Oracle: $202.2623
2025-09-05 14:06:18,762 - httpx - INFO - HTTP Request: GET https://master.dlob.drift.trade/l2?marketName=SOL-PERP&depth=1&includeOracle=true "HTTP/1.1 200 OK"
2025-09-05 14:06:18,763 - __main__ - INFO - REAL PRICE from DLOB: $203.4154
2025-09-05 14:06:18,764 - __main__ - INFO -   Oracle: $202.2623
2025-09-05 14:06:21,078 - httpx - INFO - HTTP Request: GET https://master.dlob.drift.trade/l2?marketName=SOL-PERP&depth=1&includeOracle=true "HTTP/1.1 200 OK"
2025-09-05 14:06:21,080 - __main__ - INFO - REAL PRICE from DLOB: $203.3321
2025-09-05 14:06:21,080 - __main__ - INFO -   Oracle: $202.3456
2025-09-05 14:06:21,081 - __main__ - INFO - ==================================================
2025-09-05 14:06:21,081 - __main__ - INFO - BETA TRACKING UPDATE - Iteration 370
2025-09-05 14:06:21,081 - __main__ - INFO - Runtime: 822.4s
2025-09-05 14:06:21,081 - __main__ - INFO - Current Position: $0.00
2025-09-05 14:06:21,082 - __main__ - INFO - Total Volume: $0.00
2025-09-05 14:06:21,082 - __main__ - INFO - Current Price: $203.3321
2025-09-05 14:06:21,082 - __main__ - INFO - Price Change: +0.03%
2025-09-05 14:06:21,082 - __main__ - INFO - Open Orders: 0
2025-09-05 14:06:21,082 - __main__ - INFO - MACD Values: 294
2025-09-05 14:06:21,082 - __main__ - INFO - Total Signals: 33 (Real: 33)
2025-09-05 14:06:21,082 - __main__ - INFO - DLOB API Success Rate: 291/370
2025-09-05 14:06:21,083 - __main__ - INFO - Data Quality: real_tick
2025-09-05 14:06:21,083 - __main__ - INFO - Mock Mode: False
2025-09-05 14:06:21,083 - __main__ - INFO - Fail Count: 0
2025-09-05 14:06:21,084 - __main__ - INFO - ==================================================
2025-09-05 14:06:23,224 - httpx - INFO - HTTP Request: GET https://master.dlob.drift.trade/l2?marketName=SOL-PERP&depth=1&includeOracle=true "HTTP/1.1 200 OK"
2025-09-05 14:06:23,227 - __main__ - INFO - REAL PRICE from DLOB: $203.3265
2025-09-05 14:06:23,227 - __main__ - INFO -   Oracle: $202.3456
2025-09-05 14:06:25,545 - httpx - INFO - HTTP Request: GET https://master.dlob.drift.trade/l2?marketName=SOL-PERP&depth=1&includeOracle=true "HTTP/1.1 200 OK"
2025-09-05 14:06:25,546 - __main__ - INFO - REAL PRICE from DLOB: $203.2701
2025-09-05 14:06:25,546 - __main__ - INFO -   Oracle: $202.3456
2025-09-05 14:06:27,695 - httpx - INFO - HTTP Request: GET https://master.dlob.drift.trade/l2?marketName=SOL-PERP&depth=1&includeOracle=true "HTTP/1.1 200 OK"
2025-09-05 14:06:27,696 - __main__ - INFO - REAL PRICE from DLOB: $203.2457
2025-09-05 14:06:27,697 - __main__ - INFO -   Oracle: $202.3456
2025-09-05 14:06:30,021 - httpx - INFO - HTTP Request: GET https://master.dlob.drift.trade/l2?marketName=SOL-PERP&depth=1&includeOracle=true "HTTP/1.1 200 OK"
2025-09-05 14:06:30,022 - __main__ - INFO - REAL PRICE from DLOB: $203.2291
2025-09-05 14:06:30,022 - __main__ - INFO -   Oracle: $202.3456
2025-09-05 14:06:32,336 - httpx - INFO - HTTP Request: GET https://master.dlob.drift.trade/l2?marketName=SOL-PERP&depth=1&includeOracle=true "HTTP/1.1 200 OK"
2025-09-05 14:06:32,336 - __main__ - INFO - REAL PRICE from DLOB: $203.2275
2025-09-05 14:06:32,337 - __main__ - INFO -   Oracle: $202.2100
2025-09-05 14:06:32,337 - __main__ - INFO - ==================================================
2025-09-05 14:06:32,337 - __main__ - INFO - BETA TRACKING UPDATE - Iteration 375
2025-09-05 14:06:32,337 - __main__ - INFO - Runtime: 833.6s
2025-09-05 14:06:32,338 - __main__ - INFO - Current Position: $0.00
2025-09-05 14:06:32,338 - __main__ - INFO - Total Volume: $0.00
2025-09-05 14:06:32,338 - __main__ - INFO - Current Price: $203.2275
2025-09-05 14:06:32,338 - __main__ - INFO - Price Change: -0.05%
2025-09-05 14:06:32,338 - __main__ - INFO - Open Orders: 0
2025-09-05 14:06:32,340 - __main__ - INFO - MACD Values: 299
2025-09-05 14:06:32,340 - __main__ - INFO - Total Signals: 33 (Real: 33)
2025-09-05 14:06:32,340 - __main__ - INFO - DLOB API Success Rate: 296/375
2025-09-05 14:06:32,340 - __main__ - INFO - Data Quality: real_tick
2025-09-05 14:06:32,340 - __main__ - INFO - Mock Mode: False
2025-09-05 14:06:32,340 - __main__ - INFO - Fail Count: 0
2025-09-05 14:06:32,340 - __main__ - INFO - ==================================================
2025-09-05 14:06:34,471 - httpx - INFO - HTTP Request: GET https://master.dlob.drift.trade/l2?marketName=SOL-PERP&depth=1&includeOracle=true "HTTP/1.1 200 OK"
2025-09-05 14:06:34,472 - __main__ - INFO - REAL PRICE from DLOB: $203.2312
2025-09-05 14:06:34,473 - __main__ - INFO -   Oracle: $202.2100
2025-09-05 14:06:36,598 - httpx - INFO - HTTP Request: GET https://master.dlob.drift.trade/l2?marketName=SOL-PERP&depth=1&includeOracle=true "HTTP/1.1 200 OK"
2025-09-05 14:06:36,599 - __main__ - INFO - REAL PRICE from DLOB: $203.2507
2025-09-05 14:06:36,600 - __main__ - INFO -   Oracle: $202.2100
2025-09-05 14:06:38,727 - httpx - INFO - HTTP Request: GET https://master.dlob.drift.trade/l2?marketName=SOL-PERP&depth=1&includeOracle=true "HTTP/1.1 200 OK"
2025-09-05 14:06:38,728 - __main__ - INFO - REAL PRICE from DLOB: $203.2507
2025-09-05 14:06:38,728 - __main__ - INFO -   Oracle: $202.2100
2025-09-05 14:06:41,046 - httpx - INFO - HTTP Request: GET https://master.dlob.drift.trade/l2?marketName=SOL-PERP&depth=1&includeOracle=true "HTTP/1.1 200 OK"
2025-09-05 14:06:41,047 - __main__ - INFO - REAL PRICE from DLOB: $203.2521
2025-09-05 14:06:41,047 - __main__ - INFO -   Oracle: $202.2100
2025-09-05 14:06:43,178 - httpx - INFO - HTTP Request: GET https://master.dlob.drift.trade/l2?marketName=SOL-PERP&depth=1&includeOracle=true "HTTP/1.1 503 Service Unavailable"
2025-09-05 14:06:43,179 - __main__ - WARNING - DLOB fetch failed (attempt 1): DLOB 503 Service Unavailable (devnet flaky)
2025-09-05 14:06:43,787 - __main__ - WARNING - DLOB fetch failed: DLOB 503 Service Unavailable (devnet flaky)
2025-09-05 14:06:43,787 - __main__ - INFO - Using last good price: $203.2521
2025-09-05 14:06:43,787 - __main__ - INFO - ==================================================
2025-09-05 14:06:43,787 - __main__ - INFO - BETA TRACKING UPDATE - Iteration 380
2025-09-05 14:06:43,787 - __main__ - INFO - Runtime: 845.1s
2025-09-05 14:06:43,788 - __main__ - INFO - Current Position: $0.00
2025-09-05 14:06:43,788 - __main__ - INFO - Total Volume: $0.00
2025-09-05 14:06:43,788 - __main__ - INFO - Current Price: $203.2521
2025-09-05 14:06:43,788 - __main__ - INFO - Price Change: +0.01%
2025-09-05 14:06:43,788 - __main__ - INFO - Open Orders: 0
2025-09-05 14:06:43,788 - __main__ - INFO - MACD Values: 304
2025-09-05 14:06:43,789 - __main__ - INFO - Total Signals: 33 (Real: 33)
2025-09-05 14:06:43,789 - __main__ - INFO - DLOB API Success Rate: 300/380
2025-09-05 14:06:43,789 - __main__ - INFO - Data Quality: real_tick
2025-09-05 14:06:43,789 - __main__ - INFO - Mock Mode: False
2025-09-05 14:06:43,789 - __main__ - INFO - Fail Count: 1
2025-09-05 14:06:43,790 - __main__ - INFO - ==================================================
2025-09-05 14:06:45,925 - httpx - INFO - HTTP Request: GET https://master.dlob.drift.trade/l2?marketName=SOL-PERP&depth=1&includeOracle=true "HTTP/1.1 503 Service Unavailable"
2025-09-05 14:06:45,927 - __main__ - WARNING - DLOB fetch failed (attempt 2): DLOB 503 Service Unavailable (devnet flaky)
2025-09-05 14:06:47,115 - __main__ - WARNING - DLOB fetch failed: DLOB 503 Service Unavailable (devnet flaky)
2025-09-05 14:06:47,116 - __main__ - INFO - Using last good price: $203.2521
2025-09-05 14:06:49,432 - httpx - INFO - HTTP Request: GET https://master.dlob.drift.trade/l2?marketName=SOL-PERP&depth=1&includeOracle=true "HTTP/1.1 503 Service Unavailable"
2025-09-05 14:06:49,433 - __main__ - WARNING - DLOB fetch failed (attempt 3): DLOB 503 Service Unavailable (devnet flaky)
2025-09-05 14:06:49,433 - __main__ - WARNING - Circuit breaker activated - switching to mock mode after 3 failures
2025-09-05 14:06:49,434 - __main__ - WARNING - DLOB fetch failed: DLOB 503 Service Unavailable (devnet flaky)
2025-09-05 14:06:49,434 - __main__ - INFO - Using last good price: $203.2521
2025-09-05 14:06:49,434 - __main__ - WARNING - No valid price for strategy - skipping signal generation
2025-09-05 14:06:51,567 - httpx - INFO - HTTP Request: GET https://master.dlob.drift.trade/l2?marketName=SOL-PERP&depth=1&includeOracle=true "HTTP/1.1 503 Service Unavailable"
2025-09-05 14:06:51,568 - __main__ - WARNING - DLOB fetch failed (attempt 4): DLOB 503 Service Unavailable (devnet flaky)
2025-09-05 14:06:51,569 - __main__ - WARNING - Circuit breaker activated - switching to mock mode after 4 failures
2025-09-05 14:06:51,569 - __main__ - WARNING - DLOB fetch failed: DLOB 503 Service Unavailable (devnet flaky)
2025-09-05 14:06:51,569 - __main__ - INFO - Using last good price: $203.2521
2025-09-05 14:06:51,569 - __main__ - WARNING - No valid price for strategy - skipping signal generation
2025-09-05 14:06:53,888 - httpx - INFO - HTTP Request: GET https://master.dlob.drift.trade/l2?marketName=SOL-PERP&depth=1&includeOracle=true "HTTP/1.1 503 Service Unavailable"
2025-09-05 14:06:53,889 - __main__ - WARNING - DLOB fetch failed (attempt 5): DLOB 503 Service Unavailable (devnet flaky)
2025-09-05 14:06:53,889 - __main__ - WARNING - Circuit breaker activated - switching to mock mode after 5 failures
2025-09-05 14:06:53,889 - __main__ - WARNING - DLOB fetch failed: DLOB 503 Service Unavailable (devnet flaky)
2025-09-05 14:06:53,890 - __main__ - INFO - Using last good price: $203.2521
2025-09-05 14:06:53,890 - __main__ - WARNING - No valid price for strategy - skipping signal generation
2025-09-05 14:06:56,026 - httpx - INFO - HTTP Request: GET https://master.dlob.drift.trade/l2?marketName=SOL-PERP&depth=1&includeOracle=true "HTTP/1.1 503 Service Unavailable"
2025-09-05 14:06:56,027 - __main__ - WARNING - DLOB fetch failed (attempt 6): DLOB 503 Service Unavailable (devnet flaky)
2025-09-05 14:06:56,029 - __main__ - WARNING - Circuit breaker activated - switching to mock mode after 6 failures
2025-09-05 14:06:56,029 - __main__ - WARNING - DLOB fetch failed: DLOB 503 Service Unavailable (devnet flaky)
2025-09-05 14:06:56,030 - __main__ - INFO - Using last good price: $203.2521
2025-09-05 14:06:56,030 - __main__ - WARNING - No valid price for strategy - skipping signal generation
2025-09-05 14:06:56,030 - __main__ - INFO - ==================================================
2025-09-05 14:06:56,030 - __main__ - INFO - BETA TRACKING UPDATE - Iteration 385
2025-09-05 14:06:56,030 - __main__ - INFO - Runtime: 857.3s
2025-09-05 14:06:56,031 - __main__ - INFO - Current Position: $0.00
2025-09-05 14:06:56,031 - __main__ - INFO - Total Volume: $0.00
2025-09-05 14:06:56,031 - __main__ - INFO - Current Price: $203.2521
2025-09-05 14:06:56,031 - __main__ - INFO - Price Change: +0.00%
2025-09-05 14:06:56,033 - __main__ - INFO - Open Orders: 0
2025-09-05 14:06:56,033 - __main__ - INFO - MACD Values: 305
2025-09-05 14:06:56,034 - __main__ - INFO - Total Signals: 33 (Real: 33)
2025-09-05 14:06:56,034 - __main__ - INFO - DLOB API Success Rate: 300/385
2025-09-05 14:06:56,034 - __main__ - INFO - Data Quality: mock
2025-09-05 14:06:56,034 - __main__ - INFO - Mock Mode: True
2025-09-05 14:06:56,035 - __main__ - INFO - Fail Count: 6
2025-09-05 14:06:56,035 - __main__ - INFO - ==================================================
2025-09-05 14:06:58,171 - httpx - INFO - HTTP Request: GET https://master.dlob.drift.trade/l2?marketName=SOL-PERP&depth=1&includeOracle=true "HTTP/1.1 503 Service Unavailable"
2025-09-05 14:06:58,172 - __main__ - WARNING - DLOB fetch failed (attempt 7): DLOB 503 Service Unavailable (devnet flaky)
2025-09-05 14:06:58,173 - __main__ - WARNING - Circuit breaker activated - switching to mock mode after 7 failures
2025-09-05 14:06:58,174 - __main__ - WARNING - DLOB fetch failed: DLOB 503 Service Unavailable (devnet flaky)
2025-09-05 14:06:58,174 - __main__ - INFO - Using last good price: $203.2521
2025-09-05 14:06:58,175 - __main__ - WARNING - No valid price for strategy - skipping signal generation
2025-09-05 14:07:00,487 - httpx - INFO - HTTP Request: GET https://master.dlob.drift.trade/l2?marketName=SOL-PERP&depth=1&includeOracle=true "HTTP/1.1 503 Service Unavailable"
2025-09-05 14:07:00,487 - __main__ - WARNING - DLOB fetch failed (attempt 8): DLOB 503 Service Unavailable (devnet flaky)
2025-09-05 14:07:00,488 - __main__ - WARNING - Circuit breaker activated - switching to mock mode after 8 failures
2025-09-05 14:07:00,488 - __main__ - WARNING - DLOB fetch failed: DLOB 503 Service Unavailable (devnet flaky)
2025-09-05 14:07:00,488 - __main__ - INFO - Using last good price: $203.2521
2025-09-05 14:07:00,488 - __main__ - WARNING - No valid price for strategy - skipping signal generation
2025-09-05 14:07:02,654 - httpx - INFO - HTTP Request: GET https://master.dlob.drift.trade/l2?marketName=SOL-PERP&depth=1&includeOracle=true "HTTP/1.1 503 Service Unavailable"
2025-09-05 14:07:02,655 - __main__ - WARNING - DLOB fetch failed (attempt 9): DLOB 503 Service Unavailable (devnet flaky)
2025-09-05 14:07:02,656 - __main__ - WARNING - Circuit breaker activated - switching to mock mode after 9 failures
2025-09-05 14:07:02,656 - __main__ - WARNING - DLOB fetch failed: DLOB 503 Service Unavailable (devnet flaky)
2025-09-05 14:07:02,657 - __main__ - INFO - Using last good price: $203.2521
2025-09-05 14:07:02,657 - __main__ - WARNING - No valid price for strategy - skipping signal generation
2025-09-05 14:07:04,784 - httpx - INFO - HTTP Request: GET https://master.dlob.drift.trade/l2?marketName=SOL-PERP&depth=1&includeOracle=true "HTTP/1.1 503 Service Unavailable"
2025-09-05 14:07:04,785 - __main__ - WARNING - DLOB fetch failed (attempt 10): DLOB 503 Service Unavailable (devnet flaky)
2025-09-05 14:07:04,786 - __main__ - WARNING - Circuit breaker activated - switching to mock mode after 10 failures
2025-09-05 14:07:04,786 - __main__ - WARNING - DLOB fetch failed: DLOB 503 Service Unavailable (devnet flaky)
2025-09-05 14:07:04,786 - __main__ - INFO - Using last good price: $203.2521
2025-09-05 14:07:04,786 - __main__ - WARNING - No valid price for strategy - skipping signal generation
2025-09-05 14:07:06,922 - httpx - INFO - HTTP Request: GET https://master.dlob.drift.trade/l2?marketName=SOL-PERP&depth=1&includeOracle=true "HTTP/1.1 503 Service Unavailable"
2025-09-05 14:07:06,923 - __main__ - WARNING - DLOB fetch failed (attempt 11): DLOB 503 Service Unavailable (devnet flaky)
2025-09-05 14:07:06,925 - __main__ - WARNING - Circuit breaker activated - switching to mock mode after 11 failures
2025-09-05 14:07:06,925 - __main__ - WARNING - DLOB fetch failed: DLOB 503 Service Unavailable (devnet flaky)
2025-09-05 14:07:06,926 - __main__ - INFO - Using last good price: $203.2521
2025-09-05 14:07:06,926 - __main__ - WARNING - No valid price for strategy - skipping signal generation
2025-09-05 14:07:06,927 - __main__ - INFO - ==================================================
2025-09-05 14:07:06,927 - __main__ - INFO - BETA TRACKING UPDATE - Iteration 390
2025-09-05 14:07:06,928 - __main__ - INFO - Runtime: 868.2s
2025-09-05 14:07:06,928 - __main__ - INFO - Current Position: $0.00
2025-09-05 14:07:06,929 - __main__ - INFO - Total Volume: $0.00
2025-09-05 14:07:06,929 - __main__ - INFO - Current Price: $203.2521
2025-09-05 14:07:06,929 - __main__ - INFO - Price Change: +0.00%
2025-09-05 14:07:06,930 - __main__ - INFO - Open Orders: 0
2025-09-05 14:07:06,930 - __main__ - INFO - MACD Values: 305
2025-09-05 14:07:06,930 - __main__ - INFO - Total Signals: 33 (Real: 33)
2025-09-05 14:07:06,931 - __main__ - INFO - DLOB API Success Rate: 300/390
2025-09-05 14:07:06,932 - __main__ - INFO - Data Quality: mock
2025-09-05 14:07:06,933 - __main__ - INFO - Mock Mode: True
2025-09-05 14:07:06,933 - __main__ - INFO - Fail Count: 11
2025-09-05 14:07:06,934 - __main__ - INFO - ==================================================
2025-09-05 14:07:09,068 - httpx - INFO - HTTP Request: GET https://master.dlob.drift.trade/l2?marketName=SOL-PERP&depth=1&includeOracle=true "HTTP/1.1 503 Service Unavailable"
2025-09-05 14:07:09,070 - __main__ - WARNING - DLOB fetch failed (attempt 12): DLOB 503 Service Unavailable (devnet flaky)
2025-09-05 14:07:09,070 - __main__ - WARNING - Circuit breaker activated - switching to mock mode after 12 failures
2025-09-05 14:07:09,071 - __main__ - WARNING - DLOB fetch failed: DLOB 503 Service Unavailable (devnet flaky)
2025-09-05 14:07:09,071 - __main__ - INFO - Using last good price: $203.2521
2025-09-05 14:07:09,072 - __main__ - WARNING - No valid price for strategy - skipping signal generation
2025-09-05 14:07:11,389 - httpx - INFO - HTTP Request: GET https://master.dlob.drift.trade/l2?marketName=SOL-PERP&depth=1&includeOracle=true "HTTP/1.1 503 Service Unavailable"
2025-09-05 14:07:11,391 - __main__ - WARNING - DLOB fetch failed (attempt 13): DLOB 503 Service Unavailable (devnet flaky)
2025-09-05 14:07:11,391 - __main__ - WARNING - Circuit breaker activated - switching to mock mode after 13 failures
2025-09-05 14:07:11,392 - __main__ - WARNING - DLOB fetch failed: DLOB 503 Service Unavailable (devnet flaky)
2025-09-05 14:07:11,392 - __main__ - INFO - Using last good price: $203.2521
2025-09-05 14:07:11,392 - __main__ - WARNING - No valid price for strategy - skipping signal generation
2025-09-05 14:07:13,719 - httpx - INFO - HTTP Request: GET https://master.dlob.drift.trade/l2?marketName=SOL-PERP&depth=1&includeOracle=true "HTTP/1.1 503 Service Unavailable"
2025-09-05 14:07:13,720 - __main__ - WARNING - DLOB fetch failed (attempt 14): DLOB 503 Service Unavailable (devnet flaky)
2025-09-05 14:07:13,720 - __main__ - WARNING - Circuit breaker activated - switching to mock mode after 14 failures
2025-09-05 14:07:13,720 - __main__ - WARNING - DLOB fetch failed: DLOB 503 Service Unavailable (devnet flaky)
2025-09-05 14:07:13,721 - __main__ - INFO - Using last good price: $203.2521
2025-09-05 14:07:13,721 - __main__ - WARNING - No valid price for strategy - skipping signal generation
2025-09-05 14:07:15,859 - httpx - INFO - HTTP Request: GET https://master.dlob.drift.trade/l2?marketName=SOL-PERP&depth=1&includeOracle=true "HTTP/1.1 503 Service Unavailable"
2025-09-05 14:07:15,860 - __main__ - WARNING - DLOB fetch failed (attempt 15): DLOB 503 Service Unavailable (devnet flaky)
2025-09-05 14:07:15,860 - __main__ - WARNING - Circuit breaker activated - switching to mock mode after 15 failures
2025-09-05 14:07:15,860 - __main__ - WARNING - DLOB fetch failed: DLOB 503 Service Unavailable (devnet flaky)
2025-09-05 14:07:15,860 - __main__ - INFO - Using last good price: $203.2521
2025-09-05 14:07:15,861 - __main__ - WARNING - No valid price for strategy - skipping signal generation
2025-09-05 14:07:17,997 - httpx - INFO - HTTP Request: GET https://master.dlob.drift.trade/l2?marketName=SOL-PERP&depth=1&includeOracle=true "HTTP/1.1 503 Service Unavailable"
2025-09-05 14:07:17,998 - __main__ - WARNING - DLOB fetch failed (attempt 16): DLOB 503 Service Unavailable (devnet flaky)
2025-09-05 14:07:17,999 - __main__ - WARNING - Circuit breaker activated - switching to mock mode after 16 failures
2025-09-05 14:07:17,999 - __main__ - WARNING - DLOB fetch failed: DLOB 503 Service Unavailable (devnet flaky)
2025-09-05 14:07:17,999 - __main__ - INFO - Using last good price: $203.2521
2025-09-05 14:07:18,000 - __main__ - WARNING - No valid price for strategy - skipping signal generation
2025-09-05 14:07:18,000 - __main__ - INFO - ==================================================
2025-09-05 14:07:18,000 - __main__ - INFO - BETA TRACKING UPDATE - Iteration 395
2025-09-05 14:07:18,001 - __main__ - INFO - Runtime: 879.3s
2025-09-05 14:07:18,001 - __main__ - INFO - Current Position: $0.00
2025-09-05 14:07:18,001 - __main__ - INFO - Total Volume: $0.00
2025-09-05 14:07:18,002 - __main__ - INFO - Current Price: $203.2521
2025-09-05 14:07:18,002 - __main__ - INFO - Price Change: +0.00%
2025-09-05 14:07:18,002 - __main__ - INFO - Open Orders: 0
2025-09-05 14:07:18,002 - __main__ - INFO - MACD Values: 305
2025-09-05 14:07:18,003 - __main__ - INFO - Total Signals: 33 (Real: 33)
2025-09-05 14:07:18,003 - __main__ - INFO - DLOB API Success Rate: 300/395
2025-09-05 14:07:18,003 - __main__ - INFO - Data Quality: mock
2025-09-05 14:07:18,004 - __main__ - INFO - Mock Mode: True
2025-09-05 14:07:18,004 - __main__ - INFO - Fail Count: 16
2025-09-05 14:07:18,004 - __main__ - INFO - ==================================================
2025-09-05 14:07:20,134 - httpx - INFO - HTTP Request: GET https://master.dlob.drift.trade/l2?marketName=SOL-PERP&depth=1&includeOracle=true "HTTP/1.1 503 Service Unavailable"
2025-09-05 14:07:20,135 - __main__ - WARNING - DLOB fetch failed (attempt 17): DLOB 503 Service Unavailable (devnet flaky)
2025-09-05 14:07:20,135 - __main__ - WARNING - Circuit breaker activated - switching to mock mode after 17 failures
2025-09-05 14:07:20,136 - __main__ - WARNING - DLOB fetch failed: DLOB 503 Service Unavailable (devnet flaky)
2025-09-05 14:07:20,136 - __main__ - INFO - Using last good price: $203.2521
2025-09-05 14:07:20,136 - __main__ - WARNING - No valid price for strategy - skipping signal generation
2025-09-05 14:07:22,267 - httpx - INFO - HTTP Request: GET https://master.dlob.drift.trade/l2?marketName=SOL-PERP&depth=1&includeOracle=true "HTTP/1.1 503 Service Unavailable"
2025-09-05 14:07:22,268 - __main__ - WARNING - DLOB fetch failed (attempt 18): DLOB 503 Service Unavailable (devnet flaky)
2025-09-05 14:07:22,269 - __main__ - WARNING - Circuit breaker activated - switching to mock mode after 18 failures
2025-09-05 14:07:22,269 - __main__ - WARNING - DLOB fetch failed: DLOB 503 Service Unavailable (devnet flaky)
2025-09-05 14:07:22,269 - __main__ - INFO - Using last good price: $203.2521
2025-09-05 14:07:22,269 - __main__ - WARNING - No valid price for strategy - skipping signal generation
2025-09-05 14:07:24,586 - httpx - INFO - HTTP Request: GET https://master.dlob.drift.trade/l2?marketName=SOL-PERP&depth=1&includeOracle=true "HTTP/1.1 503 Service Unavailable"
2025-09-05 14:07:24,587 - __main__ - WARNING - DLOB fetch failed (attempt 19): DLOB 503 Service Unavailable (devnet flaky)
2025-09-05 14:07:24,587 - __main__ - WARNING - Circuit breaker activated - switching to mock mode after 19 failures
2025-09-05 14:07:24,588 - __main__ - WARNING - DLOB fetch failed: DLOB 503 Service Unavailable (devnet flaky)
2025-09-05 14:07:24,588 - __main__ - INFO - Using last good price: $203.2521
2025-09-05 14:07:24,588 - __main__ - WARNING - No valid price for strategy - skipping signal generation
2025-09-05 14:07:26,715 - httpx - INFO - HTTP Request: GET https://master.dlob.drift.trade/l2?marketName=SOL-PERP&depth=1&includeOracle=true "HTTP/1.1 503 Service Unavailable"
2025-09-05 14:07:26,716 - __main__ - WARNING - DLOB fetch failed (attempt 20): DLOB 503 Service Unavailable (devnet flaky)
2025-09-05 14:07:26,716 - __main__ - WARNING - Circuit breaker activated - switching to mock mode after 20 failures
2025-09-05 14:07:26,717 - __main__ - WARNING - DLOB fetch failed: DLOB 503 Service Unavailable (devnet flaky)
2025-09-05 14:07:26,717 - __main__ - INFO - Using last good price: $203.2521
2025-09-05 14:07:26,717 - __main__ - WARNING - No valid price for strategy - skipping signal generation
2025-09-05 14:07:29,028 - httpx - INFO - HTTP Request: GET https://master.dlob.drift.trade/l2?marketName=SOL-PERP&depth=1&includeOracle=true "HTTP/1.1 503 Service Unavailable"
2025-09-05 14:07:29,028 - __main__ - WARNING - DLOB fetch failed (attempt 21): DLOB 503 Service Unavailable (devnet flaky)
2025-09-05 14:07:29,029 - __main__ - WARNING - Circuit breaker activated - switching to mock mode after 21 failures
2025-09-05 14:07:29,029 - __main__ - WARNING - DLOB fetch failed: DLOB 503 Service Unavailable (devnet flaky)
2025-09-05 14:07:29,029 - __main__ - INFO - Using last good price: $203.2521
2025-09-05 14:07:29,029 - __main__ - WARNING - No valid price for strategy - skipping signal generation
2025-09-05 14:07:29,029 - __main__ - INFO - ==================================================
2025-09-05 14:07:29,030 - __main__ - INFO - BETA TRACKING UPDATE - Iteration 400
2025-09-05 14:07:29,030 - __main__ - INFO - Runtime: 890.3s
2025-09-05 14:07:29,030 - __main__ - INFO - Current Position: $0.00
2025-09-05 14:07:29,031 - __main__ - INFO - Total Volume: $0.00
2025-09-05 14:07:29,031 - __main__ - INFO - Current Price: $203.2521
2025-09-05 14:07:29,031 - __main__ - INFO - Price Change: +0.00%
2025-09-05 14:07:29,031 - __main__ - INFO - Open Orders: 0
2025-09-05 14:07:29,031 - __main__ - INFO - MACD Values: 305
2025-09-05 14:07:29,032 - __main__ - INFO - Total Signals: 33 (Real: 33)
2025-09-05 14:07:29,032 - __main__ - INFO - DLOB API Success Rate: 300/400
2025-09-05 14:07:29,032 - __main__ - INFO - Data Quality: mock
2025-09-05 14:07:29,033 - __main__ - INFO - Mock Mode: True
2025-09-05 14:07:29,033 - __main__ - INFO - Fail Count: 21
2025-09-05 14:07:29,033 - __main__ - INFO - ==================================================
2025-09-05 14:07:31,161 - httpx - INFO - HTTP Request: GET https://master.dlob.drift.trade/l2?marketName=SOL-PERP&depth=1&includeOracle=true "HTTP/1.1 503 Service Unavailable"
2025-09-05 14:07:31,162 - __main__ - WARNING - DLOB fetch failed (attempt 22): DLOB 503 Service Unavailable (devnet flaky)
2025-09-05 14:07:31,162 - __main__ - WARNING - Circuit breaker activated - switching to mock mode after 22 failures
2025-09-05 14:07:31,162 - __main__ - WARNING - DLOB fetch failed: DLOB 503 Service Unavailable (devnet flaky)
2025-09-05 14:07:31,163 - __main__ - INFO - Using last good price: $203.2521
2025-09-05 14:07:31,163 - __main__ - WARNING - No valid price for strategy - skipping signal generation
2025-09-05 14:07:33,482 - httpx - INFO - HTTP Request: GET https://master.dlob.drift.trade/l2?marketName=SOL-PERP&depth=1&includeOracle=true "HTTP/1.1 503 Service Unavailable"
2025-09-05 14:07:33,483 - __main__ - WARNING - DLOB fetch failed (attempt 23): DLOB 503 Service Unavailable (devnet flaky)
2025-09-05 14:07:33,483 - __main__ - WARNING - Circuit breaker activated - switching to mock mode after 23 failures
2025-09-05 14:07:33,484 - __main__ - WARNING - DLOB fetch failed: DLOB 503 Service Unavailable (devnet flaky)
2025-09-05 14:07:33,484 - __main__ - INFO - Using last good price: $203.2521
2025-09-05 14:07:33,484 - __main__ - WARNING - No valid price for strategy - skipping signal generation
2025-09-05 14:07:35,796 - httpx - INFO - HTTP Request: GET https://master.dlob.drift.trade/l2?marketName=SOL-PERP&depth=1&includeOracle=true "HTTP/1.1 503 Service Unavailable"
2025-09-05 14:07:35,797 - __main__ - WARNING - DLOB fetch failed (attempt 24): DLOB 503 Service Unavailable (devnet flaky)
2025-09-05 14:07:35,798 - __main__ - WARNING - Circuit breaker activated - switching to mock mode after 24 failures
2025-09-05 14:07:35,798 - __main__ - WARNING - DLOB fetch failed: DLOB 503 Service Unavailable (devnet flaky)
2025-09-05 14:07:35,798 - __main__ - INFO - Using last good price: $203.2521
2025-09-05 14:07:35,799 - __main__ - WARNING - No valid price for strategy - skipping signal generation
2025-09-05 14:07:38,112 - httpx - INFO - HTTP Request: GET https://master.dlob.drift.trade/l2?marketName=SOL-PERP&depth=1&includeOracle=true "HTTP/1.1 503 Service Unavailable"
2025-09-05 14:07:38,113 - __main__ - WARNING - DLOB fetch failed (attempt 25): DLOB 503 Service Unavailable (devnet flaky)
2025-09-05 14:07:38,113 - __main__ - WARNING - Circuit breaker activated - switching to mock mode after 25 failures
2025-09-05 14:07:38,114 - __main__ - WARNING - DLOB fetch failed: DLOB 503 Service Unavailable (devnet flaky)
2025-09-05 14:07:38,114 - __main__ - INFO - Using last good price: $203.2521
2025-09-05 14:07:38,115 - __main__ - WARNING - No valid price for strategy - skipping signal generation
2025-09-05 14:07:40,237 - httpx - INFO - HTTP Request: GET https://master.dlob.drift.trade/l2?marketName=SOL-PERP&depth=1&includeOracle=true "HTTP/1.1 503 Service Unavailable"
2025-09-05 14:07:40,238 - __main__ - WARNING - DLOB fetch failed (attempt 26): DLOB 503 Service Unavailable (devnet flaky)
2025-09-05 14:07:40,238 - __main__ - WARNING - Circuit breaker activated - switching to mock mode after 26 failures
2025-09-05 14:07:40,238 - __main__ - WARNING - DLOB fetch failed: DLOB 503 Service Unavailable (devnet flaky)
2025-09-05 14:07:40,239 - __main__ - INFO - Using last good price: $203.2521
2025-09-05 14:07:40,239 - __main__ - WARNING - No valid price for strategy - skipping signal generation
2025-09-05 14:07:40,239 - __main__ - INFO - ==================================================
2025-09-05 14:07:40,239 - __main__ - INFO - BETA TRACKING UPDATE - Iteration 405
2025-09-05 14:07:40,240 - __main__ - INFO - Runtime: 901.5s
2025-09-05 14:07:40,240 - __main__ - INFO - Current Position: $0.00
2025-09-05 14:07:40,240 - __main__ - INFO - Total Volume: $0.00
2025-09-05 14:07:40,240 - __main__ - INFO - Current Price: $203.2521
2025-09-05 14:07:40,240 - __main__ - INFO - Price Change: +0.00%
2025-09-05 14:07:40,241 - __main__ - INFO - Open Orders: 0
2025-09-05 14:07:40,241 - __main__ - INFO - MACD Values: 305
2025-09-05 14:07:40,241 - __main__ - INFO - Total Signals: 33 (Real: 33)
2025-09-05 14:07:40,241 - __main__ - INFO - DLOB API Success Rate: 300/405
2025-09-05 14:07:40,241 - __main__ - INFO - Data Quality: mock
2025-09-05 14:07:40,242 - __main__ - INFO - Mock Mode: True
2025-09-05 14:07:40,242 - __main__ - INFO - Fail Count: 26
2025-09-05 14:07:40,242 - __main__ - INFO - ==================================================
2025-09-05 14:07:42,373 - httpx - INFO - HTTP Request: GET https://master.dlob.drift.trade/l2?marketName=SOL-PERP&depth=1&includeOracle=true "HTTP/1.1 503 Service Unavailable"
2025-09-05 14:07:42,374 - __main__ - WARNING - DLOB fetch failed (attempt 27): DLOB 503 Service Unavailable (devnet flaky)
2025-09-05 14:07:42,375 - __main__ - WARNING - Circuit breaker activated - switching to mock mode after 27 failures
2025-09-05 14:07:42,375 - __main__ - WARNING - DLOB fetch failed: DLOB 503 Service Unavailable (devnet flaky)
2025-09-05 14:07:42,375 - __main__ - INFO - Using last good price: $203.2521
2025-09-05 14:07:42,376 - __main__ - WARNING - No valid price for strategy - skipping signal generation
2025-09-05 14:07:44,703 - httpx - INFO - HTTP Request: GET https://master.dlob.drift.trade/l2?marketName=SOL-PERP&depth=1&includeOracle=true "HTTP/1.1 503 Service Unavailable"
2025-09-05 14:07:44,705 - __main__ - WARNING - DLOB fetch failed (attempt 28): DLOB 503 Service Unavailable (devnet flaky)
2025-09-05 14:07:44,706 - __main__ - WARNING - Circuit breaker activated - switching to mock mode after 28 failures
2025-09-05 14:07:44,707 - __main__ - WARNING - DLOB fetch failed: DLOB 503 Service Unavailable (devnet flaky)
2025-09-05 14:07:44,708 - __main__ - INFO - Using last good price: $203.2521
2025-09-05 14:07:44,708 - __main__ - WARNING - No valid price for strategy - skipping signal generation
2025-09-05 14:07:47,025 - httpx - INFO - HTTP Request: GET https://master.dlob.drift.trade/l2?marketName=SOL-PERP&depth=1&includeOracle=true "HTTP/1.1 503 Service Unavailable"
2025-09-05 14:07:47,026 - __main__ - WARNING - DLOB fetch failed (attempt 29): DLOB 503 Service Unavailable (devnet flaky)
2025-09-05 14:07:47,026 - __main__ - WARNING - Circuit breaker activated - switching to mock mode after 29 failures
2025-09-05 14:07:47,027 - __main__ - WARNING - DLOB fetch failed: DLOB 503 Service Unavailable (devnet flaky)
2025-09-05 14:07:47,027 - __main__ - INFO - Using last good price: $203.2521
2025-09-05 14:07:47,027 - __main__ - WARNING - No valid price for strategy - skipping signal generation
2025-09-05 14:07:49,153 - httpx - INFO - HTTP Request: GET https://master.dlob.drift.trade/l2?marketName=SOL-PERP&depth=1&includeOracle=true "HTTP/1.1 503 Service Unavailable"
2025-09-05 14:07:49,154 - __main__ - WARNING - DLOB fetch failed (attempt 30): DLOB 503 Service Unavailable (devnet flaky)
2025-09-05 14:07:49,155 - __main__ - WARNING - Circuit breaker activated - switching to mock mode after 30 failures
2025-09-05 14:07:49,155 - __main__ - WARNING - DLOB fetch failed: DLOB 503 Service Unavailable (devnet flaky)
2025-09-05 14:07:49,155 - __main__ - INFO - Using last good price: $203.2521
2025-09-05 14:07:49,156 - __main__ - WARNING - No valid price for strategy - skipping signal generation
2025-09-05 14:07:51,467 - httpx - INFO - HTTP Request: GET https://master.dlob.drift.trade/l2?marketName=SOL-PERP&depth=1&includeOracle=true "HTTP/1.1 503 Service Unavailable"
2025-09-05 14:07:51,468 - __main__ - WARNING - DLOB fetch failed (attempt 31): DLOB 503 Service Unavailable (devnet flaky)
2025-09-05 14:07:51,469 - __main__ - WARNING - Circuit breaker activated - switching to mock mode after 31 failures
2025-09-05 14:07:51,469 - __main__ - WARNING - DLOB fetch failed: DLOB 503 Service Unavailable (devnet flaky)
2025-09-05 14:07:51,471 - __main__ - INFO - Using last good price: $203.2521
2025-09-05 14:07:51,471 - __main__ - WARNING - No valid price for strategy - skipping signal generation
2025-09-05 14:07:51,471 - __main__ - INFO - ==================================================
2025-09-05 14:07:51,471 - __main__ - INFO - BETA TRACKING UPDATE - Iteration 410
2025-09-05 14:07:51,472 - __main__ - INFO - Runtime: 912.8s
2025-09-05 14:07:51,472 - __main__ - INFO - Current Position: $0.00
2025-09-05 14:07:51,473 - __main__ - INFO - Total Volume: $0.00
2025-09-05 14:07:51,473 - __main__ - INFO - Current Price: $203.2521
2025-09-05 14:07:51,473 - __main__ - INFO - Price Change: +0.00%
2025-09-05 14:07:51,473 - __main__ - INFO - Open Orders: 0
2025-09-05 14:07:51,474 - __main__ - INFO - MACD Values: 305
2025-09-05 14:07:51,474 - __main__ - INFO - Total Signals: 33 (Real: 33)
2025-09-05 14:07:51,474 - __main__ - INFO - DLOB API Success Rate: 300/410
2025-09-05 14:07:51,475 - __main__ - INFO - Data Quality: mock
2025-09-05 14:07:51,475 - __main__ - INFO - Mock Mode: True
2025-09-05 14:07:51,475 - __main__ - INFO - Fail Count: 31
2025-09-05 14:07:51,475 - __main__ - INFO - ==================================================
2025-09-05 14:07:53,615 - httpx - INFO - HTTP Request: GET https://master.dlob.drift.trade/l2?marketName=SOL-PERP&depth=1&includeOracle=true "HTTP/1.1 503 Service Unavailable"
2025-09-05 14:07:53,616 - __main__ - WARNING - DLOB fetch failed (attempt 32): DLOB 503 Service Unavailable (devnet flaky)
2025-09-05 14:07:53,617 - __main__ - WARNING - Circuit breaker activated - switching to mock mode after 32 failures
2025-09-05 14:07:53,617 - __main__ - WARNING - DLOB fetch failed: DLOB 503 Service Unavailable (devnet flaky)
2025-09-05 14:07:53,617 - __main__ - INFO - Using last good price: $203.2521
2025-09-05 14:07:53,617 - __main__ - WARNING - No valid price for strategy - skipping signal generation
2025-09-05 14:07:55,928 - httpx - INFO - HTTP Request: GET https://master.dlob.drift.trade/l2?marketName=SOL-PERP&depth=1&includeOracle=true "HTTP/1.1 503 Service Unavailable"
2025-09-05 14:07:55,929 - __main__ - WARNING - DLOB fetch failed (attempt 33): DLOB 503 Service Unavailable (devnet flaky)
2025-09-05 14:07:55,929 - __main__ - WARNING - Circuit breaker activated - switching to mock mode after 33 failures
2025-09-05 14:07:55,929 - __main__ - WARNING - DLOB fetch failed: DLOB 503 Service Unavailable (devnet flaky)
2025-09-05 14:07:55,930 - __main__ - INFO - Using last good price: $203.2521
2025-09-05 14:07:55,930 - __main__ - WARNING - No valid price for strategy - skipping signal generation
2025-09-05 14:07:58,247 - httpx - INFO - HTTP Request: GET https://master.dlob.drift.trade/l2?marketName=SOL-PERP&depth=1&includeOracle=true "HTTP/1.1 503 Service Unavailable"
2025-09-05 14:07:58,248 - __main__ - WARNING - DLOB fetch failed (attempt 34): DLOB 503 Service Unavailable (devnet flaky)
2025-09-05 14:07:58,249 - __main__ - WARNING - Circuit breaker activated - switching to mock mode after 34 failures
2025-09-05 14:07:58,249 - __main__ - WARNING - DLOB fetch failed: DLOB 503 Service Unavailable (devnet flaky)
2025-09-05 14:07:58,249 - __main__ - INFO - Using last good price: $203.2521
2025-09-05 14:07:58,249 - __main__ - WARNING - No valid price for strategy - skipping signal generation
2025-09-05 14:08:00,572 - httpx - INFO - HTTP Request: GET https://master.dlob.drift.trade/l2?marketName=SOL-PERP&depth=1&includeOracle=true "HTTP/1.1 503 Service Unavailable"
2025-09-05 14:08:00,573 - __main__ - WARNING - DLOB fetch failed (attempt 35): DLOB 503 Service Unavailable (devnet flaky)
2025-09-05 14:08:00,573 - __main__ - WARNING - Circuit breaker activated - switching to mock mode after 35 failures
2025-09-05 14:08:00,573 - __main__ - WARNING - DLOB fetch failed: DLOB 503 Service Unavailable (devnet flaky)
2025-09-05 14:08:00,574 - __main__ - INFO - Using last good price: $203.2521
2025-09-05 14:08:00,574 - __main__ - WARNING - No valid price for strategy - skipping signal generation
2025-09-05 14:08:02,706 - httpx - INFO - HTTP Request: GET https://master.dlob.drift.trade/l2?marketName=SOL-PERP&depth=1&includeOracle=true "HTTP/1.1 503 Service Unavailable"
2025-09-05 14:08:02,707 - __main__ - WARNING - DLOB fetch failed (attempt 36): DLOB 503 Service Unavailable (devnet flaky)
2025-09-05 14:08:02,707 - __main__ - WARNING - Circuit breaker activated - switching to mock mode after 36 failures
2025-09-05 14:08:02,708 - __main__ - WARNING - DLOB fetch failed: DLOB 503 Service Unavailable (devnet flaky)
2025-09-05 14:08:02,708 - __main__ - INFO - Using last good price: $203.2521
2025-09-05 14:08:02,709 - __main__ - WARNING - No valid price for strategy - skipping signal generation
2025-09-05 14:08:02,709 - __main__ - INFO - ==================================================
2025-09-05 14:08:02,709 - __main__ - INFO - BETA TRACKING UPDATE - Iteration 415
2025-09-05 14:08:02,709 - __main__ - INFO - Runtime: 924.0s
2025-09-05 14:08:02,709 - __main__ - INFO - Current Position: $0.00
2025-09-05 14:08:02,710 - __main__ - INFO - Total Volume: $0.00
2025-09-05 14:08:02,710 - __main__ - INFO - Current Price: $203.2521
2025-09-05 14:08:02,710 - __main__ - INFO - Price Change: +0.00%
2025-09-05 14:08:02,710 - __main__ - INFO - Open Orders: 0
2025-09-05 14:08:02,710 - __main__ - INFO - MACD Values: 305
2025-09-05 14:08:02,711 - __main__ - INFO - Total Signals: 33 (Real: 33)
2025-09-05 14:08:02,711 - __main__ - INFO - DLOB API Success Rate: 300/415
2025-09-05 14:08:02,711 - __main__ - INFO - Data Quality: mock
2025-09-05 14:08:02,711 - __main__ - INFO - Mock Mode: True
2025-09-05 14:08:02,711 - __main__ - INFO - Fail Count: 36
2025-09-05 14:08:02,712 - __main__ - INFO - ==================================================
2025-09-05 14:08:04,904 - httpx - INFO - HTTP Request: GET https://master.dlob.drift.trade/l2?marketName=SOL-PERP&depth=1&includeOracle=true "HTTP/1.1 503 Service Unavailable"
2025-09-05 14:08:04,905 - __main__ - WARNING - DLOB fetch failed (attempt 37): DLOB 503 Service Unavailable (devnet flaky)
2025-09-05 14:08:04,906 - __main__ - WARNING - Circuit breaker activated - switching to mock mode after 37 failures
2025-09-05 14:08:04,906 - __main__ - WARNING - DLOB fetch failed: DLOB 503 Service Unavailable (devnet flaky)
2025-09-05 14:08:04,906 - __main__ - INFO - Using last good price: $203.2521
2025-09-05 14:08:04,907 - __main__ - WARNING - No valid price for strategy - skipping signal generation
2025-09-05 14:08:07,219 - httpx - INFO - HTTP Request: GET https://master.dlob.drift.trade/l2?marketName=SOL-PERP&depth=1&includeOracle=true "HTTP/1.1 503 Service Unavailable"
2025-09-05 14:08:07,220 - __main__ - WARNING - DLOB fetch failed (attempt 38): DLOB 503 Service Unavailable (devnet flaky)
2025-09-05 14:08:07,221 - __main__ - WARNING - Circuit breaker activated - switching to mock mode after 38 failures
2025-09-05 14:08:07,221 - __main__ - WARNING - DLOB fetch failed: DLOB 503 Service Unavailable (devnet flaky)
2025-09-05 14:08:07,221 - __main__ - INFO - Using last good price: $203.2521
2025-09-05 14:08:07,222 - __main__ - WARNING - No valid price for strategy - skipping signal generation
2025-09-05 14:08:09,357 - httpx - INFO - HTTP Request: GET https://master.dlob.drift.trade/l2?marketName=SOL-PERP&depth=1&includeOracle=true "HTTP/1.1 503 Service Unavailable"
2025-09-05 14:08:09,358 - __main__ - WARNING - DLOB fetch failed (attempt 39): DLOB 503 Service Unavailable (devnet flaky)
2025-09-05 14:08:09,359 - __main__ - WARNING - Circuit breaker activated - switching to mock mode after 39 failures
2025-09-05 14:08:09,359 - __main__ - WARNING - DLOB fetch failed: DLOB 503 Service Unavailable (devnet flaky)
2025-09-05 14:08:09,360 - __main__ - INFO - Using last good price: $203.2521
2025-09-05 14:08:09,360 - __main__ - WARNING - No valid price for strategy - skipping signal generation
2025-09-05 14:08:11,688 - httpx - INFO - HTTP Request: GET https://master.dlob.drift.trade/l2?marketName=SOL-PERP&depth=1&includeOracle=true "HTTP/1.1 200 OK"
2025-09-05 14:08:11,690 - __main__ - INFO - REAL PRICE from DLOB: $203.3753
2025-09-05 14:08:11,690 - __main__ - INFO -   Oracle: $202.4308
2025-09-05 14:08:13,823 - httpx - INFO - HTTP Request: GET https://master.dlob.drift.trade/l2?marketName=SOL-PERP&depth=1&includeOracle=true "HTTP/1.1 200 OK"
2025-09-05 14:08:13,824 - __main__ - INFO - REAL PRICE from DLOB: $203.3525
2025-09-05 14:08:13,824 - __main__ - INFO -   Oracle: $202.4308
2025-09-05 14:08:13,825 - __main__ - INFO - ==================================================
2025-09-05 14:08:13,825 - __main__ - INFO - BETA TRACKING UPDATE - Iteration 420
2025-09-05 14:08:13,825 - __main__ - INFO - Runtime: 935.1s
2025-09-05 14:08:13,825 - __main__ - INFO - Current Position: $0.00
2025-09-05 14:08:13,825 - __main__ - INFO - Total Volume: $0.00
2025-09-05 14:08:13,826 - __main__ - INFO - Current Price: $203.3525
2025-09-05 14:08:13,826 - __main__ - INFO - Price Change: +0.05%
2025-09-05 14:08:13,826 - __main__ - INFO - Open Orders: 0
2025-09-05 14:08:13,826 - __main__ - INFO - MACD Values: 307
2025-09-05 14:08:13,826 - __main__ - INFO - Total Signals: 33 (Real: 33)
2025-09-05 14:08:13,827 - __main__ - INFO - DLOB API Success Rate: 302/420
2025-09-05 14:08:13,827 - __main__ - INFO - Data Quality: real_tick
2025-09-05 14:08:13,827 - __main__ - INFO - Mock Mode: False
2025-09-05 14:08:13,827 - __main__ - INFO - Fail Count: 0
2025-09-05 14:08:13,827 - __main__ - INFO - ==================================================
2025-09-05 14:08:15,958 - httpx - INFO - HTTP Request: GET https://master.dlob.drift.trade/l2?marketName=SOL-PERP&depth=1&includeOracle=true "HTTP/1.1 200 OK"
2025-09-05 14:08:15,960 - __main__ - INFO - REAL PRICE from DLOB: $203.3519
2025-09-05 14:08:15,960 - __main__ - INFO -   Oracle: $202.4308
2025-09-05 14:08:18,269 - httpx - INFO - HTTP Request: GET https://master.dlob.drift.trade/l2?marketName=SOL-PERP&depth=1&includeOracle=true "HTTP/1.1 200 OK"
2025-09-05 14:08:18,271 - __main__ - INFO - REAL PRICE from DLOB: $203.3467
2025-09-05 14:08:18,272 - __main__ - INFO -   Oracle: $202.4308
2025-09-05 14:08:20,395 - httpx - INFO - HTTP Request: GET https://master.dlob.drift.trade/l2?marketName=SOL-PERP&depth=1&includeOracle=true "HTTP/1.1 200 OK"
2025-09-05 14:08:20,397 - __main__ - INFO - REAL PRICE from DLOB: $203.3419
2025-09-05 14:08:20,398 - __main__ - INFO -   Oracle: $202.4308
2025-09-05 14:08:22,289 - __main__ - ERROR - Trend Bot robust failed: unknown async library, or not in async context
2025-09-05 14:08:22,290 - __main__ - ERROR - Unexpected error: sys.meta_path is None, Python is likely shutting down
