2025-09-05 13:18:26,383 - __main__ - INFO - Starting Trend Bot with Drift Data API
2025-09-05 13:18:26,384 - __main__ - INFO - ======================================================================
2025-09-05 13:18:26,384 - __main__ - INFO - Environment: DEVNET (Beta)
2025-09-05 13:18:26,384 - __main__ - INFO - Trading Platform: beta.drift.trade
2025-09-05 13:18:26,385 - __main__ - INFO - Strategy: MACD + Momentum Trend Following
2025-09-05 13:18:26,385 - __main__ - INFO - Market: SOL-PERP
2025-09-05 13:18:26,385 - __main__ - INFO - Data Source: Drift Data API (https://data.api.drift.trade)
2025-09-05 13:18:26,385 - __main__ - INFO - ======================================================================
2025-09-05 13:18:26,386 - __main__ - INFO - Drift Data API client initialized
2025-09-05 13:18:26,386 - __main__ - INFO - Testing API connection...
2025-09-05 13:18:26,916 - __main__ - ERROR - API request failed: 404
2025-09-05 13:18:26,917 - __main__ - WARNING - API connection failed, using mock data
2025-09-05 13:18:26,932 - __main__ - INFO - Initializing components...
2025-09-05 13:18:26,933 - __main__ - INFO - All components initialized
2025-09-05 13:18:28,288 - __main__ - INFO - Trend configuration loaded
2025-09-05 13:18:28,289 - __main__ - INFO - Starting trend analysis loop with Drift Data API...
2025-09-05 13:18:28,289 - __main__ - INFO - You can track orders at: https://beta.drift.trade
2025-09-05 13:18:28,289 - __main__ - INFO - Press Ctrl+C to stop
2025-09-05 13:18:28,290 - __main__ - INFO - ======================================================================
2025-09-05 13:18:28,593 - __main__ - ERROR - Price API request failed: 404
2025-09-05 13:18:28,846 - __main__ - ERROR - Orderbook API request failed: 404
2025-09-05 13:18:28,847 - __main__ - WARNING - Using mock price: $200.0000
2025-09-05 13:18:30,889 - __main__ - ERROR - Price API request failed: 404
2025-09-05 13:18:30,912 - __main__ - ERROR - Orderbook API request failed: 404
2025-09-05 13:18:30,913 - __main__ - WARNING - Using mock price: $200.1000
2025-09-05 13:18:30,913 - __main__ - INFO - MACD Analysis: Fast=200.1000, Slow=200.1000, MACD=0.0000, Signal=SELL
2025-09-05 13:18:32,945 - __main__ - ERROR - Price API request failed: 404
2025-09-05 13:18:32,967 - __main__ - ERROR - Orderbook API request failed: 404
2025-09-05 13:18:32,968 - __main__ - WARNING - Using mock price: $200.2000
2025-09-05 13:18:32,968 - __main__ - INFO - MACD Analysis: Fast=200.1154, Slow=200.1074, MACD=0.0080, Signal=SELL
2025-09-05 13:18:34,999 - __main__ - ERROR - Price API request failed: 404
2025-09-05 13:18:35,023 - __main__ - ERROR - Orderbook API request failed: 404
2025-09-05 13:18:35,024 - __main__ - WARNING - Using mock price: $200.3000
2025-09-05 13:18:35,024 - __main__ - INFO - MACD Analysis: Fast=200.1438, Slow=200.1217, MACD=0.0221, Signal=SELL
2025-09-05 13:18:37,060 - __main__ - ERROR - Price API request failed: 404
2025-09-05 13:18:37,085 - __main__ - ERROR - Orderbook API request failed: 404
2025-09-05 13:18:37,086 - __main__ - WARNING - Using mock price: $200.4000
2025-09-05 13:18:37,086 - __main__ - INFO - MACD Analysis: Fast=200.1832, Slow=200.1423, MACD=0.0409, Signal=SELL
2025-09-05 13:18:37,086 - __main__ - INFO - ==================================================
2025-09-05 13:18:37,087 - __main__ - INFO - BETA TRACKING UPDATE - Iteration 5
2025-09-05 13:18:37,087 - __main__ - INFO - Runtime: 8.8s
2025-09-05 13:18:37,088 - __main__ - INFO - Current Position: $0.00
2025-09-05 13:18:37,088 - __main__ - INFO - Total Volume: $0.00
2025-09-05 13:18:37,088 - __main__ - INFO - Current Price: $200.4000
2025-09-05 13:18:37,089 - __main__ - INFO - Price Change: +0.00%
2025-09-05 13:18:37,089 - __main__ - INFO - Open Orders: 0
2025-09-05 13:18:37,089 - __main__ - INFO - MACD Values: 4
2025-09-05 13:18:37,090 - __main__ - INFO - API Success Rate: 0/5
2025-09-05 13:18:37,090 - __main__ - INFO - ==================================================
2025-09-05 13:18:39,360 - __main__ - ERROR - Price API request failed: 404
2025-09-05 13:18:39,385 - __main__ - ERROR - Orderbook API request failed: 404
2025-09-05 13:18:39,385 - __main__ - WARNING - Using mock price: $200.5000
2025-09-05 13:18:39,385 - __main__ - INFO - MACD Analysis: Fast=200.2319, Slow=200.1688, MACD=0.0632, Signal=SELL
2025-09-05 13:18:41,419 - __main__ - ERROR - Price API request failed: 404
2025-09-05 13:18:41,673 - __main__ - ERROR - Orderbook API request failed: 404
2025-09-05 13:18:41,673 - __main__ - WARNING - Using mock price: $200.6000
2025-09-05 13:18:41,674 - __main__ - INFO - MACD Analysis: Fast=200.2886, Slow=200.2007, MACD=0.0878, Signal=SELL
2025-09-05 13:18:43,716 - __main__ - ERROR - Price API request failed: 404
2025-09-05 13:18:43,745 - __main__ - ERROR - Orderbook API request failed: 404
2025-09-05 13:18:43,745 - __main__ - WARNING - Using mock price: $200.7000
2025-09-05 13:18:43,746 - __main__ - INFO - MACD Analysis: Fast=200.3519, Slow=200.2377, MACD=0.1142, Signal=SELL
2025-09-05 13:18:45,782 - __main__ - ERROR - Price API request failed: 404
2025-09-05 13:18:45,810 - __main__ - ERROR - Orderbook API request failed: 404
2025-09-05 13:18:45,811 - __main__ - WARNING - Using mock price: $200.8000
2025-09-05 13:18:45,811 - __main__ - INFO - MACD Analysis: Fast=200.4208, Slow=200.2794, MACD=0.1414, Signal=SELL
2025-09-05 13:18:47,837 - __main__ - ERROR - Price API request failed: 404
2025-09-05 13:18:47,863 - __main__ - ERROR - Orderbook API request failed: 404
2025-09-05 13:18:47,863 - __main__ - WARNING - Using mock price: $200.9000
2025-09-05 13:18:47,863 - __main__ - INFO - MACD Analysis: Fast=200.4945, Slow=200.3253, MACD=0.1692, Signal=SELL
2025-09-05 13:18:47,864 - __main__ - INFO - ==================================================
2025-09-05 13:18:47,864 - __main__ - INFO - BETA TRACKING UPDATE - Iteration 10
2025-09-05 13:18:47,864 - __main__ - INFO - Runtime: 19.6s
2025-09-05 13:18:47,865 - __main__ - INFO - Current Position: $0.00
2025-09-05 13:18:47,865 - __main__ - INFO - Total Volume: $0.00
2025-09-05 13:18:47,865 - __main__ - INFO - Current Price: $200.9000
2025-09-05 13:18:47,865 - __main__ - INFO - Price Change: +0.25%
2025-09-05 13:18:47,865 - __main__ - INFO - Open Orders: 0
2025-09-05 13:18:47,866 - __main__ - INFO - MACD Values: 9
2025-09-05 13:18:47,866 - __main__ - INFO - API Success Rate: 0/10
2025-09-05 13:18:47,866 - __main__ - INFO - ==================================================
2025-09-05 13:18:50,136 - __main__ - ERROR - Price API request failed: 404
2025-09-05 13:18:50,164 - __main__ - ERROR - Orderbook API request failed: 404
2025-09-05 13:18:50,165 - __main__ - WARNING - Using mock price: $201.0000
2025-09-05 13:18:50,165 - __main__ - INFO - MACD Analysis: Fast=200.5723, Slow=200.3753, MACD=0.1970, Signal=SELL
2025-09-05 13:18:52,198 - __main__ - ERROR - Price API request failed: 404
2025-09-05 13:18:52,458 - __main__ - ERROR - Orderbook API request failed: 404
2025-09-05 13:18:52,458 - __main__ - WARNING - Using mock price: $201.1000
2025-09-05 13:18:52,459 - __main__ - INFO - MACD Analysis: Fast=200.6535, Slow=200.4290, MACD=0.2245, Signal=SELL
2025-09-05 13:18:54,499 - __main__ - ERROR - Price API request failed: 404
2025-09-05 13:18:54,523 - __main__ - ERROR - Orderbook API request failed: 404
2025-09-05 13:18:54,523 - __main__ - WARNING - Using mock price: $201.2000
2025-09-05 13:18:54,523 - __main__ - INFO - MACD Analysis: Fast=200.7376, Slow=200.4861, MACD=0.2515, Signal=SELL
2025-09-05 13:18:56,567 - __main__ - ERROR - Price API request failed: 404
2025-09-05 13:18:56,590 - __main__ - ERROR - Orderbook API request failed: 404
2025-09-05 13:18:56,590 - __main__ - WARNING - Using mock price: $201.3000
2025-09-05 13:18:56,590 - __main__ - INFO - MACD Analysis: Fast=200.8241, Slow=200.5464, MACD=0.2777, Signal=SELL
2025-09-05 13:18:58,636 - __main__ - ERROR - Price API request failed: 404
2025-09-05 13:18:58,663 - __main__ - ERROR - Orderbook API request failed: 404
2025-09-05 13:18:58,663 - __main__ - WARNING - Using mock price: $201.4000
2025-09-05 13:18:58,663 - __main__ - INFO - MACD Analysis: Fast=200.9127, Slow=200.6096, MACD=0.3031, Signal=SELL
2025-09-05 13:18:58,664 - __main__ - INFO - ==================================================
2025-09-05 13:18:58,664 - __main__ - INFO - BETA TRACKING UPDATE - Iteration 15
2025-09-05 13:18:58,664 - __main__ - INFO - Runtime: 30.4s
2025-09-05 13:18:58,664 - __main__ - INFO - Current Position: $0.00
2025-09-05 13:18:58,665 - __main__ - INFO - Total Volume: $0.00
2025-09-05 13:18:58,665 - __main__ - INFO - Current Price: $201.4000
2025-09-05 13:18:58,665 - __main__ - INFO - Price Change: +0.25%
2025-09-05 13:18:58,665 - __main__ - INFO - Open Orders: 0
2025-09-05 13:18:58,666 - __main__ - INFO - MACD Values: 14
2025-09-05 13:18:58,666 - __main__ - INFO - API Success Rate: 0/15
2025-09-05 13:18:58,666 - __main__ - INFO - ==================================================
2025-09-05 13:19:01,000 - __main__ - ERROR - Price API request failed: 404
2025-09-05 13:19:01,025 - __main__ - ERROR - Orderbook API request failed: 404
2025-09-05 13:19:01,025 - __main__ - WARNING - Using mock price: $201.5000
2025-09-05 13:19:01,025 - __main__ - INFO - MACD Analysis: Fast=201.0030, Slow=200.6756, MACD=0.3275, Signal=SELL
2025-09-05 13:19:03,054 - __main__ - ERROR - Price API request failed: 404
2025-09-05 13:19:03,382 - __main__ - ERROR - Orderbook API request failed: 404
2025-09-05 13:19:03,382 - __main__ - WARNING - Using mock price: $201.6000
2025-09-05 13:19:03,382 - __main__ - INFO - MACD Analysis: Fast=201.0949, Slow=200.7441, MACD=0.3508, Signal=SELL
2025-09-05 13:19:05,412 - __main__ - ERROR - Price API request failed: 404
2025-09-05 13:19:05,435 - __main__ - ERROR - Orderbook API request failed: 404
2025-09-05 13:19:05,435 - __main__ - WARNING - Using mock price: $201.7000
2025-09-05 13:19:05,436 - __main__ - INFO - MACD Analysis: Fast=201.1880, Slow=200.8149, MACD=0.3731, Signal=SELL
2025-09-05 13:19:07,468 - __main__ - ERROR - Price API request failed: 404
2025-09-05 13:19:07,490 - __main__ - ERROR - Orderbook API request failed: 404
2025-09-05 13:19:07,491 - __main__ - WARNING - Using mock price: $201.8000
2025-09-05 13:19:07,491 - __main__ - INFO - MACD Analysis: Fast=201.2821, Slow=200.8878, MACD=0.3943, Signal=SELL
2025-09-05 13:19:09,523 - __main__ - ERROR - Price API request failed: 404
2025-09-05 13:19:09,548 - __main__ - ERROR - Orderbook API request failed: 404
2025-09-05 13:19:09,548 - __main__ - WARNING - Using mock price: $201.9000
2025-09-05 13:19:09,548 - __main__ - INFO - MACD Analysis: Fast=201.3772, Slow=200.9628, MACD=0.4144, Signal=SELL
2025-09-05 13:19:09,549 - __main__ - INFO - ==================================================
2025-09-05 13:19:09,549 - __main__ - INFO - BETA TRACKING UPDATE - Iteration 20
2025-09-05 13:19:09,549 - __main__ - INFO - Runtime: 41.3s
2025-09-05 13:19:09,550 - __main__ - INFO - Current Position: $0.00
2025-09-05 13:19:09,550 - __main__ - INFO - Total Volume: $0.00
2025-09-05 13:19:09,550 - __main__ - INFO - Current Price: $201.9000
2025-09-05 13:19:09,550 - __main__ - INFO - Price Change: +0.25%
2025-09-05 13:19:09,550 - __main__ - INFO - Open Orders: 0
2025-09-05 13:19:09,551 - __main__ - INFO - MACD Values: 19
2025-09-05 13:19:09,551 - __main__ - INFO - API Success Rate: 0/20
2025-09-05 13:19:09,551 - __main__ - INFO - ==================================================
2025-09-05 13:19:09,551 - __main__ - INFO - DETAILED BETA ANALYSIS
2025-09-05 13:19:09,551 - __main__ - INFO -    - MACD Fast EMA: 201.3772
2025-09-05 13:19:09,551 - __main__ - INFO -    - MACD Slow EMA: 200.9628
2025-09-05 13:19:09,552 - __main__ - INFO -    - MACD Signal: 3.2076
2025-09-05 13:19:09,553 - __main__ - INFO -    - Current MACD: -2.7932
2025-09-05 13:19:09,553 - __main__ - INFO -    - Price History: 20 points
2025-09-05 13:19:09,554 - __main__ - INFO -    - Risk State: 0.00% drawdown
2025-09-05 13:19:11,904 - __main__ - ERROR - Price API request failed: 404
2025-09-05 13:19:11,925 - __main__ - ERROR - Orderbook API request failed: 404
2025-09-05 13:19:11,925 - __main__ - WARNING - Using mock price: $202.0000
2025-09-05 13:19:11,926 - __main__ - INFO - MACD Analysis: Fast=201.4730, Slow=201.0396, MACD=0.4334, Signal=SELL
2025-09-05 13:19:13,961 - __main__ - ERROR - Price API request failed: 404
2025-09-05 13:19:14,290 - __main__ - ERROR - Orderbook API request failed: 404
2025-09-05 13:19:14,291 - __main__ - WARNING - Using mock price: $202.1000
2025-09-05 13:19:14,291 - __main__ - INFO - MACD Analysis: Fast=201.5695, Slow=201.1182, MACD=0.4513, Signal=SELL
2025-09-05 13:19:16,320 - __main__ - ERROR - Price API request failed: 404
2025-09-05 13:19:16,343 - __main__ - ERROR - Orderbook API request failed: 404
2025-09-05 13:19:16,343 - __main__ - WARNING - Using mock price: $202.2000
2025-09-05 13:19:16,344 - __main__ - INFO - MACD Analysis: Fast=201.6665, Slow=201.1983, MACD=0.4682, Signal=SELL
2025-09-05 13:19:18,390 - __main__ - ERROR - Price API request failed: 404
2025-09-05 13:19:18,415 - __main__ - ERROR - Orderbook API request failed: 404
2025-09-05 13:19:18,416 - __main__ - WARNING - Using mock price: $202.3000
2025-09-05 13:19:18,416 - __main__ - INFO - MACD Analysis: Fast=201.7639, Slow=201.2799, MACD=0.4840, Signal=SELL
2025-09-05 13:19:20,456 - __main__ - ERROR - Price API request failed: 404
2025-09-05 13:19:20,482 - __main__ - ERROR - Orderbook API request failed: 404
2025-09-05 13:19:20,482 - __main__ - WARNING - Using mock price: $202.4000
2025-09-05 13:19:20,482 - __main__ - INFO - MACD Analysis: Fast=201.8618, Slow=201.3629, MACD=0.4989, Signal=SELL
2025-09-05 13:19:20,482 - __main__ - INFO - ==================================================
2025-09-05 13:19:20,483 - __main__ - INFO - BETA TRACKING UPDATE - Iteration 25
2025-09-05 13:19:20,483 - __main__ - INFO - Runtime: 52.2s
2025-09-05 13:19:20,483 - __main__ - INFO - Current Position: $0.00
2025-09-05 13:19:20,483 - __main__ - INFO - Total Volume: $0.00
2025-09-05 13:19:20,484 - __main__ - INFO - Current Price: $202.4000
2025-09-05 13:19:20,484 - __main__ - INFO - Price Change: +0.25%
2025-09-05 13:19:20,484 - __main__ - INFO - Open Orders: 0
2025-09-05 13:19:20,484 - __main__ - INFO - MACD Values: 24
2025-09-05 13:19:20,484 - __main__ - INFO - API Success Rate: 0/25
2025-09-05 13:19:20,484 - __main__ - INFO - ==================================================
2025-09-05 13:19:22,828 - __main__ - ERROR - Price API request failed: 404
2025-09-05 13:19:22,849 - __main__ - ERROR - Orderbook API request failed: 404
2025-09-05 13:19:22,849 - __main__ - WARNING - Using mock price: $202.5000
2025-09-05 13:19:22,849 - __main__ - INFO - MACD Analysis: Fast=201.9600, Slow=201.4471, MACD=0.5129, Signal=SELL
2025-09-05 13:19:24,893 - __main__ - ERROR - Price API request failed: 404
2025-09-05 13:19:25,215 - __main__ - ERROR - Orderbook API request failed: 404
2025-09-05 13:19:25,216 - __main__ - WARNING - Using mock price: $202.6000
2025-09-05 13:19:25,216 - __main__ - INFO - MACD Analysis: Fast=202.0584, Slow=201.5325, MACD=0.5259, Signal=SELL
2025-09-05 13:19:27,280 - __main__ - ERROR - Price API request failed: 404
2025-09-05 13:19:27,302 - __main__ - ERROR - Orderbook API request failed: 404
2025-09-05 13:19:27,303 - __main__ - WARNING - Using mock price: $202.7000
2025-09-05 13:19:27,303 - __main__ - INFO - MACD Analysis: Fast=202.1571, Slow=201.6190, MACD=0.5381, Signal=SELL
2025-09-05 13:19:29,339 - __main__ - ERROR - Price API request failed: 404
2025-09-05 13:19:29,362 - __main__ - ERROR - Orderbook API request failed: 404
2025-09-05 13:19:29,363 - __main__ - WARNING - Using mock price: $202.8000
2025-09-05 13:19:29,363 - __main__ - INFO - MACD Analysis: Fast=202.2560, Slow=201.7065, MACD=0.5496, Signal=SELL
2025-09-05 13:19:31,406 - __main__ - ERROR - Price API request failed: 404
2025-09-05 13:19:31,437 - __main__ - ERROR - Orderbook API request failed: 404
2025-09-05 13:19:31,437 - __main__ - WARNING - Using mock price: $202.9000
2025-09-05 13:19:31,438 - __main__ - INFO - MACD Analysis: Fast=202.3551, Slow=201.7949, MACD=0.5602, Signal=SELL
2025-09-05 13:19:31,438 - __main__ - INFO - ==================================================
2025-09-05 13:19:31,438 - __main__ - INFO - BETA TRACKING UPDATE - Iteration 30
2025-09-05 13:19:31,439 - __main__ - INFO - Runtime: 63.1s
2025-09-05 13:19:31,439 - __main__ - INFO - Current Position: $0.00
2025-09-05 13:19:31,439 - __main__ - INFO - Total Volume: $0.00
2025-09-05 13:19:31,439 - __main__ - INFO - Current Price: $202.9000
2025-09-05 13:19:31,439 - __main__ - INFO - Price Change: +0.25%
2025-09-05 13:19:31,440 - __main__ - INFO - Open Orders: 0
2025-09-05 13:19:31,440 - __main__ - INFO - MACD Values: 29
2025-09-05 13:19:31,440 - __main__ - INFO - API Success Rate: 0/30
2025-09-05 13:19:31,440 - __main__ - INFO - ==================================================
2025-09-05 13:19:33,787 - __main__ - ERROR - Price API request failed: 404
2025-09-05 13:19:33,813 - __main__ - ERROR - Orderbook API request failed: 404
2025-09-05 13:19:33,813 - __main__ - WARNING - Using mock price: $203.0000
2025-09-05 13:19:33,814 - __main__ - INFO - MACD Analysis: Fast=202.4543, Slow=201.8842, MACD=0.5702, Signal=SELL
2025-09-05 13:19:35,854 - __main__ - ERROR - Price API request failed: 404
2025-09-05 13:19:36,188 - __main__ - ERROR - Orderbook API request failed: 404
2025-09-05 13:19:36,188 - __main__ - WARNING - Using mock price: $203.1000
2025-09-05 13:19:36,188 - __main__ - INFO - MACD Analysis: Fast=202.5537, Slow=201.9742, MACD=0.5794, Signal=SELL
2025-09-05 13:19:38,215 - __main__ - ERROR - Price API request failed: 404
2025-09-05 13:19:38,242 - __main__ - ERROR - Orderbook API request failed: 404
2025-09-05 13:19:38,242 - __main__ - WARNING - Using mock price: $203.2000
2025-09-05 13:19:38,242 - __main__ - INFO - MACD Analysis: Fast=202.6531, Slow=202.0650, MACD=0.5881, Signal=SELL
2025-09-05 13:19:40,279 - __main__ - ERROR - Price API request failed: 404
2025-09-05 13:19:40,302 - __main__ - ERROR - Orderbook API request failed: 404
2025-09-05 13:19:40,303 - __main__ - WARNING - Using mock price: $203.3000
2025-09-05 13:19:40,303 - __main__ - INFO - MACD Analysis: Fast=202.7526, Slow=202.1565, MACD=0.5961, Signal=HOLD
2025-09-05 13:19:42,339 - __main__ - ERROR - Price API request failed: 404
2025-09-05 13:19:42,361 - __main__ - ERROR - Orderbook API request failed: 404
2025-09-05 13:19:42,361 - __main__ - WARNING - Using mock price: $203.4000
2025-09-05 13:19:42,362 - __main__ - INFO - MACD Analysis: Fast=202.8522, Slow=202.2486, MACD=0.6036, Signal=HOLD
2025-09-05 13:19:42,362 - __main__ - INFO - ==================================================
2025-09-05 13:19:42,362 - __main__ - INFO - BETA TRACKING UPDATE - Iteration 35
2025-09-05 13:19:42,362 - __main__ - INFO - Runtime: 74.1s
2025-09-05 13:19:42,363 - __main__ - INFO - Current Position: $0.00
2025-09-05 13:19:42,363 - __main__ - INFO - Total Volume: $0.00
2025-09-05 13:19:42,363 - __main__ - INFO - Current Price: $203.4000
2025-09-05 13:19:42,363 - __main__ - INFO - Price Change: +0.25%
2025-09-05 13:19:42,364 - __main__ - INFO - Open Orders: 0
2025-09-05 13:19:42,364 - __main__ - INFO - MACD Values: 34
2025-09-05 13:19:42,364 - __main__ - INFO - API Success Rate: 0/35
2025-09-05 13:19:42,364 - __main__ - INFO - ==================================================
2025-09-05 13:19:44,711 - __main__ - ERROR - Price API request failed: 404
2025-09-05 13:19:44,734 - __main__ - ERROR - Orderbook API request failed: 404
2025-09-05 13:19:44,734 - __main__ - WARNING - Using mock price: $203.5000
2025-09-05 13:19:44,734 - __main__ - INFO - MACD Analysis: Fast=202.9519, Slow=202.3413, MACD=0.6106, Signal=HOLD
2025-09-05 13:19:46,771 - __main__ - ERROR - Price API request failed: 404
2025-09-05 13:19:47,087 - __main__ - ERROR - Orderbook API request failed: 404
2025-09-05 13:19:47,087 - __main__ - WARNING - Using mock price: $203.6000
2025-09-05 13:19:47,088 - __main__ - INFO - MACD Analysis: Fast=203.0516, Slow=202.4345, MACD=0.6170, Signal=HOLD
2025-09-05 13:19:49,150 - __main__ - ERROR - Price API request failed: 404
2025-09-05 13:19:49,177 - __main__ - ERROR - Orderbook API request failed: 404
2025-09-05 13:19:49,177 - __main__ - WARNING - Using mock price: $203.7000
2025-09-05 13:19:49,177 - __main__ - INFO - MACD Analysis: Fast=203.1513, Slow=202.5283, MACD=0.6231, Signal=HOLD
2025-09-05 13:19:51,211 - __main__ - ERROR - Price API request failed: 404
2025-09-05 13:19:51,237 - __main__ - ERROR - Orderbook API request failed: 404
2025-09-05 13:19:51,237 - __main__ - WARNING - Using mock price: $203.8000
2025-09-05 13:19:51,237 - __main__ - INFO - MACD Analysis: Fast=203.2511, Slow=202.6225, MACD=0.6287, Signal=HOLD
2025-09-05 13:19:53,270 - __main__ - ERROR - Price API request failed: 404
2025-09-05 13:19:53,297 - __main__ - ERROR - Orderbook API request failed: 404
2025-09-05 13:19:53,298 - __main__ - WARNING - Using mock price: $203.9000
2025-09-05 13:19:53,298 - __main__ - INFO - MACD Analysis: Fast=203.3510, Slow=202.7171, MACD=0.6338, Signal=HOLD
2025-09-05 13:19:53,299 - __main__ - INFO - ==================================================
2025-09-05 13:19:53,299 - __main__ - INFO - BETA TRACKING UPDATE - Iteration 40
2025-09-05 13:19:53,299 - __main__ - INFO - Runtime: 85.0s
2025-09-05 13:19:53,299 - __main__ - INFO - Current Position: $0.00
2025-09-05 13:19:53,300 - __main__ - INFO - Total Volume: $0.00
2025-09-05 13:19:53,300 - __main__ - INFO - Current Price: $203.9000
2025-09-05 13:19:53,300 - __main__ - INFO - Price Change: +0.25%
2025-09-05 13:19:53,302 - __main__ - INFO - Open Orders: 0
2025-09-05 13:19:53,305 - __main__ - INFO - MACD Values: 39
2025-09-05 13:19:53,305 - __main__ - INFO - API Success Rate: 0/40
2025-09-05 13:19:53,306 - __main__ - INFO - ==================================================
2025-09-05 13:19:53,306 - __main__ - INFO - DETAILED BETA ANALYSIS
2025-09-05 13:19:53,307 - __main__ - INFO -    - MACD Fast EMA: 203.3510
2025-09-05 13:19:53,307 - __main__ - INFO -    - MACD Slow EMA: 202.7171
2025-09-05 13:19:53,307 - __main__ - INFO -    - MACD Signal: 0.6379
2025-09-05 13:19:53,308 - __main__ - INFO -    - Current MACD: -0.0040
2025-09-05 13:19:53,308 - __main__ - INFO -    - Price History: 40 points
2025-09-05 13:19:53,308 - __main__ - INFO -    - Risk State: 0.00% drawdown
2025-09-05 13:19:55,648 - __main__ - ERROR - Price API request failed: 404
2025-09-05 13:19:55,672 - __main__ - ERROR - Orderbook API request failed: 404
2025-09-05 13:19:55,672 - __main__ - WARNING - Using mock price: $204.0000
2025-09-05 13:19:55,673 - __main__ - INFO - MACD Analysis: Fast=203.4508, Slow=202.8121, MACD=0.6387, Signal=HOLD
2025-09-05 13:19:57,711 - __main__ - ERROR - Price API request failed: 404
2025-09-05 13:19:58,029 - __main__ - ERROR - Orderbook API request failed: 404
2025-09-05 13:19:58,030 - __main__ - WARNING - Using mock price: $204.1000
2025-09-05 13:19:58,030 - __main__ - INFO - MACD Analysis: Fast=203.5507, Slow=202.9075, MACD=0.6432, Signal=HOLD
2025-09-05 13:20:00,073 - __main__ - ERROR - Price API request failed: 404
2025-09-05 13:20:00,096 - __main__ - ERROR - Orderbook API request failed: 404
2025-09-05 13:20:00,096 - __main__ - WARNING - Using mock price: $204.2000
2025-09-05 13:20:00,097 - __main__ - INFO - MACD Analysis: Fast=203.6506, Slow=203.0033, MACD=0.6473, Signal=HOLD
2025-09-05 13:20:02,126 - __main__ - ERROR - Price API request failed: 404
2025-09-05 13:20:02,153 - __main__ - ERROR - Orderbook API request failed: 404
2025-09-05 13:20:02,153 - __main__ - WARNING - Using mock price: $204.3000
2025-09-05 13:20:02,154 - __main__ - INFO - MACD Analysis: Fast=203.7505, Slow=203.0993, MACD=0.6512, Signal=HOLD
2025-09-05 13:20:04,182 - __main__ - ERROR - Price API request failed: 404
2025-09-05 13:20:04,204 - __main__ - ERROR - Orderbook API request failed: 404
2025-09-05 13:20:04,205 - __main__ - WARNING - Using mock price: $204.4000
2025-09-05 13:20:04,205 - __main__ - INFO - MACD Analysis: Fast=203.8504, Slow=203.1957, MACD=0.6547, Signal=HOLD
2025-09-05 13:20:04,205 - __main__ - INFO - ==================================================
2025-09-05 13:20:04,206 - __main__ - INFO - BETA TRACKING UPDATE - Iteration 45
2025-09-05 13:20:04,206 - __main__ - INFO - Runtime: 95.9s
2025-09-05 13:20:04,206 - __main__ - INFO - Current Position: $0.00
2025-09-05 13:20:04,206 - __main__ - INFO - Total Volume: $0.00
2025-09-05 13:20:04,206 - __main__ - INFO - Current Price: $204.4000
2025-09-05 13:20:04,207 - __main__ - INFO - Price Change: +0.25%
2025-09-05 13:20:04,207 - __main__ - INFO - Open Orders: 0
2025-09-05 13:20:04,207 - __main__ - INFO - MACD Values: 44
2025-09-05 13:20:04,207 - __main__ - INFO - API Success Rate: 0/45
2025-09-05 13:20:04,207 - __main__ - INFO - ==================================================
2025-09-05 13:20:06,483 - __main__ - ERROR - Price API request failed: 404
2025-09-05 13:20:06,505 - __main__ - ERROR - Orderbook API request failed: 404
2025-09-05 13:20:06,505 - __main__ - WARNING - Using mock price: $204.5000
2025-09-05 13:20:06,505 - __main__ - INFO - MACD Analysis: Fast=203.9504, Slow=203.2923, MACD=0.6581, Signal=HOLD
2025-09-05 13:20:08,536 - __main__ - ERROR - Price API request failed: 404
2025-09-05 13:20:08,863 - __main__ - ERROR - Orderbook API request failed: 404
2025-09-05 13:20:08,864 - __main__ - WARNING - Using mock price: $204.6000
2025-09-05 13:20:08,864 - __main__ - INFO - MACD Analysis: Fast=204.0503, Slow=203.3892, MACD=0.6611, Signal=HOLD
2025-09-05 13:20:10,906 - __main__ - ERROR - Price API request failed: 404
2025-09-05 13:20:10,931 - __main__ - ERROR - Orderbook API request failed: 404
2025-09-05 13:20:10,932 - __main__ - WARNING - Using mock price: $204.7000
2025-09-05 13:20:10,932 - __main__ - INFO - MACD Analysis: Fast=204.1503, Slow=203.4863, MACD=0.6640, Signal=HOLD
2025-09-05 13:20:12,962 - __main__ - ERROR - Price API request failed: 404
2025-09-05 13:20:12,987 - __main__ - ERROR - Orderbook API request failed: 404
2025-09-05 13:20:12,988 - __main__ - WARNING - Using mock price: $204.8000
2025-09-05 13:20:12,988 - __main__ - INFO - MACD Analysis: Fast=204.2502, Slow=203.5836, MACD=0.6666, Signal=HOLD
2025-09-05 13:20:15,022 - __main__ - ERROR - Price API request failed: 404
2025-09-05 13:20:15,048 - __main__ - ERROR - Orderbook API request failed: 404
2025-09-05 13:20:15,048 - __main__ - WARNING - Using mock price: $204.9000
2025-09-05 13:20:15,048 - __main__ - INFO - MACD Analysis: Fast=204.3502, Slow=203.6811, MACD=0.6691, Signal=HOLD
2025-09-05 13:20:15,049 - __main__ - INFO - ==================================================
2025-09-05 13:20:15,049 - __main__ - INFO - BETA TRACKING UPDATE - Iteration 50
2025-09-05 13:20:15,049 - __main__ - INFO - Runtime: 106.8s
2025-09-05 13:20:15,049 - __main__ - INFO - Current Position: $0.00
2025-09-05 13:20:15,049 - __main__ - INFO - Total Volume: $0.00
2025-09-05 13:20:15,050 - __main__ - INFO - Current Price: $204.9000
2025-09-05 13:20:15,050 - __main__ - INFO - Price Change: +0.24%
2025-09-05 13:20:15,050 - __main__ - INFO - Open Orders: 0
2025-09-05 13:20:15,051 - __main__ - INFO - MACD Values: 49
2025-09-05 13:20:15,051 - __main__ - INFO - API Success Rate: 0/50
2025-09-05 13:20:15,051 - __main__ - INFO - ==================================================
2025-09-05 13:20:17,319 - __main__ - ERROR - Price API request failed: 404
2025-09-05 13:20:17,341 - __main__ - ERROR - Orderbook API request failed: 404
2025-09-05 13:20:17,342 - __main__ - WARNING - Using mock price: $205.0000
2025-09-05 13:20:17,343 - __main__ - INFO - MACD Analysis: Fast=204.4502, Slow=203.7788, MACD=0.6714, Signal=HOLD
2025-09-05 13:20:19,385 - __main__ - ERROR - Price API request failed: 404
2025-09-05 13:20:19,716 - __main__ - ERROR - Orderbook API request failed: 404
2025-09-05 13:20:19,716 - __main__ - WARNING - Using mock price: $205.1000
2025-09-05 13:20:19,717 - __main__ - INFO - MACD Analysis: Fast=204.5501, Slow=203.8767, MACD=0.6735, Signal=HOLD
2025-09-05 13:20:21,975 - __main__ - ERROR - Price API request failed: 404
2025-09-05 13:20:22,068 - __main__ - ERROR - Orderbook API request failed: 404
2025-09-05 13:20:22,070 - __main__ - WARNING - Using mock price: $205.2000
2025-09-05 13:20:22,070 - __main__ - INFO - MACD Analysis: Fast=204.6501, Slow=203.9747, MACD=0.6754, Signal=HOLD
2025-09-05 13:20:24,103 - __main__ - ERROR - Price API request failed: 404
2025-09-05 13:20:24,125 - __main__ - ERROR - Orderbook API request failed: 404
2025-09-05 13:20:24,125 - __main__ - WARNING - Using mock price: $205.3000
2025-09-05 13:20:24,125 - __main__ - INFO - MACD Analysis: Fast=204.7501, Slow=204.0728, MACD=0.6772, Signal=HOLD
2025-09-05 13:20:26,169 - __main__ - ERROR - Price API request failed: 404
2025-09-05 13:20:26,195 - __main__ - ERROR - Orderbook API request failed: 404
2025-09-05 13:20:26,195 - __main__ - WARNING - Using mock price: $205.4000
2025-09-05 13:20:26,196 - __main__ - INFO - MACD Analysis: Fast=204.8501, Slow=204.1712, MACD=0.6789, Signal=HOLD
2025-09-05 13:20:26,196 - __main__ - INFO - ==================================================
2025-09-05 13:20:26,196 - __main__ - INFO - BETA TRACKING UPDATE - Iteration 55
2025-09-05 13:20:26,197 - __main__ - INFO - Runtime: 117.9s
2025-09-05 13:20:26,197 - __main__ - INFO - Current Position: $0.00
2025-09-05 13:20:26,197 - __main__ - INFO - Total Volume: $0.00
2025-09-05 13:20:26,197 - __main__ - INFO - Current Price: $205.4000
2025-09-05 13:20:26,197 - __main__ - INFO - Price Change: +0.24%
2025-09-05 13:20:26,197 - __main__ - INFO - Open Orders: 0
2025-09-05 13:20:26,198 - __main__ - INFO - MACD Values: 54
2025-09-05 13:20:26,198 - __main__ - INFO - API Success Rate: 0/55
2025-09-05 13:20:26,198 - __main__ - INFO - ==================================================
2025-09-05 13:20:28,465 - __main__ - ERROR - Price API request failed: 404
2025-09-05 13:20:28,487 - __main__ - ERROR - Orderbook API request failed: 404
2025-09-05 13:20:28,487 - __main__ - WARNING - Using mock price: $205.5000
2025-09-05 13:20:28,487 - __main__ - INFO - MACD Analysis: Fast=204.9501, Slow=204.2696, MACD=0.6805, Signal=HOLD
2025-09-05 13:20:30,529 - __main__ - ERROR - Price API request failed: 404
2025-09-05 13:20:30,551 - __main__ - ERROR - Orderbook API request failed: 404
2025-09-05 13:20:30,551 - __main__ - WARNING - Using mock price: $205.6000
2025-09-05 13:20:30,552 - __main__ - INFO - MACD Analysis: Fast=205.0501, Slow=204.3681, MACD=0.6819, Signal=HOLD
2025-09-05 13:20:32,586 - __main__ - ERROR - Price API request failed: 404
2025-09-05 13:20:32,953 - __main__ - ERROR - Orderbook API request failed: 404
2025-09-05 13:20:32,953 - __main__ - WARNING - Using mock price: $205.7000
2025-09-05 13:20:32,953 - __main__ - INFO - MACD Analysis: Fast=205.1500, Slow=204.4668, MACD=0.6833, Signal=HOLD
2025-09-05 13:20:34,989 - __main__ - ERROR - Price API request failed: 404
2025-09-05 13:20:35,012 - __main__ - ERROR - Orderbook API request failed: 404
2025-09-05 13:20:35,012 - __main__ - WARNING - Using mock price: $205.8000
2025-09-05 13:20:35,013 - __main__ - INFO - MACD Analysis: Fast=205.2500, Slow=204.5656, MACD=0.6845, Signal=HOLD
2025-09-05 13:20:37,044 - __main__ - ERROR - Price API request failed: 404
2025-09-05 13:20:37,068 - __main__ - ERROR - Orderbook API request failed: 404
2025-09-05 13:20:37,068 - __main__ - WARNING - Using mock price: $205.9000
2025-09-05 13:20:37,068 - __main__ - INFO - MACD Analysis: Fast=205.3500, Slow=204.6644, MACD=0.6856, Signal=HOLD
2025-09-05 13:20:37,069 - __main__ - INFO - ==================================================
2025-09-05 13:20:37,070 - __main__ - INFO - BETA TRACKING UPDATE - Iteration 60
2025-09-05 13:20:37,070 - __main__ - INFO - Runtime: 128.8s
2025-09-05 13:20:37,070 - __main__ - INFO - Current Position: $0.00
2025-09-05 13:20:37,070 - __main__ - INFO - Total Volume: $0.00
2025-09-05 13:20:37,070 - __main__ - INFO - Current Price: $205.9000
2025-09-05 13:20:37,071 - __main__ - INFO - Price Change: +0.24%
2025-09-05 13:20:37,071 - __main__ - INFO - Open Orders: 0
2025-09-05 13:20:37,071 - __main__ - INFO - MACD Values: 59
2025-09-05 13:20:37,071 - __main__ - INFO - API Success Rate: 0/60
2025-09-05 13:20:37,071 - __main__ - INFO - ==================================================
2025-09-05 13:20:37,071 - __main__ - INFO - DETAILED BETA ANALYSIS
2025-09-05 13:20:37,072 - __main__ - INFO -    - MACD Fast EMA: 205.3500
2025-09-05 13:20:37,072 - __main__ - INFO -    - MACD Slow EMA: 204.6644
2025-09-05 13:20:37,072 - __main__ - INFO -    - MACD Signal: 0.6793
2025-09-05 13:20:37,072 - __main__ - INFO -    - Current MACD: 0.0063
2025-09-05 13:20:37,072 - __main__ - INFO -    - Price History: 60 points
2025-09-05 13:20:37,073 - __main__ - INFO -    - Risk State: 0.00% drawdown
2025-09-05 13:20:39,352 - __main__ - ERROR - Price API request failed: 404
2025-09-05 13:20:39,375 - __main__ - ERROR - Orderbook API request failed: 404
2025-09-05 13:20:39,375 - __main__ - WARNING - Using mock price: $206.0000
2025-09-05 13:20:39,375 - __main__ - INFO - MACD Analysis: Fast=205.4500, Slow=204.7633, MACD=0.6867, Signal=HOLD
2025-09-05 13:20:41,412 - __main__ - ERROR - Price API request failed: 404
2025-09-05 13:20:41,434 - __main__ - ERROR - Orderbook API request failed: 404
2025-09-05 13:20:41,435 - __main__ - WARNING - Using mock price: $206.1000
2025-09-05 13:20:41,435 - __main__ - INFO - MACD Analysis: Fast=205.5500, Slow=204.8623, MACD=0.6877, Signal=HOLD
2025-09-05 13:20:43,472 - __main__ - ERROR - Price API request failed: 404
2025-09-05 13:20:43,732 - __main__ - ERROR - Orderbook API request failed: 404
2025-09-05 13:20:43,732 - __main__ - WARNING - Using mock price: $206.2000
2025-09-05 13:20:43,732 - __main__ - INFO - MACD Analysis: Fast=205.6500, Slow=204.9614, MACD=0.6886, Signal=HOLD
2025-09-05 13:20:45,781 - __main__ - ERROR - Price API request failed: 404
2025-09-05 13:20:45,821 - __main__ - ERROR - Orderbook API request failed: 404
2025-09-05 13:20:45,822 - __main__ - WARNING - Using mock price: $206.3000
2025-09-05 13:20:45,822 - __main__ - INFO - MACD Analysis: Fast=205.7500, Slow=205.0606, MACD=0.6894, Signal=HOLD
2025-09-05 13:20:47,852 - __main__ - ERROR - Price API request failed: 404
2025-09-05 13:20:47,887 - __main__ - ERROR - Orderbook API request failed: 404
2025-09-05 13:20:47,888 - __main__ - WARNING - Using mock price: $206.4000
2025-09-05 13:20:47,888 - __main__ - INFO - MACD Analysis: Fast=205.8500, Slow=205.1598, MACD=0.6902, Signal=HOLD
2025-09-05 13:20:47,888 - __main__ - INFO - ==================================================
2025-09-05 13:20:47,889 - __main__ - INFO - BETA TRACKING UPDATE - Iteration 65
2025-09-05 13:20:47,889 - __main__ - INFO - Runtime: 139.6s
2025-09-05 13:20:47,889 - __main__ - INFO - Current Position: $0.00
2025-09-05 13:20:47,889 - __main__ - INFO - Total Volume: $0.00
2025-09-05 13:20:47,889 - __main__ - INFO - Current Price: $206.4000
2025-09-05 13:20:47,890 - __main__ - INFO - Price Change: +0.24%
2025-09-05 13:20:47,890 - __main__ - INFO - Open Orders: 0
2025-09-05 13:20:47,890 - __main__ - INFO - MACD Values: 64
2025-09-05 13:20:47,891 - __main__ - INFO - API Success Rate: 0/65
2025-09-05 13:20:47,891 - __main__ - INFO - ==================================================
2025-09-05 13:20:50,155 - __main__ - ERROR - Price API request failed: 404
2025-09-05 13:20:50,178 - __main__ - ERROR - Orderbook API request failed: 404
2025-09-05 13:20:50,179 - __main__ - WARNING - Using mock price: $206.5000
2025-09-05 13:20:50,179 - __main__ - INFO - MACD Analysis: Fast=205.9500, Slow=205.2591, MACD=0.6909, Signal=HOLD
2025-09-05 13:20:52,217 - __main__ - ERROR - Price API request failed: 404
2025-09-05 13:20:52,244 - __main__ - ERROR - Orderbook API request failed: 404
2025-09-05 13:20:52,245 - __main__ - WARNING - Using mock price: $206.6000
2025-09-05 13:20:52,245 - __main__ - INFO - MACD Analysis: Fast=206.0500, Slow=205.3584, MACD=0.6916, Signal=HOLD
2025-09-05 13:20:54,277 - __main__ - ERROR - Price API request failed: 404
2025-09-05 13:20:54,571 - __main__ - ERROR - Orderbook API request failed: 404
2025-09-05 13:20:54,572 - __main__ - WARNING - Using mock price: $206.7000
2025-09-05 13:20:54,572 - __main__ - INFO - MACD Analysis: Fast=206.1500, Slow=205.4578, MACD=0.6922, Signal=HOLD
2025-09-05 13:20:56,662 - __main__ - ERROR - Price API request failed: 404
2025-09-05 13:20:56,682 - __main__ - ERROR - Orderbook API request failed: 404
2025-09-05 13:20:56,682 - __main__ - WARNING - Using mock price: $206.8000
2025-09-05 13:20:56,682 - __main__ - INFO - MACD Analysis: Fast=206.2500, Slow=205.5572, MACD=0.6928, Signal=HOLD
2025-09-05 13:20:58,718 - __main__ - ERROR - Price API request failed: 404
2025-09-05 13:20:58,750 - __main__ - ERROR - Orderbook API request failed: 404
2025-09-05 13:20:58,751 - __main__ - WARNING - Using mock price: $206.9000
2025-09-05 13:20:58,751 - __main__ - INFO - MACD Analysis: Fast=206.3500, Slow=205.6567, MACD=0.6933, Signal=HOLD
2025-09-05 13:20:58,753 - __main__ - INFO - ==================================================
2025-09-05 13:20:58,753 - __main__ - INFO - BETA TRACKING UPDATE - Iteration 70
2025-09-05 13:20:58,753 - __main__ - INFO - Runtime: 150.5s
2025-09-05 13:20:58,754 - __main__ - INFO - Current Position: $0.00
2025-09-05 13:20:58,754 - __main__ - INFO - Total Volume: $0.00
2025-09-05 13:20:58,754 - __main__ - INFO - Current Price: $206.9000
2025-09-05 13:20:58,755 - __main__ - INFO - Price Change: +0.24%
2025-09-05 13:20:58,755 - __main__ - INFO - Open Orders: 0
2025-09-05 13:20:58,755 - __main__ - INFO - MACD Values: 69
2025-09-05 13:20:58,756 - __main__ - INFO - API Success Rate: 0/70
2025-09-05 13:20:58,756 - __main__ - INFO - ==================================================
2025-09-05 13:21:01,028 - __main__ - ERROR - Price API request failed: 404
2025-09-05 13:21:01,050 - __main__ - ERROR - Orderbook API request failed: 404
2025-09-05 13:21:01,050 - __main__ - WARNING - Using mock price: $207.0000
2025-09-05 13:21:01,051 - __main__ - INFO - MACD Analysis: Fast=206.4500, Slow=205.7562, MACD=0.6938, Signal=HOLD
2025-09-05 13:21:03,079 - __main__ - ERROR - Price API request failed: 404
2025-09-05 13:21:03,100 - __main__ - ERROR - Orderbook API request failed: 404
2025-09-05 13:21:03,101 - __main__ - WARNING - Using mock price: $207.1000
2025-09-05 13:21:03,101 - __main__ - INFO - MACD Analysis: Fast=206.5500, Slow=205.8557, MACD=0.6943, Signal=HOLD
2025-09-05 13:21:05,130 - __main__ - ERROR - Price API request failed: 404
2025-09-05 13:21:05,386 - __main__ - ERROR - Orderbook API request failed: 404
2025-09-05 13:21:05,386 - __main__ - WARNING - Using mock price: $207.2000
2025-09-05 13:21:05,388 - __main__ - INFO - MACD Analysis: Fast=206.6500, Slow=205.9553, MACD=0.6947, Signal=HOLD
2025-09-05 13:21:07,415 - __main__ - ERROR - Price API request failed: 404
2025-09-05 13:21:07,437 - __main__ - ERROR - Orderbook API request failed: 404
2025-09-05 13:21:07,438 - __main__ - WARNING - Using mock price: $207.3000
2025-09-05 13:21:07,438 - __main__ - INFO - MACD Analysis: Fast=206.7500, Slow=206.0549, MACD=0.6951, Signal=HOLD
2025-09-05 13:21:09,477 - __main__ - ERROR - Price API request failed: 404
2025-09-05 13:21:09,501 - __main__ - ERROR - Orderbook API request failed: 404
2025-09-05 13:21:09,502 - __main__ - WARNING - Using mock price: $207.4000
2025-09-05 13:21:09,502 - __main__ - INFO - MACD Analysis: Fast=206.8500, Slow=206.1545, MACD=0.6955, Signal=HOLD
2025-09-05 13:21:09,503 - __main__ - INFO - ==================================================
2025-09-05 13:21:09,503 - __main__ - INFO - BETA TRACKING UPDATE - Iteration 75
2025-09-05 13:21:09,503 - __main__ - INFO - Runtime: 161.2s
2025-09-05 13:21:09,504 - __main__ - INFO - Current Position: $0.00
2025-09-05 13:21:09,504 - __main__ - INFO - Total Volume: $0.00
2025-09-05 13:21:09,504 - __main__ - INFO - Current Price: $207.4000
2025-09-05 13:21:09,505 - __main__ - INFO - Price Change: +0.24%
2025-09-05 13:21:09,505 - __main__ - INFO - Open Orders: 0
2025-09-05 13:21:09,505 - __main__ - INFO - MACD Values: 74
2025-09-05 13:21:09,506 - __main__ - INFO - API Success Rate: 0/75
2025-09-05 13:21:09,506 - __main__ - INFO - ==================================================
2025-09-05 13:21:11,770 - __main__ - ERROR - Price API request failed: 404
2025-09-05 13:21:11,793 - __main__ - ERROR - Orderbook API request failed: 404
2025-09-05 13:21:11,793 - __main__ - WARNING - Using mock price: $207.5000
2025-09-05 13:21:11,794 - __main__ - INFO - MACD Analysis: Fast=206.9500, Slow=206.2542, MACD=0.6958, Signal=HOLD
2025-09-05 13:21:13,828 - __main__ - ERROR - Price API request failed: 404
2025-09-05 13:21:13,848 - __main__ - ERROR - Orderbook API request failed: 404
2025-09-05 13:21:13,849 - __main__ - WARNING - Using mock price: $207.6000
2025-09-05 13:21:13,850 - __main__ - INFO - MACD Analysis: Fast=207.0500, Slow=206.3539, MACD=0.6961, Signal=HOLD
2025-09-05 13:21:15,883 - __main__ - ERROR - Price API request failed: 404
2025-09-05 13:21:16,139 - __main__ - ERROR - Orderbook API request failed: 404
2025-09-05 13:21:16,139 - __main__ - WARNING - Using mock price: $207.7000
2025-09-05 13:21:16,140 - __main__ - INFO - MACD Analysis: Fast=207.1500, Slow=206.4536, MACD=0.6964, Signal=HOLD
2025-09-05 13:21:18,178 - __main__ - ERROR - Price API request failed: 404
2025-09-05 13:21:18,202 - __main__ - ERROR - Orderbook API request failed: 404
2025-09-05 13:21:18,202 - __main__ - WARNING - Using mock price: $207.8000
2025-09-05 13:21:18,202 - __main__ - INFO - MACD Analysis: Fast=207.2500, Slow=206.5533, MACD=0.6967, Signal=HOLD
2025-09-05 13:21:20,235 - __main__ - ERROR - Price API request failed: 404
2025-09-05 13:21:20,260 - __main__ - ERROR - Orderbook API request failed: 404
2025-09-05 13:21:20,260 - __main__ - WARNING - Using mock price: $207.9000
2025-09-05 13:21:20,261 - __main__ - INFO - MACD Analysis: Fast=207.3500, Slow=206.6531, MACD=0.6969, Signal=HOLD
2025-09-05 13:21:20,261 - __main__ - INFO - ==================================================
2025-09-05 13:21:20,261 - __main__ - INFO - BETA TRACKING UPDATE - Iteration 80
2025-09-05 13:21:20,261 - __main__ - INFO - Runtime: 172.0s
2025-09-05 13:21:20,262 - __main__ - INFO - Current Position: $0.00
2025-09-05 13:21:20,262 - __main__ - INFO - Total Volume: $0.00
2025-09-05 13:21:20,262 - __main__ - INFO - Current Price: $207.9000
2025-09-05 13:21:20,262 - __main__ - INFO - Price Change: +0.24%
2025-09-05 13:21:20,262 - __main__ - INFO - Open Orders: 0
2025-09-05 13:21:20,263 - __main__ - INFO - MACD Values: 79
2025-09-05 13:21:20,263 - __main__ - INFO - API Success Rate: 0/80
2025-09-05 13:21:20,263 - __main__ - INFO - ==================================================
2025-09-05 13:21:20,263 - __main__ - INFO - DETAILED BETA ANALYSIS
2025-09-05 13:21:20,263 - __main__ - INFO -    - MACD Fast EMA: 207.3500
2025-09-05 13:21:20,263 - __main__ - INFO -    - MACD Slow EMA: 206.6531
2025-09-05 13:21:20,264 - __main__ - INFO -    - MACD Signal: 0.6955
2025-09-05 13:21:20,264 - __main__ - INFO -    - Current MACD: 0.0014
2025-09-05 13:21:20,264 - __main__ - INFO -    - Price History: 80 points
2025-09-05 13:21:20,264 - __main__ - INFO -    - Risk State: 0.00% drawdown
2025-09-05 13:21:22,522 - __main__ - ERROR - Price API request failed: 404
2025-09-05 13:21:22,543 - __main__ - ERROR - Orderbook API request failed: 404
2025-09-05 13:21:22,544 - __main__ - WARNING - Using mock price: $208.0000
2025-09-05 13:21:22,544 - __main__ - INFO - MACD Analysis: Fast=207.4500, Slow=206.7529, MACD=0.6971, Signal=HOLD
2025-09-05 13:21:24,599 - __main__ - ERROR - Price API request failed: 404
2025-09-05 13:21:24,622 - __main__ - ERROR - Orderbook API request failed: 404
2025-09-05 13:21:24,623 - __main__ - WARNING - Using mock price: $208.1000
2025-09-05 13:21:24,623 - __main__ - INFO - MACD Analysis: Fast=207.5500, Slow=206.8526, MACD=0.6974, Signal=HOLD
2025-09-05 13:21:26,660 - __main__ - ERROR - Price API request failed: 404
2025-09-05 13:21:26,918 - __main__ - ERROR - Orderbook API request failed: 404
2025-09-05 13:21:26,918 - __main__ - WARNING - Using mock price: $208.2000
2025-09-05 13:21:26,919 - __main__ - INFO - MACD Analysis: Fast=207.6500, Slow=206.9525, MACD=0.6975, Signal=HOLD
2025-09-05 13:21:28,953 - __main__ - ERROR - Price API request failed: 404
2025-09-05 13:21:28,978 - __main__ - ERROR - Orderbook API request failed: 404
2025-09-05 13:21:28,978 - __main__ - WARNING - Using mock price: $208.3000
2025-09-05 13:21:28,979 - __main__ - INFO - MACD Analysis: Fast=207.7500, Slow=207.0523, MACD=0.6977, Signal=HOLD
2025-09-05 13:21:31,013 - __main__ - ERROR - Price API request failed: 404
2025-09-05 13:21:31,035 - __main__ - ERROR - Orderbook API request failed: 404
2025-09-05 13:21:31,035 - __main__ - WARNING - Using mock price: $208.4000
2025-09-05 13:21:31,036 - __main__ - INFO - MACD Analysis: Fast=207.8500, Slow=207.1521, MACD=0.6979, Signal=HOLD
2025-09-05 13:21:31,036 - __main__ - INFO - ==================================================
2025-09-05 13:21:31,036 - __main__ - INFO - BETA TRACKING UPDATE - Iteration 85
2025-09-05 13:21:31,036 - __main__ - INFO - Runtime: 182.7s
2025-09-05 13:21:31,037 - __main__ - INFO - Current Position: $0.00
2025-09-05 13:21:31,037 - __main__ - INFO - Total Volume: $0.00
2025-09-05 13:21:31,037 - __main__ - INFO - Current Price: $208.4000
2025-09-05 13:21:31,037 - __main__ - INFO - Price Change: +0.24%
2025-09-05 13:21:31,037 - __main__ - INFO - Open Orders: 0
2025-09-05 13:21:31,037 - __main__ - INFO - MACD Values: 84
2025-09-05 13:21:31,038 - __main__ - INFO - API Success Rate: 0/85
2025-09-05 13:21:31,038 - __main__ - INFO - ==================================================
2025-09-05 13:21:33,319 - __main__ - ERROR - Price API request failed: 404
2025-09-05 13:21:33,343 - __main__ - ERROR - Orderbook API request failed: 404
2025-09-05 13:21:33,344 - __main__ - WARNING - Using mock price: $208.5000
2025-09-05 13:21:33,344 - __main__ - INFO - MACD Analysis: Fast=207.9500, Slow=207.2519, MACD=0.6981, Signal=HOLD
2025-09-05 13:21:35,375 - __main__ - ERROR - Price API request failed: 404
2025-09-05 13:21:35,407 - __main__ - ERROR - Orderbook API request failed: 404
2025-09-05 13:21:35,408 - __main__ - WARNING - Using mock price: $208.6000
2025-09-05 13:21:35,408 - __main__ - INFO - MACD Analysis: Fast=208.0500, Slow=207.3518, MACD=0.6982, Signal=HOLD
2025-09-05 13:21:37,453 - __main__ - ERROR - Price API request failed: 404
2025-09-05 13:21:37,710 - __main__ - ERROR - Orderbook API request failed: 404
2025-09-05 13:21:37,711 - __main__ - WARNING - Using mock price: $208.7000
2025-09-05 13:21:37,711 - __main__ - INFO - MACD Analysis: Fast=208.1500, Slow=207.4517, MACD=0.6983, Signal=HOLD
2025-09-05 13:21:39,755 - __main__ - ERROR - Price API request failed: 404
2025-09-05 13:21:39,779 - __main__ - ERROR - Orderbook API request failed: 404
2025-09-05 13:21:39,779 - __main__ - WARNING - Using mock price: $208.8000
2025-09-05 13:21:39,779 - __main__ - INFO - MACD Analysis: Fast=208.2500, Slow=207.5515, MACD=0.6985, Signal=HOLD
2025-09-05 13:21:41,817 - __main__ - ERROR - Price API request failed: 404
2025-09-05 13:21:41,840 - __main__ - ERROR - Orderbook API request failed: 404
2025-09-05 13:21:41,841 - __main__ - WARNING - Using mock price: $208.9000
2025-09-05 13:21:41,842 - __main__ - INFO - MACD Analysis: Fast=208.3500, Slow=207.6514, MACD=0.6986, Signal=HOLD
2025-09-05 13:21:41,842 - __main__ - INFO - ==================================================
2025-09-05 13:21:41,843 - __main__ - INFO - BETA TRACKING UPDATE - Iteration 90
2025-09-05 13:21:41,843 - __main__ - INFO - Runtime: 193.6s
2025-09-05 13:21:41,843 - __main__ - INFO - Current Position: $0.00
2025-09-05 13:21:41,843 - __main__ - INFO - Total Volume: $0.00
2025-09-05 13:21:41,844 - __main__ - INFO - Current Price: $208.9000
2025-09-05 13:21:41,844 - __main__ - INFO - Price Change: +0.24%
2025-09-05 13:21:41,844 - __main__ - INFO - Open Orders: 0
2025-09-05 13:21:41,844 - __main__ - INFO - MACD Values: 89
2025-09-05 13:21:41,845 - __main__ - INFO - API Success Rate: 0/90
2025-09-05 13:21:41,845 - __main__ - INFO - ==================================================
2025-09-05 13:21:44,112 - __main__ - ERROR - Price API request failed: 404
2025-09-05 13:21:44,133 - __main__ - ERROR - Orderbook API request failed: 404
2025-09-05 13:21:44,134 - __main__ - WARNING - Using mock price: $209.0000
2025-09-05 13:21:44,134 - __main__ - INFO - MACD Analysis: Fast=208.4500, Slow=207.7513, MACD=0.6987, Signal=HOLD
2025-09-05 13:21:46,176 - __main__ - ERROR - Price API request failed: 404
2025-09-05 13:21:46,199 - __main__ - ERROR - Orderbook API request failed: 404
2025-09-05 13:21:46,199 - __main__ - WARNING - Using mock price: $209.1000
2025-09-05 13:21:46,200 - __main__ - INFO - MACD Analysis: Fast=208.5500, Slow=207.8512, MACD=0.6988, Signal=HOLD
2025-09-05 13:21:48,235 - __main__ - ERROR - Price API request failed: 404
2025-09-05 13:21:48,494 - __main__ - ERROR - Orderbook API request failed: 404
2025-09-05 13:21:48,494 - __main__ - WARNING - Using mock price: $209.2000
2025-09-05 13:21:48,495 - __main__ - INFO - MACD Analysis: Fast=208.6500, Slow=207.9511, MACD=0.6989, Signal=HOLD
2025-09-05 13:21:50,706 - __main__ - ERROR - Price API request failed: 404
2025-09-05 13:21:50,751 - __main__ - ERROR - Orderbook API request failed: 404
2025-09-05 13:21:50,752 - __main__ - WARNING - Using mock price: $209.3000
2025-09-05 13:21:50,752 - __main__ - INFO - MACD Analysis: Fast=208.7500, Slow=208.0511, MACD=0.6989, Signal=HOLD
2025-09-05 13:21:52,792 - __main__ - ERROR - Price API request failed: 404
2025-09-05 13:21:52,822 - __main__ - ERROR - Orderbook API request failed: 404
2025-09-05 13:21:52,822 - __main__ - WARNING - Using mock price: $209.4000
2025-09-05 13:21:52,823 - __main__ - INFO - MACD Analysis: Fast=208.8500, Slow=208.1510, MACD=0.6990, Signal=HOLD
2025-09-05 13:21:52,823 - __main__ - INFO - ==================================================
2025-09-05 13:21:52,824 - __main__ - INFO - BETA TRACKING UPDATE - Iteration 95
2025-09-05 13:21:52,824 - __main__ - INFO - Runtime: 204.5s
2025-09-05 13:21:52,824 - __main__ - INFO - Current Position: $0.00
2025-09-05 13:21:52,824 - __main__ - INFO - Total Volume: $0.00
2025-09-05 13:21:52,824 - __main__ - INFO - Current Price: $209.4000
2025-09-05 13:21:52,825 - __main__ - INFO - Price Change: +0.24%
2025-09-05 13:21:52,825 - __main__ - INFO - Open Orders: 0
2025-09-05 13:21:52,825 - __main__ - INFO - MACD Values: 94
2025-09-05 13:21:52,825 - __main__ - INFO - API Success Rate: 0/95
2025-09-05 13:21:52,826 - __main__ - INFO - ==================================================
2025-09-05 13:21:55,093 - __main__ - ERROR - Price API request failed: 404
2025-09-05 13:21:55,129 - __main__ - ERROR - Orderbook API request failed: 404
2025-09-05 13:21:55,129 - __main__ - WARNING - Using mock price: $209.5000
2025-09-05 13:21:55,129 - __main__ - INFO - MACD Analysis: Fast=208.9500, Slow=208.2509, MACD=0.6991, Signal=HOLD
2025-09-05 13:21:57,176 - __main__ - ERROR - Price API request failed: 404
2025-09-05 13:21:57,204 - __main__ - ERROR - Orderbook API request failed: 404
2025-09-05 13:21:57,204 - __main__ - WARNING - Using mock price: $209.6000
2025-09-05 13:21:57,205 - __main__ - INFO - MACD Analysis: Fast=209.0500, Slow=208.3508, MACD=0.6992, Signal=HOLD
2025-09-05 13:21:59,247 - __main__ - ERROR - Price API request failed: 404
2025-09-05 13:21:59,500 - __main__ - ERROR - Orderbook API request failed: 404
2025-09-05 13:21:59,500 - __main__ - WARNING - Using mock price: $209.7000
2025-09-05 13:21:59,501 - __main__ - INFO - MACD Analysis: Fast=209.1500, Slow=208.4508, MACD=0.6992, Signal=HOLD
2025-09-05 13:22:01,540 - __main__ - ERROR - Price API request failed: 404
2025-09-05 13:22:01,578 - __main__ - ERROR - Orderbook API request failed: 404
2025-09-05 13:22:01,579 - __main__ - WARNING - Using mock price: $209.8000
2025-09-05 13:22:01,579 - __main__ - INFO - MACD Analysis: Fast=209.2500, Slow=208.5507, MACD=0.6993, Signal=HOLD
2025-09-05 13:22:03,626 - __main__ - ERROR - Price API request failed: 404
2025-09-05 13:22:03,656 - __main__ - ERROR - Orderbook API request failed: 404
2025-09-05 13:22:03,657 - __main__ - WARNING - Using mock price: $209.9000
2025-09-05 13:22:03,657 - __main__ - INFO - MACD Analysis: Fast=209.3500, Slow=208.6507, MACD=0.6993, Signal=HOLD
2025-09-05 13:22:03,657 - __main__ - INFO - ==================================================
2025-09-05 13:22:03,657 - __main__ - INFO - BETA TRACKING UPDATE - Iteration 100
2025-09-05 13:22:03,658 - __main__ - INFO - Runtime: 215.4s
2025-09-05 13:22:03,658 - __main__ - INFO - Current Position: $0.00
2025-09-05 13:22:03,658 - __main__ - INFO - Total Volume: $0.00
2025-09-05 13:22:03,659 - __main__ - INFO - Current Price: $209.9000
2025-09-05 13:22:03,659 - __main__ - INFO - Price Change: +0.24%
2025-09-05 13:22:03,659 - __main__ - INFO - Open Orders: 0
2025-09-05 13:22:03,659 - __main__ - INFO - MACD Values: 99
2025-09-05 13:22:03,660 - __main__ - INFO - API Success Rate: 0/100
2025-09-05 13:22:03,660 - __main__ - INFO - ==================================================
2025-09-05 13:22:03,660 - __main__ - INFO - DETAILED BETA ANALYSIS
2025-09-05 13:22:03,660 - __main__ - INFO -    - MACD Fast EMA: 209.3500
2025-09-05 13:22:03,660 - __main__ - INFO -    - MACD Slow EMA: 208.6507
2025-09-05 13:22:03,661 - __main__ - INFO -    - MACD Signal: 0.6990
2025-09-05 13:22:03,661 - __main__ - INFO -    - Current MACD: 0.0003
2025-09-05 13:22:03,661 - __main__ - INFO -    - Price History: 100 points
2025-09-05 13:22:03,661 - __main__ - INFO -    - Risk State: 0.00% drawdown
2025-09-05 13:22:05,934 - __main__ - ERROR - Price API request failed: 404
2025-09-05 13:22:05,960 - __main__ - ERROR - Orderbook API request failed: 404
2025-09-05 13:22:05,960 - __main__ - WARNING - Using mock price: $210.0000
2025-09-05 13:22:05,961 - __main__ - INFO - MACD Analysis: Fast=209.4500, Slow=208.7506, MACD=0.6994, Signal=HOLD
2025-09-05 13:22:07,995 - __main__ - ERROR - Price API request failed: 404
2025-09-05 13:22:08,024 - __main__ - ERROR - Orderbook API request failed: 404
2025-09-05 13:22:08,024 - __main__ - WARNING - Using mock price: $210.1000
2025-09-05 13:22:08,024 - __main__ - INFO - MACD Analysis: Fast=209.5500, Slow=208.8506, MACD=0.6994, Signal=HOLD
2025-09-05 13:22:10,062 - __main__ - ERROR - Price API request failed: 404
2025-09-05 13:22:10,315 - __main__ - ERROR - Orderbook API request failed: 404
2025-09-05 13:22:10,315 - __main__ - WARNING - Using mock price: $210.2000
2025-09-05 13:22:10,316 - __main__ - INFO - MACD Analysis: Fast=209.6500, Slow=208.9505, MACD=0.6995, Signal=HOLD
2025-09-05 13:22:12,346 - __main__ - ERROR - Price API request failed: 404
2025-09-05 13:22:12,376 - __main__ - ERROR - Orderbook API request failed: 404
2025-09-05 13:22:12,377 - __main__ - WARNING - Using mock price: $210.3000
2025-09-05 13:22:12,377 - __main__ - INFO - MACD Analysis: Fast=209.7500, Slow=209.0505, MACD=0.6995, Signal=HOLD
2025-09-05 13:22:14,414 - __main__ - ERROR - Price API request failed: 404
2025-09-05 13:22:14,441 - __main__ - ERROR - Orderbook API request failed: 404
2025-09-05 13:22:14,441 - __main__ - WARNING - Using mock price: $210.4000
2025-09-05 13:22:14,442 - __main__ - INFO - MACD Analysis: Fast=209.8500, Slow=209.1505, MACD=0.6995, Signal=HOLD
2025-09-05 13:22:14,442 - __main__ - INFO - ==================================================
2025-09-05 13:22:14,442 - __main__ - INFO - BETA TRACKING UPDATE - Iteration 105
2025-09-05 13:22:14,442 - __main__ - INFO - Runtime: 226.2s
2025-09-05 13:22:14,442 - __main__ - INFO - Current Position: $0.00
2025-09-05 13:22:14,443 - __main__ - INFO - Total Volume: $0.00
2025-09-05 13:22:14,443 - __main__ - INFO - Current Price: $210.4000
2025-09-05 13:22:14,443 - __main__ - INFO - Price Change: +0.24%
2025-09-05 13:22:14,443 - __main__ - INFO - Open Orders: 0
2025-09-05 13:22:14,443 - __main__ - INFO - MACD Values: 104
2025-09-05 13:22:14,444 - __main__ - INFO - API Success Rate: 0/105
2025-09-05 13:22:14,444 - __main__ - INFO - ==================================================
2025-09-05 13:22:16,719 - __main__ - ERROR - Price API request failed: 404
2025-09-05 13:22:16,750 - __main__ - ERROR - Orderbook API request failed: 404
2025-09-05 13:22:16,751 - __main__ - WARNING - Using mock price: $210.5000
2025-09-05 13:22:16,751 - __main__ - INFO - MACD Analysis: Fast=209.9500, Slow=209.2504, MACD=0.6996, Signal=HOLD
2025-09-05 13:22:18,781 - __main__ - ERROR - Price API request failed: 404
2025-09-05 13:22:18,808 - __main__ - ERROR - Orderbook API request failed: 404
2025-09-05 13:22:18,808 - __main__ - WARNING - Using mock price: $210.6000
2025-09-05 13:22:18,809 - __main__ - INFO - MACD Analysis: Fast=210.0500, Slow=209.3504, MACD=0.6996, Signal=HOLD
2025-09-05 13:22:20,845 - __main__ - ERROR - Price API request failed: 404
2025-09-05 13:22:21,146 - __main__ - ERROR - Orderbook API request failed: 404
2025-09-05 13:22:21,146 - __main__ - WARNING - Using mock price: $210.7000
2025-09-05 13:22:21,146 - __main__ - INFO - MACD Analysis: Fast=210.1500, Slow=209.4504, MACD=0.6996, Signal=HOLD
2025-09-05 13:22:23,178 - __main__ - ERROR - Price API request failed: 404
2025-09-05 13:22:23,209 - __main__ - ERROR - Orderbook API request failed: 404
2025-09-05 13:22:23,210 - __main__ - WARNING - Using mock price: $210.8000
2025-09-05 13:22:23,210 - __main__ - INFO - MACD Analysis: Fast=210.2500, Slow=209.5503, MACD=0.6997, Signal=HOLD
2025-09-05 13:22:25,254 - __main__ - ERROR - Price API request failed: 404
2025-09-05 13:22:25,284 - __main__ - ERROR - Orderbook API request failed: 404
2025-09-05 13:22:25,284 - __main__ - WARNING - Using mock price: $210.9000
2025-09-05 13:22:25,284 - __main__ - INFO - MACD Analysis: Fast=210.3500, Slow=209.6503, MACD=0.6997, Signal=HOLD
2025-09-05 13:22:25,284 - __main__ - INFO - ==================================================
2025-09-05 13:22:25,285 - __main__ - INFO - BETA TRACKING UPDATE - Iteration 110
2025-09-05 13:22:25,285 - __main__ - INFO - Runtime: 237.0s
2025-09-05 13:22:25,285 - __main__ - INFO - Current Position: $0.00
2025-09-05 13:22:25,285 - __main__ - INFO - Total Volume: $0.00
2025-09-05 13:22:25,286 - __main__ - INFO - Current Price: $210.9000
2025-09-05 13:22:25,286 - __main__ - INFO - Price Change: +0.24%
2025-09-05 13:22:25,286 - __main__ - INFO - Open Orders: 0
2025-09-05 13:22:25,286 - __main__ - INFO - MACD Values: 109
2025-09-05 13:22:25,286 - __main__ - INFO - API Success Rate: 0/110
2025-09-05 13:22:25,287 - __main__ - INFO - ==================================================
2025-09-05 13:22:27,587 - __main__ - ERROR - Price API request failed: 404
2025-09-05 13:22:27,611 - __main__ - ERROR - Orderbook API request failed: 404
2025-09-05 13:22:27,612 - __main__ - WARNING - Using mock price: $211.0000
2025-09-05 13:22:27,612 - __main__ - INFO - MACD Analysis: Fast=210.4500, Slow=209.7503, MACD=0.6997, Signal=HOLD
2025-09-05 13:22:29,653 - __main__ - ERROR - Price API request failed: 404
2025-09-05 13:22:29,683 - __main__ - ERROR - Orderbook API request failed: 404
2025-09-05 13:22:29,684 - __main__ - WARNING - Using mock price: $211.1000
2025-09-05 13:22:29,684 - __main__ - INFO - MACD Analysis: Fast=210.5500, Slow=209.8503, MACD=0.6997, Signal=HOLD
2025-09-05 13:22:31,739 - __main__ - ERROR - Price API request failed: 404
2025-09-05 13:22:31,999 - __main__ - ERROR - Orderbook API request failed: 404
2025-09-05 13:22:32,000 - __main__ - WARNING - Using mock price: $211.2000
2025-09-05 13:22:32,000 - __main__ - INFO - MACD Analysis: Fast=210.6500, Slow=209.9502, MACD=0.6998, Signal=HOLD
2025-09-05 13:22:34,041 - __main__ - ERROR - Price API request failed: 404
2025-09-05 13:22:34,072 - __main__ - ERROR - Orderbook API request failed: 404
2025-09-05 13:22:34,072 - __main__ - WARNING - Using mock price: $211.3000
2025-09-05 13:22:34,073 - __main__ - INFO - MACD Analysis: Fast=210.7500, Slow=210.0502, MACD=0.6998, Signal=HOLD
2025-09-05 13:22:36,114 - __main__ - ERROR - Price API request failed: 404
2025-09-05 13:22:36,147 - __main__ - ERROR - Orderbook API request failed: 404
2025-09-05 13:22:36,148 - __main__ - WARNING - Using mock price: $211.4000
2025-09-05 13:22:36,148 - __main__ - INFO - MACD Analysis: Fast=210.8500, Slow=210.1502, MACD=0.6998, Signal=HOLD
2025-09-05 13:22:36,149 - __main__ - INFO - ==================================================
2025-09-05 13:22:36,149 - __main__ - INFO - BETA TRACKING UPDATE - Iteration 115
2025-09-05 13:22:36,149 - __main__ - INFO - Runtime: 247.9s
2025-09-05 13:22:36,149 - __main__ - INFO - Current Position: $0.00
2025-09-05 13:22:36,150 - __main__ - INFO - Total Volume: $0.00
2025-09-05 13:22:36,150 - __main__ - INFO - Current Price: $211.4000
2025-09-05 13:22:36,150 - __main__ - INFO - Price Change: +0.24%
2025-09-05 13:22:36,150 - __main__ - INFO - Open Orders: 0
2025-09-05 13:22:36,151 - __main__ - INFO - MACD Values: 114
2025-09-05 13:22:36,151 - __main__ - INFO - API Success Rate: 0/115
2025-09-05 13:22:36,151 - __main__ - INFO - ==================================================
2025-09-05 13:22:38,412 - __main__ - ERROR - Price API request failed: 404
2025-09-05 13:22:38,440 - __main__ - ERROR - Orderbook API request failed: 404
2025-09-05 13:22:38,440 - __main__ - WARNING - Using mock price: $211.5000
2025-09-05 13:22:38,441 - __main__ - INFO - MACD Analysis: Fast=210.9500, Slow=210.2502, MACD=0.6998, Signal=HOLD
2025-09-05 13:22:40,474 - __main__ - ERROR - Price API request failed: 404
2025-09-05 13:22:40,503 - __main__ - ERROR - Orderbook API request failed: 404
2025-09-05 13:22:40,504 - __main__ - WARNING - Using mock price: $211.6000
2025-09-05 13:22:40,504 - __main__ - INFO - MACD Analysis: Fast=211.0500, Slow=210.3502, MACD=0.6998, Signal=HOLD
2025-09-05 13:22:42,549 - __main__ - ERROR - Price API request failed: 404
2025-09-05 13:22:42,809 - __main__ - ERROR - Orderbook API request failed: 404
2025-09-05 13:22:42,809 - __main__ - WARNING - Using mock price: $211.7000
2025-09-05 13:22:42,810 - __main__ - INFO - MACD Analysis: Fast=211.1500, Slow=210.4502, MACD=0.6998, Signal=HOLD
2025-09-05 13:22:44,851 - __main__ - ERROR - Price API request failed: 404
2025-09-05 13:22:44,879 - __main__ - ERROR - Orderbook API request failed: 404
2025-09-05 13:22:44,880 - __main__ - WARNING - Using mock price: $211.8000
2025-09-05 13:22:44,880 - __main__ - INFO - MACD Analysis: Fast=211.2500, Slow=210.5502, MACD=0.6998, Signal=HOLD
2025-09-05 13:22:46,917 - __main__ - ERROR - Price API request failed: 404
2025-09-05 13:22:46,948 - __main__ - ERROR - Orderbook API request failed: 404
2025-09-05 13:22:46,948 - __main__ - WARNING - Using mock price: $211.9000
2025-09-05 13:22:46,948 - __main__ - INFO - MACD Analysis: Fast=211.3500, Slow=210.6501, MACD=0.6999, Signal=HOLD
2025-09-05 13:22:46,949 - __main__ - INFO - ==================================================
2025-09-05 13:22:46,949 - __main__ - INFO - BETA TRACKING UPDATE - Iteration 120
2025-09-05 13:22:46,949 - __main__ - INFO - Runtime: 258.7s
2025-09-05 13:22:46,950 - __main__ - INFO - Current Position: $0.00
2025-09-05 13:22:46,950 - __main__ - INFO - Total Volume: $0.00
2025-09-05 13:22:46,950 - __main__ - INFO - Current Price: $211.9000
2025-09-05 13:22:46,950 - __main__ - INFO - Price Change: +0.24%
2025-09-05 13:22:46,950 - __main__ - INFO - Open Orders: 0
2025-09-05 13:22:46,951 - __main__ - INFO - MACD Values: 119
2025-09-05 13:22:46,951 - __main__ - INFO - API Success Rate: 0/120
2025-09-05 13:22:46,951 - __main__ - INFO - ==================================================
2025-09-05 13:22:46,951 - __main__ - INFO - DETAILED BETA ANALYSIS
2025-09-05 13:22:46,951 - __main__ - INFO -    - MACD Fast EMA: 211.3500
2025-09-05 13:22:46,952 - __main__ - INFO -    - MACD Slow EMA: 210.6501
2025-09-05 13:22:46,952 - __main__ - INFO -    - MACD Signal: 0.6998
2025-09-05 13:22:46,952 - __main__ - INFO -    - Current MACD: 0.0001
2025-09-05 13:22:46,952 - __main__ - INFO -    - Price History: 120 points
2025-09-05 13:22:46,952 - __main__ - INFO -    - Risk State: 0.00% drawdown
2025-09-05 13:22:49,215 - __main__ - ERROR - Price API request failed: 404
2025-09-05 13:22:49,239 - __main__ - ERROR - Orderbook API request failed: 404
2025-09-05 13:22:49,240 - __main__ - WARNING - Using mock price: $212.0000
2025-09-05 13:22:49,240 - __main__ - INFO - MACD Analysis: Fast=211.4500, Slow=210.7501, MACD=0.6999, Signal=HOLD
2025-09-05 13:22:51,283 - __main__ - ERROR - Price API request failed: 404
2025-09-05 13:22:51,310 - __main__ - ERROR - Orderbook API request failed: 404
2025-09-05 13:22:51,310 - __main__ - WARNING - Using mock price: $212.1000
2025-09-05 13:22:51,311 - __main__ - INFO - MACD Analysis: Fast=211.5500, Slow=210.8501, MACD=0.6999, Signal=HOLD
2025-09-05 13:22:53,352 - __main__ - ERROR - Price API request failed: 404
2025-09-05 13:22:53,610 - __main__ - ERROR - Orderbook API request failed: 404
2025-09-05 13:22:53,611 - __main__ - WARNING - Using mock price: $212.2000
2025-09-05 13:22:53,611 - __main__ - INFO - MACD Analysis: Fast=211.6500, Slow=210.9501, MACD=0.6999, Signal=HOLD
2025-09-05 13:22:55,654 - __main__ - ERROR - Price API request failed: 404
2025-09-05 13:22:55,683 - __main__ - ERROR - Orderbook API request failed: 404
2025-09-05 13:22:55,684 - __main__ - WARNING - Using mock price: $212.3000
2025-09-05 13:22:55,684 - __main__ - INFO - MACD Analysis: Fast=211.7500, Slow=211.0501, MACD=0.6999, Signal=HOLD
2025-09-05 13:22:57,734 - __main__ - ERROR - Price API request failed: 404
2025-09-05 13:22:57,762 - __main__ - ERROR - Orderbook API request failed: 404
2025-09-05 13:22:57,763 - __main__ - WARNING - Using mock price: $212.4000
2025-09-05 13:22:57,763 - __main__ - INFO - MACD Analysis: Fast=211.8500, Slow=211.1501, MACD=0.6999, Signal=HOLD
2025-09-05 13:22:57,764 - __main__ - INFO - ==================================================
2025-09-05 13:22:57,764 - __main__ - INFO - BETA TRACKING UPDATE - Iteration 125
2025-09-05 13:22:57,764 - __main__ - INFO - Runtime: 269.5s
2025-09-05 13:22:57,765 - __main__ - INFO - Current Position: $0.00
2025-09-05 13:22:57,765 - __main__ - INFO - Total Volume: $0.00
2025-09-05 13:22:57,765 - __main__ - INFO - Current Price: $212.4000
2025-09-05 13:22:57,765 - __main__ - INFO - Price Change: +0.24%
2025-09-05 13:22:57,766 - __main__ - INFO - Open Orders: 0
2025-09-05 13:22:57,766 - __main__ - INFO - MACD Values: 124
2025-09-05 13:22:57,766 - __main__ - INFO - API Success Rate: 0/125
2025-09-05 13:22:57,767 - __main__ - INFO - ==================================================
2025-09-05 13:23:00,042 - __main__ - ERROR - Price API request failed: 404
2025-09-05 13:23:00,074 - __main__ - ERROR - Orderbook API request failed: 404
2025-09-05 13:23:00,074 - __main__ - WARNING - Using mock price: $212.5000
2025-09-05 13:23:00,074 - __main__ - INFO - MACD Analysis: Fast=211.9500, Slow=211.2501, MACD=0.6999, Signal=HOLD
2025-09-05 13:23:02,110 - __main__ - ERROR - Price API request failed: 404
2025-09-05 13:23:02,139 - __main__ - ERROR - Orderbook API request failed: 404
2025-09-05 13:23:02,139 - __main__ - WARNING - Using mock price: $212.6000
2025-09-05 13:23:02,139 - __main__ - INFO - MACD Analysis: Fast=212.0500, Slow=211.3501, MACD=0.6999, Signal=HOLD
2025-09-05 13:23:04,181 - __main__ - ERROR - Price API request failed: 404
2025-09-05 13:23:04,441 - __main__ - ERROR - Orderbook API request failed: 404
2025-09-05 13:23:04,441 - __main__ - WARNING - Using mock price: $212.7000
2025-09-05 13:23:04,442 - __main__ - INFO - MACD Analysis: Fast=212.1500, Slow=211.4501, MACD=0.6999, Signal=HOLD
2025-09-05 13:23:06,484 - __main__ - ERROR - Price API request failed: 404
2025-09-05 13:23:06,516 - __main__ - ERROR - Orderbook API request failed: 404
2025-09-05 13:23:06,516 - __main__ - WARNING - Using mock price: $212.8000
2025-09-05 13:23:06,517 - __main__ - INFO - MACD Analysis: Fast=212.2500, Slow=211.5501, MACD=0.6999, Signal=HOLD
2025-09-05 13:23:08,553 - __main__ - ERROR - Price API request failed: 404
2025-09-05 13:23:08,581 - __main__ - ERROR - Orderbook API request failed: 404
2025-09-05 13:23:08,582 - __main__ - WARNING - Using mock price: $212.9000
2025-09-05 13:23:08,582 - __main__ - INFO - MACD Analysis: Fast=212.3500, Slow=211.6501, MACD=0.6999, Signal=HOLD
2025-09-05 13:23:08,583 - __main__ - INFO - ==================================================
2025-09-05 13:23:08,583 - __main__ - INFO - BETA TRACKING UPDATE - Iteration 130
2025-09-05 13:23:08,583 - __main__ - INFO - Runtime: 280.3s
2025-09-05 13:23:08,583 - __main__ - INFO - Current Position: $0.00
2025-09-05 13:23:08,584 - __main__ - INFO - Total Volume: $0.00
2025-09-05 13:23:08,584 - __main__ - INFO - Current Price: $212.9000
2025-09-05 13:23:08,584 - __main__ - INFO - Price Change: +0.24%
2025-09-05 13:23:08,584 - __main__ - INFO - Open Orders: 0
2025-09-05 13:23:08,584 - __main__ - INFO - MACD Values: 129
2025-09-05 13:23:08,585 - __main__ - INFO - API Success Rate: 0/130
2025-09-05 13:23:08,585 - __main__ - INFO - ==================================================
2025-09-05 13:23:10,857 - __main__ - ERROR - Price API request failed: 404
2025-09-05 13:23:10,883 - __main__ - ERROR - Orderbook API request failed: 404
2025-09-05 13:23:10,884 - __main__ - WARNING - Using mock price: $213.0000
2025-09-05 13:23:10,884 - __main__ - INFO - MACD Analysis: Fast=212.4500, Slow=211.7501, MACD=0.6999, Signal=HOLD
2025-09-05 13:23:12,927 - __main__ - ERROR - Price API request failed: 404
2025-09-05 13:23:12,958 - __main__ - ERROR - Orderbook API request failed: 404
2025-09-05 13:23:12,958 - __main__ - WARNING - Using mock price: $213.1000
2025-09-05 13:23:12,958 - __main__ - INFO - MACD Analysis: Fast=212.5500, Slow=211.8501, MACD=0.6999, Signal=HOLD
2025-09-05 13:23:14,997 - __main__ - ERROR - Price API request failed: 404
2025-09-05 13:23:15,255 - __main__ - ERROR - Orderbook API request failed: 404
2025-09-05 13:23:15,255 - __main__ - WARNING - Using mock price: $213.2000
2025-09-05 13:23:15,256 - __main__ - INFO - MACD Analysis: Fast=212.6500, Slow=211.9501, MACD=0.6999, Signal=HOLD
2025-09-05 13:23:17,304 - __main__ - ERROR - Price API request failed: 404
2025-09-05 13:23:17,340 - __main__ - ERROR - Orderbook API request failed: 404
2025-09-05 13:23:17,340 - __main__ - WARNING - Using mock price: $213.3000
2025-09-05 13:23:17,341 - __main__ - INFO - MACD Analysis: Fast=212.7500, Slow=212.0500, MACD=0.7000, Signal=HOLD
2025-09-05 13:23:19,380 - __main__ - ERROR - Price API request failed: 404
2025-09-05 13:23:19,414 - __main__ - ERROR - Orderbook API request failed: 404
2025-09-05 13:23:19,414 - __main__ - WARNING - Using mock price: $213.4000
2025-09-05 13:23:19,415 - __main__ - INFO - MACD Analysis: Fast=212.8500, Slow=212.1500, MACD=0.7000, Signal=HOLD
2025-09-05 13:23:19,415 - __main__ - INFO - ==================================================
2025-09-05 13:23:19,415 - __main__ - INFO - BETA TRACKING UPDATE - Iteration 135
2025-09-05 13:23:19,415 - __main__ - INFO - Runtime: 291.1s
2025-09-05 13:23:19,416 - __main__ - INFO - Current Position: $0.00
2025-09-05 13:23:19,416 - __main__ - INFO - Total Volume: $0.00
2025-09-05 13:23:19,416 - __main__ - INFO - Current Price: $213.4000
2025-09-05 13:23:19,416 - __main__ - INFO - Price Change: +0.23%
2025-09-05 13:23:19,416 - __main__ - INFO - Open Orders: 0
2025-09-05 13:23:19,417 - __main__ - INFO - MACD Values: 134
2025-09-05 13:23:19,417 - __main__ - INFO - API Success Rate: 0/135
2025-09-05 13:23:19,417 - __main__ - INFO - ==================================================
2025-09-05 13:23:21,679 - __main__ - ERROR - Price API request failed: 404
2025-09-05 13:23:21,709 - __main__ - ERROR - Orderbook API request failed: 404
2025-09-05 13:23:21,709 - __main__ - WARNING - Using mock price: $213.5000
2025-09-05 13:23:21,709 - __main__ - INFO - MACD Analysis: Fast=212.9500, Slow=212.2500, MACD=0.7000, Signal=HOLD
2025-09-05 13:23:23,754 - __main__ - ERROR - Price API request failed: 404
2025-09-05 13:23:24,013 - __main__ - ERROR - Orderbook API request failed: 404
2025-09-05 13:23:24,014 - __main__ - WARNING - Using mock price: $213.6000
2025-09-05 13:23:24,014 - __main__ - INFO - MACD Analysis: Fast=213.0500, Slow=212.3500, MACD=0.7000, Signal=HOLD
2025-09-05 13:23:26,055 - __main__ - ERROR - Price API request failed: 404
2025-09-05 13:23:26,319 - __main__ - ERROR - Orderbook API request failed: 404
2025-09-05 13:23:26,319 - __main__ - WARNING - Using mock price: $213.7000
2025-09-05 13:23:26,320 - __main__ - INFO - MACD Analysis: Fast=213.1500, Slow=212.4500, MACD=0.7000, Signal=HOLD
2025-09-05 13:23:28,364 - __main__ - ERROR - Price API request failed: 404
2025-09-05 13:23:28,395 - __main__ - ERROR - Orderbook API request failed: 404
2025-09-05 13:23:28,395 - __main__ - WARNING - Using mock price: $213.8000
2025-09-05 13:23:28,396 - __main__ - INFO - MACD Analysis: Fast=213.2500, Slow=212.5500, MACD=0.7000, Signal=HOLD
2025-09-05 13:23:30,440 - __main__ - ERROR - Price API request failed: 404
2025-09-05 13:23:30,470 - __main__ - ERROR - Orderbook API request failed: 404
2025-09-05 13:23:30,470 - __main__ - WARNING - Using mock price: $213.9000
2025-09-05 13:23:30,471 - __main__ - INFO - MACD Analysis: Fast=213.3500, Slow=212.6500, MACD=0.7000, Signal=HOLD
2025-09-05 13:23:30,472 - __main__ - INFO - ==================================================
2025-09-05 13:23:30,472 - __main__ - INFO - BETA TRACKING UPDATE - Iteration 140
2025-09-05 13:23:30,472 - __main__ - INFO - Runtime: 302.2s
2025-09-05 13:23:30,472 - __main__ - INFO - Current Position: $0.00
2025-09-05 13:23:30,472 - __main__ - INFO - Total Volume: $0.00
2025-09-05 13:23:30,472 - __main__ - INFO - Current Price: $213.9000
2025-09-05 13:23:30,473 - __main__ - INFO - Price Change: +0.23%
2025-09-05 13:23:30,473 - __main__ - INFO - Open Orders: 0
2025-09-05 13:23:30,473 - __main__ - INFO - MACD Values: 139
2025-09-05 13:23:30,474 - __main__ - INFO - API Success Rate: 0/140
2025-09-05 13:23:30,474 - __main__ - INFO - ==================================================
2025-09-05 13:23:30,474 - __main__ - INFO - DETAILED BETA ANALYSIS
2025-09-05 13:23:30,474 - __main__ - INFO -    - MACD Fast EMA: 213.3500
2025-09-05 13:23:30,474 - __main__ - INFO -    - MACD Slow EMA: 212.6500
2025-09-05 13:23:30,475 - __main__ - INFO -    - MACD Signal: 0.7000
2025-09-05 13:23:30,475 - __main__ - INFO -    - Current MACD: 0.0000
2025-09-05 13:23:30,475 - __main__ - INFO -    - Price History: 140 points
2025-09-05 13:23:30,475 - __main__ - INFO -    - Risk State: 0.00% drawdown
2025-09-05 13:23:32,739 - __main__ - ERROR - Price API request failed: 404
2025-09-05 13:23:32,766 - __main__ - ERROR - Orderbook API request failed: 404
2025-09-05 13:23:32,766 - __main__ - WARNING - Using mock price: $214.0000
2025-09-05 13:23:32,766 - __main__ - INFO - MACD Analysis: Fast=213.4500, Slow=212.7500, MACD=0.7000, Signal=HOLD
2025-09-05 13:23:34,806 - __main__ - ERROR - Price API request failed: 404
2025-09-05 13:23:34,841 - __main__ - ERROR - Orderbook API request failed: 404
2025-09-05 13:23:34,842 - __main__ - WARNING - Using mock price: $214.1000
2025-09-05 13:23:34,842 - __main__ - INFO - MACD Analysis: Fast=213.5500, Slow=212.8500, MACD=0.7000, Signal=HOLD
2025-09-05 13:23:36,891 - __main__ - ERROR - Price API request failed: 404
2025-09-05 13:23:37,148 - __main__ - ERROR - Orderbook API request failed: 404
2025-09-05 13:23:37,149 - __main__ - WARNING - Using mock price: $214.2000
2025-09-05 13:23:37,149 - __main__ - INFO - MACD Analysis: Fast=213.6500, Slow=212.9500, MACD=0.7000, Signal=HOLD
2025-09-05 13:23:39,184 - __main__ - ERROR - Price API request failed: 404
2025-09-05 13:23:39,214 - __main__ - ERROR - Orderbook API request failed: 404
2025-09-05 13:23:39,214 - __main__ - WARNING - Using mock price: $214.3000
2025-09-05 13:23:39,215 - __main__ - INFO - MACD Analysis: Fast=213.7500, Slow=213.0500, MACD=0.7000, Signal=HOLD
2025-09-05 13:23:41,253 - __main__ - ERROR - Price API request failed: 404
2025-09-05 13:23:41,283 - __main__ - ERROR - Orderbook API request failed: 404
2025-09-05 13:23:41,284 - __main__ - WARNING - Using mock price: $214.4000
2025-09-05 13:23:41,284 - __main__ - INFO - MACD Analysis: Fast=213.8500, Slow=213.1500, MACD=0.7000, Signal=HOLD
2025-09-05 13:23:41,284 - __main__ - INFO - ==================================================
2025-09-05 13:23:41,284 - __main__ - INFO - BETA TRACKING UPDATE - Iteration 145
2025-09-05 13:23:41,284 - __main__ - INFO - Runtime: 313.0s
2025-09-05 13:23:41,285 - __main__ - INFO - Current Position: $0.00
2025-09-05 13:23:41,285 - __main__ - INFO - Total Volume: $0.00
2025-09-05 13:23:41,286 - __main__ - INFO - Current Price: $214.4000
2025-09-05 13:23:41,286 - __main__ - INFO - Price Change: +0.23%
2025-09-05 13:23:41,287 - __main__ - INFO - Open Orders: 0
2025-09-05 13:23:41,287 - __main__ - INFO - MACD Values: 144
2025-09-05 13:23:41,287 - __main__ - INFO - API Success Rate: 0/145
2025-09-05 13:23:41,288 - __main__ - INFO - ==================================================
2025-09-05 13:23:43,557 - __main__ - ERROR - Price API request failed: 404
2025-09-05 13:23:43,584 - __main__ - ERROR - Orderbook API request failed: 404
2025-09-05 13:23:43,584 - __main__ - WARNING - Using mock price: $214.5000
2025-09-05 13:23:43,585 - __main__ - INFO - MACD Analysis: Fast=213.9500, Slow=213.2500, MACD=0.7000, Signal=HOLD
2025-09-05 13:23:45,615 - __main__ - ERROR - Price API request failed: 404
2025-09-05 13:23:45,646 - __main__ - ERROR - Orderbook API request failed: 404
2025-09-05 13:23:45,646 - __main__ - WARNING - Using mock price: $214.6000
2025-09-05 13:23:45,647 - __main__ - INFO - MACD Analysis: Fast=214.0500, Slow=213.3500, MACD=0.7000, Signal=HOLD
2025-09-05 13:23:47,678 - __main__ - ERROR - Price API request failed: 404
2025-09-05 13:23:47,928 - __main__ - ERROR - Orderbook API request failed: 404
2025-09-05 13:23:47,929 - __main__ - WARNING - Using mock price: $214.7000
2025-09-05 13:23:47,929 - __main__ - INFO - MACD Analysis: Fast=214.1500, Slow=213.4500, MACD=0.7000, Signal=HOLD
2025-09-05 13:23:49,971 - __main__ - ERROR - Price API request failed: 404
2025-09-05 13:23:49,998 - __main__ - ERROR - Orderbook API request failed: 404
2025-09-05 13:23:49,999 - __main__ - WARNING - Using mock price: $214.8000
2025-09-05 13:23:49,999 - __main__ - INFO - MACD Analysis: Fast=214.2500, Slow=213.5500, MACD=0.7000, Signal=HOLD
2025-09-05 13:23:52,054 - __main__ - ERROR - Price API request failed: 404
2025-09-05 13:23:52,086 - __main__ - ERROR - Orderbook API request failed: 404
2025-09-05 13:23:52,086 - __main__ - WARNING - Using mock price: $214.9000
2025-09-05 13:23:52,086 - __main__ - INFO - MACD Analysis: Fast=214.3500, Slow=213.6500, MACD=0.7000, Signal=HOLD
2025-09-05 13:23:52,087 - __main__ - INFO - ==================================================
2025-09-05 13:23:52,087 - __main__ - INFO - BETA TRACKING UPDATE - Iteration 150
2025-09-05 13:23:52,087 - __main__ - INFO - Runtime: 323.8s
2025-09-05 13:23:52,087 - __main__ - INFO - Current Position: $0.00
2025-09-05 13:23:52,088 - __main__ - INFO - Total Volume: $0.00
2025-09-05 13:23:52,088 - __main__ - INFO - Current Price: $214.9000
2025-09-05 13:23:52,089 - __main__ - INFO - Price Change: +0.23%
2025-09-05 13:23:52,089 - __main__ - INFO - Open Orders: 0
2025-09-05 13:23:52,089 - __main__ - INFO - MACD Values: 149
2025-09-05 13:23:52,090 - __main__ - INFO - API Success Rate: 0/150
2025-09-05 13:23:52,090 - __main__ - INFO - ==================================================
2025-09-05 13:23:54,355 - __main__ - ERROR - Price API request failed: 404
2025-09-05 13:23:54,380 - __main__ - ERROR - Orderbook API request failed: 404
2025-09-05 13:23:54,380 - __main__ - WARNING - Using mock price: $215.0000
2025-09-05 13:23:54,380 - __main__ - INFO - MACD Analysis: Fast=214.4500, Slow=213.7500, MACD=0.7000, Signal=HOLD
2025-09-05 13:23:56,422 - __main__ - ERROR - Price API request failed: 404
2025-09-05 13:23:56,448 - __main__ - ERROR - Orderbook API request failed: 404
2025-09-05 13:23:56,449 - __main__ - WARNING - Using mock price: $215.1000
2025-09-05 13:23:56,449 - __main__ - INFO - MACD Analysis: Fast=214.5500, Slow=213.8500, MACD=0.7000, Signal=HOLD
2025-09-05 13:23:58,487 - __main__ - ERROR - Price API request failed: 404
2025-09-05 13:23:58,771 - __main__ - ERROR - Orderbook API request failed: 404
2025-09-05 13:23:58,771 - __main__ - WARNING - Using mock price: $215.2000
2025-09-05 13:23:58,772 - __main__ - INFO - MACD Analysis: Fast=214.6500, Slow=213.9500, MACD=0.7000, Signal=HOLD
2025-09-05 13:24:00,809 - __main__ - ERROR - Price API request failed: 404
2025-09-05 13:24:00,840 - __main__ - ERROR - Orderbook API request failed: 404
2025-09-05 13:24:00,840 - __main__ - WARNING - Using mock price: $215.3000
2025-09-05 13:24:00,840 - __main__ - INFO - MACD Analysis: Fast=214.7500, Slow=214.0500, MACD=0.7000, Signal=HOLD
2025-09-05 13:24:02,875 - __main__ - ERROR - Price API request failed: 404
2025-09-05 13:24:02,904 - __main__ - ERROR - Orderbook API request failed: 404
2025-09-05 13:24:02,904 - __main__ - WARNING - Using mock price: $215.4000
2025-09-05 13:24:02,905 - __main__ - INFO - MACD Analysis: Fast=214.8500, Slow=214.1500, MACD=0.7000, Signal=HOLD
2025-09-05 13:24:02,905 - __main__ - INFO - ==================================================
2025-09-05 13:24:02,905 - __main__ - INFO - BETA TRACKING UPDATE - Iteration 155
2025-09-05 13:24:02,905 - __main__ - INFO - Runtime: 334.6s
2025-09-05 13:24:02,905 - __main__ - INFO - Current Position: $0.00
2025-09-05 13:24:02,906 - __main__ - INFO - Total Volume: $0.00
2025-09-05 13:24:02,906 - __main__ - INFO - Current Price: $215.4000
2025-09-05 13:24:02,906 - __main__ - INFO - Price Change: +0.23%
2025-09-05 13:24:02,906 - __main__ - INFO - Open Orders: 0
2025-09-05 13:24:02,907 - __main__ - INFO - MACD Values: 154
2025-09-05 13:24:02,907 - __main__ - INFO - API Success Rate: 0/155
2025-09-05 13:24:02,907 - __main__ - INFO - ==================================================
2025-09-05 13:24:05,181 - __main__ - ERROR - Price API request failed: 404
2025-09-05 13:24:05,207 - __main__ - ERROR - Orderbook API request failed: 404
2025-09-05 13:24:05,208 - __main__ - WARNING - Using mock price: $215.5000
2025-09-05 13:24:05,208 - __main__ - INFO - MACD Analysis: Fast=214.9500, Slow=214.2500, MACD=0.7000, Signal=HOLD
2025-09-05 13:24:07,250 - __main__ - ERROR - Price API request failed: 404
2025-09-05 13:24:07,279 - __main__ - ERROR - Orderbook API request failed: 404
2025-09-05 13:24:07,279 - __main__ - WARNING - Using mock price: $215.6000
2025-09-05 13:24:07,279 - __main__ - INFO - MACD Analysis: Fast=215.0500, Slow=214.3500, MACD=0.7000, Signal=HOLD
2025-09-05 13:24:09,325 - __main__ - ERROR - Price API request failed: 404
2025-09-05 13:24:09,614 - __main__ - ERROR - Orderbook API request failed: 404
2025-09-05 13:24:09,614 - __main__ - WARNING - Using mock price: $215.7000
2025-09-05 13:24:09,614 - __main__ - INFO - MACD Analysis: Fast=215.1500, Slow=214.4500, MACD=0.7000, Signal=HOLD
2025-09-05 13:24:11,657 - __main__ - ERROR - Price API request failed: 404
2025-09-05 13:24:11,685 - __main__ - ERROR - Orderbook API request failed: 404
2025-09-05 13:24:11,685 - __main__ - WARNING - Using mock price: $215.8000
2025-09-05 13:24:11,686 - __main__ - INFO - MACD Analysis: Fast=215.2500, Slow=214.5500, MACD=0.7000, Signal=HOLD
2025-09-05 13:24:13,729 - __main__ - ERROR - Price API request failed: 404
2025-09-05 13:24:13,755 - __main__ - ERROR - Orderbook API request failed: 404
2025-09-05 13:24:13,755 - __main__ - WARNING - Using mock price: $215.9000
2025-09-05 13:24:13,755 - __main__ - INFO - MACD Analysis: Fast=215.3500, Slow=214.6500, MACD=0.7000, Signal=HOLD
2025-09-05 13:24:13,756 - __main__ - INFO - ==================================================
2025-09-05 13:24:13,756 - __main__ - INFO - BETA TRACKING UPDATE - Iteration 160
2025-09-05 13:24:13,756 - __main__ - INFO - Runtime: 345.5s
2025-09-05 13:24:13,756 - __main__ - INFO - Current Position: $0.00
2025-09-05 13:24:13,757 - __main__ - INFO - Total Volume: $0.00
2025-09-05 13:24:13,757 - __main__ - INFO - Current Price: $215.9000
2025-09-05 13:24:13,757 - __main__ - INFO - Price Change: +0.23%
2025-09-05 13:24:13,757 - __main__ - INFO - Open Orders: 0
2025-09-05 13:24:13,757 - __main__ - INFO - MACD Values: 159
2025-09-05 13:24:13,758 - __main__ - INFO - API Success Rate: 0/160
2025-09-05 13:24:13,758 - __main__ - INFO - ==================================================
2025-09-05 13:24:13,758 - __main__ - INFO - DETAILED BETA ANALYSIS
2025-09-05 13:24:13,758 - __main__ - INFO -    - MACD Fast EMA: 215.3500
2025-09-05 13:24:13,759 - __main__ - INFO -    - MACD Slow EMA: 214.6500
2025-09-05 13:24:13,759 - __main__ - INFO -    - MACD Signal: 0.7000
2025-09-05 13:24:13,759 - __main__ - INFO -    - Current MACD: 0.0000
2025-09-05 13:24:13,760 - __main__ - INFO -    - Price History: 160 points
2025-09-05 13:24:13,760 - __main__ - INFO -    - Risk State: 0.00% drawdown
2025-09-05 13:24:16,030 - __main__ - ERROR - Price API request failed: 404
2025-09-05 13:24:16,055 - __main__ - ERROR - Orderbook API request failed: 404
2025-09-05 13:24:16,055 - __main__ - WARNING - Using mock price: $216.0000
2025-09-05 13:24:16,056 - __main__ - INFO - MACD Analysis: Fast=215.4500, Slow=214.7500, MACD=0.7000, Signal=HOLD
2025-09-05 13:24:18,100 - __main__ - ERROR - Price API request failed: 404
2025-09-05 13:24:18,128 - __main__ - ERROR - Orderbook API request failed: 404
2025-09-05 13:24:18,129 - __main__ - WARNING - Using mock price: $216.1000
2025-09-05 13:24:18,129 - __main__ - INFO - MACD Analysis: Fast=215.5500, Slow=214.8500, MACD=0.7000, Signal=HOLD
2025-09-05 13:24:20,172 - __main__ - ERROR - Price API request failed: 404
2025-09-05 13:24:20,430 - __main__ - ERROR - Orderbook API request failed: 404
2025-09-05 13:24:20,430 - __main__ - WARNING - Using mock price: $216.2000
2025-09-05 13:24:20,430 - __main__ - INFO - MACD Analysis: Fast=215.6500, Slow=214.9500, MACD=0.7000, Signal=HOLD
2025-09-05 13:24:22,469 - __main__ - ERROR - Price API request failed: 404
2025-09-05 13:24:22,500 - __main__ - ERROR - Orderbook API request failed: 404
2025-09-05 13:24:22,501 - __main__ - WARNING - Using mock price: $216.3000
2025-09-05 13:24:22,501 - __main__ - INFO - MACD Analysis: Fast=215.7500, Slow=215.0500, MACD=0.7000, Signal=HOLD
2025-09-05 13:24:24,533 - __main__ - ERROR - Price API request failed: 404
2025-09-05 13:24:24,563 - __main__ - ERROR - Orderbook API request failed: 404
2025-09-05 13:24:24,563 - __main__ - WARNING - Using mock price: $216.4000
2025-09-05 13:24:24,564 - __main__ - INFO - MACD Analysis: Fast=215.8500, Slow=215.1500, MACD=0.7000, Signal=HOLD
2025-09-05 13:24:24,564 - __main__ - INFO - ==================================================
2025-09-05 13:24:24,564 - __main__ - INFO - BETA TRACKING UPDATE - Iteration 165
2025-09-05 13:24:24,564 - __main__ - INFO - Runtime: 356.3s
2025-09-05 13:24:24,564 - __main__ - INFO - Current Position: $0.00
2025-09-05 13:24:24,565 - __main__ - INFO - Total Volume: $0.00
2025-09-05 13:24:24,565 - __main__ - INFO - Current Price: $216.4000
2025-09-05 13:24:24,565 - __main__ - INFO - Price Change: +0.23%
2025-09-05 13:24:24,565 - __main__ - INFO - Open Orders: 0
2025-09-05 13:24:24,566 - __main__ - INFO - MACD Values: 164
2025-09-05 13:24:24,566 - __main__ - INFO - API Success Rate: 0/165
2025-09-05 13:24:24,566 - __main__ - INFO - ==================================================
2025-09-05 13:24:26,853 - __main__ - ERROR - Price API request failed: 404
2025-09-05 13:24:26,878 - __main__ - ERROR - Orderbook API request failed: 404
2025-09-05 13:24:26,879 - __main__ - WARNING - Using mock price: $216.5000
2025-09-05 13:24:26,879 - __main__ - INFO - MACD Analysis: Fast=215.9500, Slow=215.2500, MACD=0.7000, Signal=HOLD
2025-09-05 13:24:28,912 - __main__ - ERROR - Price API request failed: 404
2025-09-05 13:24:28,940 - __main__ - ERROR - Orderbook API request failed: 404
2025-09-05 13:24:28,941 - __main__ - WARNING - Using mock price: $216.6000
2025-09-05 13:24:28,941 - __main__ - INFO - MACD Analysis: Fast=216.0500, Slow=215.3500, MACD=0.7000, Signal=HOLD
2025-09-05 13:24:30,973 - __main__ - ERROR - Price API request failed: 404
2025-09-05 13:24:31,231 - __main__ - ERROR - Orderbook API request failed: 404
2025-09-05 13:24:31,232 - __main__ - WARNING - Using mock price: $216.7000
2025-09-05 13:24:31,232 - __main__ - INFO - MACD Analysis: Fast=216.1500, Slow=215.4500, MACD=0.7000, Signal=HOLD
2025-09-05 13:24:33,277 - __main__ - ERROR - Price API request failed: 404
2025-09-05 13:24:33,308 - __main__ - ERROR - Orderbook API request failed: 404
2025-09-05 13:24:33,308 - __main__ - WARNING - Using mock price: $216.8000
2025-09-05 13:24:33,308 - __main__ - INFO - MACD Analysis: Fast=216.2500, Slow=215.5500, MACD=0.7000, Signal=HOLD
2025-09-05 13:24:35,361 - __main__ - ERROR - Price API request failed: 404
2025-09-05 13:24:35,394 - __main__ - ERROR - Orderbook API request failed: 404
2025-09-05 13:24:35,394 - __main__ - WARNING - Using mock price: $216.9000
2025-09-05 13:24:35,395 - __main__ - INFO - MACD Analysis: Fast=216.3500, Slow=215.6500, MACD=0.7000, Signal=HOLD
2025-09-05 13:24:35,395 - __main__ - INFO - ==================================================
2025-09-05 13:24:35,395 - __main__ - INFO - BETA TRACKING UPDATE - Iteration 170
2025-09-05 13:24:35,395 - __main__ - INFO - Runtime: 367.1s
2025-09-05 13:24:35,396 - __main__ - INFO - Current Position: $0.00
2025-09-05 13:24:35,396 - __main__ - INFO - Total Volume: $0.00
2025-09-05 13:24:35,396 - __main__ - INFO - Current Price: $216.9000
2025-09-05 13:24:35,396 - __main__ - INFO - Price Change: +0.23%
2025-09-05 13:24:35,396 - __main__ - INFO - Open Orders: 0
2025-09-05 13:24:35,397 - __main__ - INFO - MACD Values: 169
2025-09-05 13:24:35,397 - __main__ - INFO - API Success Rate: 0/170
2025-09-05 13:24:35,397 - __main__ - INFO - ==================================================
2025-09-05 13:24:37,697 - __main__ - ERROR - Price API request failed: 404
2025-09-05 13:24:37,722 - __main__ - ERROR - Orderbook API request failed: 404
2025-09-05 13:24:37,722 - __main__ - WARNING - Using mock price: $217.0000
2025-09-05 13:24:37,723 - __main__ - INFO - MACD Analysis: Fast=216.4500, Slow=215.7500, MACD=0.7000, Signal=HOLD
2025-09-05 13:24:39,762 - __main__ - ERROR - Price API request failed: 404
2025-09-05 13:24:39,795 - __main__ - ERROR - Orderbook API request failed: 404
2025-09-05 13:24:39,795 - __main__ - WARNING - Using mock price: $217.1000
2025-09-05 13:24:39,795 - __main__ - INFO - MACD Analysis: Fast=216.5500, Slow=215.8500, MACD=0.7000, Signal=HOLD
2025-09-05 13:24:41,838 - __main__ - ERROR - Price API request failed: 404
2025-09-05 13:24:42,098 - __main__ - ERROR - Orderbook API request failed: 404
2025-09-05 13:24:42,099 - __main__ - WARNING - Using mock price: $217.2000
2025-09-05 13:24:42,099 - __main__ - INFO - MACD Analysis: Fast=216.6500, Slow=215.9500, MACD=0.7000, Signal=HOLD
2025-09-05 13:24:44,141 - __main__ - ERROR - Price API request failed: 404
2025-09-05 13:24:44,171 - __main__ - ERROR - Orderbook API request failed: 404
2025-09-05 13:24:44,172 - __main__ - WARNING - Using mock price: $217.3000
2025-09-05 13:24:44,172 - __main__ - INFO - MACD Analysis: Fast=216.7500, Slow=216.0500, MACD=0.7000, Signal=HOLD
2025-09-05 13:24:46,204 - __main__ - ERROR - Price API request failed: 404
2025-09-05 13:24:46,230 - __main__ - ERROR - Orderbook API request failed: 404
2025-09-05 13:24:46,230 - __main__ - WARNING - Using mock price: $217.4000
2025-09-05 13:24:46,230 - __main__ - INFO - MACD Analysis: Fast=216.8500, Slow=216.1500, MACD=0.7000, Signal=HOLD
2025-09-05 13:24:46,231 - __main__ - INFO - ==================================================
2025-09-05 13:24:46,231 - __main__ - INFO - BETA TRACKING UPDATE - Iteration 175
2025-09-05 13:24:46,231 - __main__ - INFO - Runtime: 377.9s
2025-09-05 13:24:46,231 - __main__ - INFO - Current Position: $0.00
2025-09-05 13:24:46,232 - __main__ - INFO - Total Volume: $0.00
2025-09-05 13:24:46,232 - __main__ - INFO - Current Price: $217.4000
2025-09-05 13:24:46,232 - __main__ - INFO - Price Change: +0.23%
2025-09-05 13:24:46,232 - __main__ - INFO - Open Orders: 0
2025-09-05 13:24:46,232 - __main__ - INFO - MACD Values: 174
2025-09-05 13:24:46,233 - __main__ - INFO - API Success Rate: 0/175
2025-09-05 13:24:46,233 - __main__ - INFO - ==================================================
2025-09-05 13:24:48,892 - __main__ - ERROR - Price API request failed: 404
2025-09-05 13:24:48,918 - __main__ - ERROR - Orderbook API request failed: 404
2025-09-05 13:24:48,918 - __main__ - WARNING - Using mock price: $217.5000
2025-09-05 13:24:48,919 - __main__ - INFO - MACD Analysis: Fast=216.9500, Slow=216.2500, MACD=0.7000, Signal=HOLD
2025-09-05 13:24:51,071 - __main__ - ERROR - Price API request failed: 404
2025-09-05 13:24:51,393 - __main__ - ERROR - Orderbook API request failed: 404
2025-09-05 13:24:51,394 - __main__ - WARNING - Using mock price: $217.6000
2025-09-05 13:24:51,394 - __main__ - INFO - MACD Analysis: Fast=217.0500, Slow=216.3500, MACD=0.7000, Signal=HOLD
2025-09-05 13:24:53,630 - __main__ - ERROR - Price API request failed: 404
2025-09-05 13:24:54,178 - __main__ - ERROR - Orderbook API request failed: 404
2025-09-05 13:24:54,179 - __main__ - WARNING - Using mock price: $217.7000
2025-09-05 13:24:54,179 - __main__ - INFO - MACD Analysis: Fast=217.1500, Slow=216.4500, MACD=0.7000, Signal=HOLD
2025-09-05 13:24:56,384 - __main__ - ERROR - Price API request failed: 404
2025-09-05 13:24:56,472 - __main__ - ERROR - Orderbook API request failed: 404
2025-09-05 13:24:56,473 - __main__ - WARNING - Using mock price: $217.8000
2025-09-05 13:24:56,473 - __main__ - INFO - MACD Analysis: Fast=217.2500, Slow=216.5500, MACD=0.7000, Signal=HOLD
2025-09-05 13:24:58,786 - __main__ - ERROR - Price API request failed: 404
2025-09-05 13:24:58,805 - __main__ - ERROR - Orderbook API request failed: 404
2025-09-05 13:24:58,805 - __main__ - WARNING - Using mock price: $217.9000
2025-09-05 13:24:58,806 - __main__ - INFO - MACD Analysis: Fast=217.3500, Slow=216.6500, MACD=0.7000, Signal=HOLD
2025-09-05 13:24:58,806 - __main__ - INFO - ==================================================
2025-09-05 13:24:58,806 - __main__ - INFO - BETA TRACKING UPDATE - Iteration 180
2025-09-05 13:24:58,806 - __main__ - INFO - Runtime: 390.5s
2025-09-05 13:24:58,807 - __main__ - INFO - Current Position: $0.00
2025-09-05 13:24:58,807 - __main__ - INFO - Total Volume: $0.00
2025-09-05 13:24:58,807 - __main__ - INFO - Current Price: $217.9000
2025-09-05 13:24:58,807 - __main__ - INFO - Price Change: +0.23%
2025-09-05 13:24:58,808 - __main__ - INFO - Open Orders: 0
2025-09-05 13:24:58,808 - __main__ - INFO - MACD Values: 179
2025-09-05 13:24:58,808 - __main__ - INFO - API Success Rate: 0/180
2025-09-05 13:24:58,808 - __main__ - INFO - ==================================================
2025-09-05 13:24:58,809 - __main__ - INFO - DETAILED BETA ANALYSIS
2025-09-05 13:24:58,809 - __main__ - INFO -    - MACD Fast EMA: 217.3500
2025-09-05 13:24:58,809 - __main__ - INFO -    - MACD Slow EMA: 216.6500
2025-09-05 13:24:58,809 - __main__ - INFO -    - MACD Signal: 0.7000
2025-09-05 13:24:58,809 - __main__ - INFO -    - Current MACD: 0.0000
2025-09-05 13:24:58,810 - __main__ - INFO -    - Price History: 180 points
2025-09-05 13:24:58,810 - __main__ - INFO -    - Risk State: 0.00% drawdown
2025-09-05 13:25:01,079 - __main__ - ERROR - Price API request failed: 404
2025-09-05 13:25:01,100 - __main__ - ERROR - Orderbook API request failed: 404
2025-09-05 13:25:01,100 - __main__ - WARNING - Using mock price: $218.0000
2025-09-05 13:25:01,101 - __main__ - INFO - MACD Analysis: Fast=217.4500, Slow=216.7500, MACD=0.7000, Signal=HOLD
2025-09-05 13:25:03,135 - __main__ - ERROR - Price API request failed: 404
2025-09-05 13:25:03,157 - __main__ - ERROR - Orderbook API request failed: 404
2025-09-05 13:25:03,157 - __main__ - WARNING - Using mock price: $218.1000
2025-09-05 13:25:03,158 - __main__ - INFO - MACD Analysis: Fast=217.5500, Slow=216.8500, MACD=0.7000, Signal=HOLD
2025-09-05 13:25:05,203 - __main__ - ERROR - Price API request failed: 404
2025-09-05 13:25:05,459 - __main__ - ERROR - Orderbook API request failed: 404
2025-09-05 13:25:05,460 - __main__ - WARNING - Using mock price: $218.2000
2025-09-05 13:25:05,460 - __main__ - INFO - MACD Analysis: Fast=217.6500, Slow=216.9500, MACD=0.7000, Signal=HOLD
2025-09-05 13:25:07,562 - __main__ - ERROR - Price API request failed: 404
2025-09-05 13:25:07,586 - __main__ - ERROR - Orderbook API request failed: 404
2025-09-05 13:25:07,586 - __main__ - WARNING - Using mock price: $218.3000
2025-09-05 13:25:07,586 - __main__ - INFO - MACD Analysis: Fast=217.7500, Slow=217.0500, MACD=0.7000, Signal=HOLD
2025-09-05 13:25:09,617 - __main__ - ERROR - Price API request failed: 404
2025-09-05 13:25:09,642 - __main__ - ERROR - Orderbook API request failed: 404
2025-09-05 13:25:09,642 - __main__ - WARNING - Using mock price: $218.4000
2025-09-05 13:25:09,642 - __main__ - INFO - MACD Analysis: Fast=217.8500, Slow=217.1500, MACD=0.7000, Signal=HOLD
2025-09-05 13:25:09,643 - __main__ - INFO - ==================================================
2025-09-05 13:25:09,643 - __main__ - INFO - BETA TRACKING UPDATE - Iteration 185
2025-09-05 13:25:09,643 - __main__ - INFO - Runtime: 401.4s
2025-09-05 13:25:09,644 - __main__ - INFO - Current Position: $0.00
2025-09-05 13:25:09,644 - __main__ - INFO - Total Volume: $0.00
2025-09-05 13:25:09,644 - __main__ - INFO - Current Price: $218.4000
2025-09-05 13:25:09,644 - __main__ - INFO - Price Change: +0.23%
2025-09-05 13:25:09,645 - __main__ - INFO - Open Orders: 0
2025-09-05 13:25:09,645 - __main__ - INFO - MACD Values: 184
2025-09-05 13:25:09,645 - __main__ - INFO - API Success Rate: 0/185
2025-09-05 13:25:09,645 - __main__ - INFO - ==================================================
2025-09-05 13:25:11,918 - __main__ - ERROR - Price API request failed: 404
2025-09-05 13:25:11,939 - __main__ - ERROR - Orderbook API request failed: 404
2025-09-05 13:25:11,939 - __main__ - WARNING - Using mock price: $218.5000
2025-09-05 13:25:11,939 - __main__ - INFO - MACD Analysis: Fast=217.9500, Slow=217.2500, MACD=0.7000, Signal=HOLD
2025-09-05 13:25:13,978 - __main__ - ERROR - Price API request failed: 404
2025-09-05 13:25:14,002 - __main__ - ERROR - Orderbook API request failed: 404
2025-09-05 13:25:14,002 - __main__ - WARNING - Using mock price: $218.6000
2025-09-05 13:25:14,003 - __main__ - INFO - MACD Analysis: Fast=218.0500, Slow=217.3500, MACD=0.7000, Signal=HOLD
2025-09-05 13:25:16,035 - __main__ - ERROR - Price API request failed: 404
2025-09-05 13:25:16,286 - __main__ - ERROR - Orderbook API request failed: 404
2025-09-05 13:25:16,287 - __main__ - WARNING - Using mock price: $218.7000
2025-09-05 13:25:16,287 - __main__ - INFO - MACD Analysis: Fast=218.1500, Slow=217.4500, MACD=0.7000, Signal=HOLD
2025-09-05 13:25:18,421 - __main__ - ERROR - Price API request failed: 404
2025-09-05 13:25:18,445 - __main__ - ERROR - Orderbook API request failed: 404
2025-09-05 13:25:18,445 - __main__ - WARNING - Using mock price: $218.8000
2025-09-05 13:25:18,445 - __main__ - INFO - MACD Analysis: Fast=218.2500, Slow=217.5500, MACD=0.7000, Signal=HOLD
2025-09-05 13:25:20,483 - __main__ - ERROR - Price API request failed: 404
2025-09-05 13:25:20,505 - __main__ - ERROR - Orderbook API request failed: 404
2025-09-05 13:25:20,506 - __main__ - WARNING - Using mock price: $218.9000
2025-09-05 13:25:20,506 - __main__ - INFO - MACD Analysis: Fast=218.3500, Slow=217.6500, MACD=0.7000, Signal=HOLD
2025-09-05 13:25:20,506 - __main__ - INFO - ==================================================
2025-09-05 13:25:20,506 - __main__ - INFO - BETA TRACKING UPDATE - Iteration 190
2025-09-05 13:25:20,506 - __main__ - INFO - Runtime: 412.2s
2025-09-05 13:25:20,507 - __main__ - INFO - Current Position: $0.00
2025-09-05 13:25:20,507 - __main__ - INFO - Total Volume: $0.00
2025-09-05 13:25:20,507 - __main__ - INFO - Current Price: $218.9000
2025-09-05 13:25:20,508 - __main__ - INFO - Price Change: +0.23%
2025-09-05 13:25:20,508 - __main__ - INFO - Open Orders: 0
2025-09-05 13:25:20,508 - __main__ - INFO - MACD Values: 189
2025-09-05 13:25:20,509 - __main__ - INFO - API Success Rate: 0/190
2025-09-05 13:25:20,509 - __main__ - INFO - ==================================================
2025-09-05 13:25:22,544 - __main__ - ERROR - Price API request failed: 404
2025-09-05 13:25:22,568 - __main__ - ERROR - Orderbook API request failed: 404
2025-09-05 13:25:22,569 - __main__ - WARNING - Using mock price: $219.0000
2025-09-05 13:25:22,569 - __main__ - INFO - MACD Analysis: Fast=218.4500, Slow=217.7500, MACD=0.7000, Signal=HOLD
2025-09-05 13:25:24,844 - __main__ - ERROR - Price API request failed: 404
2025-09-05 13:25:24,868 - __main__ - ERROR - Orderbook API request failed: 404
2025-09-05 13:25:24,869 - __main__ - WARNING - Using mock price: $219.1000
2025-09-05 13:25:24,869 - __main__ - INFO - MACD Analysis: Fast=218.5500, Slow=217.8500, MACD=0.7000, Signal=HOLD
2025-09-05 13:25:26,899 - __main__ - ERROR - Price API request failed: 404
2025-09-05 13:25:27,165 - __main__ - ERROR - Orderbook API request failed: 404
2025-09-05 13:25:27,165 - __main__ - WARNING - Using mock price: $219.2000
2025-09-05 13:25:27,167 - __main__ - INFO - MACD Analysis: Fast=218.6500, Slow=217.9500, MACD=0.7000, Signal=HOLD
2025-09-05 13:25:29,187 - __main__ - ERROR - Price API request failed: 404
2025-09-05 13:25:29,209 - __main__ - ERROR - Orderbook API request failed: 404
2025-09-05 13:25:29,210 - __main__ - WARNING - Using mock price: $219.3000
2025-09-05 13:25:29,210 - __main__ - INFO - MACD Analysis: Fast=218.7500, Slow=218.0500, MACD=0.7000, Signal=HOLD
2025-09-05 13:25:31,249 - __main__ - ERROR - Price API request failed: 404
2025-09-05 13:25:31,271 - __main__ - ERROR - Orderbook API request failed: 404
2025-09-05 13:25:31,271 - __main__ - WARNING - Using mock price: $219.4000
2025-09-05 13:25:31,271 - __main__ - INFO - MACD Analysis: Fast=218.8500, Slow=218.1500, MACD=0.7000, Signal=HOLD
2025-09-05 13:25:31,271 - __main__ - INFO - ==================================================
2025-09-05 13:25:31,272 - __main__ - INFO - BETA TRACKING UPDATE - Iteration 195
2025-09-05 13:25:31,272 - __main__ - INFO - Runtime: 423.0s
2025-09-05 13:25:31,272 - __main__ - INFO - Current Position: $0.00
2025-09-05 13:25:31,272 - __main__ - INFO - Total Volume: $0.00
2025-09-05 13:25:31,272 - __main__ - INFO - Current Price: $219.4000
2025-09-05 13:25:31,273 - __main__ - INFO - Price Change: +0.23%
2025-09-05 13:25:31,273 - __main__ - INFO - Open Orders: 0
2025-09-05 13:25:31,273 - __main__ - INFO - MACD Values: 194
2025-09-05 13:25:31,273 - __main__ - INFO - API Success Rate: 0/195
2025-09-05 13:25:31,273 - __main__ - INFO - ==================================================
2025-09-05 13:25:33,313 - __main__ - ERROR - Price API request failed: 404
2025-09-05 13:25:33,335 - __main__ - ERROR - Orderbook API request failed: 404
2025-09-05 13:25:33,335 - __main__ - WARNING - Using mock price: $219.5000
2025-09-05 13:25:33,336 - __main__ - INFO - MACD Analysis: Fast=218.9500, Slow=218.2500, MACD=0.7000, Signal=HOLD
2025-09-05 13:25:35,604 - __main__ - ERROR - Price API request failed: 404
2025-09-05 13:25:35,624 - __main__ - ERROR - Orderbook API request failed: 404
2025-09-05 13:25:35,624 - __main__ - WARNING - Using mock price: $219.6000
2025-09-05 13:25:35,624 - __main__ - INFO - MACD Analysis: Fast=219.0500, Slow=218.3500, MACD=0.7000, Signal=HOLD
2025-09-05 13:25:37,668 - __main__ - ERROR - Price API request failed: 404
2025-09-05 13:25:37,922 - __main__ - ERROR - Orderbook API request failed: 404
2025-09-05 13:25:37,922 - __main__ - WARNING - Using mock price: $219.7000
2025-09-05 13:25:37,922 - __main__ - INFO - MACD Analysis: Fast=219.1500, Slow=218.4500, MACD=0.7000, Signal=HOLD
2025-09-05 13:25:39,962 - __main__ - ERROR - Price API request failed: 404
2025-09-05 13:25:39,987 - __main__ - ERROR - Orderbook API request failed: 404
2025-09-05 13:25:39,987 - __main__ - WARNING - Using mock price: $219.8000
2025-09-05 13:25:39,987 - __main__ - INFO - MACD Analysis: Fast=219.2500, Slow=218.5500, MACD=0.7000, Signal=HOLD
2025-09-05 13:25:42,028 - __main__ - ERROR - Price API request failed: 404
2025-09-05 13:25:42,051 - __main__ - ERROR - Orderbook API request failed: 404
2025-09-05 13:25:42,052 - __main__ - WARNING - Using mock price: $219.9000
2025-09-05 13:25:42,052 - __main__ - INFO - MACD Analysis: Fast=219.3500, Slow=218.6500, MACD=0.7000, Signal=HOLD
2025-09-05 13:25:42,052 - __main__ - INFO - ==================================================
2025-09-05 13:25:42,053 - __main__ - INFO - BETA TRACKING UPDATE - Iteration 200
2025-09-05 13:25:42,053 - __main__ - INFO - Runtime: 433.8s
2025-09-05 13:25:42,053 - __main__ - INFO - Current Position: $0.00
2025-09-05 13:25:42,053 - __main__ - INFO - Total Volume: $0.00
2025-09-05 13:25:42,053 - __main__ - INFO - Current Price: $219.9000
2025-09-05 13:25:42,054 - __main__ - INFO - Price Change: +0.23%
2025-09-05 13:25:42,054 - __main__ - INFO - Open Orders: 0
2025-09-05 13:25:42,054 - __main__ - INFO - MACD Values: 199
2025-09-05 13:25:42,054 - __main__ - INFO - API Success Rate: 0/200
2025-09-05 13:25:42,055 - __main__ - INFO - ==================================================
2025-09-05 13:25:42,055 - __main__ - INFO - DETAILED BETA ANALYSIS
2025-09-05 13:25:42,055 - __main__ - INFO -    - MACD Fast EMA: 219.3500
2025-09-05 13:25:42,055 - __main__ - INFO -    - MACD Slow EMA: 218.6500
2025-09-05 13:25:42,055 - __main__ - INFO -    - MACD Signal: 0.7000
2025-09-05 13:25:42,055 - __main__ - INFO -    - Current MACD: 0.0000
2025-09-05 13:25:42,055 - __main__ - INFO -    - Price History: 200 points
2025-09-05 13:25:42,056 - __main__ - INFO -    - Risk State: 0.00% drawdown
2025-09-05 13:25:44,084 - __main__ - ERROR - Price API request failed: 404
2025-09-05 13:25:44,107 - __main__ - ERROR - Orderbook API request failed: 404
2025-09-05 13:25:44,108 - __main__ - WARNING - Using mock price: $220.0000
2025-09-05 13:25:44,108 - __main__ - INFO - MACD Analysis: Fast=219.4500, Slow=218.7500, MACD=0.7000, Signal=HOLD
2025-09-05 13:25:46,374 - __main__ - ERROR - Price API request failed: 404
2025-09-05 13:25:46,394 - __main__ - ERROR - Orderbook API request failed: 404
2025-09-05 13:25:46,394 - __main__ - WARNING - Using mock price: $220.1000
2025-09-05 13:25:46,394 - __main__ - INFO - MACD Analysis: Fast=219.5500, Slow=218.8500, MACD=0.7000, Signal=HOLD
2025-09-05 13:25:48,443 - __main__ - ERROR - Price API request failed: 404
2025-09-05 13:25:48,703 - __main__ - ERROR - Orderbook API request failed: 404
2025-09-05 13:25:48,703 - __main__ - WARNING - Using mock price: $220.2000
2025-09-05 13:25:48,704 - __main__ - INFO - MACD Analysis: Fast=219.6500, Slow=218.9500, MACD=0.7000, Signal=HOLD
2025-09-05 13:25:50,742 - __main__ - ERROR - Price API request failed: 404
2025-09-05 13:25:50,774 - __main__ - ERROR - Orderbook API request failed: 404
2025-09-05 13:25:50,775 - __main__ - WARNING - Using mock price: $220.3000
2025-09-05 13:25:50,775 - __main__ - INFO - MACD Analysis: Fast=219.7500, Slow=219.0500, MACD=0.7000, Signal=HOLD
2025-09-05 13:25:52,809 - __main__ - ERROR - Price API request failed: 404
2025-09-05 13:25:52,830 - __main__ - ERROR - Orderbook API request failed: 404
2025-09-05 13:25:52,830 - __main__ - WARNING - Using mock price: $220.4000
2025-09-05 13:25:52,830 - __main__ - INFO - MACD Analysis: Fast=219.8500, Slow=219.1500, MACD=0.7000, Signal=HOLD
2025-09-05 13:25:52,831 - __main__ - INFO - ==================================================
2025-09-05 13:25:52,831 - __main__ - INFO - BETA TRACKING UPDATE - Iteration 205
2025-09-05 13:25:52,831 - __main__ - INFO - Runtime: 444.5s
2025-09-05 13:25:52,832 - __main__ - INFO - Current Position: $0.00
2025-09-05 13:25:52,832 - __main__ - INFO - Total Volume: $0.00
2025-09-05 13:25:52,832 - __main__ - INFO - Current Price: $220.4000
2025-09-05 13:25:52,832 - __main__ - INFO - Price Change: +0.23%
2025-09-05 13:25:52,832 - __main__ - INFO - Open Orders: 0
2025-09-05 13:25:52,833 - __main__ - INFO - MACD Values: 204
2025-09-05 13:25:52,833 - __main__ - INFO - API Success Rate: 0/205
2025-09-05 13:25:52,833 - __main__ - INFO - ==================================================
2025-09-05 13:25:54,871 - __main__ - ERROR - Price API request failed: 404
2025-09-05 13:25:54,894 - __main__ - ERROR - Orderbook API request failed: 404
2025-09-05 13:25:54,895 - __main__ - WARNING - Using mock price: $220.5000
2025-09-05 13:25:54,895 - __main__ - INFO - MACD Analysis: Fast=219.9500, Slow=219.2500, MACD=0.7000, Signal=HOLD
2025-09-05 13:25:57,171 - __main__ - ERROR - Price API request failed: 404
2025-09-05 13:25:57,194 - __main__ - ERROR - Orderbook API request failed: 404
2025-09-05 13:25:57,195 - __main__ - WARNING - Using mock price: $220.6000
2025-09-05 13:25:57,195 - __main__ - INFO - MACD Analysis: Fast=220.0500, Slow=219.3500, MACD=0.7000, Signal=HOLD
2025-09-05 13:25:59,228 - __main__ - ERROR - Price API request failed: 404
2025-09-05 13:25:59,527 - __main__ - ERROR - Orderbook API request failed: 404
2025-09-05 13:25:59,527 - __main__ - WARNING - Using mock price: $220.7000
2025-09-05 13:25:59,527 - __main__ - INFO - MACD Analysis: Fast=220.1500, Slow=219.4500, MACD=0.7000, Signal=HOLD
2025-09-05 13:26:01,592 - __main__ - ERROR - Price API request failed: 404
2025-09-05 13:26:01,619 - __main__ - ERROR - Orderbook API request failed: 404
2025-09-05 13:26:01,619 - __main__ - WARNING - Using mock price: $220.8000
2025-09-05 13:26:01,619 - __main__ - INFO - MACD Analysis: Fast=220.2500, Slow=219.5500, MACD=0.7000, Signal=HOLD
2025-09-05 13:26:03,658 - __main__ - ERROR - Price API request failed: 404
2025-09-05 13:26:03,687 - __main__ - ERROR - Orderbook API request failed: 404
2025-09-05 13:26:03,687 - __main__ - WARNING - Using mock price: $220.9000
2025-09-05 13:26:03,687 - __main__ - INFO - MACD Analysis: Fast=220.3500, Slow=219.6500, MACD=0.7000, Signal=HOLD
2025-09-05 13:26:03,688 - __main__ - INFO - ==================================================
2025-09-05 13:26:03,688 - __main__ - INFO - BETA TRACKING UPDATE - Iteration 210
2025-09-05 13:26:03,688 - __main__ - INFO - Runtime: 455.4s
2025-09-05 13:26:03,688 - __main__ - INFO - Current Position: $0.00
2025-09-05 13:26:03,689 - __main__ - INFO - Total Volume: $0.00
2025-09-05 13:26:03,689 - __main__ - INFO - Current Price: $220.9000
2025-09-05 13:26:03,690 - __main__ - INFO - Price Change: +0.23%
2025-09-05 13:26:03,690 - __main__ - INFO - Open Orders: 0
2025-09-05 13:26:03,690 - __main__ - INFO - MACD Values: 209
2025-09-05 13:26:03,691 - __main__ - INFO - API Success Rate: 0/210
2025-09-05 13:26:03,691 - __main__ - INFO - ==================================================
2025-09-05 13:26:05,720 - __main__ - ERROR - Price API request failed: 404
2025-09-05 13:26:05,745 - __main__ - ERROR - Orderbook API request failed: 404
2025-09-05 13:26:05,746 - __main__ - WARNING - Using mock price: $221.0000
2025-09-05 13:26:05,747 - __main__ - INFO - MACD Analysis: Fast=220.4500, Slow=219.7500, MACD=0.7000, Signal=HOLD
2025-09-05 13:26:08,008 - __main__ - ERROR - Price API request failed: 404
2025-09-05 13:26:08,029 - __main__ - ERROR - Orderbook API request failed: 404
2025-09-05 13:26:08,029 - __main__ - WARNING - Using mock price: $221.1000
2025-09-05 13:26:08,030 - __main__ - INFO - MACD Analysis: Fast=220.5500, Slow=219.8500, MACD=0.7000, Signal=HOLD
2025-09-05 13:26:10,069 - __main__ - ERROR - Price API request failed: 404
2025-09-05 13:26:10,332 - __main__ - ERROR - Orderbook API request failed: 404
2025-09-05 13:26:10,332 - __main__ - WARNING - Using mock price: $221.2000
2025-09-05 13:26:10,333 - __main__ - INFO - MACD Analysis: Fast=220.6500, Slow=219.9500, MACD=0.7000, Signal=HOLD
2025-09-05 13:26:12,374 - __main__ - ERROR - Price API request failed: 404
2025-09-05 13:26:12,403 - __main__ - ERROR - Orderbook API request failed: 404
2025-09-05 13:26:12,404 - __main__ - WARNING - Using mock price: $221.3000
2025-09-05 13:26:12,404 - __main__ - INFO - MACD Analysis: Fast=220.7500, Slow=220.0500, MACD=0.7000, Signal=HOLD
2025-09-05 13:26:14,440 - __main__ - ERROR - Price API request failed: 404
2025-09-05 13:26:14,467 - __main__ - ERROR - Orderbook API request failed: 404
2025-09-05 13:26:14,468 - __main__ - WARNING - Using mock price: $221.4000
2025-09-05 13:26:14,468 - __main__ - INFO - MACD Analysis: Fast=220.8500, Slow=220.1500, MACD=0.7000, Signal=HOLD
2025-09-05 13:26:14,468 - __main__ - INFO - ==================================================
2025-09-05 13:26:14,468 - __main__ - INFO - BETA TRACKING UPDATE - Iteration 215
2025-09-05 13:26:14,468 - __main__ - INFO - Runtime: 466.2s
2025-09-05 13:26:14,469 - __main__ - INFO - Current Position: $0.00
2025-09-05 13:26:14,469 - __main__ - INFO - Total Volume: $0.00
2025-09-05 13:26:14,469 - __main__ - INFO - Current Price: $221.4000
2025-09-05 13:26:14,469 - __main__ - INFO - Price Change: +0.23%
2025-09-05 13:26:14,470 - __main__ - INFO - Open Orders: 0
2025-09-05 13:26:14,470 - __main__ - INFO - MACD Values: 214
2025-09-05 13:26:14,470 - __main__ - INFO - API Success Rate: 0/215
2025-09-05 13:26:14,470 - __main__ - INFO - ==================================================
2025-09-05 13:26:16,520 - __main__ - ERROR - Price API request failed: 404
2025-09-05 13:26:16,541 - __main__ - ERROR - Orderbook API request failed: 404
2025-09-05 13:26:16,541 - __main__ - WARNING - Using mock price: $221.5000
2025-09-05 13:26:16,542 - __main__ - INFO - MACD Analysis: Fast=220.9500, Slow=220.2500, MACD=0.7000, Signal=HOLD
2025-09-05 13:26:18,809 - __main__ - ERROR - Price API request failed: 404
2025-09-05 13:26:18,830 - __main__ - ERROR - Orderbook API request failed: 404
2025-09-05 13:26:18,830 - __main__ - WARNING - Using mock price: $221.6000
2025-09-05 13:26:18,830 - __main__ - INFO - MACD Analysis: Fast=221.0500, Slow=220.3500, MACD=0.7000, Signal=HOLD
2025-09-05 13:26:20,868 - __main__ - ERROR - Price API request failed: 404
2025-09-05 13:26:21,128 - __main__ - ERROR - Orderbook API request failed: 404
2025-09-05 13:26:21,128 - __main__ - WARNING - Using mock price: $221.7000
2025-09-05 13:26:21,128 - __main__ - INFO - MACD Analysis: Fast=221.1500, Slow=220.4500, MACD=0.7000, Signal=HOLD
2025-09-05 13:26:23,162 - __main__ - ERROR - Price API request failed: 404
2025-09-05 13:26:23,185 - __main__ - ERROR - Orderbook API request failed: 404
2025-09-05 13:26:23,186 - __main__ - WARNING - Using mock price: $221.8000
2025-09-05 13:26:23,186 - __main__ - INFO - MACD Analysis: Fast=221.2500, Slow=220.5500, MACD=0.7000, Signal=HOLD
2025-09-05 13:26:25,219 - __main__ - ERROR - Price API request failed: 404
2025-09-05 13:26:25,241 - __main__ - ERROR - Orderbook API request failed: 404
2025-09-05 13:26:25,242 - __main__ - WARNING - Using mock price: $221.9000
2025-09-05 13:26:25,242 - __main__ - INFO - MACD Analysis: Fast=221.3500, Slow=220.6500, MACD=0.7000, Signal=HOLD
2025-09-05 13:26:25,242 - __main__ - INFO - ==================================================
2025-09-05 13:26:25,243 - __main__ - INFO - BETA TRACKING UPDATE - Iteration 220
2025-09-05 13:26:25,243 - __main__ - INFO - Runtime: 477.0s
2025-09-05 13:26:25,243 - __main__ - INFO - Current Position: $0.00
2025-09-05 13:26:25,243 - __main__ - INFO - Total Volume: $0.00
2025-09-05 13:26:25,243 - __main__ - INFO - Current Price: $221.9000
2025-09-05 13:26:25,244 - __main__ - INFO - Price Change: +0.23%
2025-09-05 13:26:25,244 - __main__ - INFO - Open Orders: 0
2025-09-05 13:26:25,244 - __main__ - INFO - MACD Values: 219
2025-09-05 13:26:25,244 - __main__ - INFO - API Success Rate: 0/220
2025-09-05 13:26:25,244 - __main__ - INFO - ==================================================
2025-09-05 13:26:25,244 - __main__ - INFO - DETAILED BETA ANALYSIS
2025-09-05 13:26:25,245 - __main__ - INFO -    - MACD Fast EMA: 221.3500
2025-09-05 13:26:25,245 - __main__ - INFO -    - MACD Slow EMA: 220.6500
2025-09-05 13:26:25,245 - __main__ - INFO -    - MACD Signal: 0.7000
2025-09-05 13:26:25,245 - __main__ - INFO -    - Current MACD: 0.0000
2025-09-05 13:26:25,245 - __main__ - INFO -    - Price History: 220 points
2025-09-05 13:26:25,246 - __main__ - INFO -    - Risk State: 0.00% drawdown
2025-09-05 13:26:27,285 - __main__ - ERROR - Price API request failed: 404
2025-09-05 13:26:27,309 - __main__ - ERROR - Orderbook API request failed: 404
2025-09-05 13:26:27,310 - __main__ - WARNING - Using mock price: $222.0000
2025-09-05 13:26:27,310 - __main__ - INFO - MACD Analysis: Fast=221.4500, Slow=220.7500, MACD=0.7000, Signal=HOLD
2025-09-05 13:26:29,582 - __main__ - ERROR - Price API request failed: 404
2025-09-05 13:26:29,602 - __main__ - ERROR - Orderbook API request failed: 404
2025-09-05 13:26:29,602 - __main__ - WARNING - Using mock price: $222.1000
2025-09-05 13:26:29,602 - __main__ - INFO - MACD Analysis: Fast=221.5500, Slow=220.8500, MACD=0.7000, Signal=HOLD
2025-09-05 13:26:31,628 - __main__ - ERROR - Price API request failed: 404
2025-09-05 13:26:31,889 - __main__ - ERROR - Orderbook API request failed: 404
2025-09-05 13:26:31,889 - __main__ - WARNING - Using mock price: $222.2000
2025-09-05 13:26:31,889 - __main__ - INFO - MACD Analysis: Fast=221.6500, Slow=220.9500, MACD=0.7000, Signal=HOLD
2025-09-05 13:26:33,928 - __main__ - ERROR - Price API request failed: 404
2025-09-05 13:26:33,950 - __main__ - ERROR - Orderbook API request failed: 404
2025-09-05 13:26:33,950 - __main__ - WARNING - Using mock price: $222.3000
2025-09-05 13:26:33,950 - __main__ - INFO - MACD Analysis: Fast=221.7500, Slow=221.0500, MACD=0.7000, Signal=HOLD
2025-09-05 13:26:35,975 - __main__ - ERROR - Price API request failed: 404
2025-09-05 13:26:35,999 - __main__ - ERROR - Orderbook API request failed: 404
2025-09-05 13:26:35,999 - __main__ - WARNING - Using mock price: $222.4000
2025-09-05 13:26:36,000 - __main__ - INFO - MACD Analysis: Fast=221.8500, Slow=221.1500, MACD=0.7000, Signal=HOLD
2025-09-05 13:26:36,000 - __main__ - INFO - ==================================================
2025-09-05 13:26:36,000 - __main__ - INFO - BETA TRACKING UPDATE - Iteration 225
2025-09-05 13:26:36,000 - __main__ - INFO - Runtime: 487.7s
2025-09-05 13:26:36,001 - __main__ - INFO - Current Position: $0.00
2025-09-05 13:26:36,001 - __main__ - INFO - Total Volume: $0.00
2025-09-05 13:26:36,001 - __main__ - INFO - Current Price: $222.4000
2025-09-05 13:26:36,001 - __main__ - INFO - Price Change: +0.23%
2025-09-05 13:26:36,002 - __main__ - INFO - Open Orders: 0
2025-09-05 13:26:36,002 - __main__ - INFO - MACD Values: 224
2025-09-05 13:26:36,002 - __main__ - INFO - API Success Rate: 0/225
2025-09-05 13:26:36,002 - __main__ - INFO - ==================================================
2025-09-05 13:26:38,038 - __main__ - ERROR - Price API request failed: 404
2025-09-05 13:26:38,060 - __main__ - ERROR - Orderbook API request failed: 404
2025-09-05 13:26:38,061 - __main__ - WARNING - Using mock price: $222.5000
2025-09-05 13:26:38,061 - __main__ - INFO - MACD Analysis: Fast=221.9500, Slow=221.2500, MACD=0.7000, Signal=HOLD
2025-09-05 13:26:40,336 - __main__ - ERROR - Price API request failed: 404
2025-09-05 13:26:40,356 - __main__ - ERROR - Orderbook API request failed: 404
2025-09-05 13:26:40,356 - __main__ - WARNING - Using mock price: $222.6000
2025-09-05 13:26:40,357 - __main__ - INFO - MACD Analysis: Fast=222.0500, Slow=221.3500, MACD=0.7000, Signal=HOLD
2025-09-05 13:26:42,392 - __main__ - ERROR - Price API request failed: 404
2025-09-05 13:26:42,650 - __main__ - ERROR - Orderbook API request failed: 404
2025-09-05 13:26:42,650 - __main__ - WARNING - Using mock price: $222.7000
2025-09-05 13:26:42,651 - __main__ - INFO - MACD Analysis: Fast=222.1500, Slow=221.4500, MACD=0.7000, Signal=HOLD
2025-09-05 13:26:44,681 - __main__ - ERROR - Price API request failed: 404
2025-09-05 13:26:44,705 - __main__ - ERROR - Orderbook API request failed: 404
2025-09-05 13:26:44,705 - __main__ - WARNING - Using mock price: $222.8000
2025-09-05 13:26:44,705 - __main__ - INFO - MACD Analysis: Fast=222.2500, Slow=221.5500, MACD=0.7000, Signal=HOLD
2025-09-05 13:26:46,734 - __main__ - ERROR - Price API request failed: 404
2025-09-05 13:26:46,756 - __main__ - ERROR - Orderbook API request failed: 404
2025-09-05 13:26:46,756 - __main__ - WARNING - Using mock price: $222.9000
2025-09-05 13:26:46,757 - __main__ - INFO - MACD Analysis: Fast=222.3500, Slow=221.6500, MACD=0.7000, Signal=HOLD
2025-09-05 13:26:46,757 - __main__ - INFO - ==================================================
2025-09-05 13:26:46,757 - __main__ - INFO - BETA TRACKING UPDATE - Iteration 230
2025-09-05 13:26:46,758 - __main__ - INFO - Runtime: 498.5s
2025-09-05 13:26:46,758 - __main__ - INFO - Current Position: $0.00
2025-09-05 13:26:46,758 - __main__ - INFO - Total Volume: $0.00
2025-09-05 13:26:46,758 - __main__ - INFO - Current Price: $222.9000
2025-09-05 13:26:46,758 - __main__ - INFO - Price Change: +0.22%
2025-09-05 13:26:46,759 - __main__ - INFO - Open Orders: 0
2025-09-05 13:26:46,759 - __main__ - INFO - MACD Values: 229
2025-09-05 13:26:46,759 - __main__ - INFO - API Success Rate: 0/230
2025-09-05 13:26:46,760 - __main__ - INFO - ==================================================
2025-09-05 13:26:48,794 - __main__ - ERROR - Price API request failed: 404
2025-09-05 13:26:48,816 - __main__ - ERROR - Orderbook API request failed: 404
2025-09-05 13:26:48,816 - __main__ - WARNING - Using mock price: $223.0000
2025-09-05 13:26:48,816 - __main__ - INFO - MACD Analysis: Fast=222.4500, Slow=221.7500, MACD=0.7000, Signal=HOLD
2025-09-05 13:26:51,093 - __main__ - ERROR - Price API request failed: 404
2025-09-05 13:26:51,111 - __main__ - ERROR - Orderbook API request failed: 404
2025-09-05 13:26:51,112 - __main__ - WARNING - Using mock price: $223.1000
2025-09-05 13:26:51,112 - __main__ - INFO - MACD Analysis: Fast=222.5500, Slow=221.8500, MACD=0.7000, Signal=HOLD
2025-09-05 13:26:53,154 - __main__ - ERROR - Price API request failed: 404
2025-09-05 13:26:53,416 - __main__ - ERROR - Orderbook API request failed: 404
2025-09-05 13:26:53,417 - __main__ - WARNING - Using mock price: $223.2000
2025-09-05 13:26:53,417 - __main__ - INFO - MACD Analysis: Fast=222.6500, Slow=221.9500, MACD=0.7000, Signal=HOLD
2025-09-05 13:26:55,454 - __main__ - ERROR - Price API request failed: 404
2025-09-05 13:26:55,476 - __main__ - ERROR - Orderbook API request failed: 404
2025-09-05 13:26:55,477 - __main__ - WARNING - Using mock price: $223.3000
2025-09-05 13:26:55,477 - __main__ - INFO - MACD Analysis: Fast=222.7500, Slow=222.0500, MACD=0.7000, Signal=HOLD
2025-09-05 13:26:57,502 - __main__ - ERROR - Price API request failed: 404
2025-09-05 13:26:57,523 - __main__ - ERROR - Orderbook API request failed: 404
2025-09-05 13:26:57,524 - __main__ - WARNING - Using mock price: $223.4000
2025-09-05 13:26:57,524 - __main__ - INFO - MACD Analysis: Fast=222.8500, Slow=222.1500, MACD=0.7000, Signal=HOLD
2025-09-05 13:26:57,524 - __main__ - INFO - ==================================================
2025-09-05 13:26:57,524 - __main__ - INFO - BETA TRACKING UPDATE - Iteration 235
2025-09-05 13:26:57,525 - __main__ - INFO - Runtime: 509.2s
2025-09-05 13:26:57,525 - __main__ - INFO - Current Position: $0.00
2025-09-05 13:26:57,525 - __main__ - INFO - Total Volume: $0.00
2025-09-05 13:26:57,526 - __main__ - INFO - Current Price: $223.4000
2025-09-05 13:26:57,526 - __main__ - INFO - Price Change: +0.22%
2025-09-05 13:26:57,526 - __main__ - INFO - Open Orders: 0
2025-09-05 13:26:57,526 - __main__ - INFO - MACD Values: 234
2025-09-05 13:26:57,526 - __main__ - INFO - API Success Rate: 0/235
2025-09-05 13:26:57,527 - __main__ - INFO - ==================================================
2025-09-05 13:26:59,557 - __main__ - ERROR - Price API request failed: 404
2025-09-05 13:26:59,590 - __main__ - ERROR - Orderbook API request failed: 404
2025-09-05 13:26:59,590 - __main__ - WARNING - Using mock price: $223.5000
2025-09-05 13:26:59,590 - __main__ - INFO - MACD Analysis: Fast=222.9500, Slow=222.2500, MACD=0.7000, Signal=HOLD
2025-09-05 13:27:01,863 - __main__ - ERROR - Price API request failed: 404
2025-09-05 13:27:01,884 - __main__ - ERROR - Orderbook API request failed: 404
2025-09-05 13:27:01,885 - __main__ - WARNING - Using mock price: $223.6000
2025-09-05 13:27:01,885 - __main__ - INFO - MACD Analysis: Fast=223.0500, Slow=222.3500, MACD=0.7000, Signal=HOLD
2025-09-05 13:27:03,919 - __main__ - ERROR - Price API request failed: 404
2025-09-05 13:27:04,178 - __main__ - ERROR - Orderbook API request failed: 404
2025-09-05 13:27:04,179 - __main__ - WARNING - Using mock price: $223.7000
2025-09-05 13:27:04,179 - __main__ - INFO - MACD Analysis: Fast=223.1500, Slow=222.4500, MACD=0.7000, Signal=HOLD
2025-09-05 13:27:06,317 - __main__ - ERROR - Price API request failed: 404
2025-09-05 13:27:06,341 - __main__ - ERROR - Orderbook API request failed: 404
2025-09-05 13:27:06,341 - __main__ - WARNING - Using mock price: $223.8000
2025-09-05 13:27:06,342 - __main__ - INFO - MACD Analysis: Fast=223.2500, Slow=222.5500, MACD=0.7000, Signal=HOLD
2025-09-05 13:27:08,383 - __main__ - ERROR - Price API request failed: 404
2025-09-05 13:27:08,405 - __main__ - ERROR - Orderbook API request failed: 404
2025-09-05 13:27:08,406 - __main__ - WARNING - Using mock price: $223.9000
2025-09-05 13:27:08,406 - __main__ - INFO - MACD Analysis: Fast=223.3500, Slow=222.6500, MACD=0.7000, Signal=HOLD
2025-09-05 13:27:08,406 - __main__ - INFO - ==================================================
2025-09-05 13:27:08,407 - __main__ - INFO - BETA TRACKING UPDATE - Iteration 240
2025-09-05 13:27:08,407 - __main__ - INFO - Runtime: 520.1s
2025-09-05 13:27:08,407 - __main__ - INFO - Current Position: $0.00
2025-09-05 13:27:08,408 - __main__ - INFO - Total Volume: $0.00
2025-09-05 13:27:08,408 - __main__ - INFO - Current Price: $223.9000
2025-09-05 13:27:08,408 - __main__ - INFO - Price Change: +0.22%
2025-09-05 13:27:08,408 - __main__ - INFO - Open Orders: 0
2025-09-05 13:27:08,409 - __main__ - INFO - MACD Values: 239
2025-09-05 13:27:08,409 - __main__ - INFO - API Success Rate: 0/240
2025-09-05 13:27:08,409 - __main__ - INFO - ==================================================
2025-09-05 13:27:08,409 - __main__ - INFO - DETAILED BETA ANALYSIS
2025-09-05 13:27:08,410 - __main__ - INFO -    - MACD Fast EMA: 223.3500
2025-09-05 13:27:08,410 - __main__ - INFO -    - MACD Slow EMA: 222.6500
2025-09-05 13:27:08,410 - __main__ - INFO -    - MACD Signal: 0.7000
2025-09-05 13:27:08,410 - __main__ - INFO -    - Current MACD: 0.0000
2025-09-05 13:27:08,410 - __main__ - INFO -    - Price History: 240 points
2025-09-05 13:27:08,411 - __main__ - INFO -    - Risk State: 0.00% drawdown
2025-09-05 13:27:10,443 - __main__ - ERROR - Price API request failed: 404
2025-09-05 13:27:10,471 - __main__ - ERROR - Orderbook API request failed: 404
2025-09-05 13:27:10,472 - __main__ - WARNING - Using mock price: $224.0000
2025-09-05 13:27:10,472 - __main__ - INFO - MACD Analysis: Fast=223.4500, Slow=222.7500, MACD=0.7000, Signal=HOLD
2025-09-05 13:27:12,741 - __main__ - ERROR - Price API request failed: 404
2025-09-05 13:27:12,760 - __main__ - ERROR - Orderbook API request failed: 404
2025-09-05 13:27:12,760 - __main__ - WARNING - Using mock price: $224.1000
2025-09-05 13:27:12,760 - __main__ - INFO - MACD Analysis: Fast=223.5500, Slow=222.8500, MACD=0.7000, Signal=HOLD
2025-09-05 13:27:14,790 - __main__ - ERROR - Price API request failed: 404
2025-09-05 13:27:15,050 - __main__ - ERROR - Orderbook API request failed: 404
2025-09-05 13:27:15,050 - __main__ - WARNING - Using mock price: $224.2000
2025-09-05 13:27:15,051 - __main__ - INFO - MACD Analysis: Fast=223.6500, Slow=222.9500, MACD=0.7000, Signal=HOLD
2025-09-05 13:27:17,082 - __main__ - ERROR - Price API request failed: 404
2025-09-05 13:27:17,104 - __main__ - ERROR - Orderbook API request failed: 404
2025-09-05 13:27:17,105 - __main__ - WARNING - Using mock price: $224.3000
2025-09-05 13:27:17,106 - __main__ - INFO - MACD Analysis: Fast=223.7500, Slow=223.0500, MACD=0.7000, Signal=HOLD
2025-09-05 13:27:19,144 - __main__ - ERROR - Price API request failed: 404
2025-09-05 13:27:19,167 - __main__ - ERROR - Orderbook API request failed: 404
2025-09-05 13:27:19,167 - __main__ - WARNING - Using mock price: $224.4000
2025-09-05 13:27:19,167 - __main__ - INFO - MACD Analysis: Fast=223.8500, Slow=223.1500, MACD=0.7000, Signal=HOLD
2025-09-05 13:27:19,168 - __main__ - INFO - ==================================================
2025-09-05 13:27:19,168 - __main__ - INFO - BETA TRACKING UPDATE - Iteration 245
2025-09-05 13:27:19,168 - __main__ - INFO - Runtime: 530.9s
2025-09-05 13:27:19,168 - __main__ - INFO - Current Position: $0.00
2025-09-05 13:27:19,168 - __main__ - INFO - Total Volume: $0.00
2025-09-05 13:27:19,169 - __main__ - INFO - Current Price: $224.4000
2025-09-05 13:27:19,169 - __main__ - INFO - Price Change: +0.22%
2025-09-05 13:27:19,169 - __main__ - INFO - Open Orders: 0
2025-09-05 13:27:19,169 - __main__ - INFO - MACD Values: 244
2025-09-05 13:27:19,169 - __main__ - INFO - API Success Rate: 0/245
2025-09-05 13:27:19,170 - __main__ - INFO - ==================================================
2025-09-05 13:27:21,202 - __main__ - ERROR - Price API request failed: 404
2025-09-05 13:27:21,223 - __main__ - ERROR - Orderbook API request failed: 404
2025-09-05 13:27:21,224 - __main__ - WARNING - Using mock price: $224.5000
2025-09-05 13:27:21,224 - __main__ - INFO - MACD Analysis: Fast=223.9500, Slow=223.2500, MACD=0.7000, Signal=HOLD
2025-09-05 13:27:23,491 - __main__ - ERROR - Price API request failed: 404
2025-09-05 13:27:23,511 - __main__ - ERROR - Orderbook API request failed: 404
2025-09-05 13:27:23,511 - __main__ - WARNING - Using mock price: $224.6000
2025-09-05 13:27:23,512 - __main__ - INFO - MACD Analysis: Fast=224.0500, Slow=223.3500, MACD=0.7000, Signal=HOLD
2025-09-05 13:27:25,539 - __main__ - ERROR - Price API request failed: 404
2025-09-05 13:27:25,796 - __main__ - ERROR - Orderbook API request failed: 404
2025-09-05 13:27:25,796 - __main__ - WARNING - Using mock price: $224.7000
2025-09-05 13:27:25,796 - __main__ - INFO - MACD Analysis: Fast=224.1500, Slow=223.4500, MACD=0.7000, Signal=HOLD
2025-09-05 13:27:27,825 - __main__ - ERROR - Price API request failed: 404
2025-09-05 13:27:27,848 - __main__ - ERROR - Orderbook API request failed: 404
2025-09-05 13:27:27,849 - __main__ - WARNING - Using mock price: $224.8000
2025-09-05 13:27:27,849 - __main__ - INFO - MACD Analysis: Fast=224.2500, Slow=223.5500, MACD=0.7000, Signal=HOLD
2025-09-05 13:27:29,881 - __main__ - ERROR - Price API request failed: 404
2025-09-05 13:27:29,902 - __main__ - ERROR - Orderbook API request failed: 404
2025-09-05 13:27:29,902 - __main__ - WARNING - Using mock price: $224.9000
2025-09-05 13:27:29,903 - __main__ - INFO - MACD Analysis: Fast=224.3500, Slow=223.6500, MACD=0.7000, Signal=HOLD
2025-09-05 13:27:29,903 - __main__ - INFO - ==================================================
2025-09-05 13:27:29,904 - __main__ - INFO - BETA TRACKING UPDATE - Iteration 250
2025-09-05 13:27:29,904 - __main__ - INFO - Runtime: 541.6s
2025-09-05 13:27:29,904 - __main__ - INFO - Current Position: $0.00
2025-09-05 13:27:29,904 - __main__ - INFO - Total Volume: $0.00
2025-09-05 13:27:29,904 - __main__ - INFO - Current Price: $224.9000
2025-09-05 13:27:29,905 - __main__ - INFO - Price Change: +0.22%
2025-09-05 13:27:29,905 - __main__ - INFO - Open Orders: 0
2025-09-05 13:27:29,905 - __main__ - INFO - MACD Values: 249
2025-09-05 13:27:29,905 - __main__ - INFO - API Success Rate: 0/250
2025-09-05 13:27:29,906 - __main__ - INFO - ==================================================
2025-09-05 13:27:31,944 - __main__ - ERROR - Price API request failed: 404
2025-09-05 13:27:31,967 - __main__ - ERROR - Orderbook API request failed: 404
2025-09-05 13:27:31,967 - __main__ - WARNING - Using mock price: $225.0000
2025-09-05 13:27:31,968 - __main__ - INFO - MACD Analysis: Fast=224.4500, Slow=223.7500, MACD=0.7000, Signal=HOLD
2025-09-05 13:27:34,244 - __main__ - ERROR - Price API request failed: 404
2025-09-05 13:27:34,266 - __main__ - ERROR - Orderbook API request failed: 404
2025-09-05 13:27:34,266 - __main__ - WARNING - Using mock price: $225.1000
2025-09-05 13:27:34,266 - __main__ - INFO - MACD Analysis: Fast=224.5500, Slow=223.8500, MACD=0.7000, Signal=HOLD
2025-09-05 13:27:36,297 - __main__ - ERROR - Price API request failed: 404
2025-09-05 13:27:36,601 - __main__ - ERROR - Orderbook API request failed: 404
2025-09-05 13:27:36,602 - __main__ - WARNING - Using mock price: $225.2000
2025-09-05 13:27:36,602 - __main__ - INFO - MACD Analysis: Fast=224.6500, Slow=223.9500, MACD=0.7000, Signal=HOLD
2025-09-05 13:27:38,641 - __main__ - ERROR - Price API request failed: 404
2025-09-05 13:27:38,664 - __main__ - ERROR - Orderbook API request failed: 404
2025-09-05 13:27:38,664 - __main__ - WARNING - Using mock price: $225.3000
2025-09-05 13:27:38,664 - __main__ - INFO - MACD Analysis: Fast=224.7500, Slow=224.0500, MACD=0.7000, Signal=HOLD
2025-09-05 13:27:40,709 - __main__ - ERROR - Price API request failed: 404
2025-09-05 13:27:40,730 - __main__ - ERROR - Orderbook API request failed: 404
2025-09-05 13:27:40,731 - __main__ - WARNING - Using mock price: $225.4000
2025-09-05 13:27:40,731 - __main__ - INFO - MACD Analysis: Fast=224.8500, Slow=224.1500, MACD=0.7000, Signal=HOLD
2025-09-05 13:27:40,731 - __main__ - INFO - ==================================================
2025-09-05 13:27:40,731 - __main__ - INFO - BETA TRACKING UPDATE - Iteration 255
2025-09-05 13:27:40,732 - __main__ - INFO - Runtime: 552.4s
2025-09-05 13:27:40,732 - __main__ - INFO - Current Position: $0.00
2025-09-05 13:27:40,732 - __main__ - INFO - Total Volume: $0.00
2025-09-05 13:27:40,732 - __main__ - INFO - Current Price: $225.4000
2025-09-05 13:27:40,733 - __main__ - INFO - Price Change: +0.22%
2025-09-05 13:27:40,733 - __main__ - INFO - Open Orders: 0
2025-09-05 13:27:40,733 - __main__ - INFO - MACD Values: 254
2025-09-05 13:27:40,733 - __main__ - INFO - API Success Rate: 0/255
2025-09-05 13:27:40,733 - __main__ - INFO - ==================================================
2025-09-05 13:27:42,764 - __main__ - ERROR - Price API request failed: 404
2025-09-05 13:27:42,786 - __main__ - ERROR - Orderbook API request failed: 404
2025-09-05 13:27:42,787 - __main__ - WARNING - Using mock price: $225.5000
2025-09-05 13:27:42,787 - __main__ - INFO - MACD Analysis: Fast=224.9500, Slow=224.2500, MACD=0.7000, Signal=HOLD
2025-09-05 13:27:45,076 - __main__ - ERROR - Price API request failed: 404
2025-09-05 13:27:45,098 - __main__ - ERROR - Orderbook API request failed: 404
2025-09-05 13:27:45,099 - __main__ - WARNING - Using mock price: $225.6000
2025-09-05 13:27:45,099 - __main__ - INFO - MACD Analysis: Fast=225.0500, Slow=224.3500, MACD=0.7000, Signal=HOLD
2025-09-05 13:27:47,131 - __main__ - ERROR - Price API request failed: 404
2025-09-05 13:27:47,392 - __main__ - ERROR - Orderbook API request failed: 404
2025-09-05 13:27:47,392 - __main__ - WARNING - Using mock price: $225.7000
2025-09-05 13:27:47,392 - __main__ - INFO - MACD Analysis: Fast=225.1500, Slow=224.4500, MACD=0.7000, Signal=HOLD
2025-09-05 13:27:49,420 - __main__ - ERROR - Price API request failed: 404
2025-09-05 13:27:49,442 - __main__ - ERROR - Orderbook API request failed: 404
2025-09-05 13:27:49,442 - __main__ - WARNING - Using mock price: $225.8000
2025-09-05 13:27:49,443 - __main__ - INFO - MACD Analysis: Fast=225.2500, Slow=224.5500, MACD=0.7000, Signal=HOLD
2025-09-05 13:27:51,480 - __main__ - ERROR - Price API request failed: 404
2025-09-05 13:27:51,502 - __main__ - ERROR - Orderbook API request failed: 404
2025-09-05 13:27:51,502 - __main__ - WARNING - Using mock price: $225.9000
2025-09-05 13:27:51,503 - __main__ - INFO - MACD Analysis: Fast=225.3500, Slow=224.6500, MACD=0.7000, Signal=HOLD
2025-09-05 13:27:51,503 - __main__ - INFO - ==================================================
2025-09-05 13:27:51,504 - __main__ - INFO - BETA TRACKING UPDATE - Iteration 260
2025-09-05 13:27:51,504 - __main__ - INFO - Runtime: 563.2s
2025-09-05 13:27:51,504 - __main__ - INFO - Current Position: $0.00
2025-09-05 13:27:51,504 - __main__ - INFO - Total Volume: $0.00
2025-09-05 13:27:51,504 - __main__ - INFO - Current Price: $225.9000
2025-09-05 13:27:51,505 - __main__ - INFO - Price Change: +0.22%
2025-09-05 13:27:51,505 - __main__ - INFO - Open Orders: 0
2025-09-05 13:27:51,505 - __main__ - INFO - MACD Values: 259
2025-09-05 13:27:51,505 - __main__ - INFO - API Success Rate: 0/260
2025-09-05 13:27:51,505 - __main__ - INFO - ==================================================
2025-09-05 13:27:51,505 - __main__ - INFO - DETAILED BETA ANALYSIS
2025-09-05 13:27:51,505 - __main__ - INFO -    - MACD Fast EMA: 225.3500
2025-09-05 13:27:51,506 - __main__ - INFO -    - MACD Slow EMA: 224.6500
2025-09-05 13:27:51,506 - __main__ - INFO -    - MACD Signal: 0.7000
2025-09-05 13:27:51,506 - __main__ - INFO -    - Current MACD: 0.0000
2025-09-05 13:27:51,506 - __main__ - INFO -    - Price History: 260 points
2025-09-05 13:27:51,507 - __main__ - INFO -    - Risk State: 0.00% drawdown
2025-09-05 13:27:53,548 - __main__ - ERROR - Price API request failed: 404
2025-09-05 13:27:53,571 - __main__ - ERROR - Orderbook API request failed: 404
2025-09-05 13:27:53,571 - __main__ - WARNING - Using mock price: $226.0000
2025-09-05 13:27:53,571 - __main__ - INFO - MACD Analysis: Fast=225.4500, Slow=224.7500, MACD=0.7000, Signal=HOLD
2025-09-05 13:27:55,849 - __main__ - ERROR - Price API request failed: 404
2025-09-05 13:27:55,870 - __main__ - ERROR - Orderbook API request failed: 404
2025-09-05 13:27:55,871 - __main__ - WARNING - Using mock price: $226.1000
2025-09-05 13:27:55,871 - __main__ - INFO - MACD Analysis: Fast=225.5500, Slow=224.8500, MACD=0.7000, Signal=HOLD
2025-09-05 13:27:57,909 - __main__ - ERROR - Price API request failed: 404
2025-09-05 13:27:58,166 - __main__ - ERROR - Orderbook API request failed: 404
2025-09-05 13:27:58,167 - __main__ - WARNING - Using mock price: $226.2000
2025-09-05 13:27:58,167 - __main__ - INFO - MACD Analysis: Fast=225.6500, Slow=224.9500, MACD=0.7000, Signal=HOLD
2025-09-05 13:28:00,383 - __main__ - ERROR - Price API request failed: 404
2025-09-05 13:28:00,436 - __main__ - ERROR - Orderbook API request failed: 404
2025-09-05 13:28:00,437 - __main__ - WARNING - Using mock price: $226.3000
2025-09-05 13:28:00,437 - __main__ - INFO - MACD Analysis: Fast=225.7500, Slow=225.0500, MACD=0.7000, Signal=HOLD
2025-09-05 13:28:02,484 - __main__ - ERROR - Price API request failed: 404
2025-09-05 13:28:02,519 - __main__ - ERROR - Orderbook API request failed: 404
2025-09-05 13:28:02,519 - __main__ - WARNING - Using mock price: $226.4000
2025-09-05 13:28:02,519 - __main__ - INFO - MACD Analysis: Fast=225.8500, Slow=225.1500, MACD=0.7000, Signal=HOLD
2025-09-05 13:28:02,520 - __main__ - INFO - ==================================================
2025-09-05 13:28:02,520 - __main__ - INFO - BETA TRACKING UPDATE - Iteration 265
2025-09-05 13:28:02,520 - __main__ - INFO - Runtime: 574.2s
2025-09-05 13:28:02,520 - __main__ - INFO - Current Position: $0.00
2025-09-05 13:28:02,521 - __main__ - INFO - Total Volume: $0.00
2025-09-05 13:28:02,521 - __main__ - INFO - Current Price: $226.4000
2025-09-05 13:28:02,521 - __main__ - INFO - Price Change: +0.22%
2025-09-05 13:28:02,521 - __main__ - INFO - Open Orders: 0
2025-09-05 13:28:02,521 - __main__ - INFO - MACD Values: 264
2025-09-05 13:28:02,522 - __main__ - INFO - API Success Rate: 0/265
2025-09-05 13:28:02,522 - __main__ - INFO - ==================================================
2025-09-05 13:28:04,556 - __main__ - ERROR - Price API request failed: 404
2025-09-05 13:28:04,583 - __main__ - ERROR - Orderbook API request failed: 404
2025-09-05 13:28:04,583 - __main__ - WARNING - Using mock price: $226.5000
2025-09-05 13:28:04,583 - __main__ - INFO - MACD Analysis: Fast=225.9500, Slow=225.2500, MACD=0.7000, Signal=HOLD
2025-09-05 13:28:07,164 - __main__ - ERROR - Price API request failed: 404
2025-09-05 13:28:07,191 - __main__ - ERROR - Orderbook API request failed: 404
2025-09-05 13:28:07,192 - __main__ - WARNING - Using mock price: $226.6000
2025-09-05 13:28:07,192 - __main__ - INFO - MACD Analysis: Fast=226.0500, Slow=225.3500, MACD=0.7000, Signal=HOLD
2025-09-05 13:28:09,236 - __main__ - ERROR - Price API request failed: 404
2025-09-05 13:28:09,502 - __main__ - ERROR - Orderbook API request failed: 404
2025-09-05 13:28:09,503 - __main__ - WARNING - Using mock price: $226.7000
2025-09-05 13:28:09,503 - __main__ - INFO - MACD Analysis: Fast=226.1500, Slow=225.4500, MACD=0.7000, Signal=HOLD
2025-09-05 13:28:11,550 - __main__ - ERROR - Price API request failed: 404
2025-09-05 13:28:11,583 - __main__ - ERROR - Orderbook API request failed: 404
2025-09-05 13:28:11,583 - __main__ - WARNING - Using mock price: $226.8000
2025-09-05 13:28:11,584 - __main__ - INFO - MACD Analysis: Fast=226.2500, Slow=225.5500, MACD=0.7000, Signal=HOLD
2025-09-05 13:28:13,628 - __main__ - ERROR - Price API request failed: 404
2025-09-05 13:28:13,659 - __main__ - ERROR - Orderbook API request failed: 404
2025-09-05 13:28:13,660 - __main__ - WARNING - Using mock price: $226.9000
2025-09-05 13:28:13,661 - __main__ - INFO - MACD Analysis: Fast=226.3500, Slow=225.6500, MACD=0.7000, Signal=HOLD
2025-09-05 13:28:13,661 - __main__ - INFO - ==================================================
2025-09-05 13:28:13,662 - __main__ - INFO - BETA TRACKING UPDATE - Iteration 270
2025-09-05 13:28:13,662 - __main__ - INFO - Runtime: 585.4s
2025-09-05 13:28:13,662 - __main__ - INFO - Current Position: $0.00
2025-09-05 13:28:13,663 - __main__ - INFO - Total Volume: $0.00
2025-09-05 13:28:13,663 - __main__ - INFO - Current Price: $226.9000
2025-09-05 13:28:13,663 - __main__ - INFO - Price Change: +0.22%
2025-09-05 13:28:13,664 - __main__ - INFO - Open Orders: 0
2025-09-05 13:28:13,664 - __main__ - INFO - MACD Values: 269
2025-09-05 13:28:13,664 - __main__ - INFO - API Success Rate: 0/270
2025-09-05 13:28:13,665 - __main__ - INFO - ==================================================
2025-09-05 13:28:15,705 - __main__ - ERROR - Price API request failed: 404
2025-09-05 13:28:15,736 - __main__ - ERROR - Orderbook API request failed: 404
2025-09-05 13:28:15,736 - __main__ - WARNING - Using mock price: $227.0000
2025-09-05 13:28:15,737 - __main__ - INFO - MACD Analysis: Fast=226.4500, Slow=225.7500, MACD=0.7000, Signal=HOLD
2025-09-05 13:28:18,006 - __main__ - ERROR - Price API request failed: 404
2025-09-05 13:28:18,035 - __main__ - ERROR - Orderbook API request failed: 404
2025-09-05 13:28:18,036 - __main__ - WARNING - Using mock price: $227.1000
2025-09-05 13:28:18,036 - __main__ - INFO - MACD Analysis: Fast=226.5500, Slow=225.8500, MACD=0.7000, Signal=HOLD
2025-09-05 13:28:20,073 - __main__ - ERROR - Price API request failed: 404
2025-09-05 13:28:20,332 - __main__ - ERROR - Orderbook API request failed: 404
2025-09-05 13:28:20,333 - __main__ - WARNING - Using mock price: $227.2000
2025-09-05 13:28:20,333 - __main__ - INFO - MACD Analysis: Fast=226.6500, Slow=225.9500, MACD=0.7000, Signal=HOLD
2025-09-05 13:28:22,588 - __main__ - ERROR - Price API request failed: 404
2025-09-05 13:28:22,645 - __main__ - ERROR - Orderbook API request failed: 404
2025-09-05 13:28:22,646 - __main__ - WARNING - Using mock price: $227.3000
2025-09-05 13:28:22,646 - __main__ - INFO - MACD Analysis: Fast=226.7500, Slow=226.0500, MACD=0.7000, Signal=HOLD
