2025-09-05 13:05:34,052 - __main__ - INFO - ============================================================
2025-09-05 13:05:34,052 - __main__ - INFO - Environment: DEVNET (Beta)
2025-09-05 13:05:34,053 - __main__ - INFO - Trading Platform: beta.drift.trade
2025-09-05 13:05:34,053 - __main__ - INFO - Strategy: MACD + Momentum Trend Following
2025-09-05 13:05:34,053 - __main__ - INFO - Market: SOL-PERP
2025-09-05 13:05:34,053 - __main__ - INFO - ============================================================
2025-09-05 13:05:36,587 - httpx - INFO - HTTP Request: POST https://devnet.helius-rpc.com/?api-key=2728d54b-ce26-4696-bb4d-dc8170fcd494 "HTTP/1.1 200 OK"
2025-09-05 13:05:36,804 - httpx - INFO - HTTP Request: POST https://devnet.helius-rpc.com/?api-key=2728d54b-ce26-4696-bb4d-dc8170fcd494 "HTTP/1.1 200 OK"
2025-09-05 13:05:37,093 - httpx - INFO - HTTP Request: POST https://devnet.helius-rpc.com/?api-key=2728d54b-ce26-4696-bb4d-dc8170fcd494 "HTTP/1.1 200 OK"
2025-09-05 13:05:37,203 - httpx - INFO - HTTP Request: POST https://devnet.helius-rpc.com/?api-key=2728d54b-ce26-4696-bb4d-dc8170fcd494 "HTTP/1.1 200 OK"
2025-09-05 13:05:38,349 - httpx - INFO - HTTP Request: POST https://devnet.helius-rpc.com/?api-key=2728d54b-ce26-4696-bb4d-dc8170fcd494 "HTTP/1.1 200 OK"
2025-09-05 13:05:38,474 - httpx - INFO - HTTP Request: POST https://devnet.helius-rpc.com/?api-key=2728d54b-ce26-4696-bb4d-dc8170fcd494 "HTTP/1.1 200 OK"
2025-09-05 13:05:38,492 - libs.drift.client - INFO - User account initialized
2025-09-05 13:05:38,493 - libs.drift.client - INFO - Drift client ready with user account
2025-09-05 13:05:38,523 - __main__ - INFO - Press Ctrl+C to stop
2025-09-05 13:05:38,523 - __main__ - INFO - ============================================================
2025-09-05 13:05:38,523 - libs.drift.client - INFO - User account initialized
2025-09-05 13:05:38,524 - libs.drift.client - INFO - Drift client ready with user account
2025-09-05 13:05:38,717 - httpx - INFO - HTTP Request: POST https://devnet.helius-rpc.com/?api-key=2728d54b-ce26-4696-bb4d-dc8170fcd494 "HTTP/1.1 200 OK"
2025-09-05 13:05:38,718 - libs.drift.client - WARNING - [ORDERBOOK] DLOB fallback failed: Cannot get oracle price data for DLOB
2025-09-05 13:05:39,405 - websockets.client - INFO - ! connect failed; reconnecting in 1.4 seconds
Traceback (most recent call last):
  File "C:\Users\Jeremy\AppData\Local\Programs\Python\Python311\Lib\site-packages\websockets\legacy\client.py", line 603, in __aiter__
    async with self as protocol:
  File "C:\Users\Jeremy\AppData\Local\Programs\Python\Python311\Lib\site-packages\solana\rpc\websocket_api.py", line 422, in __aenter__
    protocol = await super().__aenter__()
               ^^^^^^^^^^^^^^^^^^^^^^^^^^
  File "C:\Users\Jeremy\AppData\Local\Programs\Python\Python311\Lib\site-packages\websockets\legacy\client.py", line 634, in __aenter__
    return await self
           ^^^^^^^^^^
  File "C:\Users\Jeremy\AppData\Local\Programs\Python\Python311\Lib\site-packages\websockets\legacy\client.py", line 655, in __await_impl__
    await protocol.handshake(
  File "C:\Users\Jeremy\AppData\Local\Programs\Python\Python311\Lib\site-packages\websockets\legacy\client.py", line 321, in handshake
    raise InvalidStatusCode(status_code, response_headers)
websockets.exceptions.InvalidStatusCode: server rejected WebSocket connection: HTTP 429
2025-09-05 13:05:39,434 - websockets.client - INFO - ! connect failed; reconnecting in 2.9 seconds
Traceback (most recent call last):
  File "C:\Users\Jeremy\AppData\Local\Programs\Python\Python311\Lib\site-packages\websockets\legacy\client.py", line 603, in __aiter__
    async with self as protocol:
  File "C:\Users\Jeremy\AppData\Local\Programs\Python\Python311\Lib\site-packages\solana\rpc\websocket_api.py", line 422, in __aenter__
    protocol = await super().__aenter__()
               ^^^^^^^^^^^^^^^^^^^^^^^^^^
  File "C:\Users\Jeremy\AppData\Local\Programs\Python\Python311\Lib\site-packages\websockets\legacy\client.py", line 634, in __aenter__
    return await self
           ^^^^^^^^^^
  File "C:\Users\Jeremy\AppData\Local\Programs\Python\Python311\Lib\site-packages\websockets\legacy\client.py", line 655, in __await_impl__
    await protocol.handshake(
  File "C:\Users\Jeremy\AppData\Local\Programs\Python\Python311\Lib\site-packages\websockets\legacy\client.py", line 321, in handshake
    raise InvalidStatusCode(status_code, response_headers)
websockets.exceptions.InvalidStatusCode: server rejected WebSocket connection: HTTP 429
2025-09-05 13:05:39,449 - websockets.client - INFO - ! connect failed; reconnecting in 3.0 seconds
Traceback (most recent call last):
  File "C:\Users\Jeremy\AppData\Local\Programs\Python\Python311\Lib\site-packages\websockets\legacy\client.py", line 603, in __aiter__
    async with self as protocol:
  File "C:\Users\Jeremy\AppData\Local\Programs\Python\Python311\Lib\site-packages\solana\rpc\websocket_api.py", line 422, in __aenter__
    protocol = await super().__aenter__()
               ^^^^^^^^^^^^^^^^^^^^^^^^^^
  File "C:\Users\Jeremy\AppData\Local\Programs\Python\Python311\Lib\site-packages\websockets\legacy\client.py", line 634, in __aenter__
    return await self
           ^^^^^^^^^^
  File "C:\Users\Jeremy\AppData\Local\Programs\Python\Python311\Lib\site-packages\websockets\legacy\client.py", line 655, in __await_impl__
    await protocol.handshake(
  File "C:\Users\Jeremy\AppData\Local\Programs\Python\Python311\Lib\site-packages\websockets\legacy\client.py", line 321, in handshake
    raise InvalidStatusCode(status_code, response_headers)
websockets.exceptions.InvalidStatusCode: server rejected WebSocket connection: HTTP 429
2025-09-05 13:05:39,602 - websockets.client - INFO - ! connect failed; reconnecting in 0.9 seconds
Traceback (most recent call last):
  File "C:\Users\Jeremy\AppData\Local\Programs\Python\Python311\Lib\site-packages\websockets\legacy\client.py", line 603, in __aiter__
    async with self as protocol:
  File "C:\Users\Jeremy\AppData\Local\Programs\Python\Python311\Lib\site-packages\solana\rpc\websocket_api.py", line 422, in __aenter__
    protocol = await super().__aenter__()
               ^^^^^^^^^^^^^^^^^^^^^^^^^^
  File "C:\Users\Jeremy\AppData\Local\Programs\Python\Python311\Lib\site-packages\websockets\legacy\client.py", line 634, in __aenter__
    return await self
           ^^^^^^^^^^
  File "C:\Users\Jeremy\AppData\Local\Programs\Python\Python311\Lib\site-packages\websockets\legacy\client.py", line 655, in __await_impl__
    await protocol.handshake(
  File "C:\Users\Jeremy\AppData\Local\Programs\Python\Python311\Lib\site-packages\websockets\legacy\client.py", line 321, in handshake
    raise InvalidStatusCode(status_code, response_headers)
websockets.exceptions.InvalidStatusCode: server rejected WebSocket connection: HTTP 429
2025-09-05 13:05:40,729 - libs.drift.client - INFO - User account initialized
2025-09-05 13:05:40,729 - libs.drift.client - INFO - Drift client ready with user account
2025-09-05 13:05:40,860 - httpx - INFO - HTTP Request: POST https://devnet.helius-rpc.com/?api-key=2728d54b-ce26-4696-bb4d-dc8170fcd494 "HTTP/1.1 200 OK"
2025-09-05 13:05:40,861 - libs.drift.client - WARNING - [ORDERBOOK] DLOB fallback failed: Cannot get oracle price data for DLOB
2025-09-05 13:05:42,878 - libs.drift.client - INFO - User account initialized
2025-09-05 13:05:42,878 - libs.drift.client - INFO - Drift client ready with user account
2025-09-05 13:05:43,164 - httpx - INFO - HTTP Request: POST https://devnet.helius-rpc.com/?api-key=2728d54b-ce26-4696-bb4d-dc8170fcd494 "HTTP/1.1 200 OK"
2025-09-05 13:05:43,166 - libs.drift.client - WARNING - [ORDERBOOK] DLOB fallback failed: Cannot get oracle price data for DLOB
2025-09-05 13:05:45,163 - libs.drift.client - INFO - User account initialized
2025-09-05 13:05:45,163 - libs.drift.client - INFO - Drift client ready with user account
2025-09-05 13:05:45,299 - httpx - INFO - HTTP Request: POST https://devnet.helius-rpc.com/?api-key=2728d54b-ce26-4696-bb4d-dc8170fcd494 "HTTP/1.1 200 OK"
2025-09-05 13:05:45,300 - libs.drift.client - WARNING - [ORDERBOOK] DLOB fallback failed: Cannot get oracle price data for DLOB
2025-09-05 13:05:47,299 - libs.drift.client - INFO - User account initialized
2025-09-05 13:05:47,299 - libs.drift.client - INFO - Drift client ready with user account
2025-09-05 13:05:47,438 - httpx - INFO - HTTP Request: POST https://devnet.helius-rpc.com/?api-key=2728d54b-ce26-4696-bb4d-dc8170fcd494 "HTTP/1.1 200 OK"
2025-09-05 13:05:47,440 - libs.drift.client - WARNING - [ORDERBOOK] DLOB fallback failed: Cannot get oracle price data for DLOB
2025-09-05 13:05:47,440 - __main__ - INFO - ========================================
2025-09-05 13:05:47,466 - __main__ - ERROR - Error in trend iteration 5: 'OrderManager' object has no attribute 'orders'
2025-09-05 13:05:48,475 - libs.drift.client - INFO - User account initialized
2025-09-05 13:05:48,475 - libs.drift.client - INFO - Drift client ready with user account
2025-09-05 13:05:48,728 - httpx - INFO - HTTP Request: POST https://devnet.helius-rpc.com/?api-key=2728d54b-ce26-4696-bb4d-dc8170fcd494 "HTTP/1.1 200 OK"
2025-09-05 13:05:48,731 - libs.drift.client - WARNING - [ORDERBOOK] DLOB fallback failed: Cannot get oracle price data for DLOB
2025-09-05 13:05:50,741 - libs.drift.client - INFO - User account initialized
2025-09-05 13:05:50,741 - libs.drift.client - INFO - Drift client ready with user account
2025-09-05 13:05:50,882 - httpx - INFO - HTTP Request: POST https://devnet.helius-rpc.com/?api-key=2728d54b-ce26-4696-bb4d-dc8170fcd494 "HTTP/1.1 200 OK"
2025-09-05 13:05:50,883 - libs.drift.client - WARNING - [ORDERBOOK] DLOB fallback failed: Cannot get oracle price data for DLOB
2025-09-05 13:05:52,885 - libs.drift.client - INFO - User account initialized
2025-09-05 13:05:52,885 - libs.drift.client - INFO - Drift client ready with user account
2025-09-05 13:05:52,979 - httpx - INFO - HTTP Request: POST https://devnet.helius-rpc.com/?api-key=2728d54b-ce26-4696-bb4d-dc8170fcd494 "HTTP/1.1 200 OK"
2025-09-05 13:05:52,980 - libs.drift.client - WARNING - [ORDERBOOK] DLOB fallback failed: Cannot get oracle price data for DLOB
2025-09-05 13:05:54,986 - libs.drift.client - INFO - User account initialized
2025-09-05 13:05:54,986 - libs.drift.client - INFO - Drift client ready with user account
2025-09-05 13:05:55,091 - httpx - INFO - HTTP Request: POST https://devnet.helius-rpc.com/?api-key=2728d54b-ce26-4696-bb4d-dc8170fcd494 "HTTP/1.1 200 OK"
2025-09-05 13:05:55,092 - libs.drift.client - WARNING - [ORDERBOOK] DLOB fallback failed: Cannot get oracle price data for DLOB
2025-09-05 13:05:57,112 - libs.drift.client - INFO - User account initialized
2025-09-05 13:05:57,112 - libs.drift.client - INFO - Drift client ready with user account
2025-09-05 13:05:57,182 - httpx - INFO - HTTP Request: POST https://devnet.helius-rpc.com/?api-key=2728d54b-ce26-4696-bb4d-dc8170fcd494 "HTTP/1.1 200 OK"
2025-09-05 13:05:57,183 - libs.drift.client - WARNING - [ORDERBOOK] DLOB fallback failed: Cannot get oracle price data for DLOB
2025-09-05 13:05:57,184 - __main__ - INFO - ========================================
2025-09-05 13:05:57,209 - __main__ - ERROR - Error in trend iteration 10: 'OrderManager' object has no attribute 'orders'
2025-09-05 13:05:58,228 - libs.drift.client - INFO - User account initialized
2025-09-05 13:05:58,228 - libs.drift.client - INFO - Drift client ready with user account
2025-09-05 13:05:58,332 - httpx - INFO - HTTP Request: POST https://devnet.helius-rpc.com/?api-key=2728d54b-ce26-4696-bb4d-dc8170fcd494 "HTTP/1.1 200 OK"
2025-09-05 13:05:58,333 - libs.drift.client - WARNING - [ORDERBOOK] DLOB fallback failed: Cannot get oracle price data for DLOB
2025-09-05 13:06:00,350 - libs.drift.client - INFO - User account initialized
2025-09-05 13:06:00,350 - libs.drift.client - INFO - Drift client ready with user account
2025-09-05 13:06:00,506 - httpx - INFO - HTTP Request: POST https://devnet.helius-rpc.com/?api-key=2728d54b-ce26-4696-bb4d-dc8170fcd494 "HTTP/1.1 200 OK"
2025-09-05 13:06:00,507 - libs.drift.client - WARNING - [ORDERBOOK] DLOB fallback failed: Cannot get oracle price data for DLOB
2025-09-05 13:06:02,516 - libs.drift.client - INFO - User account initialized
2025-09-05 13:06:02,517 - libs.drift.client - INFO - Drift client ready with user account
2025-09-05 13:06:02,622 - httpx - INFO - HTTP Request: POST https://devnet.helius-rpc.com/?api-key=2728d54b-ce26-4696-bb4d-dc8170fcd494 "HTTP/1.1 200 OK"
2025-09-05 13:06:02,623 - libs.drift.client - WARNING - [ORDERBOOK] DLOB fallback failed: Cannot get oracle price data for DLOB
2025-09-05 13:06:04,627 - libs.drift.client - INFO - User account initialized
2025-09-05 13:06:04,627 - libs.drift.client - INFO - Drift client ready with user account
2025-09-05 13:06:04,714 - httpx - INFO - HTTP Request: POST https://devnet.helius-rpc.com/?api-key=2728d54b-ce26-4696-bb4d-dc8170fcd494 "HTTP/1.1 200 OK"
2025-09-05 13:06:04,716 - libs.drift.client - WARNING - [ORDERBOOK] DLOB fallback failed: Cannot get oracle price data for DLOB
2025-09-05 13:06:06,738 - libs.drift.client - INFO - User account initialized
2025-09-05 13:06:06,738 - libs.drift.client - INFO - Drift client ready with user account
2025-09-05 13:06:06,907 - httpx - INFO - HTTP Request: POST https://devnet.helius-rpc.com/?api-key=2728d54b-ce26-4696-bb4d-dc8170fcd494 "HTTP/1.1 200 OK"
2025-09-05 13:06:06,908 - libs.drift.client - WARNING - [ORDERBOOK] DLOB fallback failed: Cannot get oracle price data for DLOB
2025-09-05 13:06:06,908 - __main__ - INFO - ========================================
2025-09-05 13:06:06,932 - __main__ - ERROR - Error in trend iteration 15: 'OrderManager' object has no attribute 'orders'
2025-09-05 13:06:07,944 - libs.drift.client - INFO - User account initialized
2025-09-05 13:06:07,944 - libs.drift.client - INFO - Drift client ready with user account
2025-09-05 13:06:08,019 - httpx - INFO - HTTP Request: POST https://devnet.helius-rpc.com/?api-key=2728d54b-ce26-4696-bb4d-dc8170fcd494 "HTTP/1.1 200 OK"
2025-09-05 13:06:08,020 - libs.drift.client - WARNING - [ORDERBOOK] DLOB fallback failed: Cannot get oracle price data for DLOB
2025-09-05 13:06:10,018 - libs.drift.client - INFO - User account initialized
2025-09-05 13:06:10,018 - libs.drift.client - INFO - Drift client ready with user account
2025-09-05 13:06:10,124 - httpx - INFO - HTTP Request: POST https://devnet.helius-rpc.com/?api-key=2728d54b-ce26-4696-bb4d-dc8170fcd494 "HTTP/1.1 200 OK"
2025-09-05 13:06:10,126 - libs.drift.client - WARNING - [ORDERBOOK] DLOB fallback failed: Cannot get oracle price data for DLOB
2025-09-05 13:06:12,132 - libs.drift.client - INFO - User account initialized
2025-09-05 13:06:12,132 - libs.drift.client - INFO - Drift client ready with user account
2025-09-05 13:06:12,286 - httpx - INFO - HTTP Request: POST https://devnet.helius-rpc.com/?api-key=2728d54b-ce26-4696-bb4d-dc8170fcd494 "HTTP/1.1 200 OK"
2025-09-05 13:06:12,287 - libs.drift.client - WARNING - [ORDERBOOK] DLOB fallback failed: Cannot get oracle price data for DLOB
2025-09-05 13:06:14,265 - libs.drift.client - INFO - User account initialized
2025-09-05 13:06:14,265 - libs.drift.client - INFO - Drift client ready with user account
2025-09-05 13:06:14,377 - httpx - INFO - HTTP Request: POST https://devnet.helius-rpc.com/?api-key=2728d54b-ce26-4696-bb4d-dc8170fcd494 "HTTP/1.1 200 OK"
2025-09-05 13:06:14,377 - libs.drift.client - WARNING - [ORDERBOOK] DLOB fallback failed: Cannot get oracle price data for DLOB
2025-09-05 13:06:16,383 - libs.drift.client - INFO - User account initialized
2025-09-05 13:06:16,384 - libs.drift.client - INFO - Drift client ready with user account
2025-09-05 13:06:16,499 - httpx - INFO - HTTP Request: POST https://devnet.helius-rpc.com/?api-key=2728d54b-ce26-4696-bb4d-dc8170fcd494 "HTTP/1.1 200 OK"
2025-09-05 13:06:16,500 - libs.drift.client - WARNING - [ORDERBOOK] DLOB fallback failed: Cannot get oracle price data for DLOB
2025-09-05 13:06:16,500 - __main__ - INFO - ========================================
2025-09-05 13:06:16,523 - __main__ - ERROR - Error in trend iteration 20: 'OrderManager' object has no attribute 'orders'
2025-09-05 13:06:17,513 - libs.drift.client - INFO - User account initialized
2025-09-05 13:06:17,513 - libs.drift.client - INFO - Drift client ready with user account
2025-09-05 13:06:17,639 - httpx - INFO - HTTP Request: POST https://devnet.helius-rpc.com/?api-key=2728d54b-ce26-4696-bb4d-dc8170fcd494 "HTTP/1.1 200 OK"
2025-09-05 13:06:17,640 - libs.drift.client - WARNING - [ORDERBOOK] DLOB fallback failed: Cannot get oracle price data for DLOB
2025-09-05 13:06:19,653 - libs.drift.client - INFO - User account initialized
2025-09-05 13:06:19,653 - libs.drift.client - INFO - Drift client ready with user account
2025-09-05 13:06:19,751 - httpx - INFO - HTTP Request: POST https://devnet.helius-rpc.com/?api-key=2728d54b-ce26-4696-bb4d-dc8170fcd494 "HTTP/1.1 200 OK"
2025-09-05 13:06:19,752 - libs.drift.client - WARNING - [ORDERBOOK] DLOB fallback failed: Cannot get oracle price data for DLOB
2025-09-05 13:06:21,774 - libs.drift.client - INFO - User account initialized
2025-09-05 13:06:21,775 - libs.drift.client - INFO - Drift client ready with user account
2025-09-05 13:06:21,961 - httpx - INFO - HTTP Request: POST https://devnet.helius-rpc.com/?api-key=2728d54b-ce26-4696-bb4d-dc8170fcd494 "HTTP/1.1 200 OK"
2025-09-05 13:06:21,962 - libs.drift.client - WARNING - [ORDERBOOK] DLOB fallback failed: Cannot get oracle price data for DLOB
2025-09-05 13:06:23,973 - libs.drift.client - INFO - User account initialized
2025-09-05 13:06:23,973 - libs.drift.client - INFO - Drift client ready with user account
2025-09-05 13:06:24,068 - httpx - INFO - HTTP Request: POST https://devnet.helius-rpc.com/?api-key=2728d54b-ce26-4696-bb4d-dc8170fcd494 "HTTP/1.1 200 OK"
2025-09-05 13:06:24,069 - libs.drift.client - WARNING - [ORDERBOOK] DLOB fallback failed: Cannot get oracle price data for DLOB
2025-09-05 13:06:26,082 - libs.drift.client - INFO - User account initialized
2025-09-05 13:06:26,083 - libs.drift.client - INFO - Drift client ready with user account
2025-09-05 13:06:26,258 - httpx - INFO - HTTP Request: POST https://devnet.helius-rpc.com/?api-key=2728d54b-ce26-4696-bb4d-dc8170fcd494 "HTTP/1.1 200 OK"
2025-09-05 13:06:26,259 - libs.drift.client - WARNING - [ORDERBOOK] DLOB fallback failed: Cannot get oracle price data for DLOB
2025-09-05 13:06:26,259 - __main__ - INFO - ========================================
2025-09-05 13:06:26,284 - __main__ - ERROR - Error in trend iteration 25: 'OrderManager' object has no attribute 'orders'
2025-09-05 13:06:27,303 - libs.drift.client - INFO - User account initialized
2025-09-05 13:06:27,304 - libs.drift.client - INFO - Drift client ready with user account
2025-09-05 13:06:27,389 - httpx - INFO - HTTP Request: POST https://devnet.helius-rpc.com/?api-key=2728d54b-ce26-4696-bb4d-dc8170fcd494 "HTTP/1.1 200 OK"
2025-09-05 13:06:27,390 - libs.drift.client - WARNING - [ORDERBOOK] DLOB fallback failed: Cannot get oracle price data for DLOB
2025-09-05 13:06:29,406 - libs.drift.client - INFO - User account initialized
2025-09-05 13:06:29,406 - libs.drift.client - INFO - Drift client ready with user account
2025-09-05 13:06:29,479 - httpx - INFO - HTTP Request: POST https://devnet.helius-rpc.com/?api-key=2728d54b-ce26-4696-bb4d-dc8170fcd494 "HTTP/1.1 200 OK"
2025-09-05 13:06:29,481 - libs.drift.client - WARNING - [ORDERBOOK] DLOB fallback failed: Cannot get oracle price data for DLOB
2025-09-05 13:06:31,482 - libs.drift.client - INFO - User account initialized
2025-09-05 13:06:31,483 - libs.drift.client - INFO - Drift client ready with user account
2025-09-05 13:06:31,576 - httpx - INFO - HTTP Request: POST https://devnet.helius-rpc.com/?api-key=2728d54b-ce26-4696-bb4d-dc8170fcd494 "HTTP/1.1 200 OK"
2025-09-05 13:06:31,577 - libs.drift.client - WARNING - [ORDERBOOK] DLOB fallback failed: Cannot get oracle price data for DLOB
2025-09-05 13:06:33,598 - libs.drift.client - INFO - User account initialized
2025-09-05 13:06:33,598 - libs.drift.client - INFO - Drift client ready with user account
2025-09-05 13:06:33,690 - httpx - INFO - HTTP Request: POST https://devnet.helius-rpc.com/?api-key=2728d54b-ce26-4696-bb4d-dc8170fcd494 "HTTP/1.1 200 OK"
2025-09-05 13:06:33,691 - libs.drift.client - WARNING - [ORDERBOOK] DLOB fallback failed: Cannot get oracle price data for DLOB
2025-09-05 13:06:35,706 - libs.drift.client - INFO - User account initialized
2025-09-05 13:06:35,706 - libs.drift.client - INFO - Drift client ready with user account
2025-09-05 13:06:35,833 - httpx - INFO - HTTP Request: POST https://devnet.helius-rpc.com/?api-key=2728d54b-ce26-4696-bb4d-dc8170fcd494 "HTTP/1.1 200 OK"
2025-09-05 13:06:35,834 - libs.drift.client - WARNING - [ORDERBOOK] DLOB fallback failed: Cannot get oracle price data for DLOB
2025-09-05 13:06:35,834 - __main__ - INFO - ========================================
2025-09-05 13:06:35,876 - __main__ - ERROR - Error in trend iteration 30: 'OrderManager' object has no attribute 'orders'
2025-09-05 13:06:36,885 - libs.drift.client - INFO - User account initialized
2025-09-05 13:06:36,885 - libs.drift.client - INFO - Drift client ready with user account
2025-09-05 13:06:37,020 - httpx - INFO - HTTP Request: POST https://devnet.helius-rpc.com/?api-key=2728d54b-ce26-4696-bb4d-dc8170fcd494 "HTTP/1.1 200 OK"
2025-09-05 13:06:37,021 - libs.drift.client - WARNING - [ORDERBOOK] DLOB fallback failed: Cannot get oracle price data for DLOB
2025-09-05 13:06:39,030 - libs.drift.client - INFO - User account initialized
2025-09-05 13:06:39,030 - libs.drift.client - INFO - Drift client ready with user account
2025-09-05 13:06:39,139 - httpx - INFO - HTTP Request: POST https://devnet.helius-rpc.com/?api-key=2728d54b-ce26-4696-bb4d-dc8170fcd494 "HTTP/1.1 200 OK"
2025-09-05 13:06:39,141 - libs.drift.client - WARNING - [ORDERBOOK] DLOB fallback failed: Cannot get oracle price data for DLOB
2025-09-05 13:06:41,146 - libs.drift.client - INFO - User account initialized
2025-09-05 13:06:41,147 - libs.drift.client - INFO - Drift client ready with user account
2025-09-05 13:06:41,266 - httpx - INFO - HTTP Request: POST https://devnet.helius-rpc.com/?api-key=2728d54b-ce26-4696-bb4d-dc8170fcd494 "HTTP/1.1 200 OK"
2025-09-05 13:06:41,267 - libs.drift.client - WARNING - [ORDERBOOK] DLOB fallback failed: Cannot get oracle price data for DLOB
2025-09-05 13:06:43,272 - libs.drift.client - INFO - User account initialized
2025-09-05 13:06:43,272 - libs.drift.client - INFO - Drift client ready with user account
2025-09-05 13:06:43,348 - httpx - INFO - HTTP Request: POST https://devnet.helius-rpc.com/?api-key=2728d54b-ce26-4696-bb4d-dc8170fcd494 "HTTP/1.1 200 OK"
2025-09-05 13:06:43,349 - libs.drift.client - WARNING - [ORDERBOOK] DLOB fallback failed: Cannot get oracle price data for DLOB
2025-09-05 13:06:45,359 - libs.drift.client - INFO - User account initialized
2025-09-05 13:06:45,359 - libs.drift.client - INFO - Drift client ready with user account
2025-09-05 13:06:45,487 - httpx - INFO - HTTP Request: POST https://devnet.helius-rpc.com/?api-key=2728d54b-ce26-4696-bb4d-dc8170fcd494 "HTTP/1.1 200 OK"
2025-09-05 13:06:45,488 - libs.drift.client - WARNING - [ORDERBOOK] DLOB fallback failed: Cannot get oracle price data for DLOB
2025-09-05 13:06:45,489 - __main__ - INFO - ========================================
2025-09-05 13:06:45,512 - __main__ - ERROR - Error in trend iteration 35: 'OrderManager' object has no attribute 'orders'
2025-09-05 13:06:46,522 - libs.drift.client - INFO - User account initialized
2025-09-05 13:06:46,523 - libs.drift.client - INFO - Drift client ready with user account
2025-09-05 13:06:46,601 - httpx - INFO - HTTP Request: POST https://devnet.helius-rpc.com/?api-key=2728d54b-ce26-4696-bb4d-dc8170fcd494 "HTTP/1.1 200 OK"
2025-09-05 13:06:46,602 - libs.drift.client - WARNING - [ORDERBOOK] DLOB fallback failed: Cannot get oracle price data for DLOB
2025-09-05 13:06:48,600 - libs.drift.client - INFO - User account initialized
2025-09-05 13:06:48,600 - libs.drift.client - INFO - Drift client ready with user account
2025-09-05 13:06:48,679 - httpx - INFO - HTTP Request: POST https://devnet.helius-rpc.com/?api-key=2728d54b-ce26-4696-bb4d-dc8170fcd494 "HTTP/1.1 200 OK"
2025-09-05 13:06:48,680 - libs.drift.client - WARNING - [ORDERBOOK] DLOB fallback failed: Cannot get oracle price data for DLOB
2025-09-05 13:06:50,695 - libs.drift.client - INFO - User account initialized
2025-09-05 13:06:50,696 - libs.drift.client - INFO - Drift client ready with user account
2025-09-05 13:06:50,812 - httpx - INFO - HTTP Request: POST https://devnet.helius-rpc.com/?api-key=2728d54b-ce26-4696-bb4d-dc8170fcd494 "HTTP/1.1 200 OK"
2025-09-05 13:06:50,813 - libs.drift.client - WARNING - [ORDERBOOK] DLOB fallback failed: Cannot get oracle price data for DLOB
2025-09-05 13:06:52,824 - libs.drift.client - INFO - User account initialized
2025-09-05 13:06:52,824 - libs.drift.client - INFO - Drift client ready with user account
2025-09-05 13:06:52,931 - httpx - INFO - HTTP Request: POST https://devnet.helius-rpc.com/?api-key=2728d54b-ce26-4696-bb4d-dc8170fcd494 "HTTP/1.1 200 OK"
2025-09-05 13:06:52,932 - libs.drift.client - WARNING - [ORDERBOOK] DLOB fallback failed: Cannot get oracle price data for DLOB
2025-09-05 13:06:54,934 - libs.drift.client - INFO - User account initialized
2025-09-05 13:06:54,934 - libs.drift.client - INFO - Drift client ready with user account
2025-09-05 13:06:55,259 - httpx - INFO - HTTP Request: POST https://devnet.helius-rpc.com/?api-key=2728d54b-ce26-4696-bb4d-dc8170fcd494 "HTTP/1.1 200 OK"
2025-09-05 13:06:55,260 - libs.drift.client - WARNING - [ORDERBOOK] DLOB fallback failed: Cannot get oracle price data for DLOB
2025-09-05 13:06:55,260 - __main__ - INFO - ========================================
2025-09-05 13:06:55,284 - __main__ - ERROR - Error in trend iteration 40: 'OrderManager' object has no attribute 'orders'
2025-09-05 13:06:56,307 - libs.drift.client - INFO - User account initialized
2025-09-05 13:06:56,307 - libs.drift.client - INFO - Drift client ready with user account
2025-09-05 13:06:56,390 - httpx - INFO - HTTP Request: POST https://devnet.helius-rpc.com/?api-key=2728d54b-ce26-4696-bb4d-dc8170fcd494 "HTTP/1.1 200 OK"
2025-09-05 13:06:56,391 - libs.drift.client - WARNING - [ORDERBOOK] DLOB fallback failed: Cannot get oracle price data for DLOB
2025-09-05 13:06:58,405 - libs.drift.client - INFO - User account initialized
2025-09-05 13:06:58,405 - libs.drift.client - INFO - Drift client ready with user account
2025-09-05 13:06:58,488 - httpx - INFO - HTTP Request: POST https://devnet.helius-rpc.com/?api-key=2728d54b-ce26-4696-bb4d-dc8170fcd494 "HTTP/1.1 200 OK"
2025-09-05 13:06:58,489 - libs.drift.client - WARNING - [ORDERBOOK] DLOB fallback failed: Cannot get oracle price data for DLOB
2025-09-05 13:07:00,498 - libs.drift.client - INFO - User account initialized
2025-09-05 13:07:00,498 - libs.drift.client - INFO - Drift client ready with user account
2025-09-05 13:07:00,594 - httpx - INFO - HTTP Request: POST https://devnet.helius-rpc.com/?api-key=2728d54b-ce26-4696-bb4d-dc8170fcd494 "HTTP/1.1 200 OK"
2025-09-05 13:07:00,595 - libs.drift.client - WARNING - [ORDERBOOK] DLOB fallback failed: Cannot get oracle price data for DLOB
2025-09-05 13:07:02,599 - libs.drift.client - INFO - User account initialized
2025-09-05 13:07:02,599 - libs.drift.client - INFO - Drift client ready with user account
2025-09-05 13:07:02,854 - httpx - INFO - HTTP Request: POST https://devnet.helius-rpc.com/?api-key=2728d54b-ce26-4696-bb4d-dc8170fcd494 "HTTP/1.1 200 OK"
2025-09-05 13:07:02,855 - libs.drift.client - WARNING - [ORDERBOOK] DLOB fallback failed: Cannot get oracle price data for DLOB
2025-09-05 13:07:04,868 - libs.drift.client - INFO - User account initialized
2025-09-05 13:07:04,868 - libs.drift.client - INFO - Drift client ready with user account
2025-09-05 13:07:04,967 - httpx - INFO - HTTP Request: POST https://devnet.helius-rpc.com/?api-key=2728d54b-ce26-4696-bb4d-dc8170fcd494 "HTTP/1.1 200 OK"
2025-09-05 13:07:04,969 - libs.drift.client - WARNING - [ORDERBOOK] DLOB fallback failed: Cannot get oracle price data for DLOB
2025-09-05 13:07:04,969 - __main__ - INFO - ========================================
2025-09-05 13:07:04,997 - __main__ - ERROR - Error in trend iteration 45: 'OrderManager' object has no attribute 'orders'
2025-09-05 13:07:06,013 - libs.drift.client - INFO - User account initialized
2025-09-05 13:07:06,013 - libs.drift.client - INFO - Drift client ready with user account
2025-09-05 13:07:06,182 - httpx - INFO - HTTP Request: POST https://devnet.helius-rpc.com/?api-key=2728d54b-ce26-4696-bb4d-dc8170fcd494 "HTTP/1.1 200 OK"
2025-09-05 13:07:06,183 - libs.drift.client - WARNING - [ORDERBOOK] DLOB fallback failed: Cannot get oracle price data for DLOB
2025-09-05 13:07:08,194 - libs.drift.client - INFO - User account initialized
2025-09-05 13:07:08,194 - libs.drift.client - INFO - Drift client ready with user account
2025-09-05 13:07:08,373 - httpx - INFO - HTTP Request: POST https://devnet.helius-rpc.com/?api-key=2728d54b-ce26-4696-bb4d-dc8170fcd494 "HTTP/1.1 200 OK"
2025-09-05 13:07:08,374 - libs.drift.client - WARNING - [ORDERBOOK] DLOB fallback failed: Cannot get oracle price data for DLOB
2025-09-05 13:07:10,390 - libs.drift.client - INFO - User account initialized
2025-09-05 13:07:10,390 - libs.drift.client - INFO - Drift client ready with user account
2025-09-05 13:07:10,635 - httpx - INFO - HTTP Request: POST https://devnet.helius-rpc.com/?api-key=2728d54b-ce26-4696-bb4d-dc8170fcd494 "HTTP/1.1 200 OK"
2025-09-05 13:07:10,637 - libs.drift.client - WARNING - [ORDERBOOK] DLOB fallback failed: Cannot get oracle price data for DLOB
2025-09-05 13:07:12,652 - libs.drift.client - INFO - User account initialized
2025-09-05 13:07:12,652 - libs.drift.client - INFO - Drift client ready with user account
2025-09-05 13:07:12,751 - httpx - INFO - HTTP Request: POST https://devnet.helius-rpc.com/?api-key=2728d54b-ce26-4696-bb4d-dc8170fcd494 "HTTP/1.1 200 OK"
2025-09-05 13:07:12,753 - libs.drift.client - WARNING - [ORDERBOOK] DLOB fallback failed: Cannot get oracle price data for DLOB
2025-09-05 13:07:14,768 - libs.drift.client - INFO - User account initialized
2025-09-05 13:07:14,768 - libs.drift.client - INFO - Drift client ready with user account
2025-09-05 13:07:14,903 - httpx - INFO - HTTP Request: POST https://devnet.helius-rpc.com/?api-key=2728d54b-ce26-4696-bb4d-dc8170fcd494 "HTTP/1.1 200 OK"
2025-09-05 13:07:14,905 - libs.drift.client - WARNING - [ORDERBOOK] DLOB fallback failed: Cannot get oracle price data for DLOB
2025-09-05 13:07:14,905 - __main__ - INFO - ========================================
2025-09-05 13:07:14,935 - __main__ - ERROR - Error in trend iteration 50: 'OrderManager' object has no attribute 'orders'
2025-09-05 13:07:15,949 - libs.drift.client - INFO - User account initialized
2025-09-05 13:07:15,949 - libs.drift.client - INFO - Drift client ready with user account
2025-09-05 13:07:16,044 - httpx - INFO - HTTP Request: POST https://devnet.helius-rpc.com/?api-key=2728d54b-ce26-4696-bb4d-dc8170fcd494 "HTTP/1.1 200 OK"
2025-09-05 13:07:16,045 - libs.drift.client - WARNING - [ORDERBOOK] DLOB fallback failed: Cannot get oracle price data for DLOB
2025-09-05 13:07:18,055 - libs.drift.client - INFO - User account initialized
2025-09-05 13:07:18,055 - libs.drift.client - INFO - Drift client ready with user account
2025-09-05 13:07:18,234 - httpx - INFO - HTTP Request: POST https://devnet.helius-rpc.com/?api-key=2728d54b-ce26-4696-bb4d-dc8170fcd494 "HTTP/1.1 200 OK"
2025-09-05 13:07:18,237 - libs.drift.client - WARNING - [ORDERBOOK] DLOB fallback failed: Cannot get oracle price data for DLOB
2025-09-05 13:07:20,220 - libs.drift.client - INFO - User account initialized
2025-09-05 13:07:20,221 - libs.drift.client - INFO - Drift client ready with user account
2025-09-05 13:07:20,388 - httpx - INFO - HTTP Request: POST https://devnet.helius-rpc.com/?api-key=2728d54b-ce26-4696-bb4d-dc8170fcd494 "HTTP/1.1 200 OK"
2025-09-05 13:07:20,389 - libs.drift.client - WARNING - [ORDERBOOK] DLOB fallback failed: Cannot get oracle price data for DLOB
2025-09-05 13:07:22,392 - libs.drift.client - INFO - User account initialized
2025-09-05 13:07:22,392 - libs.drift.client - INFO - Drift client ready with user account
2025-09-05 13:07:22,558 - httpx - INFO - HTTP Request: POST https://devnet.helius-rpc.com/?api-key=2728d54b-ce26-4696-bb4d-dc8170fcd494 "HTTP/1.1 200 OK"
2025-09-05 13:07:22,559 - libs.drift.client - WARNING - [ORDERBOOK] DLOB fallback failed: Cannot get oracle price data for DLOB
2025-09-05 13:07:24,579 - libs.drift.client - INFO - User account initialized
2025-09-05 13:07:24,580 - libs.drift.client - INFO - Drift client ready with user account
2025-09-05 13:07:24,713 - httpx - INFO - HTTP Request: POST https://devnet.helius-rpc.com/?api-key=2728d54b-ce26-4696-bb4d-dc8170fcd494 "HTTP/1.1 200 OK"
2025-09-05 13:07:24,714 - libs.drift.client - WARNING - [ORDERBOOK] DLOB fallback failed: Cannot get oracle price data for DLOB
2025-09-05 13:07:24,715 - __main__ - INFO - ========================================
2025-09-05 13:07:24,756 - __main__ - ERROR - Error in trend iteration 55: 'OrderManager' object has no attribute 'orders'
2025-09-05 13:07:25,768 - libs.drift.client - INFO - User account initialized
2025-09-05 13:07:25,768 - libs.drift.client - INFO - Drift client ready with user account
2025-09-05 13:07:25,872 - httpx - INFO - HTTP Request: POST https://devnet.helius-rpc.com/?api-key=2728d54b-ce26-4696-bb4d-dc8170fcd494 "HTTP/1.1 200 OK"
2025-09-05 13:07:25,873 - libs.drift.client - WARNING - [ORDERBOOK] DLOB fallback failed: Cannot get oracle price data for DLOB
2025-09-05 13:07:27,886 - libs.drift.client - INFO - User account initialized
2025-09-05 13:07:27,886 - libs.drift.client - INFO - Drift client ready with user account
2025-09-05 13:07:28,031 - httpx - INFO - HTTP Request: POST https://devnet.helius-rpc.com/?api-key=2728d54b-ce26-4696-bb4d-dc8170fcd494 "HTTP/1.1 200 OK"
2025-09-05 13:07:28,032 - libs.drift.client - WARNING - [ORDERBOOK] DLOB fallback failed: Cannot get oracle price data for DLOB
2025-09-05 13:07:30,038 - libs.drift.client - INFO - User account initialized
2025-09-05 13:07:30,038 - libs.drift.client - INFO - Drift client ready with user account
2025-09-05 13:07:30,219 - httpx - INFO - HTTP Request: POST https://devnet.helius-rpc.com/?api-key=2728d54b-ce26-4696-bb4d-dc8170fcd494 "HTTP/1.1 200 OK"
2025-09-05 13:07:30,220 - libs.drift.client - WARNING - [ORDERBOOK] DLOB fallback failed: Cannot get oracle price data for DLOB
2025-09-05 13:07:32,234 - libs.drift.client - INFO - User account initialized
2025-09-05 13:07:32,235 - libs.drift.client - INFO - Drift client ready with user account
2025-09-05 13:07:32,382 - httpx - INFO - HTTP Request: POST https://devnet.helius-rpc.com/?api-key=2728d54b-ce26-4696-bb4d-dc8170fcd494 "HTTP/1.1 200 OK"
2025-09-05 13:07:32,383 - libs.drift.client - WARNING - [ORDERBOOK] DLOB fallback failed: Cannot get oracle price data for DLOB
2025-09-05 13:07:34,400 - libs.drift.client - INFO - User account initialized
2025-09-05 13:07:34,401 - libs.drift.client - INFO - Drift client ready with user account
2025-09-05 13:07:34,518 - httpx - INFO - HTTP Request: POST https://devnet.helius-rpc.com/?api-key=2728d54b-ce26-4696-bb4d-dc8170fcd494 "HTTP/1.1 200 OK"
2025-09-05 13:07:34,519 - libs.drift.client - WARNING - [ORDERBOOK] DLOB fallback failed: Cannot get oracle price data for DLOB
2025-09-05 13:07:34,520 - __main__ - INFO - ========================================
2025-09-05 13:07:34,545 - __main__ - ERROR - Error in trend iteration 60: 'OrderManager' object has no attribute 'orders'
2025-09-05 13:07:35,561 - libs.drift.client - INFO - User account initialized
2025-09-05 13:07:35,561 - libs.drift.client - INFO - Drift client ready with user account
2025-09-05 13:07:35,680 - httpx - INFO - HTTP Request: POST https://devnet.helius-rpc.com/?api-key=2728d54b-ce26-4696-bb4d-dc8170fcd494 "HTTP/1.1 200 OK"
2025-09-05 13:07:35,681 - libs.drift.client - WARNING - [ORDERBOOK] DLOB fallback failed: Cannot get oracle price data for DLOB
2025-09-05 13:07:37,679 - libs.drift.client - INFO - User account initialized
2025-09-05 13:07:37,679 - libs.drift.client - INFO - Drift client ready with user account
2025-09-05 13:07:37,770 - httpx - INFO - HTTP Request: POST https://devnet.helius-rpc.com/?api-key=2728d54b-ce26-4696-bb4d-dc8170fcd494 "HTTP/1.1 200 OK"
2025-09-05 13:07:37,771 - libs.drift.client - WARNING - [ORDERBOOK] DLOB fallback failed: Cannot get oracle price data for DLOB
2025-09-05 13:07:39,764 - libs.drift.client - INFO - User account initialized
2025-09-05 13:07:39,764 - libs.drift.client - INFO - Drift client ready with user account
2025-09-05 13:07:39,863 - httpx - INFO - HTTP Request: POST https://devnet.helius-rpc.com/?api-key=2728d54b-ce26-4696-bb4d-dc8170fcd494 "HTTP/1.1 200 OK"
2025-09-05 13:07:39,864 - libs.drift.client - WARNING - [ORDERBOOK] DLOB fallback failed: Cannot get oracle price data for DLOB
2025-09-05 13:07:41,850 - libs.drift.client - INFO - User account initialized
2025-09-05 13:07:41,850 - libs.drift.client - INFO - Drift client ready with user account
2025-09-05 13:07:41,968 - httpx - INFO - HTTP Request: POST https://devnet.helius-rpc.com/?api-key=2728d54b-ce26-4696-bb4d-dc8170fcd494 "HTTP/1.1 200 OK"
2025-09-05 13:07:41,972 - libs.drift.client - WARNING - [ORDERBOOK] DLOB fallback failed: Cannot get oracle price data for DLOB
2025-09-05 13:07:43,995 - libs.drift.client - INFO - User account initialized
2025-09-05 13:07:43,996 - libs.drift.client - INFO - Drift client ready with user account
2025-09-05 13:07:44,076 - httpx - INFO - HTTP Request: POST https://devnet.helius-rpc.com/?api-key=2728d54b-ce26-4696-bb4d-dc8170fcd494 "HTTP/1.1 200 OK"
2025-09-05 13:07:44,078 - libs.drift.client - WARNING - [ORDERBOOK] DLOB fallback failed: Cannot get oracle price data for DLOB
2025-09-05 13:07:44,079 - __main__ - INFO - ========================================
2025-09-05 13:07:44,113 - __main__ - ERROR - Error in trend iteration 65: 'OrderManager' object has no attribute 'orders'
2025-09-05 13:07:45,111 - libs.drift.client - INFO - User account initialized
2025-09-05 13:07:45,113 - libs.drift.client - INFO - Drift client ready with user account
2025-09-05 13:07:45,218 - httpx - INFO - HTTP Request: POST https://devnet.helius-rpc.com/?api-key=2728d54b-ce26-4696-bb4d-dc8170fcd494 "HTTP/1.1 200 OK"
2025-09-05 13:07:45,219 - libs.drift.client - WARNING - [ORDERBOOK] DLOB fallback failed: Cannot get oracle price data for DLOB
2025-09-05 13:07:47,234 - libs.drift.client - INFO - User account initialized
2025-09-05 13:07:47,235 - libs.drift.client - INFO - Drift client ready with user account
2025-09-05 13:07:47,362 - httpx - INFO - HTTP Request: POST https://devnet.helius-rpc.com/?api-key=2728d54b-ce26-4696-bb4d-dc8170fcd494 "HTTP/1.1 200 OK"
2025-09-05 13:07:47,363 - libs.drift.client - WARNING - [ORDERBOOK] DLOB fallback failed: Cannot get oracle price data for DLOB
2025-09-05 13:07:49,368 - libs.drift.client - INFO - User account initialized
2025-09-05 13:07:49,369 - libs.drift.client - INFO - Drift client ready with user account
2025-09-05 13:07:49,523 - httpx - INFO - HTTP Request: POST https://devnet.helius-rpc.com/?api-key=2728d54b-ce26-4696-bb4d-dc8170fcd494 "HTTP/1.1 200 OK"
2025-09-05 13:07:49,524 - libs.drift.client - WARNING - [ORDERBOOK] DLOB fallback failed: Cannot get oracle price data for DLOB
2025-09-05 13:07:51,528 - libs.drift.client - INFO - User account initialized
2025-09-05 13:07:51,528 - libs.drift.client - INFO - Drift client ready with user account
2025-09-05 13:07:51,624 - httpx - INFO - HTTP Request: POST https://devnet.helius-rpc.com/?api-key=2728d54b-ce26-4696-bb4d-dc8170fcd494 "HTTP/1.1 200 OK"
2025-09-05 13:07:51,626 - libs.drift.client - WARNING - [ORDERBOOK] DLOB fallback failed: Cannot get oracle price data for DLOB
2025-09-05 13:07:53,636 - libs.drift.client - INFO - User account initialized
2025-09-05 13:07:53,636 - libs.drift.client - INFO - Drift client ready with user account
2025-09-05 13:07:53,795 - httpx - INFO - HTTP Request: POST https://devnet.helius-rpc.com/?api-key=2728d54b-ce26-4696-bb4d-dc8170fcd494 "HTTP/1.1 200 OK"
2025-09-05 13:07:53,796 - libs.drift.client - WARNING - [ORDERBOOK] DLOB fallback failed: Cannot get oracle price data for DLOB
2025-09-05 13:07:53,797 - __main__ - INFO - ========================================
2025-09-05 13:07:53,841 - __main__ - ERROR - Error in trend iteration 70: 'OrderManager' object has no attribute 'orders'
2025-09-05 13:07:54,861 - libs.drift.client - INFO - User account initialized
2025-09-05 13:07:54,861 - libs.drift.client - INFO - Drift client ready with user account
2025-09-05 13:07:55,026 - httpx - INFO - HTTP Request: POST https://devnet.helius-rpc.com/?api-key=2728d54b-ce26-4696-bb4d-dc8170fcd494 "HTTP/1.1 200 OK"
2025-09-05 13:07:55,027 - libs.drift.client - WARNING - [ORDERBOOK] DLOB fallback failed: Cannot get oracle price data for DLOB
2025-09-05 13:07:57,019 - libs.drift.client - INFO - User account initialized
2025-09-05 13:07:57,020 - libs.drift.client - INFO - Drift client ready with user account
2025-09-05 13:07:57,139 - httpx - INFO - HTTP Request: POST https://devnet.helius-rpc.com/?api-key=2728d54b-ce26-4696-bb4d-dc8170fcd494 "HTTP/1.1 200 OK"
2025-09-05 13:07:57,140 - libs.drift.client - WARNING - [ORDERBOOK] DLOB fallback failed: Cannot get oracle price data for DLOB
2025-09-05 13:07:59,157 - libs.drift.client - INFO - User account initialized
2025-09-05 13:07:59,157 - libs.drift.client - INFO - Drift client ready with user account
2025-09-05 13:07:59,321 - httpx - INFO - HTTP Request: POST https://devnet.helius-rpc.com/?api-key=2728d54b-ce26-4696-bb4d-dc8170fcd494 "HTTP/1.1 200 OK"
2025-09-05 13:07:59,322 - libs.drift.client - WARNING - [ORDERBOOK] DLOB fallback failed: Cannot get oracle price data for DLOB
2025-09-05 13:08:01,314 - libs.drift.client - INFO - User account initialized
2025-09-05 13:08:01,314 - libs.drift.client - INFO - Drift client ready with user account
2025-09-05 13:08:01,523 - httpx - INFO - HTTP Request: POST https://devnet.helius-rpc.com/?api-key=2728d54b-ce26-4696-bb4d-dc8170fcd494 "HTTP/1.1 200 OK"
2025-09-05 13:08:01,525 - libs.drift.client - WARNING - [ORDERBOOK] DLOB fallback failed: Cannot get oracle price data for DLOB
2025-09-05 13:08:03,514 - libs.drift.client - INFO - User account initialized
2025-09-05 13:08:03,514 - libs.drift.client - INFO - Drift client ready with user account
2025-09-05 13:08:03,591 - httpx - INFO - HTTP Request: POST https://devnet.helius-rpc.com/?api-key=2728d54b-ce26-4696-bb4d-dc8170fcd494 "HTTP/1.1 200 OK"
2025-09-05 13:08:03,594 - libs.drift.client - WARNING - [ORDERBOOK] DLOB fallback failed: Cannot get oracle price data for DLOB
2025-09-05 13:08:03,595 - __main__ - INFO - ========================================
2025-09-05 13:08:03,640 - __main__ - ERROR - Error in trend iteration 75: 'OrderManager' object has no attribute 'orders'
2025-09-05 13:08:04,650 - libs.drift.client - INFO - User account initialized
2025-09-05 13:08:04,650 - libs.drift.client - INFO - Drift client ready with user account
2025-09-05 13:08:04,844 - httpx - INFO - HTTP Request: POST https://devnet.helius-rpc.com/?api-key=2728d54b-ce26-4696-bb4d-dc8170fcd494 "HTTP/1.1 200 OK"
2025-09-05 13:08:04,846 - libs.drift.client - WARNING - [ORDERBOOK] DLOB fallback failed: Cannot get oracle price data for DLOB
2025-09-05 13:08:06,869 - libs.drift.client - INFO - User account initialized
2025-09-05 13:08:06,869 - libs.drift.client - INFO - Drift client ready with user account
2025-09-05 13:08:07,253 - httpx - INFO - HTTP Request: POST https://devnet.helius-rpc.com/?api-key=2728d54b-ce26-4696-bb4d-dc8170fcd494 "HTTP/1.1 200 OK"
2025-09-05 13:08:07,254 - libs.drift.client - WARNING - [ORDERBOOK] DLOB fallback failed: Cannot get oracle price data for DLOB
2025-09-05 13:08:09,249 - libs.drift.client - INFO - User account initialized
2025-09-05 13:08:09,249 - libs.drift.client - INFO - Drift client ready with user account
2025-09-05 13:08:09,373 - httpx - INFO - HTTP Request: POST https://devnet.helius-rpc.com/?api-key=2728d54b-ce26-4696-bb4d-dc8170fcd494 "HTTP/1.1 200 OK"
2025-09-05 13:08:09,375 - libs.drift.client - WARNING - [ORDERBOOK] DLOB fallback failed: Cannot get oracle price data for DLOB
2025-09-05 13:08:11,387 - libs.drift.client - INFO - User account initialized
2025-09-05 13:08:11,388 - libs.drift.client - INFO - Drift client ready with user account
2025-09-05 13:08:11,590 - httpx - INFO - HTTP Request: POST https://devnet.helius-rpc.com/?api-key=2728d54b-ce26-4696-bb4d-dc8170fcd494 "HTTP/1.1 200 OK"
2025-09-05 13:08:11,591 - libs.drift.client - WARNING - [ORDERBOOK] DLOB fallback failed: Cannot get oracle price data for DLOB
2025-09-05 13:08:13,615 - libs.drift.client - INFO - User account initialized
2025-09-05 13:08:13,616 - libs.drift.client - INFO - Drift client ready with user account
2025-09-05 13:08:13,738 - httpx - INFO - HTTP Request: POST https://devnet.helius-rpc.com/?api-key=2728d54b-ce26-4696-bb4d-dc8170fcd494 "HTTP/1.1 200 OK"
2025-09-05 13:08:13,739 - libs.drift.client - WARNING - [ORDERBOOK] DLOB fallback failed: Cannot get oracle price data for DLOB
2025-09-05 13:08:13,740 - __main__ - INFO - ========================================
2025-09-05 13:08:13,772 - __main__ - ERROR - Error in trend iteration 80: 'OrderManager' object has no attribute 'orders'
2025-09-05 13:08:14,771 - libs.drift.client - INFO - User account initialized
2025-09-05 13:08:14,772 - libs.drift.client - INFO - Drift client ready with user account
2025-09-05 13:08:14,882 - httpx - INFO - HTTP Request: POST https://devnet.helius-rpc.com/?api-key=2728d54b-ce26-4696-bb4d-dc8170fcd494 "HTTP/1.1 200 OK"
2025-09-05 13:08:14,883 - libs.drift.client - WARNING - [ORDERBOOK] DLOB fallback failed: Cannot get oracle price data for DLOB
2025-09-05 13:08:16,886 - libs.drift.client - INFO - User account initialized
2025-09-05 13:08:16,886 - libs.drift.client - INFO - Drift client ready with user account
2025-09-05 13:08:16,962 - httpx - INFO - HTTP Request: POST https://devnet.helius-rpc.com/?api-key=2728d54b-ce26-4696-bb4d-dc8170fcd494 "HTTP/1.1 200 OK"
2025-09-05 13:08:16,963 - libs.drift.client - WARNING - [ORDERBOOK] DLOB fallback failed: Cannot get oracle price data for DLOB
2025-09-05 13:08:18,962 - libs.drift.client - INFO - User account initialized
2025-09-05 13:08:18,962 - libs.drift.client - INFO - Drift client ready with user account
2025-09-05 13:08:19,057 - httpx - INFO - HTTP Request: POST https://devnet.helius-rpc.com/?api-key=2728d54b-ce26-4696-bb4d-dc8170fcd494 "HTTP/1.1 200 OK"
2025-09-05 13:08:19,058 - libs.drift.client - WARNING - [ORDERBOOK] DLOB fallback failed: Cannot get oracle price data for DLOB
2025-09-05 13:08:21,057 - libs.drift.client - INFO - User account initialized
2025-09-05 13:08:21,058 - libs.drift.client - INFO - Drift client ready with user account
2025-09-05 13:08:21,136 - httpx - INFO - HTTP Request: POST https://devnet.helius-rpc.com/?api-key=2728d54b-ce26-4696-bb4d-dc8170fcd494 "HTTP/1.1 200 OK"
2025-09-05 13:08:21,137 - libs.drift.client - WARNING - [ORDERBOOK] DLOB fallback failed: Cannot get oracle price data for DLOB
2025-09-05 13:08:23,156 - libs.drift.client - INFO - User account initialized
2025-09-05 13:08:23,156 - libs.drift.client - INFO - Drift client ready with user account
2025-09-05 13:08:23,280 - httpx - INFO - HTTP Request: POST https://devnet.helius-rpc.com/?api-key=2728d54b-ce26-4696-bb4d-dc8170fcd494 "HTTP/1.1 200 OK"
2025-09-05 13:08:23,281 - libs.drift.client - WARNING - [ORDERBOOK] DLOB fallback failed: Cannot get oracle price data for DLOB
2025-09-05 13:08:23,281 - __main__ - INFO - ========================================
2025-09-05 13:08:23,317 - __main__ - ERROR - Error in trend iteration 85: 'OrderManager' object has no attribute 'orders'
2025-09-05 13:08:24,316 - libs.drift.client - INFO - User account initialized
2025-09-05 13:08:24,316 - libs.drift.client - INFO - Drift client ready with user account
2025-09-05 13:08:24,599 - httpx - INFO - HTTP Request: POST https://devnet.helius-rpc.com/?api-key=2728d54b-ce26-4696-bb4d-dc8170fcd494 "HTTP/1.1 200 OK"
2025-09-05 13:08:24,601 - libs.drift.client - WARNING - [ORDERBOOK] DLOB fallback failed: Cannot get oracle price data for DLOB
2025-09-05 13:08:26,606 - libs.drift.client - INFO - User account initialized
2025-09-05 13:08:26,606 - libs.drift.client - INFO - Drift client ready with user account
2025-09-05 13:08:26,686 - httpx - INFO - HTTP Request: POST https://devnet.helius-rpc.com/?api-key=2728d54b-ce26-4696-bb4d-dc8170fcd494 "HTTP/1.1 200 OK"
2025-09-05 13:08:26,687 - libs.drift.client - WARNING - [ORDERBOOK] DLOB fallback failed: Cannot get oracle price data for DLOB
2025-09-05 13:08:28,706 - libs.drift.client - INFO - User account initialized
2025-09-05 13:08:28,707 - libs.drift.client - INFO - Drift client ready with user account
2025-09-05 13:08:28,783 - httpx - INFO - HTTP Request: POST https://devnet.helius-rpc.com/?api-key=2728d54b-ce26-4696-bb4d-dc8170fcd494 "HTTP/1.1 200 OK"
2025-09-05 13:08:28,785 - libs.drift.client - WARNING - [ORDERBOOK] DLOB fallback failed: Cannot get oracle price data for DLOB
2025-09-05 13:08:30,793 - libs.drift.client - INFO - User account initialized
2025-09-05 13:08:30,793 - libs.drift.client - INFO - Drift client ready with user account
2025-09-05 13:08:30,879 - httpx - INFO - HTTP Request: POST https://devnet.helius-rpc.com/?api-key=2728d54b-ce26-4696-bb4d-dc8170fcd494 "HTTP/1.1 200 OK"
2025-09-05 13:08:30,880 - libs.drift.client - WARNING - [ORDERBOOK] DLOB fallback failed: Cannot get oracle price data for DLOB
2025-09-05 13:08:32,878 - libs.drift.client - INFO - User account initialized
2025-09-05 13:08:32,878 - libs.drift.client - INFO - Drift client ready with user account
2025-09-05 13:08:32,956 - httpx - INFO - HTTP Request: POST https://devnet.helius-rpc.com/?api-key=2728d54b-ce26-4696-bb4d-dc8170fcd494 "HTTP/1.1 200 OK"
2025-09-05 13:08:32,957 - libs.drift.client - WARNING - [ORDERBOOK] DLOB fallback failed: Cannot get oracle price data for DLOB
2025-09-05 13:08:32,958 - __main__ - INFO - ========================================
2025-09-05 13:08:32,985 - __main__ - ERROR - Error in trend iteration 90: 'OrderManager' object has no attribute 'orders'
2025-09-05 13:08:34,007 - libs.drift.client - INFO - User account initialized
2025-09-05 13:08:34,008 - libs.drift.client - INFO - Drift client ready with user account
2025-09-05 13:08:34,089 - httpx - INFO - HTTP Request: POST https://devnet.helius-rpc.com/?api-key=2728d54b-ce26-4696-bb4d-dc8170fcd494 "HTTP/1.1 200 OK"
2025-09-05 13:08:34,090 - libs.drift.client - WARNING - [ORDERBOOK] DLOB fallback failed: Cannot get oracle price data for DLOB
2025-09-05 13:08:36,104 - libs.drift.client - INFO - User account initialized
2025-09-05 13:08:36,104 - libs.drift.client - INFO - Drift client ready with user account
2025-09-05 13:08:36,182 - httpx - INFO - HTTP Request: POST https://devnet.helius-rpc.com/?api-key=2728d54b-ce26-4696-bb4d-dc8170fcd494 "HTTP/1.1 200 OK"
2025-09-05 13:08:36,184 - libs.drift.client - WARNING - [ORDERBOOK] DLOB fallback failed: Cannot get oracle price data for DLOB
2025-09-05 13:08:38,183 - libs.drift.client - INFO - User account initialized
2025-09-05 13:08:38,183 - libs.drift.client - INFO - Drift client ready with user account
2025-09-05 13:08:38,353 - httpx - INFO - HTTP Request: POST https://devnet.helius-rpc.com/?api-key=2728d54b-ce26-4696-bb4d-dc8170fcd494 "HTTP/1.1 200 OK"
2025-09-05 13:08:38,354 - libs.drift.client - WARNING - [ORDERBOOK] DLOB fallback failed: Cannot get oracle price data for DLOB
2025-09-05 13:08:40,351 - libs.drift.client - INFO - User account initialized
2025-09-05 13:08:40,351 - libs.drift.client - INFO - Drift client ready with user account
2025-09-05 13:08:40,428 - httpx - INFO - HTTP Request: POST https://devnet.helius-rpc.com/?api-key=2728d54b-ce26-4696-bb4d-dc8170fcd494 "HTTP/1.1 200 OK"
2025-09-05 13:08:40,430 - libs.drift.client - WARNING - [ORDERBOOK] DLOB fallback failed: Cannot get oracle price data for DLOB
2025-09-05 13:08:42,426 - libs.drift.client - INFO - User account initialized
2025-09-05 13:08:42,426 - libs.drift.client - INFO - Drift client ready with user account
2025-09-05 13:08:42,495 - httpx - INFO - HTTP Request: POST https://devnet.helius-rpc.com/?api-key=2728d54b-ce26-4696-bb4d-dc8170fcd494 "HTTP/1.1 200 OK"
2025-09-05 13:08:42,497 - libs.drift.client - WARNING - [ORDERBOOK] DLOB fallback failed: Cannot get oracle price data for DLOB
2025-09-05 13:08:42,497 - __main__ - INFO - ========================================
2025-09-05 13:08:42,527 - __main__ - ERROR - Error in trend iteration 95: 'OrderManager' object has no attribute 'orders'
2025-09-05 13:08:43,542 - libs.drift.client - INFO - User account initialized
2025-09-05 13:08:43,542 - libs.drift.client - INFO - Drift client ready with user account
2025-09-05 13:08:43,701 - httpx - INFO - HTTP Request: POST https://devnet.helius-rpc.com/?api-key=2728d54b-ce26-4696-bb4d-dc8170fcd494 "HTTP/1.1 200 OK"
2025-09-05 13:08:43,702 - libs.drift.client - WARNING - [ORDERBOOK] DLOB fallback failed: Cannot get oracle price data for DLOB
2025-09-05 13:08:45,722 - libs.drift.client - INFO - User account initialized
2025-09-05 13:08:45,722 - libs.drift.client - INFO - Drift client ready with user account
2025-09-05 13:08:45,888 - httpx - INFO - HTTP Request: POST https://devnet.helius-rpc.com/?api-key=2728d54b-ce26-4696-bb4d-dc8170fcd494 "HTTP/1.1 200 OK"
2025-09-05 13:08:45,889 - libs.drift.client - WARNING - [ORDERBOOK] DLOB fallback failed: Cannot get oracle price data for DLOB
2025-09-05 13:08:47,899 - libs.drift.client - INFO - User account initialized
2025-09-05 13:08:47,900 - libs.drift.client - INFO - Drift client ready with user account
2025-09-05 13:08:47,987 - httpx - INFO - HTTP Request: POST https://devnet.helius-rpc.com/?api-key=2728d54b-ce26-4696-bb4d-dc8170fcd494 "HTTP/1.1 200 OK"
2025-09-05 13:08:47,988 - libs.drift.client - WARNING - [ORDERBOOK] DLOB fallback failed: Cannot get oracle price data for DLOB
2025-09-05 13:08:49,994 - libs.drift.client - INFO - User account initialized
2025-09-05 13:08:49,994 - libs.drift.client - INFO - Drift client ready with user account
2025-09-05 13:08:50,154 - httpx - INFO - HTTP Request: POST https://devnet.helius-rpc.com/?api-key=2728d54b-ce26-4696-bb4d-dc8170fcd494 "HTTP/1.1 200 OK"
2025-09-05 13:08:50,155 - libs.drift.client - WARNING - [ORDERBOOK] DLOB fallback failed: Cannot get oracle price data for DLOB
2025-09-05 13:08:52,137 - libs.drift.client - INFO - User account initialized
2025-09-05 13:08:52,138 - libs.drift.client - INFO - Drift client ready with user account
2025-09-05 13:08:52,306 - httpx - INFO - HTTP Request: POST https://devnet.helius-rpc.com/?api-key=2728d54b-ce26-4696-bb4d-dc8170fcd494 "HTTP/1.1 200 OK"
2025-09-05 13:08:52,308 - libs.drift.client - WARNING - [ORDERBOOK] DLOB fallback failed: Cannot get oracle price data for DLOB
2025-09-05 13:08:52,308 - __main__ - INFO - ========================================
2025-09-05 13:08:52,334 - __main__ - ERROR - Error in trend iteration 100: 'OrderManager' object has no attribute 'orders'
2025-09-05 13:08:53,346 - libs.drift.client - INFO - User account initialized
2025-09-05 13:08:53,347 - libs.drift.client - INFO - Drift client ready with user account
2025-09-05 13:08:53,513 - httpx - INFO - HTTP Request: POST https://devnet.helius-rpc.com/?api-key=2728d54b-ce26-4696-bb4d-dc8170fcd494 "HTTP/1.1 200 OK"
2025-09-05 13:08:53,514 - libs.drift.client - WARNING - [ORDERBOOK] DLOB fallback failed: Cannot get oracle price data for DLOB
2025-09-05 13:08:55,528 - libs.drift.client - INFO - User account initialized
2025-09-05 13:08:55,528 - libs.drift.client - INFO - Drift client ready with user account
2025-09-05 13:08:55,635 - httpx - INFO - HTTP Request: POST https://devnet.helius-rpc.com/?api-key=2728d54b-ce26-4696-bb4d-dc8170fcd494 "HTTP/1.1 200 OK"
2025-09-05 13:08:55,637 - libs.drift.client - WARNING - [ORDERBOOK] DLOB fallback failed: Cannot get oracle price data for DLOB
2025-09-05 13:08:57,658 - libs.drift.client - INFO - User account initialized
2025-09-05 13:08:57,658 - libs.drift.client - INFO - Drift client ready with user account
2025-09-05 13:08:57,838 - httpx - INFO - HTTP Request: POST https://devnet.helius-rpc.com/?api-key=2728d54b-ce26-4696-bb4d-dc8170fcd494 "HTTP/1.1 200 OK"
2025-09-05 13:08:57,838 - libs.drift.client - WARNING - [ORDERBOOK] DLOB fallback failed: Cannot get oracle price data for DLOB
2025-09-05 13:08:59,816 - libs.drift.client - INFO - User account initialized
2025-09-05 13:08:59,817 - libs.drift.client - INFO - Drift client ready with user account
2025-09-05 13:08:59,977 - httpx - INFO - HTTP Request: POST https://devnet.helius-rpc.com/?api-key=2728d54b-ce26-4696-bb4d-dc8170fcd494 "HTTP/1.1 200 OK"
2025-09-05 13:08:59,978 - libs.drift.client - WARNING - [ORDERBOOK] DLOB fallback failed: Cannot get oracle price data for DLOB
2025-09-05 13:09:01,973 - libs.drift.client - INFO - User account initialized
2025-09-05 13:09:01,974 - libs.drift.client - INFO - Drift client ready with user account
2025-09-05 13:09:02,141 - httpx - INFO - HTTP Request: POST https://devnet.helius-rpc.com/?api-key=2728d54b-ce26-4696-bb4d-dc8170fcd494 "HTTP/1.1 200 OK"
2025-09-05 13:09:02,143 - libs.drift.client - WARNING - [ORDERBOOK] DLOB fallback failed: Cannot get oracle price data for DLOB
2025-09-05 13:09:02,143 - __main__ - INFO - ========================================
2025-09-05 13:09:02,172 - __main__ - ERROR - Error in trend iteration 105: 'OrderManager' object has no attribute 'orders'
2025-09-05 13:09:03,176 - libs.drift.client - INFO - User account initialized
2025-09-05 13:09:03,176 - libs.drift.client - INFO - Drift client ready with user account
2025-09-05 13:09:03,339 - httpx - INFO - HTTP Request: POST https://devnet.helius-rpc.com/?api-key=2728d54b-ce26-4696-bb4d-dc8170fcd494 "HTTP/1.1 200 OK"
2025-09-05 13:09:03,341 - libs.drift.client - WARNING - [ORDERBOOK] DLOB fallback failed: Cannot get oracle price data for DLOB
2025-09-05 13:09:05,356 - libs.drift.client - INFO - User account initialized
2025-09-05 13:09:05,357 - libs.drift.client - INFO - Drift client ready with user account
2025-09-05 13:09:05,510 - httpx - INFO - HTTP Request: POST https://devnet.helius-rpc.com/?api-key=2728d54b-ce26-4696-bb4d-dc8170fcd494 "HTTP/1.1 200 OK"
2025-09-05 13:09:05,512 - libs.drift.client - WARNING - [ORDERBOOK] DLOB fallback failed: Cannot get oracle price data for DLOB
2025-09-05 13:09:07,531 - libs.drift.client - INFO - User account initialized
2025-09-05 13:09:07,534 - libs.drift.client - INFO - Drift client ready with user account
2025-09-05 13:09:07,633 - httpx - INFO - HTTP Request: POST https://devnet.helius-rpc.com/?api-key=2728d54b-ce26-4696-bb4d-dc8170fcd494 "HTTP/1.1 200 OK"
2025-09-05 13:09:07,635 - libs.drift.client - WARNING - [ORDERBOOK] DLOB fallback failed: Cannot get oracle price data for DLOB
2025-09-05 13:09:09,632 - libs.drift.client - INFO - User account initialized
2025-09-05 13:09:09,632 - libs.drift.client - INFO - Drift client ready with user account
2025-09-05 13:09:09,714 - httpx - INFO - HTTP Request: POST https://devnet.helius-rpc.com/?api-key=2728d54b-ce26-4696-bb4d-dc8170fcd494 "HTTP/1.1 200 OK"
2025-09-05 13:09:09,715 - libs.drift.client - WARNING - [ORDERBOOK] DLOB fallback failed: Cannot get oracle price data for DLOB
2025-09-05 13:09:11,720 - libs.drift.client - INFO - User account initialized
2025-09-05 13:09:11,721 - libs.drift.client - INFO - Drift client ready with user account
2025-09-05 13:10:08,200 - __main__ - INFO - Starting Trend Bot on Beta.Drift.Trade
2025-09-05 13:10:08,202 - __main__ - INFO - ============================================================
2025-09-05 13:10:08,203 - __main__ - INFO - Environment: DEVNET (Beta)
2025-09-05 13:10:08,204 - __main__ - INFO - Trading Platform: beta.drift.trade
2025-09-05 13:10:08,205 - __main__ - INFO - Strategy: MACD + Momentum Trend Following
2025-09-05 13:10:08,206 - __main__ - INFO - Market: SOL-PERP
2025-09-05 13:10:08,206 - __main__ - INFO - ============================================================
2025-09-05 13:10:09,746 - __main__ - INFO - Beta configuration loaded
2025-09-05 13:10:09,747 - __main__ - INFO - Environment: beta
2025-09-05 13:10:09,748 - __main__ - INFO - RPC: https://devnet.helius-rpc.com/?api-key=2728d54b-ce26-4696-bb4d-dc8170fcd494
2025-09-05 13:10:09,749 - __main__ - INFO - Market: SOL-PERP
2025-09-05 13:10:09,750 - __main__ - INFO - Initializing components...
2025-09-05 13:10:11,389 - httpx - INFO - HTTP Request: POST https://devnet.helius-rpc.com/?api-key=2728d54b-ce26-4696-bb4d-dc8170fcd494 "HTTP/1.1 200 OK"
2025-09-05 13:10:11,592 - httpx - INFO - HTTP Request: POST https://devnet.helius-rpc.com/?api-key=2728d54b-ce26-4696-bb4d-dc8170fcd494 "HTTP/1.1 200 OK"
2025-09-05 13:10:11,800 - httpx - INFO - HTTP Request: POST https://devnet.helius-rpc.com/?api-key=2728d54b-ce26-4696-bb4d-dc8170fcd494 "HTTP/1.1 200 OK"
2025-09-05 13:10:12,064 - httpx - INFO - HTTP Request: POST https://devnet.helius-rpc.com/?api-key=2728d54b-ce26-4696-bb4d-dc8170fcd494 "HTTP/1.1 200 OK"
2025-09-05 13:10:13,288 - httpx - INFO - HTTP Request: POST https://devnet.helius-rpc.com/?api-key=2728d54b-ce26-4696-bb4d-dc8170fcd494 "HTTP/1.1 200 OK"
2025-09-05 13:10:13,604 - httpx - INFO - HTTP Request: POST https://devnet.helius-rpc.com/?api-key=2728d54b-ce26-4696-bb4d-dc8170fcd494 "HTTP/1.1 200 OK"
2025-09-05 13:10:13,622 - libs.drift.client - INFO - ✅ driftpy connected and subscribed (env=devnet, rpc=https://devnet.helius-rpc.com/?api-key=2728d54b-ce26-4696-bb4d-dc8170fcd494)
2025-09-05 13:10:13,622 - libs.drift.client - INFO - User account initialized
2025-09-05 13:10:13,623 - libs.drift.client - INFO - Drift client ready with user account
2025-09-05 13:10:13,623 - libs.drift.client - INFO - ✅ Drift client initialized and subscribed
2025-09-05 13:10:13,623 - __main__ - INFO - Drift client initialized for beta.drift.trade
2025-09-05 13:10:13,623 - __main__ - INFO - All components initialized
2025-09-05 13:10:13,626 - __main__ - INFO - Trend configuration loaded
2025-09-05 13:10:13,626 - __main__ - INFO - Starting trend analysis loop on beta.drift.trade...
2025-09-05 13:10:13,627 - __main__ - INFO - You can track orders at: https://beta.drift.trade
2025-09-05 13:10:13,627 - __main__ - INFO - Press Ctrl+C to stop
2025-09-05 13:10:13,627 - __main__ - INFO - ============================================================
2025-09-05 13:10:13,627 - libs.drift.client - INFO - User account initialized
2025-09-05 13:10:13,627 - libs.drift.client - INFO - Drift client ready with user account
2025-09-05 13:10:13,889 - httpx - INFO - HTTP Request: POST https://devnet.helius-rpc.com/?api-key=2728d54b-ce26-4696-bb4d-dc8170fcd494 "HTTP/1.1 200 OK"
2025-09-05 13:10:13,892 - libs.drift.client - WARNING - [ORDERBOOK] DLOB fallback failed: Cannot get oracle price data for DLOB
2025-09-05 13:10:14,256 - websockets.client - INFO - ! connect failed; reconnecting in 2.8 seconds
Traceback (most recent call last):
  File "C:\Users\Jeremy\AppData\Local\Programs\Python\Python311\Lib\site-packages\websockets\legacy\client.py", line 603, in __aiter__
    async with self as protocol:
  File "C:\Users\Jeremy\AppData\Local\Programs\Python\Python311\Lib\site-packages\solana\rpc\websocket_api.py", line 422, in __aenter__
    protocol = await super().__aenter__()
               ^^^^^^^^^^^^^^^^^^^^^^^^^^
  File "C:\Users\Jeremy\AppData\Local\Programs\Python\Python311\Lib\site-packages\websockets\legacy\client.py", line 634, in __aenter__
    return await self
           ^^^^^^^^^^
  File "C:\Users\Jeremy\AppData\Local\Programs\Python\Python311\Lib\site-packages\websockets\legacy\client.py", line 655, in __await_impl__
    await protocol.handshake(
  File "C:\Users\Jeremy\AppData\Local\Programs\Python\Python311\Lib\site-packages\websockets\legacy\client.py", line 321, in handshake
    raise InvalidStatusCode(status_code, response_headers)
websockets.exceptions.InvalidStatusCode: server rejected WebSocket connection: HTTP 429
2025-09-05 13:10:14,431 - websockets.client - INFO - ! connect failed; reconnecting in 1.2 seconds
Traceback (most recent call last):
  File "C:\Users\Jeremy\AppData\Local\Programs\Python\Python311\Lib\site-packages\websockets\legacy\client.py", line 603, in __aiter__
    async with self as protocol:
  File "C:\Users\Jeremy\AppData\Local\Programs\Python\Python311\Lib\site-packages\solana\rpc\websocket_api.py", line 422, in __aenter__
    protocol = await super().__aenter__()
               ^^^^^^^^^^^^^^^^^^^^^^^^^^
  File "C:\Users\Jeremy\AppData\Local\Programs\Python\Python311\Lib\site-packages\websockets\legacy\client.py", line 634, in __aenter__
    return await self
           ^^^^^^^^^^
  File "C:\Users\Jeremy\AppData\Local\Programs\Python\Python311\Lib\site-packages\websockets\legacy\client.py", line 655, in __await_impl__
    await protocol.handshake(
  File "C:\Users\Jeremy\AppData\Local\Programs\Python\Python311\Lib\site-packages\websockets\legacy\client.py", line 321, in handshake
    raise InvalidStatusCode(status_code, response_headers)
websockets.exceptions.InvalidStatusCode: server rejected WebSocket connection: HTTP 429
2025-09-05 13:10:14,498 - websockets.client - INFO - ! connect failed; reconnecting in 3.6 seconds
Traceback (most recent call last):
  File "C:\Users\Jeremy\AppData\Local\Programs\Python\Python311\Lib\site-packages\websockets\legacy\client.py", line 603, in __aiter__
    async with self as protocol:
  File "C:\Users\Jeremy\AppData\Local\Programs\Python\Python311\Lib\site-packages\solana\rpc\websocket_api.py", line 422, in __aenter__
    protocol = await super().__aenter__()
               ^^^^^^^^^^^^^^^^^^^^^^^^^^
  File "C:\Users\Jeremy\AppData\Local\Programs\Python\Python311\Lib\site-packages\websockets\legacy\client.py", line 634, in __aenter__
    return await self
           ^^^^^^^^^^
  File "C:\Users\Jeremy\AppData\Local\Programs\Python\Python311\Lib\site-packages\websockets\legacy\client.py", line 655, in __await_impl__
    await protocol.handshake(
  File "C:\Users\Jeremy\AppData\Local\Programs\Python\Python311\Lib\site-packages\websockets\legacy\client.py", line 321, in handshake
    raise InvalidStatusCode(status_code, response_headers)
websockets.exceptions.InvalidStatusCode: server rejected WebSocket connection: HTTP 429
2025-09-05 13:10:14,500 - websockets.client - INFO - ! connect failed; reconnecting in 0.0 seconds
Traceback (most recent call last):
  File "C:\Users\Jeremy\AppData\Local\Programs\Python\Python311\Lib\site-packages\websockets\legacy\client.py", line 603, in __aiter__
    async with self as protocol:
  File "C:\Users\Jeremy\AppData\Local\Programs\Python\Python311\Lib\site-packages\solana\rpc\websocket_api.py", line 422, in __aenter__
    protocol = await super().__aenter__()
               ^^^^^^^^^^^^^^^^^^^^^^^^^^
  File "C:\Users\Jeremy\AppData\Local\Programs\Python\Python311\Lib\site-packages\websockets\legacy\client.py", line 634, in __aenter__
    return await self
           ^^^^^^^^^^
  File "C:\Users\Jeremy\AppData\Local\Programs\Python\Python311\Lib\site-packages\websockets\legacy\client.py", line 655, in __await_impl__
    await protocol.handshake(
  File "C:\Users\Jeremy\AppData\Local\Programs\Python\Python311\Lib\site-packages\websockets\legacy\client.py", line 321, in handshake
    raise InvalidStatusCode(status_code, response_headers)
websockets.exceptions.InvalidStatusCode: server rejected WebSocket connection: HTTP 429
2025-09-05 13:10:14,743 - websockets.client - INFO - ! connect failed again; retrying in 3 seconds
Traceback (most recent call last):
  File "C:\Users\Jeremy\AppData\Local\Programs\Python\Python311\Lib\site-packages\websockets\legacy\client.py", line 603, in __aiter__
    async with self as protocol:
  File "C:\Users\Jeremy\AppData\Local\Programs\Python\Python311\Lib\site-packages\solana\rpc\websocket_api.py", line 422, in __aenter__
    protocol = await super().__aenter__()
               ^^^^^^^^^^^^^^^^^^^^^^^^^^
  File "C:\Users\Jeremy\AppData\Local\Programs\Python\Python311\Lib\site-packages\websockets\legacy\client.py", line 634, in __aenter__
    return await self
           ^^^^^^^^^^
  File "C:\Users\Jeremy\AppData\Local\Programs\Python\Python311\Lib\site-packages\websockets\legacy\client.py", line 655, in __await_impl__
    await protocol.handshake(
  File "C:\Users\Jeremy\AppData\Local\Programs\Python\Python311\Lib\site-packages\websockets\legacy\client.py", line 321, in handshake
    raise InvalidStatusCode(status_code, response_headers)
websockets.exceptions.InvalidStatusCode: server rejected WebSocket connection: HTTP 429
2025-09-05 13:10:15,913 - libs.drift.client - INFO - User account initialized
2025-09-05 13:10:15,914 - libs.drift.client - INFO - Drift client ready with user account
2025-09-05 13:10:16,012 - httpx - INFO - HTTP Request: POST https://devnet.helius-rpc.com/?api-key=2728d54b-ce26-4696-bb4d-dc8170fcd494 "HTTP/1.1 200 OK"
2025-09-05 13:10:16,014 - libs.drift.client - WARNING - [ORDERBOOK] DLOB fallback failed: Cannot get oracle price data for DLOB
2025-09-05 13:10:18,026 - libs.drift.client - INFO - User account initialized
2025-09-05 13:10:18,026 - libs.drift.client - INFO - Drift client ready with user account
2025-09-05 13:10:18,103 - httpx - INFO - HTTP Request: POST https://devnet.helius-rpc.com/?api-key=2728d54b-ce26-4696-bb4d-dc8170fcd494 "HTTP/1.1 200 OK"
2025-09-05 13:10:18,105 - libs.drift.client - WARNING - [ORDERBOOK] DLOB fallback failed: Cannot get oracle price data for DLOB
2025-09-05 13:10:20,116 - libs.drift.client - INFO - User account initialized
2025-09-05 13:10:20,116 - libs.drift.client - INFO - Drift client ready with user account
2025-09-05 13:10:20,338 - httpx - INFO - HTTP Request: POST https://devnet.helius-rpc.com/?api-key=2728d54b-ce26-4696-bb4d-dc8170fcd494 "HTTP/1.1 200 OK"
2025-09-05 13:10:20,340 - libs.drift.client - WARNING - [ORDERBOOK] DLOB fallback failed: Cannot get oracle price data for DLOB
2025-09-05 13:10:22,359 - libs.drift.client - INFO - User account initialized
2025-09-05 13:10:22,360 - libs.drift.client - INFO - Drift client ready with user account
2025-09-05 13:10:22,580 - httpx - INFO - HTTP Request: POST https://devnet.helius-rpc.com/?api-key=2728d54b-ce26-4696-bb4d-dc8170fcd494 "HTTP/1.1 200 OK"
2025-09-05 13:10:22,582 - libs.drift.client - WARNING - [ORDERBOOK] DLOB fallback failed: Cannot get oracle price data for DLOB
2025-09-05 13:10:22,582 - __main__ - INFO - ========================================
2025-09-05 13:10:22,582 - __main__ - INFO - BETA TRACKING UPDATE - Iteration 5
2025-09-05 13:10:22,583 - __main__ - INFO - Runtime: 9.0s
2025-09-05 13:10:22,583 - __main__ - INFO - Current Position: $0.00
2025-09-05 13:10:22,583 - __main__ - INFO - Total Volume: $0.00
2025-09-05 13:10:22,583 - __main__ - INFO - Current Price: $0.0000
2025-09-05 13:10:22,583 - __main__ - INFO - Price Change: +0.00%
2025-09-05 13:10:22,583 - __main__ - INFO - Open Orders: 0
2025-09-05 13:10:22,584 - __main__ - INFO - MACD Values: 0
2025-09-05 13:10:22,584 - __main__ - INFO - ========================================
2025-09-05 13:10:24,580 - libs.drift.client - INFO - User account initialized
2025-09-05 13:10:24,580 - libs.drift.client - INFO - Drift client ready with user account
2025-09-05 13:10:24,736 - httpx - INFO - HTTP Request: POST https://devnet.helius-rpc.com/?api-key=2728d54b-ce26-4696-bb4d-dc8170fcd494 "HTTP/1.1 200 OK"
2025-09-05 13:10:24,737 - libs.drift.client - WARNING - [ORDERBOOK] DLOB fallback failed: Cannot get oracle price data for DLOB
2025-09-05 13:10:26,750 - libs.drift.client - INFO - User account initialized
2025-09-05 13:10:26,750 - libs.drift.client - INFO - Drift client ready with user account
2025-09-05 13:10:26,899 - httpx - INFO - HTTP Request: POST https://devnet.helius-rpc.com/?api-key=2728d54b-ce26-4696-bb4d-dc8170fcd494 "HTTP/1.1 200 OK"
2025-09-05 13:10:26,901 - libs.drift.client - WARNING - [ORDERBOOK] DLOB fallback failed: Cannot get oracle price data for DLOB
2025-09-05 13:10:28,896 - libs.drift.client - INFO - User account initialized
2025-09-05 13:10:28,896 - libs.drift.client - INFO - Drift client ready with user account
2025-09-05 13:10:29,012 - httpx - INFO - HTTP Request: POST https://devnet.helius-rpc.com/?api-key=2728d54b-ce26-4696-bb4d-dc8170fcd494 "HTTP/1.1 200 OK"
2025-09-05 13:10:29,014 - libs.drift.client - WARNING - [ORDERBOOK] DLOB fallback failed: Cannot get oracle price data for DLOB
2025-09-05 13:10:31,017 - libs.drift.client - INFO - User account initialized
2025-09-05 13:10:31,017 - libs.drift.client - INFO - Drift client ready with user account
2025-09-05 13:10:31,185 - httpx - INFO - HTTP Request: POST https://devnet.helius-rpc.com/?api-key=2728d54b-ce26-4696-bb4d-dc8170fcd494 "HTTP/1.1 200 OK"
2025-09-05 13:10:31,186 - libs.drift.client - WARNING - [ORDERBOOK] DLOB fallback failed: Cannot get oracle price data for DLOB
2025-09-05 13:10:33,190 - libs.drift.client - INFO - User account initialized
2025-09-05 13:10:33,190 - libs.drift.client - INFO - Drift client ready with user account
2025-09-05 13:10:33,326 - httpx - INFO - HTTP Request: POST https://devnet.helius-rpc.com/?api-key=2728d54b-ce26-4696-bb4d-dc8170fcd494 "HTTP/1.1 200 OK"
2025-09-05 13:10:33,327 - libs.drift.client - WARNING - [ORDERBOOK] DLOB fallback failed: Cannot get oracle price data for DLOB
2025-09-05 13:10:33,328 - __main__ - INFO - ========================================
2025-09-05 13:10:33,328 - __main__ - INFO - BETA TRACKING UPDATE - Iteration 10
2025-09-05 13:10:33,328 - __main__ - INFO - Runtime: 19.7s
2025-09-05 13:10:33,329 - __main__ - INFO - Current Position: $0.00
2025-09-05 13:10:33,329 - __main__ - INFO - Total Volume: $0.00
2025-09-05 13:10:33,329 - __main__ - INFO - Current Price: $0.0000
2025-09-05 13:10:33,330 - __main__ - INFO - Price Change: +0.00%
2025-09-05 13:10:33,330 - __main__ - INFO - Open Orders: 0
2025-09-05 13:10:33,330 - __main__ - INFO - MACD Values: 0
2025-09-05 13:10:33,330 - __main__ - INFO - ========================================
2025-09-05 13:10:35,342 - libs.drift.client - INFO - User account initialized
2025-09-05 13:10:35,342 - libs.drift.client - INFO - Drift client ready with user account
2025-09-05 13:10:35,466 - httpx - INFO - HTTP Request: POST https://devnet.helius-rpc.com/?api-key=2728d54b-ce26-4696-bb4d-dc8170fcd494 "HTTP/1.1 200 OK"
2025-09-05 13:10:35,467 - libs.drift.client - WARNING - [ORDERBOOK] DLOB fallback failed: Cannot get oracle price data for DLOB
2025-09-05 13:10:37,473 - libs.drift.client - INFO - User account initialized
2025-09-05 13:10:37,474 - libs.drift.client - INFO - Drift client ready with user account
2025-09-05 13:10:37,767 - httpx - INFO - HTTP Request: POST https://devnet.helius-rpc.com/?api-key=2728d54b-ce26-4696-bb4d-dc8170fcd494 "HTTP/1.1 200 OK"
2025-09-05 13:10:37,768 - libs.drift.client - WARNING - [ORDERBOOK] DLOB fallback failed: Cannot get oracle price data for DLOB
2025-09-05 13:10:39,779 - libs.drift.client - INFO - User account initialized
2025-09-05 13:10:39,780 - libs.drift.client - INFO - Drift client ready with user account
2025-09-05 13:10:39,948 - httpx - INFO - HTTP Request: POST https://devnet.helius-rpc.com/?api-key=2728d54b-ce26-4696-bb4d-dc8170fcd494 "HTTP/1.1 200 OK"
2025-09-05 13:10:39,950 - libs.drift.client - WARNING - [ORDERBOOK] DLOB fallback failed: Cannot get oracle price data for DLOB
2025-09-05 13:10:41,955 - libs.drift.client - INFO - User account initialized
2025-09-05 13:10:41,955 - libs.drift.client - INFO - Drift client ready with user account
2025-09-05 13:10:42,161 - httpx - INFO - HTTP Request: POST https://devnet.helius-rpc.com/?api-key=2728d54b-ce26-4696-bb4d-dc8170fcd494 "HTTP/1.1 200 OK"
2025-09-05 13:10:42,163 - libs.drift.client - WARNING - [ORDERBOOK] DLOB fallback failed: Cannot get oracle price data for DLOB
2025-09-05 13:10:44,156 - libs.drift.client - INFO - User account initialized
2025-09-05 13:10:44,157 - libs.drift.client - INFO - Drift client ready with user account
2025-09-05 13:10:44,377 - httpx - INFO - HTTP Request: POST https://devnet.helius-rpc.com/?api-key=2728d54b-ce26-4696-bb4d-dc8170fcd494 "HTTP/1.1 200 OK"
2025-09-05 13:10:44,378 - libs.drift.client - WARNING - [ORDERBOOK] DLOB fallback failed: Cannot get oracle price data for DLOB
2025-09-05 13:10:44,378 - __main__ - INFO - ========================================
2025-09-05 13:10:44,378 - __main__ - INFO - BETA TRACKING UPDATE - Iteration 15
2025-09-05 13:10:44,379 - __main__ - INFO - Runtime: 30.8s
2025-09-05 13:10:44,379 - __main__ - INFO - Current Position: $0.00
2025-09-05 13:10:44,379 - __main__ - INFO - Total Volume: $0.00
2025-09-05 13:10:44,380 - __main__ - INFO - Current Price: $0.0000
2025-09-05 13:10:44,380 - __main__ - INFO - Price Change: +0.00%
2025-09-05 13:10:44,380 - __main__ - INFO - Open Orders: 0
2025-09-05 13:10:44,381 - __main__ - INFO - MACD Values: 0
2025-09-05 13:10:44,381 - __main__ - INFO - ========================================
2025-09-05 13:10:46,386 - libs.drift.client - INFO - User account initialized
2025-09-05 13:10:46,386 - libs.drift.client - INFO - Drift client ready with user account
2025-09-05 13:10:46,547 - httpx - INFO - HTTP Request: POST https://devnet.helius-rpc.com/?api-key=2728d54b-ce26-4696-bb4d-dc8170fcd494 "HTTP/1.1 200 OK"
2025-09-05 13:10:46,552 - libs.drift.client - WARNING - [ORDERBOOK] DLOB fallback failed: Cannot get oracle price data for DLOB
2025-09-05 13:11:05,972 - __main__ - INFO - Starting Trend Bot on Beta.Drift.Trade
2025-09-05 13:11:05,973 - __main__ - INFO - ============================================================
2025-09-05 13:11:05,974 - __main__ - INFO - Environment: DEVNET (Beta)
2025-09-05 13:11:05,975 - __main__ - INFO - Trading Platform: beta.drift.trade
2025-09-05 13:11:05,976 - __main__ - INFO - Strategy: MACD + Momentum Trend Following
2025-09-05 13:11:05,976 - __main__ - INFO - Market: SOL-PERP
2025-09-05 13:11:05,977 - __main__ - INFO - ============================================================
2025-09-05 13:11:07,518 - __main__ - INFO - Beta configuration loaded
2025-09-05 13:11:07,518 - __main__ - INFO - Environment: beta
2025-09-05 13:11:07,519 - __main__ - INFO - RPC: https://devnet.helius-rpc.com/?api-key=2728d54b-ce26-4696-bb4d-dc8170fcd494
2025-09-05 13:11:07,520 - __main__ - INFO - Market: SOL-PERP
2025-09-05 13:11:07,521 - __main__ - INFO - Initializing components...
2025-09-05 13:11:09,581 - httpx - INFO - HTTP Request: POST https://devnet.helius-rpc.com/?api-key=2728d54b-ce26-4696-bb4d-dc8170fcd494 "HTTP/1.1 200 OK"
2025-09-05 13:11:09,757 - httpx - INFO - HTTP Request: POST https://devnet.helius-rpc.com/?api-key=2728d54b-ce26-4696-bb4d-dc8170fcd494 "HTTP/1.1 200 OK"
2025-09-05 13:11:10,008 - httpx - INFO - HTTP Request: POST https://devnet.helius-rpc.com/?api-key=2728d54b-ce26-4696-bb4d-dc8170fcd494 "HTTP/1.1 200 OK"
2025-09-05 13:11:10,298 - httpx - INFO - HTTP Request: POST https://devnet.helius-rpc.com/?api-key=2728d54b-ce26-4696-bb4d-dc8170fcd494 "HTTP/1.1 200 OK"
2025-09-05 13:11:11,354 - httpx - INFO - HTTP Request: POST https://devnet.helius-rpc.com/?api-key=2728d54b-ce26-4696-bb4d-dc8170fcd494 "HTTP/1.1 200 OK"
2025-09-05 13:11:11,493 - httpx - INFO - HTTP Request: POST https://devnet.helius-rpc.com/?api-key=2728d54b-ce26-4696-bb4d-dc8170fcd494 "HTTP/1.1 200 OK"
2025-09-05 13:11:11,495 - libs.drift.client - INFO - ✅ driftpy connected and subscribed (env=devnet, rpc=https://devnet.helius-rpc.com/?api-key=2728d54b-ce26-4696-bb4d-dc8170fcd494)
2025-09-05 13:11:11,496 - libs.drift.client - INFO - User account initialized
2025-09-05 13:11:11,497 - libs.drift.client - INFO - Drift client ready with user account
2025-09-05 13:11:11,497 - libs.drift.client - INFO - ✅ Drift client initialized and subscribed
2025-09-05 13:11:11,498 - __main__ - INFO - Drift client initialized for beta.drift.trade
2025-09-05 13:11:11,498 - __main__ - INFO - All components initialized
2025-09-05 13:11:11,500 - __main__ - INFO - Trend configuration loaded
2025-09-05 13:11:11,501 - __main__ - INFO - Starting trend analysis loop on beta.drift.trade...
2025-09-05 13:11:11,501 - __main__ - INFO - You can track orders at: https://beta.drift.trade
2025-09-05 13:11:11,502 - __main__ - INFO - Press Ctrl+C to stop
2025-09-05 13:11:11,502 - __main__ - INFO - ============================================================
2025-09-05 13:11:11,503 - libs.drift.client - INFO - User account initialized
2025-09-05 13:11:11,503 - libs.drift.client - INFO - Drift client ready with user account
2025-09-05 13:11:11,613 - httpx - INFO - HTTP Request: POST https://devnet.helius-rpc.com/?api-key=2728d54b-ce26-4696-bb4d-dc8170fcd494 "HTTP/1.1 200 OK"
2025-09-05 13:11:11,615 - libs.drift.client - WARNING - [ORDERBOOK] DLOB fallback failed: Cannot get oracle price data for DLOB
2025-09-05 13:11:12,538 - websockets.client - INFO - ! connect failed; reconnecting in 1.1 seconds
Traceback (most recent call last):
  File "C:\Users\Jeremy\AppData\Local\Programs\Python\Python311\Lib\site-packages\websockets\legacy\client.py", line 603, in __aiter__
    async with self as protocol:
  File "C:\Users\Jeremy\AppData\Local\Programs\Python\Python311\Lib\site-packages\solana\rpc\websocket_api.py", line 422, in __aenter__
    protocol = await super().__aenter__()
               ^^^^^^^^^^^^^^^^^^^^^^^^^^
  File "C:\Users\Jeremy\AppData\Local\Programs\Python\Python311\Lib\site-packages\websockets\legacy\client.py", line 634, in __aenter__
    return await self
           ^^^^^^^^^^
  File "C:\Users\Jeremy\AppData\Local\Programs\Python\Python311\Lib\site-packages\websockets\legacy\client.py", line 655, in __await_impl__
    await protocol.handshake(
  File "C:\Users\Jeremy\AppData\Local\Programs\Python\Python311\Lib\site-packages\websockets\legacy\client.py", line 321, in handshake
    raise InvalidStatusCode(status_code, response_headers)
websockets.exceptions.InvalidStatusCode: server rejected WebSocket connection: HTTP 429
2025-09-05 13:11:12,578 - websockets.client - INFO - ! connect failed; reconnecting in 1.0 seconds
Traceback (most recent call last):
  File "C:\Users\Jeremy\AppData\Local\Programs\Python\Python311\Lib\site-packages\websockets\legacy\client.py", line 603, in __aiter__
    async with self as protocol:
  File "C:\Users\Jeremy\AppData\Local\Programs\Python\Python311\Lib\site-packages\solana\rpc\websocket_api.py", line 422, in __aenter__
    protocol = await super().__aenter__()
               ^^^^^^^^^^^^^^^^^^^^^^^^^^
  File "C:\Users\Jeremy\AppData\Local\Programs\Python\Python311\Lib\site-packages\websockets\legacy\client.py", line 634, in __aenter__
    return await self
           ^^^^^^^^^^
  File "C:\Users\Jeremy\AppData\Local\Programs\Python\Python311\Lib\site-packages\websockets\legacy\client.py", line 655, in __await_impl__
    await protocol.handshake(
  File "C:\Users\Jeremy\AppData\Local\Programs\Python\Python311\Lib\site-packages\websockets\legacy\client.py", line 321, in handshake
    raise InvalidStatusCode(status_code, response_headers)
websockets.exceptions.InvalidStatusCode: server rejected WebSocket connection: HTTP 429
2025-09-05 13:11:12,580 - websockets.client - INFO - ! connect failed; reconnecting in 0.6 seconds
Traceback (most recent call last):
  File "C:\Users\Jeremy\AppData\Local\Programs\Python\Python311\Lib\site-packages\websockets\legacy\client.py", line 603, in __aiter__
    async with self as protocol:
  File "C:\Users\Jeremy\AppData\Local\Programs\Python\Python311\Lib\site-packages\solana\rpc\websocket_api.py", line 422, in __aenter__
    protocol = await super().__aenter__()
               ^^^^^^^^^^^^^^^^^^^^^^^^^^
  File "C:\Users\Jeremy\AppData\Local\Programs\Python\Python311\Lib\site-packages\websockets\legacy\client.py", line 634, in __aenter__
    return await self
           ^^^^^^^^^^
  File "C:\Users\Jeremy\AppData\Local\Programs\Python\Python311\Lib\site-packages\websockets\legacy\client.py", line 655, in __await_impl__
    await protocol.handshake(
  File "C:\Users\Jeremy\AppData\Local\Programs\Python\Python311\Lib\site-packages\websockets\legacy\client.py", line 321, in handshake
    raise InvalidStatusCode(status_code, response_headers)
websockets.exceptions.InvalidStatusCode: server rejected WebSocket connection: HTTP 429
2025-09-05 13:11:12,677 - websockets.client - INFO - ! connect failed; reconnecting in 3.2 seconds
Traceback (most recent call last):
  File "C:\Users\Jeremy\AppData\Local\Programs\Python\Python311\Lib\site-packages\websockets\legacy\client.py", line 603, in __aiter__
    async with self as protocol:
  File "C:\Users\Jeremy\AppData\Local\Programs\Python\Python311\Lib\site-packages\solana\rpc\websocket_api.py", line 422, in __aenter__
    protocol = await super().__aenter__()
               ^^^^^^^^^^^^^^^^^^^^^^^^^^
  File "C:\Users\Jeremy\AppData\Local\Programs\Python\Python311\Lib\site-packages\websockets\legacy\client.py", line 634, in __aenter__
    return await self
           ^^^^^^^^^^
  File "C:\Users\Jeremy\AppData\Local\Programs\Python\Python311\Lib\site-packages\websockets\legacy\client.py", line 655, in __await_impl__
    await protocol.handshake(
  File "C:\Users\Jeremy\AppData\Local\Programs\Python\Python311\Lib\site-packages\websockets\legacy\client.py", line 321, in handshake
    raise InvalidStatusCode(status_code, response_headers)
websockets.exceptions.InvalidStatusCode: server rejected WebSocket connection: HTTP 429
2025-09-05 13:11:13,634 - libs.drift.client - INFO - User account initialized
2025-09-05 13:11:13,634 - libs.drift.client - INFO - Drift client ready with user account
2025-09-05 13:11:13,742 - httpx - INFO - HTTP Request: POST https://devnet.helius-rpc.com/?api-key=2728d54b-ce26-4696-bb4d-dc8170fcd494 "HTTP/1.1 200 OK"
2025-09-05 13:11:13,743 - libs.drift.client - WARNING - [ORDERBOOK] DLOB fallback failed: Cannot get oracle price data for DLOB
2025-09-05 13:11:15,754 - libs.drift.client - INFO - User account initialized
2025-09-05 13:11:15,754 - libs.drift.client - INFO - Drift client ready with user account
2025-09-05 13:11:15,866 - httpx - INFO - HTTP Request: POST https://devnet.helius-rpc.com/?api-key=2728d54b-ce26-4696-bb4d-dc8170fcd494 "HTTP/1.1 200 OK"
2025-09-05 13:11:15,873 - libs.drift.client - WARNING - [ORDERBOOK] DLOB fallback failed: Cannot get oracle price data for DLOB
2025-09-05 13:11:17,888 - libs.drift.client - INFO - User account initialized
2025-09-05 13:11:17,888 - libs.drift.client - INFO - Drift client ready with user account
2025-09-05 13:11:18,011 - httpx - INFO - HTTP Request: POST https://devnet.helius-rpc.com/?api-key=2728d54b-ce26-4696-bb4d-dc8170fcd494 "HTTP/1.1 200 OK"
2025-09-05 13:11:18,012 - libs.drift.client - WARNING - [ORDERBOOK] DLOB fallback failed: Cannot get oracle price data for DLOB
2025-09-05 13:11:20,018 - libs.drift.client - INFO - User account initialized
2025-09-05 13:11:20,018 - libs.drift.client - INFO - Drift client ready with user account
2025-09-05 13:11:20,297 - httpx - INFO - HTTP Request: POST https://devnet.helius-rpc.com/?api-key=2728d54b-ce26-4696-bb4d-dc8170fcd494 "HTTP/1.1 200 OK"
2025-09-05 13:11:20,298 - libs.drift.client - WARNING - [ORDERBOOK] DLOB fallback failed: Cannot get oracle price data for DLOB
2025-09-05 13:11:20,298 - __main__ - INFO - ========================================
2025-09-05 13:11:20,298 - __main__ - INFO - BETA TRACKING UPDATE - Iteration 5
2025-09-05 13:11:20,298 - __main__ - INFO - Runtime: 8.8s
2025-09-05 13:11:20,299 - __main__ - INFO - Current Position: $0.00
2025-09-05 13:11:20,299 - __main__ - INFO - Total Volume: $0.00
2025-09-05 13:11:20,299 - __main__ - INFO - Current Price: $0.0000
2025-09-05 13:11:20,299 - __main__ - INFO - Price Change: +0.00%
2025-09-05 13:11:20,299 - __main__ - INFO - Open Orders: 0
2025-09-05 13:11:20,300 - __main__ - INFO - MACD Values: 0
2025-09-05 13:11:20,300 - __main__ - INFO - ========================================
2025-09-05 13:11:22,305 - libs.drift.client - INFO - User account initialized
2025-09-05 13:11:22,305 - libs.drift.client - INFO - Drift client ready with user account
2025-09-05 13:11:22,438 - httpx - INFO - HTTP Request: POST https://devnet.helius-rpc.com/?api-key=2728d54b-ce26-4696-bb4d-dc8170fcd494 "HTTP/1.1 200 OK"
2025-09-05 13:11:22,439 - libs.drift.client - WARNING - [ORDERBOOK] DLOB fallback failed: Cannot get oracle price data for DLOB
2025-09-05 13:11:24,450 - libs.drift.client - INFO - User account initialized
2025-09-05 13:11:24,450 - libs.drift.client - INFO - Drift client ready with user account
2025-09-05 13:11:24,733 - httpx - INFO - HTTP Request: POST https://devnet.helius-rpc.com/?api-key=2728d54b-ce26-4696-bb4d-dc8170fcd494 "HTTP/1.1 200 OK"
2025-09-05 13:11:24,734 - libs.drift.client - WARNING - [ORDERBOOK] DLOB fallback failed: Cannot get oracle price data for DLOB
2025-09-05 13:11:26,748 - libs.drift.client - INFO - User account initialized
2025-09-05 13:11:26,748 - libs.drift.client - INFO - Drift client ready with user account
2025-09-05 13:11:27,025 - httpx - INFO - HTTP Request: POST https://devnet.helius-rpc.com/?api-key=2728d54b-ce26-4696-bb4d-dc8170fcd494 "HTTP/1.1 200 OK"
2025-09-05 13:11:27,026 - libs.drift.client - WARNING - [ORDERBOOK] DLOB fallback failed: Cannot get oracle price data for DLOB
2025-09-05 13:11:29,033 - libs.drift.client - INFO - User account initialized
2025-09-05 13:11:29,033 - libs.drift.client - INFO - Drift client ready with user account
2025-09-05 13:11:29,223 - httpx - INFO - HTTP Request: POST https://devnet.helius-rpc.com/?api-key=2728d54b-ce26-4696-bb4d-dc8170fcd494 "HTTP/1.1 200 OK"
2025-09-05 13:11:29,223 - libs.drift.client - WARNING - [ORDERBOOK] DLOB fallback failed: Cannot get oracle price data for DLOB
2025-09-05 13:11:31,238 - libs.drift.client - INFO - User account initialized
2025-09-05 13:11:31,238 - libs.drift.client - INFO - Drift client ready with user account
2025-09-05 13:11:31,488 - httpx - INFO - HTTP Request: POST https://devnet.helius-rpc.com/?api-key=2728d54b-ce26-4696-bb4d-dc8170fcd494 "HTTP/1.1 200 OK"
2025-09-05 13:11:31,489 - libs.drift.client - WARNING - [ORDERBOOK] DLOB fallback failed: Cannot get oracle price data for DLOB
2025-09-05 13:11:31,489 - __main__ - INFO - ========================================
2025-09-05 13:11:31,489 - __main__ - INFO - BETA TRACKING UPDATE - Iteration 10
2025-09-05 13:11:31,489 - __main__ - INFO - Runtime: 20.0s
2025-09-05 13:11:31,490 - __main__ - INFO - Current Position: $0.00
2025-09-05 13:11:31,490 - __main__ - INFO - Total Volume: $0.00
2025-09-05 13:11:31,490 - __main__ - INFO - Current Price: $0.0000
2025-09-05 13:11:31,490 - __main__ - INFO - Price Change: +0.00%
2025-09-05 13:11:31,490 - __main__ - INFO - Open Orders: 0
2025-09-05 13:11:31,490 - __main__ - INFO - MACD Values: 0
2025-09-05 13:11:31,491 - __main__ - INFO - ========================================
2025-09-05 13:11:33,506 - libs.drift.client - INFO - User account initialized
2025-09-05 13:11:33,506 - libs.drift.client - INFO - Drift client ready with user account
2025-09-05 13:11:33,613 - httpx - INFO - HTTP Request: POST https://devnet.helius-rpc.com/?api-key=2728d54b-ce26-4696-bb4d-dc8170fcd494 "HTTP/1.1 200 OK"
2025-09-05 13:11:33,615 - libs.drift.client - WARNING - [ORDERBOOK] DLOB fallback failed: Cannot get oracle price data for DLOB
2025-09-05 13:11:35,614 - libs.drift.client - INFO - User account initialized
2025-09-05 13:11:35,614 - libs.drift.client - INFO - Drift client ready with user account
2025-09-05 13:11:35,762 - httpx - INFO - HTTP Request: POST https://devnet.helius-rpc.com/?api-key=2728d54b-ce26-4696-bb4d-dc8170fcd494 "HTTP/1.1 200 OK"
2025-09-05 13:11:35,763 - libs.drift.client - WARNING - [ORDERBOOK] DLOB fallback failed: Cannot get oracle price data for DLOB
2025-09-05 13:11:37,780 - libs.drift.client - INFO - User account initialized
2025-09-05 13:11:37,780 - libs.drift.client - INFO - Drift client ready with user account
2025-09-05 13:11:37,874 - httpx - INFO - HTTP Request: POST https://devnet.helius-rpc.com/?api-key=2728d54b-ce26-4696-bb4d-dc8170fcd494 "HTTP/1.1 200 OK"
2025-09-05 13:11:37,875 - libs.drift.client - WARNING - [ORDERBOOK] DLOB fallback failed: Cannot get oracle price data for DLOB
2025-09-05 13:11:39,876 - libs.drift.client - INFO - User account initialized
2025-09-05 13:11:39,876 - libs.drift.client - INFO - Drift client ready with user account
2025-09-05 13:11:39,980 - httpx - INFO - HTTP Request: POST https://devnet.helius-rpc.com/?api-key=2728d54b-ce26-4696-bb4d-dc8170fcd494 "HTTP/1.1 200 OK"
2025-09-05 13:11:39,981 - libs.drift.client - WARNING - [ORDERBOOK] DLOB fallback failed: Cannot get oracle price data for DLOB
2025-09-05 13:11:42,008 - libs.drift.client - INFO - User account initialized
2025-09-05 13:11:42,009 - libs.drift.client - INFO - Drift client ready with user account
2025-09-05 13:11:42,102 - httpx - INFO - HTTP Request: POST https://devnet.helius-rpc.com/?api-key=2728d54b-ce26-4696-bb4d-dc8170fcd494 "HTTP/1.1 200 OK"
2025-09-05 13:11:42,103 - libs.drift.client - WARNING - [ORDERBOOK] DLOB fallback failed: Cannot get oracle price data for DLOB
2025-09-05 13:11:42,104 - __main__ - INFO - ========================================
2025-09-05 13:11:42,104 - __main__ - INFO - BETA TRACKING UPDATE - Iteration 15
2025-09-05 13:11:42,104 - __main__ - INFO - Runtime: 30.6s
2025-09-05 13:11:42,105 - __main__ - INFO - Current Position: $0.00
2025-09-05 13:11:42,105 - __main__ - INFO - Total Volume: $0.00
2025-09-05 13:11:42,105 - __main__ - INFO - Current Price: $0.0000
2025-09-05 13:11:42,105 - __main__ - INFO - Price Change: +0.00%
2025-09-05 13:11:42,106 - __main__ - INFO - Open Orders: 0
2025-09-05 13:11:42,106 - __main__ - INFO - MACD Values: 0
2025-09-05 13:11:42,106 - __main__ - INFO - ========================================
2025-09-05 13:11:44,115 - libs.drift.client - INFO - User account initialized
2025-09-05 13:11:44,115 - libs.drift.client - INFO - Drift client ready with user account
2025-09-05 13:11:44,319 - httpx - INFO - HTTP Request: POST https://devnet.helius-rpc.com/?api-key=2728d54b-ce26-4696-bb4d-dc8170fcd494 "HTTP/1.1 200 OK"
2025-09-05 13:11:44,321 - libs.drift.client - WARNING - [ORDERBOOK] DLOB fallback failed: Cannot get oracle price data for DLOB
2025-09-05 13:11:46,321 - libs.drift.client - INFO - User account initialized
2025-09-05 13:11:46,321 - libs.drift.client - INFO - Drift client ready with user account
2025-09-05 13:11:46,463 - httpx - INFO - HTTP Request: POST https://devnet.helius-rpc.com/?api-key=2728d54b-ce26-4696-bb4d-dc8170fcd494 "HTTP/1.1 200 OK"
2025-09-05 13:11:46,464 - libs.drift.client - WARNING - [ORDERBOOK] DLOB fallback failed: Cannot get oracle price data for DLOB
2025-09-05 13:11:48,434 - libs.drift.client - INFO - User account initialized
2025-09-05 13:11:48,435 - libs.drift.client - INFO - Drift client ready with user account
2025-09-05 13:11:48,635 - httpx - INFO - HTTP Request: POST https://devnet.helius-rpc.com/?api-key=2728d54b-ce26-4696-bb4d-dc8170fcd494 "HTTP/1.1 200 OK"
2025-09-05 13:11:48,636 - libs.drift.client - WARNING - [ORDERBOOK] DLOB fallback failed: Cannot get oracle price data for DLOB
2025-09-05 13:11:50,639 - libs.drift.client - INFO - User account initialized
2025-09-05 13:11:50,640 - libs.drift.client - INFO - Drift client ready with user account
2025-09-05 13:11:50,753 - httpx - INFO - HTTP Request: POST https://devnet.helius-rpc.com/?api-key=2728d54b-ce26-4696-bb4d-dc8170fcd494 "HTTP/1.1 200 OK"
2025-09-05 13:11:50,754 - libs.drift.client - WARNING - [ORDERBOOK] DLOB fallback failed: Cannot get oracle price data for DLOB
2025-09-05 13:11:52,747 - libs.drift.client - INFO - User account initialized
2025-09-05 13:11:52,747 - libs.drift.client - INFO - Drift client ready with user account
2025-09-05 13:11:52,934 - httpx - INFO - HTTP Request: POST https://devnet.helius-rpc.com/?api-key=2728d54b-ce26-4696-bb4d-dc8170fcd494 "HTTP/1.1 200 OK"
2025-09-05 13:11:52,935 - libs.drift.client - WARNING - [ORDERBOOK] DLOB fallback failed: Cannot get oracle price data for DLOB
2025-09-05 13:11:52,935 - __main__ - INFO - ========================================
2025-09-05 13:11:52,936 - __main__ - INFO - BETA TRACKING UPDATE - Iteration 20
2025-09-05 13:11:52,936 - __main__ - INFO - Runtime: 41.4s
2025-09-05 13:11:52,936 - __main__ - INFO - Current Position: $0.00
2025-09-05 13:11:52,936 - __main__ - INFO - Total Volume: $0.00
2025-09-05 13:11:52,936 - __main__ - INFO - Current Price: $0.0000
2025-09-05 13:11:52,937 - __main__ - INFO - Price Change: +0.00%
2025-09-05 13:11:52,937 - __main__ - INFO - Open Orders: 0
2025-09-05 13:11:52,937 - __main__ - INFO - MACD Values: 0
2025-09-05 13:11:52,937 - __main__ - INFO - ========================================
2025-09-05 13:11:52,937 - __main__ - INFO - DETAILED BETA ANALYSIS
2025-09-05 13:11:52,938 - __main__ - INFO -    - MACD Fast EMA: 0.0000
2025-09-05 13:11:52,938 - __main__ - INFO -    - MACD Slow EMA: 0.0000
2025-09-05 13:11:52,939 - __main__ - INFO -    - MACD Signal: 0.0000
2025-09-05 13:11:52,939 - __main__ - INFO -    - Current MACD: 0.0000
2025-09-05 13:11:52,939 - __main__ - INFO -    - Price History: 0 points
2025-09-05 13:11:52,939 - __main__ - INFO -    - Risk State: 0.00% drawdown
2025-09-05 13:11:54,949 - libs.drift.client - INFO - User account initialized
2025-09-05 13:11:54,949 - libs.drift.client - INFO - Drift client ready with user account
2025-09-05 13:11:55,141 - httpx - INFO - HTTP Request: POST https://devnet.helius-rpc.com/?api-key=2728d54b-ce26-4696-bb4d-dc8170fcd494 "HTTP/1.1 200 OK"
2025-09-05 13:11:55,142 - libs.drift.client - WARNING - [ORDERBOOK] DLOB fallback failed: Cannot get oracle price data for DLOB
2025-09-05 13:11:57,149 - libs.drift.client - INFO - User account initialized
2025-09-05 13:11:57,149 - libs.drift.client - INFO - Drift client ready with user account
2025-09-05 13:11:57,336 - httpx - INFO - HTTP Request: POST https://devnet.helius-rpc.com/?api-key=2728d54b-ce26-4696-bb4d-dc8170fcd494 "HTTP/1.1 200 OK"
2025-09-05 13:11:57,338 - libs.drift.client - WARNING - [ORDERBOOK] DLOB fallback failed: Cannot get oracle price data for DLOB
2025-09-05 13:11:59,349 - libs.drift.client - INFO - User account initialized
2025-09-05 13:11:59,349 - libs.drift.client - INFO - Drift client ready with user account
2025-09-05 13:11:59,533 - httpx - INFO - HTTP Request: POST https://devnet.helius-rpc.com/?api-key=2728d54b-ce26-4696-bb4d-dc8170fcd494 "HTTP/1.1 200 OK"
2025-09-05 13:11:59,534 - libs.drift.client - WARNING - [ORDERBOOK] DLOB fallback failed: Cannot get oracle price data for DLOB
2025-09-05 13:12:01,543 - libs.drift.client - INFO - User account initialized
2025-09-05 13:12:01,543 - libs.drift.client - INFO - Drift client ready with user account
2025-09-05 13:12:01,719 - httpx - INFO - HTTP Request: POST https://devnet.helius-rpc.com/?api-key=2728d54b-ce26-4696-bb4d-dc8170fcd494 "HTTP/1.1 200 OK"
2025-09-05 13:12:01,721 - libs.drift.client - WARNING - [ORDERBOOK] DLOB fallback failed: Cannot get oracle price data for DLOB
2025-09-05 13:12:03,735 - libs.drift.client - INFO - User account initialized
2025-09-05 13:12:03,735 - libs.drift.client - INFO - Drift client ready with user account
2025-09-05 13:12:03,830 - httpx - INFO - HTTP Request: POST https://devnet.helius-rpc.com/?api-key=2728d54b-ce26-4696-bb4d-dc8170fcd494 "HTTP/1.1 200 OK"
2025-09-05 13:12:03,831 - libs.drift.client - WARNING - [ORDERBOOK] DLOB fallback failed: Cannot get oracle price data for DLOB
2025-09-05 13:12:03,832 - __main__ - INFO - ========================================
2025-09-05 13:12:03,832 - __main__ - INFO - BETA TRACKING UPDATE - Iteration 25
2025-09-05 13:12:03,832 - __main__ - INFO - Runtime: 52.3s
2025-09-05 13:12:03,832 - __main__ - INFO - Current Position: $0.00
2025-09-05 13:12:03,832 - __main__ - INFO - Total Volume: $0.00
2025-09-05 13:12:03,833 - __main__ - INFO - Current Price: $0.0000
2025-09-05 13:12:03,833 - __main__ - INFO - Price Change: +0.00%
2025-09-05 13:12:03,833 - __main__ - INFO - Open Orders: 0
2025-09-05 13:12:03,833 - __main__ - INFO - MACD Values: 0
2025-09-05 13:12:03,834 - __main__ - INFO - ========================================
2025-09-05 13:12:05,839 - libs.drift.client - INFO - User account initialized
2025-09-05 13:12:05,839 - libs.drift.client - INFO - Drift client ready with user account
2025-09-05 13:12:06,122 - httpx - INFO - HTTP Request: POST https://devnet.helius-rpc.com/?api-key=2728d54b-ce26-4696-bb4d-dc8170fcd494 "HTTP/1.1 200 OK"
2025-09-05 13:12:06,123 - libs.drift.client - WARNING - [ORDERBOOK] DLOB fallback failed: Cannot get oracle price data for DLOB
2025-09-05 13:12:08,139 - libs.drift.client - INFO - User account initialized
2025-09-05 13:12:08,139 - libs.drift.client - INFO - Drift client ready with user account
2025-09-05 13:12:08,272 - httpx - INFO - HTTP Request: POST https://devnet.helius-rpc.com/?api-key=2728d54b-ce26-4696-bb4d-dc8170fcd494 "HTTP/1.1 200 OK"
2025-09-05 13:12:08,273 - libs.drift.client - WARNING - [ORDERBOOK] DLOB fallback failed: Cannot get oracle price data for DLOB
2025-09-05 13:12:10,279 - libs.drift.client - INFO - User account initialized
2025-09-05 13:12:10,279 - libs.drift.client - INFO - Drift client ready with user account
2025-09-05 13:12:10,406 - httpx - INFO - HTTP Request: POST https://devnet.helius-rpc.com/?api-key=2728d54b-ce26-4696-bb4d-dc8170fcd494 "HTTP/1.1 200 OK"
2025-09-05 13:12:10,407 - libs.drift.client - WARNING - [ORDERBOOK] DLOB fallback failed: Cannot get oracle price data for DLOB
2025-09-05 13:12:12,425 - libs.drift.client - INFO - User account initialized
2025-09-05 13:12:12,425 - libs.drift.client - INFO - Drift client ready with user account
2025-09-05 13:12:12,617 - httpx - INFO - HTTP Request: POST https://devnet.helius-rpc.com/?api-key=2728d54b-ce26-4696-bb4d-dc8170fcd494 "HTTP/1.1 200 OK"
2025-09-05 13:12:12,618 - libs.drift.client - WARNING - [ORDERBOOK] DLOB fallback failed: Cannot get oracle price data for DLOB
2025-09-05 13:12:14,614 - libs.drift.client - INFO - User account initialized
2025-09-05 13:12:14,614 - libs.drift.client - INFO - Drift client ready with user account
2025-09-05 13:12:14,805 - httpx - INFO - HTTP Request: POST https://devnet.helius-rpc.com/?api-key=2728d54b-ce26-4696-bb4d-dc8170fcd494 "HTTP/1.1 200 OK"
2025-09-05 13:12:14,806 - libs.drift.client - WARNING - [ORDERBOOK] DLOB fallback failed: Cannot get oracle price data for DLOB
2025-09-05 13:12:14,806 - __main__ - INFO - ========================================
2025-09-05 13:12:14,806 - __main__ - INFO - BETA TRACKING UPDATE - Iteration 30
2025-09-05 13:12:14,806 - __main__ - INFO - Runtime: 63.3s
2025-09-05 13:12:14,806 - __main__ - INFO - Current Position: $0.00
2025-09-05 13:12:14,807 - __main__ - INFO - Total Volume: $0.00
2025-09-05 13:12:14,807 - __main__ - INFO - Current Price: $0.0000
2025-09-05 13:12:14,807 - __main__ - INFO - Price Change: +0.00%
2025-09-05 13:12:14,807 - __main__ - INFO - Open Orders: 0
2025-09-05 13:12:14,807 - __main__ - INFO - MACD Values: 0
2025-09-05 13:12:14,808 - __main__ - INFO - ========================================
2025-09-05 13:12:16,810 - libs.drift.client - INFO - User account initialized
2025-09-05 13:12:16,810 - libs.drift.client - INFO - Drift client ready with user account
2025-09-05 13:12:16,956 - httpx - INFO - HTTP Request: POST https://devnet.helius-rpc.com/?api-key=2728d54b-ce26-4696-bb4d-dc8170fcd494 "HTTP/1.1 200 OK"
2025-09-05 13:12:16,958 - libs.drift.client - WARNING - [ORDERBOOK] DLOB fallback failed: Cannot get oracle price data for DLOB
2025-09-05 13:12:18,960 - libs.drift.client - INFO - User account initialized
2025-09-05 13:12:18,960 - libs.drift.client - INFO - Drift client ready with user account
2025-09-05 13:12:19,150 - httpx - INFO - HTTP Request: POST https://devnet.helius-rpc.com/?api-key=2728d54b-ce26-4696-bb4d-dc8170fcd494 "HTTP/1.1 200 OK"
2025-09-05 13:12:19,151 - libs.drift.client - WARNING - [ORDERBOOK] DLOB fallback failed: Cannot get oracle price data for DLOB
2025-09-05 13:12:21,169 - libs.drift.client - INFO - User account initialized
2025-09-05 13:12:21,169 - libs.drift.client - INFO - Drift client ready with user account
2025-09-05 13:12:21,273 - httpx - INFO - HTTP Request: POST https://devnet.helius-rpc.com/?api-key=2728d54b-ce26-4696-bb4d-dc8170fcd494 "HTTP/1.1 200 OK"
2025-09-05 13:12:21,274 - libs.drift.client - WARNING - [ORDERBOOK] DLOB fallback failed: Cannot get oracle price data for DLOB
2025-09-05 13:12:23,278 - libs.drift.client - INFO - User account initialized
2025-09-05 13:12:23,279 - libs.drift.client - INFO - Drift client ready with user account
2025-09-05 13:12:23,515 - httpx - INFO - HTTP Request: POST https://devnet.helius-rpc.com/?api-key=2728d54b-ce26-4696-bb4d-dc8170fcd494 "HTTP/1.1 200 OK"
2025-09-05 13:12:23,516 - libs.drift.client - WARNING - [ORDERBOOK] DLOB fallback failed: Cannot get oracle price data for DLOB
2025-09-05 13:12:25,532 - libs.drift.client - INFO - User account initialized
2025-09-05 13:12:25,532 - libs.drift.client - INFO - Drift client ready with user account
2025-09-05 13:12:25,713 - httpx - INFO - HTTP Request: POST https://devnet.helius-rpc.com/?api-key=2728d54b-ce26-4696-bb4d-dc8170fcd494 "HTTP/1.1 200 OK"
2025-09-05 13:12:25,714 - libs.drift.client - WARNING - [ORDERBOOK] DLOB fallback failed: Cannot get oracle price data for DLOB
2025-09-05 13:12:25,715 - __main__ - INFO - ========================================
2025-09-05 13:12:25,715 - __main__ - INFO - BETA TRACKING UPDATE - Iteration 35
2025-09-05 13:12:25,715 - __main__ - INFO - Runtime: 74.2s
2025-09-05 13:12:25,715 - __main__ - INFO - Current Position: $0.00
2025-09-05 13:12:25,715 - __main__ - INFO - Total Volume: $0.00
2025-09-05 13:12:25,715 - __main__ - INFO - Current Price: $0.0000
2025-09-05 13:12:25,716 - __main__ - INFO - Price Change: +0.00%
2025-09-05 13:12:25,716 - __main__ - INFO - Open Orders: 0
2025-09-05 13:12:25,716 - __main__ - INFO - MACD Values: 0
2025-09-05 13:12:25,717 - __main__ - INFO - ========================================
2025-09-05 13:12:27,718 - libs.drift.client - INFO - User account initialized
2025-09-05 13:12:27,718 - libs.drift.client - INFO - Drift client ready with user account
2025-09-05 13:12:27,828 - httpx - INFO - HTTP Request: POST https://devnet.helius-rpc.com/?api-key=2728d54b-ce26-4696-bb4d-dc8170fcd494 "HTTP/1.1 200 OK"
2025-09-05 13:12:27,830 - libs.drift.client - WARNING - [ORDERBOOK] DLOB fallback failed: Cannot get oracle price data for DLOB
2025-09-05 13:12:29,826 - libs.drift.client - INFO - User account initialized
2025-09-05 13:12:29,827 - libs.drift.client - INFO - Drift client ready with user account
2025-09-05 13:12:29,959 - httpx - INFO - HTTP Request: POST https://devnet.helius-rpc.com/?api-key=2728d54b-ce26-4696-bb4d-dc8170fcd494 "HTTP/1.1 200 OK"
2025-09-05 13:12:29,960 - libs.drift.client - WARNING - [ORDERBOOK] DLOB fallback failed: Cannot get oracle price data for DLOB
2025-09-05 13:12:31,944 - libs.drift.client - INFO - User account initialized
2025-09-05 13:12:31,945 - libs.drift.client - INFO - Drift client ready with user account
2025-09-05 13:12:32,136 - httpx - INFO - HTTP Request: POST https://devnet.helius-rpc.com/?api-key=2728d54b-ce26-4696-bb4d-dc8170fcd494 "HTTP/1.1 200 OK"
2025-09-05 13:12:32,138 - libs.drift.client - WARNING - [ORDERBOOK] DLOB fallback failed: Cannot get oracle price data for DLOB
2025-09-05 13:12:34,145 - libs.drift.client - INFO - User account initialized
2025-09-05 13:12:34,145 - libs.drift.client - INFO - Drift client ready with user account
2025-09-05 13:12:34,243 - httpx - INFO - HTTP Request: POST https://devnet.helius-rpc.com/?api-key=2728d54b-ce26-4696-bb4d-dc8170fcd494 "HTTP/1.1 200 OK"
2025-09-05 13:12:34,245 - libs.drift.client - WARNING - [ORDERBOOK] DLOB fallback failed: Cannot get oracle price data for DLOB
2025-09-05 13:12:36,252 - libs.drift.client - INFO - User account initialized
2025-09-05 13:12:36,253 - libs.drift.client - INFO - Drift client ready with user account
2025-09-05 13:12:36,351 - httpx - INFO - HTTP Request: POST https://devnet.helius-rpc.com/?api-key=2728d54b-ce26-4696-bb4d-dc8170fcd494 "HTTP/1.1 200 OK"
2025-09-05 13:12:36,352 - libs.drift.client - WARNING - [ORDERBOOK] DLOB fallback failed: Cannot get oracle price data for DLOB
2025-09-05 13:12:36,353 - __main__ - INFO - ========================================
2025-09-05 13:12:36,353 - __main__ - INFO - BETA TRACKING UPDATE - Iteration 40
2025-09-05 13:12:36,354 - __main__ - INFO - Runtime: 84.9s
2025-09-05 13:12:36,354 - __main__ - INFO - Current Position: $0.00
2025-09-05 13:12:36,355 - __main__ - INFO - Total Volume: $0.00
2025-09-05 13:12:36,355 - __main__ - INFO - Current Price: $0.0000
2025-09-05 13:12:36,355 - __main__ - INFO - Price Change: +0.00%
2025-09-05 13:12:36,356 - __main__ - INFO - Open Orders: 0
2025-09-05 13:12:36,356 - __main__ - INFO - MACD Values: 0
2025-09-05 13:12:36,356 - __main__ - INFO - ========================================
2025-09-05 13:12:36,357 - __main__ - INFO - DETAILED BETA ANALYSIS
2025-09-05 13:12:36,357 - __main__ - INFO -    - MACD Fast EMA: 0.0000
2025-09-05 13:12:36,357 - __main__ - INFO -    - MACD Slow EMA: 0.0000
2025-09-05 13:12:36,357 - __main__ - INFO -    - MACD Signal: 0.0000
2025-09-05 13:12:36,357 - __main__ - INFO -    - Current MACD: 0.0000
2025-09-05 13:12:36,358 - __main__ - INFO -    - Price History: 0 points
2025-09-05 13:12:36,358 - __main__ - INFO -    - Risk State: 0.00% drawdown
2025-09-05 13:12:38,369 - libs.drift.client - INFO - User account initialized
2025-09-05 13:12:38,369 - libs.drift.client - INFO - Drift client ready with user account
2025-09-05 13:12:38,485 - httpx - INFO - HTTP Request: POST https://devnet.helius-rpc.com/?api-key=2728d54b-ce26-4696-bb4d-dc8170fcd494 "HTTP/1.1 200 OK"
2025-09-05 13:12:38,486 - libs.drift.client - WARNING - [ORDERBOOK] DLOB fallback failed: Cannot get oracle price data for DLOB
2025-09-05 13:12:40,497 - libs.drift.client - INFO - User account initialized
2025-09-05 13:12:40,497 - libs.drift.client - INFO - Drift client ready with user account
2025-09-05 13:12:40,687 - httpx - INFO - HTTP Request: POST https://devnet.helius-rpc.com/?api-key=2728d54b-ce26-4696-bb4d-dc8170fcd494 "HTTP/1.1 200 OK"
2025-09-05 13:12:40,688 - libs.drift.client - WARNING - [ORDERBOOK] DLOB fallback failed: Cannot get oracle price data for DLOB
2025-09-05 13:12:42,707 - libs.drift.client - INFO - User account initialized
2025-09-05 13:12:42,707 - libs.drift.client - INFO - Drift client ready with user account
2025-09-05 13:12:42,790 - httpx - INFO - HTTP Request: POST https://devnet.helius-rpc.com/?api-key=2728d54b-ce26-4696-bb4d-dc8170fcd494 "HTTP/1.1 200 OK"
2025-09-05 13:12:42,792 - libs.drift.client - WARNING - [ORDERBOOK] DLOB fallback failed: Cannot get oracle price data for DLOB
2025-09-05 13:12:44,765 - libs.drift.client - INFO - User account initialized
2025-09-05 13:12:44,765 - libs.drift.client - INFO - Drift client ready with user account
2025-09-05 13:12:44,876 - httpx - INFO - HTTP Request: POST https://devnet.helius-rpc.com/?api-key=2728d54b-ce26-4696-bb4d-dc8170fcd494 "HTTP/1.1 200 OK"
2025-09-05 13:12:44,878 - libs.drift.client - WARNING - [ORDERBOOK] DLOB fallback failed: Cannot get oracle price data for DLOB
2025-09-05 13:12:46,891 - libs.drift.client - INFO - User account initialized
2025-09-05 13:12:46,891 - libs.drift.client - INFO - Drift client ready with user account
2025-09-05 13:12:46,997 - httpx - INFO - HTTP Request: POST https://devnet.helius-rpc.com/?api-key=2728d54b-ce26-4696-bb4d-dc8170fcd494 "HTTP/1.1 200 OK"
2025-09-05 13:12:46,998 - libs.drift.client - WARNING - [ORDERBOOK] DLOB fallback failed: Cannot get oracle price data for DLOB
2025-09-05 13:12:46,999 - __main__ - INFO - ========================================
2025-09-05 13:12:46,999 - __main__ - INFO - BETA TRACKING UPDATE - Iteration 45
2025-09-05 13:12:47,000 - __main__ - INFO - Runtime: 95.5s
2025-09-05 13:12:47,000 - __main__ - INFO - Current Position: $0.00
2025-09-05 13:12:47,000 - __main__ - INFO - Total Volume: $0.00
2025-09-05 13:12:47,000 - __main__ - INFO - Current Price: $0.0000
2025-09-05 13:12:47,001 - __main__ - INFO - Price Change: +0.00%
2025-09-05 13:12:47,002 - __main__ - INFO - Open Orders: 0
2025-09-05 13:12:47,002 - __main__ - INFO - MACD Values: 0
2025-09-05 13:12:47,002 - __main__ - INFO - ========================================
2025-09-05 13:12:49,005 - libs.drift.client - INFO - User account initialized
2025-09-05 13:12:49,005 - libs.drift.client - INFO - Drift client ready with user account
2025-09-05 13:12:49,212 - httpx - INFO - HTTP Request: POST https://devnet.helius-rpc.com/?api-key=2728d54b-ce26-4696-bb4d-dc8170fcd494 "HTTP/1.1 200 OK"
2025-09-05 13:12:49,213 - libs.drift.client - WARNING - [ORDERBOOK] DLOB fallback failed: Cannot get oracle price data for DLOB
2025-09-05 13:12:51,185 - libs.drift.client - INFO - User account initialized
2025-09-05 13:12:51,185 - libs.drift.client - INFO - Drift client ready with user account
2025-09-05 13:12:51,356 - httpx - INFO - HTTP Request: POST https://devnet.helius-rpc.com/?api-key=2728d54b-ce26-4696-bb4d-dc8170fcd494 "HTTP/1.1 200 OK"
2025-09-05 13:12:51,357 - libs.drift.client - WARNING - [ORDERBOOK] DLOB fallback failed: Cannot get oracle price data for DLOB
2025-09-05 13:12:53,366 - libs.drift.client - INFO - User account initialized
2025-09-05 13:12:53,366 - libs.drift.client - INFO - Drift client ready with user account
2025-09-05 13:12:53,472 - httpx - INFO - HTTP Request: POST https://devnet.helius-rpc.com/?api-key=2728d54b-ce26-4696-bb4d-dc8170fcd494 "HTTP/1.1 200 OK"
2025-09-05 13:12:53,473 - libs.drift.client - WARNING - [ORDERBOOK] DLOB fallback failed: Cannot get oracle price data for DLOB
2025-09-05 13:12:55,480 - libs.drift.client - INFO - User account initialized
2025-09-05 13:12:55,480 - libs.drift.client - INFO - Drift client ready with user account
2025-09-05 13:12:55,597 - httpx - INFO - HTTP Request: POST https://devnet.helius-rpc.com/?api-key=2728d54b-ce26-4696-bb4d-dc8170fcd494 "HTTP/1.1 200 OK"
2025-09-05 13:12:55,600 - libs.drift.client - WARNING - [ORDERBOOK] DLOB fallback failed: Cannot get oracle price data for DLOB
2025-09-05 13:12:57,610 - libs.drift.client - INFO - User account initialized
2025-09-05 13:12:57,610 - libs.drift.client - INFO - Drift client ready with user account
2025-09-05 13:12:57,686 - httpx - INFO - HTTP Request: POST https://devnet.helius-rpc.com/?api-key=2728d54b-ce26-4696-bb4d-dc8170fcd494 "HTTP/1.1 200 OK"
2025-09-05 13:12:57,688 - libs.drift.client - WARNING - [ORDERBOOK] DLOB fallback failed: Cannot get oracle price data for DLOB
2025-09-05 13:12:57,688 - __main__ - INFO - ========================================
2025-09-05 13:12:57,688 - __main__ - INFO - BETA TRACKING UPDATE - Iteration 50
2025-09-05 13:12:57,688 - __main__ - INFO - Runtime: 106.2s
2025-09-05 13:12:57,689 - __main__ - INFO - Current Position: $0.00
2025-09-05 13:12:57,689 - __main__ - INFO - Total Volume: $0.00
2025-09-05 13:12:57,689 - __main__ - INFO - Current Price: $0.0000
2025-09-05 13:12:57,689 - __main__ - INFO - Price Change: +0.00%
2025-09-05 13:12:57,689 - __main__ - INFO - Open Orders: 0
2025-09-05 13:12:57,690 - __main__ - INFO - MACD Values: 0
2025-09-05 13:12:57,690 - __main__ - INFO - ========================================
2025-09-05 13:12:59,689 - libs.drift.client - INFO - User account initialized
2025-09-05 13:12:59,689 - libs.drift.client - INFO - Drift client ready with user account
2025-09-05 13:12:59,931 - httpx - INFO - HTTP Request: POST https://devnet.helius-rpc.com/?api-key=2728d54b-ce26-4696-bb4d-dc8170fcd494 "HTTP/1.1 200 OK"
2025-09-05 13:12:59,935 - libs.drift.client - WARNING - [ORDERBOOK] DLOB fallback failed: Cannot get oracle price data for DLOB
2025-09-05 13:13:01,939 - libs.drift.client - INFO - User account initialized
2025-09-05 13:13:01,939 - libs.drift.client - INFO - Drift client ready with user account
2025-09-05 13:13:02,033 - httpx - INFO - HTTP Request: POST https://devnet.helius-rpc.com/?api-key=2728d54b-ce26-4696-bb4d-dc8170fcd494 "HTTP/1.1 200 OK"
2025-09-05 13:13:02,033 - libs.drift.client - WARNING - [ORDERBOOK] DLOB fallback failed: Cannot get oracle price data for DLOB
2025-09-05 13:13:04,035 - libs.drift.client - INFO - User account initialized
2025-09-05 13:13:04,036 - libs.drift.client - INFO - Drift client ready with user account
2025-09-05 13:13:04,150 - httpx - INFO - HTTP Request: POST https://devnet.helius-rpc.com/?api-key=2728d54b-ce26-4696-bb4d-dc8170fcd494 "HTTP/1.1 200 OK"
2025-09-05 13:13:04,151 - libs.drift.client - WARNING - [ORDERBOOK] DLOB fallback failed: Cannot get oracle price data for DLOB
2025-09-05 13:13:06,167 - libs.drift.client - INFO - User account initialized
2025-09-05 13:13:06,167 - libs.drift.client - INFO - Drift client ready with user account
2025-09-05 13:13:06,442 - httpx - INFO - HTTP Request: POST https://devnet.helius-rpc.com/?api-key=2728d54b-ce26-4696-bb4d-dc8170fcd494 "HTTP/1.1 200 OK"
2025-09-05 13:13:06,443 - libs.drift.client - WARNING - [ORDERBOOK] DLOB fallback failed: Cannot get oracle price data for DLOB
2025-09-05 13:13:08,437 - libs.drift.client - INFO - User account initialized
2025-09-05 13:13:08,437 - libs.drift.client - INFO - Drift client ready with user account
2025-09-05 13:13:08,688 - httpx - INFO - HTTP Request: POST https://devnet.helius-rpc.com/?api-key=2728d54b-ce26-4696-bb4d-dc8170fcd494 "HTTP/1.1 200 OK"
2025-09-05 13:13:08,691 - libs.drift.client - WARNING - [ORDERBOOK] DLOB fallback failed: Cannot get oracle price data for DLOB
2025-09-05 13:13:08,691 - __main__ - INFO - ========================================
2025-09-05 13:13:08,692 - __main__ - INFO - BETA TRACKING UPDATE - Iteration 55
2025-09-05 13:13:08,692 - __main__ - INFO - Runtime: 117.2s
2025-09-05 13:13:08,692 - __main__ - INFO - Current Position: $0.00
2025-09-05 13:13:08,692 - __main__ - INFO - Total Volume: $0.00
2025-09-05 13:13:08,693 - __main__ - INFO - Current Price: $0.0000
2025-09-05 13:13:08,693 - __main__ - INFO - Price Change: +0.00%
2025-09-05 13:13:08,693 - __main__ - INFO - Open Orders: 0
2025-09-05 13:13:08,693 - __main__ - INFO - MACD Values: 0
2025-09-05 13:13:08,694 - __main__ - INFO - ========================================
2025-09-05 13:13:10,696 - libs.drift.client - INFO - User account initialized
2025-09-05 13:13:10,696 - libs.drift.client - INFO - Drift client ready with user account
2025-09-05 13:13:10,852 - httpx - INFO - HTTP Request: POST https://devnet.helius-rpc.com/?api-key=2728d54b-ce26-4696-bb4d-dc8170fcd494 "HTTP/1.1 200 OK"
2025-09-05 13:13:10,853 - libs.drift.client - WARNING - [ORDERBOOK] DLOB fallback failed: Cannot get oracle price data for DLOB
2025-09-05 13:13:12,857 - libs.drift.client - INFO - User account initialized
2025-09-05 13:13:12,857 - libs.drift.client - INFO - Drift client ready with user account
2025-09-05 13:13:12,977 - httpx - INFO - HTTP Request: POST https://devnet.helius-rpc.com/?api-key=2728d54b-ce26-4696-bb4d-dc8170fcd494 "HTTP/1.1 200 OK"
2025-09-05 13:13:12,978 - libs.drift.client - WARNING - [ORDERBOOK] DLOB fallback failed: Cannot get oracle price data for DLOB
2025-09-05 13:13:14,988 - libs.drift.client - INFO - User account initialized
2025-09-05 13:13:14,988 - libs.drift.client - INFO - Drift client ready with user account
2025-09-05 13:13:15,087 - httpx - INFO - HTTP Request: POST https://devnet.helius-rpc.com/?api-key=2728d54b-ce26-4696-bb4d-dc8170fcd494 "HTTP/1.1 200 OK"
2025-09-05 13:13:15,088 - libs.drift.client - WARNING - [ORDERBOOK] DLOB fallback failed: Cannot get oracle price data for DLOB
2025-09-05 13:13:17,065 - libs.drift.client - INFO - User account initialized
2025-09-05 13:13:17,065 - libs.drift.client - INFO - Drift client ready with user account
2025-09-05 13:13:17,155 - httpx - INFO - HTTP Request: POST https://devnet.helius-rpc.com/?api-key=2728d54b-ce26-4696-bb4d-dc8170fcd494 "HTTP/1.1 200 OK"
2025-09-05 13:13:17,157 - libs.drift.client - WARNING - [ORDERBOOK] DLOB fallback failed: Cannot get oracle price data for DLOB
2025-09-05 13:13:19,141 - libs.drift.client - INFO - User account initialized
2025-09-05 13:13:19,142 - libs.drift.client - INFO - Drift client ready with user account
2025-09-05 13:13:19,292 - httpx - INFO - HTTP Request: POST https://devnet.helius-rpc.com/?api-key=2728d54b-ce26-4696-bb4d-dc8170fcd494 "HTTP/1.1 200 OK"
2025-09-05 13:13:19,293 - libs.drift.client - WARNING - [ORDERBOOK] DLOB fallback failed: Cannot get oracle price data for DLOB
2025-09-05 13:13:19,294 - __main__ - INFO - ========================================
2025-09-05 13:13:19,294 - __main__ - INFO - BETA TRACKING UPDATE - Iteration 60
2025-09-05 13:13:19,295 - __main__ - INFO - Runtime: 127.8s
2025-09-05 13:13:19,295 - __main__ - INFO - Current Position: $0.00
2025-09-05 13:13:19,295 - __main__ - INFO - Total Volume: $0.00
2025-09-05 13:13:19,296 - __main__ - INFO - Current Price: $0.0000
2025-09-05 13:13:19,296 - __main__ - INFO - Price Change: +0.00%
2025-09-05 13:13:19,297 - __main__ - INFO - Open Orders: 0
2025-09-05 13:13:19,297 - __main__ - INFO - MACD Values: 0
2025-09-05 13:13:19,297 - __main__ - INFO - ========================================
2025-09-05 13:13:19,297 - __main__ - INFO - DETAILED BETA ANALYSIS
2025-09-05 13:13:19,298 - __main__ - INFO -    - MACD Fast EMA: 0.0000
2025-09-05 13:13:19,298 - __main__ - INFO -    - MACD Slow EMA: 0.0000
2025-09-05 13:13:19,298 - __main__ - INFO -    - MACD Signal: 0.0000
2025-09-05 13:13:19,299 - __main__ - INFO -    - Current MACD: 0.0000
2025-09-05 13:13:19,299 - __main__ - INFO -    - Price History: 0 points
2025-09-05 13:13:19,299 - __main__ - INFO -    - Risk State: 0.00% drawdown
2025-09-05 13:13:21,310 - libs.drift.client - INFO - User account initialized
2025-09-05 13:13:21,311 - libs.drift.client - INFO - Drift client ready with user account
2025-09-05 13:13:21,454 - httpx - INFO - HTTP Request: POST https://devnet.helius-rpc.com/?api-key=2728d54b-ce26-4696-bb4d-dc8170fcd494 "HTTP/1.1 200 OK"
2025-09-05 13:13:21,456 - libs.drift.client - WARNING - [ORDERBOOK] DLOB fallback failed: Cannot get oracle price data for DLOB
2025-09-05 13:13:23,474 - libs.drift.client - INFO - User account initialized
2025-09-05 13:13:23,474 - libs.drift.client - INFO - Drift client ready with user account
2025-09-05 13:13:23,565 - httpx - INFO - HTTP Request: POST https://devnet.helius-rpc.com/?api-key=2728d54b-ce26-4696-bb4d-dc8170fcd494 "HTTP/1.1 200 OK"
2025-09-05 13:13:23,568 - libs.drift.client - WARNING - [ORDERBOOK] DLOB fallback failed: Cannot get oracle price data for DLOB
2025-09-05 13:13:25,566 - libs.drift.client - INFO - User account initialized
2025-09-05 13:13:25,566 - libs.drift.client - INFO - Drift client ready with user account
2025-09-05 13:13:25,669 - httpx - INFO - HTTP Request: POST https://devnet.helius-rpc.com/?api-key=2728d54b-ce26-4696-bb4d-dc8170fcd494 "HTTP/1.1 200 OK"
2025-09-05 13:13:25,670 - libs.drift.client - WARNING - [ORDERBOOK] DLOB fallback failed: Cannot get oracle price data for DLOB
2025-09-05 13:13:27,690 - libs.drift.client - INFO - User account initialized
2025-09-05 13:13:27,691 - libs.drift.client - INFO - Drift client ready with user account
2025-09-05 13:13:27,794 - httpx - INFO - HTTP Request: POST https://devnet.helius-rpc.com/?api-key=2728d54b-ce26-4696-bb4d-dc8170fcd494 "HTTP/1.1 200 OK"
2025-09-05 13:13:27,795 - libs.drift.client - WARNING - [ORDERBOOK] DLOB fallback failed: Cannot get oracle price data for DLOB
2025-09-05 13:13:29,820 - libs.drift.client - INFO - User account initialized
2025-09-05 13:13:29,820 - libs.drift.client - INFO - Drift client ready with user account
2025-09-05 13:13:29,998 - httpx - INFO - HTTP Request: POST https://devnet.helius-rpc.com/?api-key=2728d54b-ce26-4696-bb4d-dc8170fcd494 "HTTP/1.1 200 OK"
2025-09-05 13:13:29,999 - libs.drift.client - WARNING - [ORDERBOOK] DLOB fallback failed: Cannot get oracle price data for DLOB
2025-09-05 13:13:30,000 - __main__ - INFO - ========================================
2025-09-05 13:13:30,001 - __main__ - INFO - BETA TRACKING UPDATE - Iteration 65
2025-09-05 13:13:30,001 - __main__ - INFO - Runtime: 138.5s
2025-09-05 13:13:30,001 - __main__ - INFO - Current Position: $0.00
2025-09-05 13:13:30,002 - __main__ - INFO - Total Volume: $0.00
2025-09-05 13:13:30,002 - __main__ - INFO - Current Price: $0.0000
2025-09-05 13:13:30,002 - __main__ - INFO - Price Change: +0.00%
2025-09-05 13:13:30,002 - __main__ - INFO - Open Orders: 0
2025-09-05 13:13:30,002 - __main__ - INFO - MACD Values: 0
2025-09-05 13:13:30,003 - __main__ - INFO - ========================================
2025-09-05 13:13:32,002 - libs.drift.client - INFO - User account initialized
2025-09-05 13:13:32,002 - libs.drift.client - INFO - Drift client ready with user account
2025-09-05 13:13:32,166 - httpx - INFO - HTTP Request: POST https://devnet.helius-rpc.com/?api-key=2728d54b-ce26-4696-bb4d-dc8170fcd494 "HTTP/1.1 200 OK"
2025-09-05 13:13:32,168 - libs.drift.client - WARNING - [ORDERBOOK] DLOB fallback failed: Cannot get oracle price data for DLOB
2025-09-05 13:13:34,174 - libs.drift.client - INFO - User account initialized
2025-09-05 13:13:34,175 - libs.drift.client - INFO - Drift client ready with user account
2025-09-05 13:13:34,351 - httpx - INFO - HTTP Request: POST https://devnet.helius-rpc.com/?api-key=2728d54b-ce26-4696-bb4d-dc8170fcd494 "HTTP/1.1 200 OK"
2025-09-05 13:13:34,353 - libs.drift.client - WARNING - [ORDERBOOK] DLOB fallback failed: Cannot get oracle price data for DLOB
2025-09-05 13:13:36,357 - libs.drift.client - INFO - User account initialized
2025-09-05 13:13:36,357 - libs.drift.client - INFO - Drift client ready with user account
2025-09-05 13:13:36,643 - httpx - INFO - HTTP Request: POST https://devnet.helius-rpc.com/?api-key=2728d54b-ce26-4696-bb4d-dc8170fcd494 "HTTP/1.1 200 OK"
2025-09-05 13:13:36,644 - libs.drift.client - WARNING - [ORDERBOOK] DLOB fallback failed: Cannot get oracle price data for DLOB
2025-09-05 13:13:38,663 - libs.drift.client - INFO - User account initialized
2025-09-05 13:13:38,663 - libs.drift.client - INFO - Drift client ready with user account
2025-09-05 13:13:38,843 - httpx - INFO - HTTP Request: POST https://devnet.helius-rpc.com/?api-key=2728d54b-ce26-4696-bb4d-dc8170fcd494 "HTTP/1.1 200 OK"
2025-09-05 13:13:38,845 - libs.drift.client - WARNING - [ORDERBOOK] DLOB fallback failed: Cannot get oracle price data for DLOB
2025-09-05 13:13:40,851 - libs.drift.client - INFO - User account initialized
2025-09-05 13:13:40,851 - libs.drift.client - INFO - Drift client ready with user account
2025-09-05 13:13:41,106 - httpx - INFO - HTTP Request: POST https://devnet.helius-rpc.com/?api-key=2728d54b-ce26-4696-bb4d-dc8170fcd494 "HTTP/1.1 200 OK"
2025-09-05 13:13:41,107 - libs.drift.client - WARNING - [ORDERBOOK] DLOB fallback failed: Cannot get oracle price data for DLOB
2025-09-05 13:13:41,108 - __main__ - INFO - ========================================
2025-09-05 13:13:41,108 - __main__ - INFO - BETA TRACKING UPDATE - Iteration 70
2025-09-05 13:13:41,108 - __main__ - INFO - Runtime: 149.6s
2025-09-05 13:13:41,108 - __main__ - INFO - Current Position: $0.00
2025-09-05 13:13:41,109 - __main__ - INFO - Total Volume: $0.00
2025-09-05 13:13:41,109 - __main__ - INFO - Current Price: $0.0000
2025-09-05 13:13:41,109 - __main__ - INFO - Price Change: +0.00%
2025-09-05 13:13:41,109 - __main__ - INFO - Open Orders: 0
2025-09-05 13:13:41,110 - __main__ - INFO - MACD Values: 0
2025-09-05 13:13:41,110 - __main__ - INFO - ========================================
2025-09-05 13:13:43,118 - libs.drift.client - INFO - User account initialized
2025-09-05 13:13:43,119 - libs.drift.client - INFO - Drift client ready with user account
2025-09-05 13:13:43,226 - httpx - INFO - HTTP Request: POST https://devnet.helius-rpc.com/?api-key=2728d54b-ce26-4696-bb4d-dc8170fcd494 "HTTP/1.1 200 OK"
2025-09-05 13:13:43,227 - libs.drift.client - WARNING - [ORDERBOOK] DLOB fallback failed: Cannot get oracle price data for DLOB
2025-09-05 13:13:45,235 - libs.drift.client - INFO - User account initialized
2025-09-05 13:13:45,235 - libs.drift.client - INFO - Drift client ready with user account
2025-09-05 13:13:45,399 - httpx - INFO - HTTP Request: POST https://devnet.helius-rpc.com/?api-key=2728d54b-ce26-4696-bb4d-dc8170fcd494 "HTTP/1.1 200 OK"
2025-09-05 13:13:45,401 - libs.drift.client - WARNING - [ORDERBOOK] DLOB fallback failed: Cannot get oracle price data for DLOB
2025-09-05 13:13:47,398 - libs.drift.client - INFO - User account initialized
2025-09-05 13:13:47,399 - libs.drift.client - INFO - Drift client ready with user account
2025-09-05 13:13:47,585 - httpx - INFO - HTTP Request: POST https://devnet.helius-rpc.com/?api-key=2728d54b-ce26-4696-bb4d-dc8170fcd494 "HTTP/1.1 200 OK"
2025-09-05 13:13:47,586 - libs.drift.client - WARNING - [ORDERBOOK] DLOB fallback failed: Cannot get oracle price data for DLOB
2025-09-05 13:13:49,592 - libs.drift.client - INFO - User account initialized
2025-09-05 13:13:49,592 - libs.drift.client - INFO - Drift client ready with user account
2025-09-05 13:13:49,778 - httpx - INFO - HTTP Request: POST https://devnet.helius-rpc.com/?api-key=2728d54b-ce26-4696-bb4d-dc8170fcd494 "HTTP/1.1 200 OK"
2025-09-05 13:13:49,779 - libs.drift.client - WARNING - [ORDERBOOK] DLOB fallback failed: Cannot get oracle price data for DLOB
2025-09-05 13:13:51,790 - libs.drift.client - INFO - User account initialized
2025-09-05 13:13:51,791 - libs.drift.client - INFO - Drift client ready with user account
2025-09-05 13:13:51,929 - httpx - INFO - HTTP Request: POST https://devnet.helius-rpc.com/?api-key=2728d54b-ce26-4696-bb4d-dc8170fcd494 "HTTP/1.1 200 OK"
2025-09-05 13:13:51,930 - libs.drift.client - WARNING - [ORDERBOOK] DLOB fallback failed: Cannot get oracle price data for DLOB
2025-09-05 13:13:51,931 - __main__ - INFO - ========================================
2025-09-05 13:13:51,931 - __main__ - INFO - BETA TRACKING UPDATE - Iteration 75
2025-09-05 13:13:51,932 - __main__ - INFO - Runtime: 160.4s
2025-09-05 13:13:51,932 - __main__ - INFO - Current Position: $0.00
2025-09-05 13:13:51,932 - __main__ - INFO - Total Volume: $0.00
2025-09-05 13:13:51,933 - __main__ - INFO - Current Price: $0.0000
2025-09-05 13:13:51,933 - __main__ - INFO - Price Change: +0.00%
2025-09-05 13:13:51,933 - __main__ - INFO - Open Orders: 0
2025-09-05 13:13:51,933 - __main__ - INFO - MACD Values: 0
2025-09-05 13:13:51,934 - __main__ - INFO - ========================================
2025-09-05 13:13:53,946 - libs.drift.client - INFO - User account initialized
2025-09-05 13:13:53,948 - libs.drift.client - INFO - Drift client ready with user account
2025-09-05 13:13:54,133 - httpx - INFO - HTTP Request: POST https://devnet.helius-rpc.com/?api-key=2728d54b-ce26-4696-bb4d-dc8170fcd494 "HTTP/1.1 200 OK"
2025-09-05 13:13:54,135 - libs.drift.client - WARNING - [ORDERBOOK] DLOB fallback failed: Cannot get oracle price data for DLOB
2025-09-05 13:13:56,136 - libs.drift.client - INFO - User account initialized
2025-09-05 13:13:56,136 - libs.drift.client - INFO - Drift client ready with user account
2025-09-05 13:13:56,441 - httpx - INFO - HTTP Request: POST https://devnet.helius-rpc.com/?api-key=2728d54b-ce26-4696-bb4d-dc8170fcd494 "HTTP/1.1 200 OK"
2025-09-05 13:13:56,442 - libs.drift.client - WARNING - [ORDERBOOK] DLOB fallback failed: Cannot get oracle price data for DLOB
2025-09-05 13:13:58,463 - libs.drift.client - INFO - User account initialized
2025-09-05 13:13:58,463 - libs.drift.client - INFO - Drift client ready with user account
2025-09-05 13:13:58,565 - httpx - INFO - HTTP Request: POST https://devnet.helius-rpc.com/?api-key=2728d54b-ce26-4696-bb4d-dc8170fcd494 "HTTP/1.1 200 OK"
2025-09-05 13:13:58,567 - libs.drift.client - WARNING - [ORDERBOOK] DLOB fallback failed: Cannot get oracle price data for DLOB
2025-09-05 13:14:00,566 - libs.drift.client - INFO - User account initialized
2025-09-05 13:14:00,567 - libs.drift.client - INFO - Drift client ready with user account
2025-09-05 13:14:00,857 - httpx - INFO - HTTP Request: POST https://devnet.helius-rpc.com/?api-key=2728d54b-ce26-4696-bb4d-dc8170fcd494 "HTTP/1.1 200 OK"
2025-09-05 13:14:00,858 - libs.drift.client - WARNING - [ORDERBOOK] DLOB fallback failed: Cannot get oracle price data for DLOB
2025-09-05 13:14:02,871 - libs.drift.client - INFO - User account initialized
2025-09-05 13:14:02,872 - libs.drift.client - INFO - Drift client ready with user account
2025-09-05 13:14:02,958 - httpx - INFO - HTTP Request: POST https://devnet.helius-rpc.com/?api-key=2728d54b-ce26-4696-bb4d-dc8170fcd494 "HTTP/1.1 200 OK"
2025-09-05 13:14:02,960 - libs.drift.client - WARNING - [ORDERBOOK] DLOB fallback failed: Cannot get oracle price data for DLOB
2025-09-05 13:14:02,960 - __main__ - INFO - ========================================
2025-09-05 13:14:02,961 - __main__ - INFO - BETA TRACKING UPDATE - Iteration 80
2025-09-05 13:14:02,961 - __main__ - INFO - Runtime: 171.5s
2025-09-05 13:14:02,961 - __main__ - INFO - Current Position: $0.00
2025-09-05 13:14:02,962 - __main__ - INFO - Total Volume: $0.00
2025-09-05 13:14:02,962 - __main__ - INFO - Current Price: $0.0000
2025-09-05 13:14:02,963 - __main__ - INFO - Price Change: +0.00%
2025-09-05 13:14:02,963 - __main__ - INFO - Open Orders: 0
2025-09-05 13:14:02,964 - __main__ - INFO - MACD Values: 0
2025-09-05 13:14:02,964 - __main__ - INFO - ========================================
2025-09-05 13:14:02,964 - __main__ - INFO - DETAILED BETA ANALYSIS
2025-09-05 13:14:02,965 - __main__ - INFO -    - MACD Fast EMA: 0.0000
2025-09-05 13:14:02,965 - __main__ - INFO -    - MACD Slow EMA: 0.0000
2025-09-05 13:14:02,965 - __main__ - INFO -    - MACD Signal: 0.0000
2025-09-05 13:14:02,966 - __main__ - INFO -    - Current MACD: 0.0000
2025-09-05 13:14:02,966 - __main__ - INFO -    - Price History: 0 points
2025-09-05 13:14:02,967 - __main__ - INFO -    - Risk State: 0.00% drawdown
2025-09-05 13:14:04,967 - libs.drift.client - INFO - User account initialized
2025-09-05 13:14:04,968 - libs.drift.client - INFO - Drift client ready with user account
2025-09-05 13:14:05,082 - httpx - INFO - HTTP Request: POST https://devnet.helius-rpc.com/?api-key=2728d54b-ce26-4696-bb4d-dc8170fcd494 "HTTP/1.1 200 OK"
2025-09-05 13:14:05,084 - libs.drift.client - WARNING - [ORDERBOOK] DLOB fallback failed: Cannot get oracle price data for DLOB
2025-09-05 13:14:07,080 - libs.drift.client - INFO - User account initialized
2025-09-05 13:14:07,081 - libs.drift.client - INFO - Drift client ready with user account
2025-09-05 13:14:07,181 - httpx - INFO - HTTP Request: POST https://devnet.helius-rpc.com/?api-key=2728d54b-ce26-4696-bb4d-dc8170fcd494 "HTTP/1.1 200 OK"
2025-09-05 13:14:07,182 - libs.drift.client - WARNING - [ORDERBOOK] DLOB fallback failed: Cannot get oracle price data for DLOB
2025-09-05 13:14:09,188 - libs.drift.client - INFO - User account initialized
2025-09-05 13:14:09,189 - libs.drift.client - INFO - Drift client ready with user account
2025-09-05 13:14:09,359 - httpx - INFO - HTTP Request: POST https://devnet.helius-rpc.com/?api-key=2728d54b-ce26-4696-bb4d-dc8170fcd494 "HTTP/1.1 200 OK"
2025-09-05 13:14:09,361 - libs.drift.client - WARNING - [ORDERBOOK] DLOB fallback failed: Cannot get oracle price data for DLOB
2025-09-05 13:14:11,368 - libs.drift.client - INFO - User account initialized
2025-09-05 13:14:11,369 - libs.drift.client - INFO - Drift client ready with user account
2025-09-05 13:14:11,695 - httpx - INFO - HTTP Request: POST https://devnet.helius-rpc.com/?api-key=2728d54b-ce26-4696-bb4d-dc8170fcd494 "HTTP/1.1 200 OK"
2025-09-05 13:14:11,697 - libs.drift.client - WARNING - [ORDERBOOK] DLOB fallback failed: Cannot get oracle price data for DLOB
2025-09-05 13:14:13,684 - libs.drift.client - INFO - User account initialized
2025-09-05 13:14:13,685 - libs.drift.client - INFO - Drift client ready with user account
2025-09-05 13:14:13,874 - httpx - INFO - HTTP Request: POST https://devnet.helius-rpc.com/?api-key=2728d54b-ce26-4696-bb4d-dc8170fcd494 "HTTP/1.1 200 OK"
2025-09-05 13:14:13,875 - libs.drift.client - WARNING - [ORDERBOOK] DLOB fallback failed: Cannot get oracle price data for DLOB
2025-09-05 13:14:13,876 - __main__ - INFO - ========================================
2025-09-05 13:14:13,876 - __main__ - INFO - BETA TRACKING UPDATE - Iteration 85
2025-09-05 13:14:13,877 - __main__ - INFO - Runtime: 182.4s
2025-09-05 13:14:13,877 - __main__ - INFO - Current Position: $0.00
2025-09-05 13:14:13,878 - __main__ - INFO - Total Volume: $0.00
2025-09-05 13:14:13,878 - __main__ - INFO - Current Price: $0.0000
2025-09-05 13:14:13,878 - __main__ - INFO - Price Change: +0.00%
2025-09-05 13:14:13,879 - __main__ - INFO - Open Orders: 0
2025-09-05 13:14:13,879 - __main__ - INFO - MACD Values: 0
2025-09-05 13:14:13,880 - __main__ - INFO - ========================================
2025-09-05 13:14:15,897 - libs.drift.client - INFO - User account initialized
2025-09-05 13:14:15,898 - libs.drift.client - INFO - Drift client ready with user account
2025-09-05 13:14:15,995 - httpx - INFO - HTTP Request: POST https://devnet.helius-rpc.com/?api-key=2728d54b-ce26-4696-bb4d-dc8170fcd494 "HTTP/1.1 200 OK"
2025-09-05 13:14:15,998 - libs.drift.client - WARNING - [ORDERBOOK] DLOB fallback failed: Cannot get oracle price data for DLOB
2025-09-05 13:14:18,011 - libs.drift.client - INFO - User account initialized
2025-09-05 13:14:18,011 - libs.drift.client - INFO - Drift client ready with user account
2025-09-05 13:14:18,094 - httpx - INFO - HTTP Request: POST https://devnet.helius-rpc.com/?api-key=2728d54b-ce26-4696-bb4d-dc8170fcd494 "HTTP/1.1 200 OK"
2025-09-05 13:14:18,095 - libs.drift.client - WARNING - [ORDERBOOK] DLOB fallback failed: Cannot get oracle price data for DLOB
2025-09-05 13:14:20,108 - libs.drift.client - INFO - User account initialized
2025-09-05 13:14:20,109 - libs.drift.client - INFO - Drift client ready with user account
2025-09-05 13:14:20,218 - httpx - INFO - HTTP Request: POST https://devnet.helius-rpc.com/?api-key=2728d54b-ce26-4696-bb4d-dc8170fcd494 "HTTP/1.1 200 OK"
2025-09-05 13:14:20,220 - libs.drift.client - WARNING - [ORDERBOOK] DLOB fallback failed: Cannot get oracle price data for DLOB
2025-09-05 13:14:22,232 - libs.drift.client - INFO - User account initialized
2025-09-05 13:14:22,232 - libs.drift.client - INFO - Drift client ready with user account
2025-09-05 13:14:22,336 - httpx - INFO - HTTP Request: POST https://devnet.helius-rpc.com/?api-key=2728d54b-ce26-4696-bb4d-dc8170fcd494 "HTTP/1.1 200 OK"
2025-09-05 13:14:22,337 - libs.drift.client - WARNING - [ORDERBOOK] DLOB fallback failed: Cannot get oracle price data for DLOB
2025-09-05 13:14:24,310 - libs.drift.client - INFO - User account initialized
2025-09-05 13:14:24,311 - libs.drift.client - INFO - Drift client ready with user account
2025-09-05 13:14:24,460 - httpx - INFO - HTTP Request: POST https://devnet.helius-rpc.com/?api-key=2728d54b-ce26-4696-bb4d-dc8170fcd494 "HTTP/1.1 200 OK"
2025-09-05 13:14:24,461 - libs.drift.client - WARNING - [ORDERBOOK] DLOB fallback failed: Cannot get oracle price data for DLOB
2025-09-05 13:14:24,462 - __main__ - INFO - ========================================
2025-09-05 13:14:24,462 - __main__ - INFO - BETA TRACKING UPDATE - Iteration 90
2025-09-05 13:14:24,462 - __main__ - INFO - Runtime: 193.0s
2025-09-05 13:14:24,462 - __main__ - INFO - Current Position: $0.00
2025-09-05 13:14:24,463 - __main__ - INFO - Total Volume: $0.00
2025-09-05 13:14:24,463 - __main__ - INFO - Current Price: $0.0000
2025-09-05 13:14:24,463 - __main__ - INFO - Price Change: +0.00%
2025-09-05 13:14:24,464 - __main__ - INFO - Open Orders: 0
2025-09-05 13:14:24,464 - __main__ - INFO - MACD Values: 0
2025-09-05 13:14:24,464 - __main__ - INFO - ========================================
2025-09-05 13:14:26,466 - libs.drift.client - INFO - User account initialized
2025-09-05 13:14:26,466 - libs.drift.client - INFO - Drift client ready with user account
2025-09-05 13:14:26,568 - httpx - INFO - HTTP Request: POST https://devnet.helius-rpc.com/?api-key=2728d54b-ce26-4696-bb4d-dc8170fcd494 "HTTP/1.1 200 OK"
2025-09-05 13:14:26,569 - libs.drift.client - WARNING - [ORDERBOOK] DLOB fallback failed: Cannot get oracle price data for DLOB
2025-09-05 13:14:28,576 - libs.drift.client - INFO - User account initialized
2025-09-05 13:14:28,576 - libs.drift.client - INFO - Drift client ready with user account
2025-09-05 13:14:29,093 - httpx - INFO - HTTP Request: POST https://devnet.helius-rpc.com/?api-key=2728d54b-ce26-4696-bb4d-dc8170fcd494 "HTTP/1.1 200 OK"
2025-09-05 13:14:29,095 - libs.drift.client - WARNING - [ORDERBOOK] DLOB fallback failed: Cannot get oracle price data for DLOB
2025-09-05 13:14:31,100 - libs.drift.client - INFO - User account initialized
2025-09-05 13:14:31,100 - libs.drift.client - INFO - Drift client ready with user account
2025-09-05 13:14:31,277 - httpx - INFO - HTTP Request: POST https://devnet.helius-rpc.com/?api-key=2728d54b-ce26-4696-bb4d-dc8170fcd494 "HTTP/1.1 200 OK"
2025-09-05 13:14:31,278 - libs.drift.client - WARNING - [ORDERBOOK] DLOB fallback failed: Cannot get oracle price data for DLOB
2025-09-05 13:14:33,278 - libs.drift.client - INFO - User account initialized
2025-09-05 13:14:33,279 - libs.drift.client - INFO - Drift client ready with user account
2025-09-05 13:14:33,450 - httpx - INFO - HTTP Request: POST https://devnet.helius-rpc.com/?api-key=2728d54b-ce26-4696-bb4d-dc8170fcd494 "HTTP/1.1 200 OK"
2025-09-05 13:14:33,451 - libs.drift.client - WARNING - [ORDERBOOK] DLOB fallback failed: Cannot get oracle price data for DLOB
2025-09-05 13:14:35,465 - libs.drift.client - INFO - User account initialized
2025-09-05 13:14:35,465 - libs.drift.client - INFO - Drift client ready with user account
2025-09-05 13:14:35,618 - httpx - INFO - HTTP Request: POST https://devnet.helius-rpc.com/?api-key=2728d54b-ce26-4696-bb4d-dc8170fcd494 "HTTP/1.1 200 OK"
2025-09-05 13:14:35,619 - libs.drift.client - WARNING - [ORDERBOOK] DLOB fallback failed: Cannot get oracle price data for DLOB
2025-09-05 13:14:35,621 - __main__ - INFO - ========================================
2025-09-05 13:14:35,621 - __main__ - INFO - BETA TRACKING UPDATE - Iteration 95
2025-09-05 13:14:35,621 - __main__ - INFO - Runtime: 204.1s
2025-09-05 13:14:35,621 - __main__ - INFO - Current Position: $0.00
2025-09-05 13:14:35,621 - __main__ - INFO - Total Volume: $0.00
2025-09-05 13:14:35,621 - __main__ - INFO - Current Price: $0.0000
2025-09-05 13:14:35,622 - __main__ - INFO - Price Change: +0.00%
2025-09-05 13:14:35,622 - __main__ - INFO - Open Orders: 0
2025-09-05 13:14:35,622 - __main__ - INFO - MACD Values: 0
2025-09-05 13:14:35,622 - __main__ - INFO - ========================================
2025-09-05 13:14:37,623 - libs.drift.client - INFO - User account initialized
2025-09-05 13:14:37,623 - libs.drift.client - INFO - Drift client ready with user account
2025-09-05 13:14:37,748 - httpx - INFO - HTTP Request: POST https://devnet.helius-rpc.com/?api-key=2728d54b-ce26-4696-bb4d-dc8170fcd494 "HTTP/1.1 200 OK"
2025-09-05 13:14:37,749 - libs.drift.client - WARNING - [ORDERBOOK] DLOB fallback failed: Cannot get oracle price data for DLOB
2025-09-05 13:14:39,750 - libs.drift.client - INFO - User account initialized
2025-09-05 13:14:39,750 - libs.drift.client - INFO - Drift client ready with user account
2025-09-05 13:14:39,945 - httpx - INFO - HTTP Request: POST https://devnet.helius-rpc.com/?api-key=2728d54b-ce26-4696-bb4d-dc8170fcd494 "HTTP/1.1 200 OK"
2025-09-05 13:14:39,947 - libs.drift.client - WARNING - [ORDERBOOK] DLOB fallback failed: Cannot get oracle price data for DLOB
2025-09-05 13:14:41,943 - libs.drift.client - INFO - User account initialized
2025-09-05 13:14:41,944 - libs.drift.client - INFO - Drift client ready with user account
2025-09-05 13:14:42,127 - httpx - INFO - HTTP Request: POST https://devnet.helius-rpc.com/?api-key=2728d54b-ce26-4696-bb4d-dc8170fcd494 "HTTP/1.1 200 OK"
2025-09-05 13:14:42,129 - libs.drift.client - WARNING - [ORDERBOOK] DLOB fallback failed: Cannot get oracle price data for DLOB
2025-09-05 13:14:44,139 - libs.drift.client - INFO - User account initialized
2025-09-05 13:14:44,140 - libs.drift.client - INFO - Drift client ready with user account
2025-09-05 13:14:44,309 - httpx - INFO - HTTP Request: POST https://devnet.helius-rpc.com/?api-key=2728d54b-ce26-4696-bb4d-dc8170fcd494 "HTTP/1.1 200 OK"
2025-09-05 13:14:44,310 - libs.drift.client - WARNING - [ORDERBOOK] DLOB fallback failed: Cannot get oracle price data for DLOB
2025-09-05 13:14:46,332 - libs.drift.client - INFO - User account initialized
2025-09-05 13:14:46,332 - libs.drift.client - INFO - Drift client ready with user account
2025-09-05 13:14:46,728 - httpx - INFO - HTTP Request: POST https://devnet.helius-rpc.com/?api-key=2728d54b-ce26-4696-bb4d-dc8170fcd494 "HTTP/1.1 200 OK"
2025-09-05 13:14:46,735 - libs.drift.client - WARNING - [ORDERBOOK] DLOB fallback failed: Cannot get oracle price data for DLOB
2025-09-05 13:14:46,736 - __main__ - INFO - ========================================
2025-09-05 13:14:46,736 - __main__ - INFO - BETA TRACKING UPDATE - Iteration 100
2025-09-05 13:14:46,737 - __main__ - INFO - Runtime: 215.2s
2025-09-05 13:14:46,737 - __main__ - INFO - Current Position: $0.00
2025-09-05 13:14:46,737 - __main__ - INFO - Total Volume: $0.00
2025-09-05 13:14:46,737 - __main__ - INFO - Current Price: $0.0000
2025-09-05 13:14:46,738 - __main__ - INFO - Price Change: +0.00%
2025-09-05 13:14:46,738 - __main__ - INFO - Open Orders: 0
2025-09-05 13:14:46,739 - __main__ - INFO - MACD Values: 0
2025-09-05 13:14:46,739 - __main__ - INFO - ========================================
2025-09-05 13:14:46,739 - __main__ - INFO - DETAILED BETA ANALYSIS
2025-09-05 13:14:46,740 - __main__ - INFO -    - MACD Fast EMA: 0.0000
2025-09-05 13:14:46,740 - __main__ - INFO -    - MACD Slow EMA: 0.0000
2025-09-05 13:14:46,740 - __main__ - INFO -    - MACD Signal: 0.0000
2025-09-05 13:14:46,740 - __main__ - INFO -    - Current MACD: 0.0000
2025-09-05 13:14:46,741 - __main__ - INFO -    - Price History: 0 points
2025-09-05 13:14:46,742 - __main__ - INFO -    - Risk State: 0.00% drawdown
2025-09-05 13:14:48,751 - libs.drift.client - INFO - User account initialized
2025-09-05 13:14:48,751 - libs.drift.client - INFO - Drift client ready with user account
2025-09-05 13:14:48,920 - httpx - INFO - HTTP Request: POST https://devnet.helius-rpc.com/?api-key=2728d54b-ce26-4696-bb4d-dc8170fcd494 "HTTP/1.1 200 OK"
2025-09-05 13:14:48,922 - libs.drift.client - WARNING - [ORDERBOOK] DLOB fallback failed: Cannot get oracle price data for DLOB
2025-09-05 13:14:50,934 - libs.drift.client - INFO - User account initialized
2025-09-05 13:14:50,934 - libs.drift.client - INFO - Drift client ready with user account
2025-09-05 13:14:51,018 - httpx - INFO - HTTP Request: POST https://devnet.helius-rpc.com/?api-key=2728d54b-ce26-4696-bb4d-dc8170fcd494 "HTTP/1.1 200 OK"
2025-09-05 13:14:51,019 - libs.drift.client - WARNING - [ORDERBOOK] DLOB fallback failed: Cannot get oracle price data for DLOB
2025-09-05 13:14:53,017 - libs.drift.client - INFO - User account initialized
2025-09-05 13:14:53,018 - libs.drift.client - INFO - Drift client ready with user account
2025-09-05 13:14:53,250 - httpx - INFO - HTTP Request: POST https://devnet.helius-rpc.com/?api-key=2728d54b-ce26-4696-bb4d-dc8170fcd494 "HTTP/1.1 200 OK"
2025-09-05 13:14:53,252 - libs.drift.client - WARNING - [ORDERBOOK] DLOB fallback failed: Cannot get oracle price data for DLOB
2025-09-05 13:14:55,260 - libs.drift.client - INFO - User account initialized
2025-09-05 13:14:55,261 - libs.drift.client - INFO - Drift client ready with user account
2025-09-05 13:14:55,393 - httpx - INFO - HTTP Request: POST https://devnet.helius-rpc.com/?api-key=2728d54b-ce26-4696-bb4d-dc8170fcd494 "HTTP/1.1 200 OK"
2025-09-05 13:14:55,396 - libs.drift.client - WARNING - [ORDERBOOK] DLOB fallback failed: Cannot get oracle price data for DLOB
2025-09-05 13:14:57,401 - libs.drift.client - INFO - User account initialized
2025-09-05 13:14:57,402 - libs.drift.client - INFO - Drift client ready with user account
2025-09-05 13:14:57,491 - httpx - INFO - HTTP Request: POST https://devnet.helius-rpc.com/?api-key=2728d54b-ce26-4696-bb4d-dc8170fcd494 "HTTP/1.1 200 OK"
2025-09-05 13:14:57,493 - libs.drift.client - WARNING - [ORDERBOOK] DLOB fallback failed: Cannot get oracle price data for DLOB
2025-09-05 13:14:57,494 - __main__ - INFO - ========================================
2025-09-05 13:14:57,495 - __main__ - INFO - BETA TRACKING UPDATE - Iteration 105
2025-09-05 13:14:57,495 - __main__ - INFO - Runtime: 226.0s
2025-09-05 13:14:57,496 - __main__ - INFO - Current Position: $0.00
2025-09-05 13:14:57,496 - __main__ - INFO - Total Volume: $0.00
2025-09-05 13:14:57,496 - __main__ - INFO - Current Price: $0.0000
2025-09-05 13:14:57,497 - __main__ - INFO - Price Change: +0.00%
2025-09-05 13:14:57,498 - __main__ - INFO - Open Orders: 0
2025-09-05 13:14:57,498 - __main__ - INFO - MACD Values: 0
2025-09-05 13:14:57,499 - __main__ - INFO - ========================================
2025-09-05 13:14:59,522 - libs.drift.client - INFO - User account initialized
2025-09-05 13:14:59,523 - libs.drift.client - INFO - Drift client ready with user account
2025-09-05 13:14:59,609 - httpx - INFO - HTTP Request: POST https://devnet.helius-rpc.com/?api-key=2728d54b-ce26-4696-bb4d-dc8170fcd494 "HTTP/1.1 200 OK"
2025-09-05 13:14:59,610 - libs.drift.client - WARNING - [ORDERBOOK] DLOB fallback failed: Cannot get oracle price data for DLOB
2025-09-05 13:15:01,632 - libs.drift.client - INFO - User account initialized
2025-09-05 13:15:01,632 - libs.drift.client - INFO - Drift client ready with user account
2025-09-05 13:15:01,706 - httpx - INFO - HTTP Request: POST https://devnet.helius-rpc.com/?api-key=2728d54b-ce26-4696-bb4d-dc8170fcd494 "HTTP/1.1 200 OK"
2025-09-05 13:15:01,708 - libs.drift.client - WARNING - [ORDERBOOK] DLOB fallback failed: Cannot get oracle price data for DLOB
2025-09-05 13:15:03,712 - libs.drift.client - INFO - User account initialized
2025-09-05 13:15:03,714 - libs.drift.client - INFO - Drift client ready with user account
2025-09-05 13:15:03,993 - httpx - INFO - HTTP Request: POST https://devnet.helius-rpc.com/?api-key=2728d54b-ce26-4696-bb4d-dc8170fcd494 "HTTP/1.1 200 OK"
2025-09-05 13:15:03,995 - libs.drift.client - WARNING - [ORDERBOOK] DLOB fallback failed: Cannot get oracle price data for DLOB
2025-09-05 13:15:05,986 - libs.drift.client - INFO - User account initialized
2025-09-05 13:15:05,987 - libs.drift.client - INFO - Drift client ready with user account
2025-09-05 13:15:06,090 - httpx - INFO - HTTP Request: POST https://devnet.helius-rpc.com/?api-key=2728d54b-ce26-4696-bb4d-dc8170fcd494 "HTTP/1.1 200 OK"
2025-09-05 13:15:06,091 - libs.drift.client - WARNING - [ORDERBOOK] DLOB fallback failed: Cannot get oracle price data for DLOB
2025-09-05 13:15:08,108 - libs.drift.client - INFO - User account initialized
2025-09-05 13:15:08,109 - libs.drift.client - INFO - Drift client ready with user account
2025-09-05 13:15:08,234 - httpx - INFO - HTTP Request: POST https://devnet.helius-rpc.com/?api-key=2728d54b-ce26-4696-bb4d-dc8170fcd494 "HTTP/1.1 200 OK"
2025-09-05 13:15:08,235 - libs.drift.client - WARNING - [ORDERBOOK] DLOB fallback failed: Cannot get oracle price data for DLOB
2025-09-05 13:15:08,236 - __main__ - INFO - ========================================
2025-09-05 13:15:08,236 - __main__ - INFO - BETA TRACKING UPDATE - Iteration 110
2025-09-05 13:15:08,237 - __main__ - INFO - Runtime: 236.7s
2025-09-05 13:15:08,237 - __main__ - INFO - Current Position: $0.00
2025-09-05 13:15:08,238 - __main__ - INFO - Total Volume: $0.00
2025-09-05 13:15:08,238 - __main__ - INFO - Current Price: $0.0000
2025-09-05 13:15:08,239 - __main__ - INFO - Price Change: +0.00%
2025-09-05 13:15:08,239 - __main__ - INFO - Open Orders: 0
2025-09-05 13:15:08,240 - __main__ - INFO - MACD Values: 0
2025-09-05 13:15:08,240 - __main__ - INFO - ========================================
2025-09-05 13:15:10,240 - libs.drift.client - INFO - User account initialized
2025-09-05 13:15:10,241 - libs.drift.client - INFO - Drift client ready with user account
2025-09-05 13:15:10,327 - httpx - INFO - HTTP Request: POST https://devnet.helius-rpc.com/?api-key=2728d54b-ce26-4696-bb4d-dc8170fcd494 "HTTP/1.1 200 OK"
2025-09-05 13:15:10,329 - libs.drift.client - WARNING - [ORDERBOOK] DLOB fallback failed: Cannot get oracle price data for DLOB
2025-09-05 13:15:12,344 - libs.drift.client - INFO - User account initialized
2025-09-05 13:15:12,344 - libs.drift.client - INFO - Drift client ready with user account
2025-09-05 13:15:12,443 - httpx - INFO - HTTP Request: POST https://devnet.helius-rpc.com/?api-key=2728d54b-ce26-4696-bb4d-dc8170fcd494 "HTTP/1.1 200 OK"
2025-09-05 13:15:12,444 - libs.drift.client - WARNING - [ORDERBOOK] DLOB fallback failed: Cannot get oracle price data for DLOB
2025-09-05 13:15:14,451 - libs.drift.client - INFO - User account initialized
2025-09-05 13:15:14,452 - libs.drift.client - INFO - Drift client ready with user account
2025-09-05 13:15:14,557 - httpx - INFO - HTTP Request: POST https://devnet.helius-rpc.com/?api-key=2728d54b-ce26-4696-bb4d-dc8170fcd494 "HTTP/1.1 200 OK"
2025-09-05 13:15:14,560 - libs.drift.client - WARNING - [ORDERBOOK] DLOB fallback failed: Cannot get oracle price data for DLOB
2025-09-05 13:15:16,575 - libs.drift.client - INFO - User account initialized
2025-09-05 13:15:16,576 - libs.drift.client - INFO - Drift client ready with user account
2025-09-05 13:15:16,824 - httpx - INFO - HTTP Request: POST https://devnet.helius-rpc.com/?api-key=2728d54b-ce26-4696-bb4d-dc8170fcd494 "HTTP/1.1 200 OK"
2025-09-05 13:15:16,825 - libs.drift.client - WARNING - [ORDERBOOK] DLOB fallback failed: Cannot get oracle price data for DLOB
2025-09-05 13:15:18,843 - libs.drift.client - INFO - User account initialized
2025-09-05 13:15:18,843 - libs.drift.client - INFO - Drift client ready with user account
2025-09-05 13:15:19,124 - httpx - INFO - HTTP Request: POST https://devnet.helius-rpc.com/?api-key=2728d54b-ce26-4696-bb4d-dc8170fcd494 "HTTP/1.1 200 OK"
2025-09-05 13:15:19,125 - libs.drift.client - WARNING - [ORDERBOOK] DLOB fallback failed: Cannot get oracle price data for DLOB
2025-09-05 13:15:19,125 - __main__ - INFO - ========================================
2025-09-05 13:15:19,126 - __main__ - INFO - BETA TRACKING UPDATE - Iteration 115
2025-09-05 13:15:19,126 - __main__ - INFO - Runtime: 247.6s
2025-09-05 13:15:19,126 - __main__ - INFO - Current Position: $0.00
2025-09-05 13:15:19,126 - __main__ - INFO - Total Volume: $0.00
2025-09-05 13:15:19,126 - __main__ - INFO - Current Price: $0.0000
2025-09-05 13:15:19,127 - __main__ - INFO - Price Change: +0.00%
2025-09-05 13:15:19,127 - __main__ - INFO - Open Orders: 0
2025-09-05 13:15:19,128 - __main__ - INFO - MACD Values: 0
2025-09-05 13:15:19,128 - __main__ - INFO - ========================================
2025-09-05 13:15:21,130 - libs.drift.client - INFO - User account initialized
2025-09-05 13:15:21,130 - libs.drift.client - INFO - Drift client ready with user account
2025-09-05 13:15:21,265 - httpx - INFO - HTTP Request: POST https://devnet.helius-rpc.com/?api-key=2728d54b-ce26-4696-bb4d-dc8170fcd494 "HTTP/1.1 200 OK"
2025-09-05 13:15:21,266 - libs.drift.client - WARNING - [ORDERBOOK] DLOB fallback failed: Cannot get oracle price data for DLOB
2025-09-05 13:15:23,264 - libs.drift.client - INFO - User account initialized
2025-09-05 13:15:23,264 - libs.drift.client - INFO - Drift client ready with user account
2025-09-05 13:15:23,514 - httpx - INFO - HTTP Request: POST https://devnet.helius-rpc.com/?api-key=2728d54b-ce26-4696-bb4d-dc8170fcd494 "HTTP/1.1 200 OK"
2025-09-05 13:15:23,516 - libs.drift.client - WARNING - [ORDERBOOK] DLOB fallback failed: Cannot get oracle price data for DLOB
2025-09-05 13:15:25,535 - libs.drift.client - INFO - User account initialized
2025-09-05 13:15:25,536 - libs.drift.client - INFO - Drift client ready with user account
2025-09-05 13:15:25,664 - httpx - INFO - HTTP Request: POST https://devnet.helius-rpc.com/?api-key=2728d54b-ce26-4696-bb4d-dc8170fcd494 "HTTP/1.1 200 OK"
2025-09-05 13:15:25,665 - libs.drift.client - WARNING - [ORDERBOOK] DLOB fallback failed: Cannot get oracle price data for DLOB
2025-09-05 13:15:27,667 - libs.drift.client - INFO - User account initialized
2025-09-05 13:15:27,667 - libs.drift.client - INFO - Drift client ready with user account
2025-09-05 13:15:27,892 - httpx - INFO - HTTP Request: POST https://devnet.helius-rpc.com/?api-key=2728d54b-ce26-4696-bb4d-dc8170fcd494 "HTTP/1.1 200 OK"
2025-09-05 13:15:27,893 - libs.drift.client - WARNING - [ORDERBOOK] DLOB fallback failed: Cannot get oracle price data for DLOB
2025-09-05 13:15:29,898 - libs.drift.client - INFO - User account initialized
2025-09-05 13:15:29,898 - libs.drift.client - INFO - Drift client ready with user account
2025-09-05 13:15:30,007 - httpx - INFO - HTTP Request: POST https://devnet.helius-rpc.com/?api-key=2728d54b-ce26-4696-bb4d-dc8170fcd494 "HTTP/1.1 200 OK"
2025-09-05 13:15:30,008 - libs.drift.client - WARNING - [ORDERBOOK] DLOB fallback failed: Cannot get oracle price data for DLOB
2025-09-05 13:15:30,008 - __main__ - INFO - ========================================
2025-09-05 13:15:30,009 - __main__ - INFO - BETA TRACKING UPDATE - Iteration 120
2025-09-05 13:15:30,009 - __main__ - INFO - Runtime: 258.5s
2025-09-05 13:15:30,009 - __main__ - INFO - Current Position: $0.00
2025-09-05 13:15:30,009 - __main__ - INFO - Total Volume: $0.00
2025-09-05 13:15:30,010 - __main__ - INFO - Current Price: $0.0000
2025-09-05 13:15:30,010 - __main__ - INFO - Price Change: +0.00%
2025-09-05 13:15:30,010 - __main__ - INFO - Open Orders: 0
2025-09-05 13:15:30,011 - __main__ - INFO - MACD Values: 0
2025-09-05 13:15:30,011 - __main__ - INFO - ========================================
2025-09-05 13:15:30,011 - __main__ - INFO - DETAILED BETA ANALYSIS
2025-09-05 13:15:30,011 - __main__ - INFO -    - MACD Fast EMA: 0.0000
2025-09-05 13:15:30,011 - __main__ - INFO -    - MACD Slow EMA: 0.0000
2025-09-05 13:15:30,012 - __main__ - INFO -    - MACD Signal: 0.0000
2025-09-05 13:15:30,012 - __main__ - INFO -    - Current MACD: 0.0000
2025-09-05 13:15:30,012 - __main__ - INFO -    - Price History: 0 points
2025-09-05 13:15:30,013 - __main__ - INFO -    - Risk State: 0.00% drawdown
2025-09-05 13:15:32,030 - libs.drift.client - INFO - User account initialized
2025-09-05 13:15:32,030 - libs.drift.client - INFO - Drift client ready with user account
2025-09-05 13:15:32,171 - httpx - INFO - HTTP Request: POST https://devnet.helius-rpc.com/?api-key=2728d54b-ce26-4696-bb4d-dc8170fcd494 "HTTP/1.1 200 OK"
2025-09-05 13:15:32,173 - libs.drift.client - WARNING - [ORDERBOOK] DLOB fallback failed: Cannot get oracle price data for DLOB
2025-09-05 13:15:34,184 - libs.drift.client - INFO - User account initialized
2025-09-05 13:15:34,184 - libs.drift.client - INFO - Drift client ready with user account
2025-09-05 13:15:34,312 - httpx - INFO - HTTP Request: POST https://devnet.helius-rpc.com/?api-key=2728d54b-ce26-4696-bb4d-dc8170fcd494 "HTTP/1.1 200 OK"
2025-09-05 13:15:34,314 - libs.drift.client - WARNING - [ORDERBOOK] DLOB fallback failed: Cannot get oracle price data for DLOB
2025-09-05 13:15:36,335 - libs.drift.client - INFO - User account initialized
2025-09-05 13:15:36,336 - libs.drift.client - INFO - Drift client ready with user account
2025-09-05 13:15:36,522 - httpx - INFO - HTTP Request: POST https://devnet.helius-rpc.com/?api-key=2728d54b-ce26-4696-bb4d-dc8170fcd494 "HTTP/1.1 200 OK"
2025-09-05 13:15:36,524 - libs.drift.client - WARNING - [ORDERBOOK] DLOB fallback failed: Cannot get oracle price data for DLOB
2025-09-05 13:15:38,521 - libs.drift.client - INFO - User account initialized
2025-09-05 13:15:38,522 - libs.drift.client - INFO - Drift client ready with user account
2025-09-05 13:15:38,658 - httpx - INFO - HTTP Request: POST https://devnet.helius-rpc.com/?api-key=2728d54b-ce26-4696-bb4d-dc8170fcd494 "HTTP/1.1 200 OK"
2025-09-05 13:15:38,659 - libs.drift.client - WARNING - [ORDERBOOK] DLOB fallback failed: Cannot get oracle price data for DLOB
2025-09-05 13:15:40,669 - libs.drift.client - INFO - User account initialized
2025-09-05 13:15:40,670 - libs.drift.client - INFO - Drift client ready with user account
2025-09-05 13:15:40,811 - httpx - INFO - HTTP Request: POST https://devnet.helius-rpc.com/?api-key=2728d54b-ce26-4696-bb4d-dc8170fcd494 "HTTP/1.1 200 OK"
2025-09-05 13:15:40,813 - libs.drift.client - WARNING - [ORDERBOOK] DLOB fallback failed: Cannot get oracle price data for DLOB
2025-09-05 13:15:40,814 - __main__ - INFO - ========================================
2025-09-05 13:15:40,814 - __main__ - INFO - BETA TRACKING UPDATE - Iteration 125
2025-09-05 13:15:40,814 - __main__ - INFO - Runtime: 269.3s
2025-09-05 13:15:40,815 - __main__ - INFO - Current Position: $0.00
2025-09-05 13:15:40,815 - __main__ - INFO - Total Volume: $0.00
2025-09-05 13:15:40,816 - __main__ - INFO - Current Price: $0.0000
2025-09-05 13:15:40,816 - __main__ - INFO - Price Change: +0.00%
2025-09-05 13:15:40,816 - __main__ - INFO - Open Orders: 0
2025-09-05 13:15:40,817 - __main__ - INFO - MACD Values: 0
2025-09-05 13:15:40,817 - __main__ - INFO - ========================================
2025-09-05 13:15:42,826 - libs.drift.client - INFO - User account initialized
2025-09-05 13:15:42,826 - libs.drift.client - INFO - Drift client ready with user account
2025-09-05 13:15:43,016 - httpx - INFO - HTTP Request: POST https://devnet.helius-rpc.com/?api-key=2728d54b-ce26-4696-bb4d-dc8170fcd494 "HTTP/1.1 200 OK"
2025-09-05 13:15:43,018 - libs.drift.client - WARNING - [ORDERBOOK] DLOB fallback failed: Cannot get oracle price data for DLOB
2025-09-05 13:15:45,023 - libs.drift.client - INFO - User account initialized
2025-09-05 13:15:45,023 - libs.drift.client - INFO - Drift client ready with user account
2025-09-05 13:15:45,136 - httpx - INFO - HTTP Request: POST https://devnet.helius-rpc.com/?api-key=2728d54b-ce26-4696-bb4d-dc8170fcd494 "HTTP/1.1 200 OK"
2025-09-05 13:15:45,137 - libs.drift.client - WARNING - [ORDERBOOK] DLOB fallback failed: Cannot get oracle price data for DLOB
2025-09-05 13:15:47,149 - libs.drift.client - INFO - User account initialized
2025-09-05 13:15:47,150 - libs.drift.client - INFO - Drift client ready with user account
2025-09-05 13:15:47,271 - httpx - INFO - HTTP Request: POST https://devnet.helius-rpc.com/?api-key=2728d54b-ce26-4696-bb4d-dc8170fcd494 "HTTP/1.1 200 OK"
2025-09-05 13:15:47,273 - libs.drift.client - WARNING - [ORDERBOOK] DLOB fallback failed: Cannot get oracle price data for DLOB
2025-09-05 13:15:49,283 - libs.drift.client - INFO - User account initialized
2025-09-05 13:15:49,283 - libs.drift.client - INFO - Drift client ready with user account
2025-09-05 13:15:49,414 - httpx - INFO - HTTP Request: POST https://devnet.helius-rpc.com/?api-key=2728d54b-ce26-4696-bb4d-dc8170fcd494 "HTTP/1.1 200 OK"
2025-09-05 13:15:49,415 - libs.drift.client - WARNING - [ORDERBOOK] DLOB fallback failed: Cannot get oracle price data for DLOB
2025-09-05 13:15:51,421 - libs.drift.client - INFO - User account initialized
2025-09-05 13:15:51,421 - libs.drift.client - INFO - Drift client ready with user account
2025-09-05 13:15:51,700 - httpx - INFO - HTTP Request: POST https://devnet.helius-rpc.com/?api-key=2728d54b-ce26-4696-bb4d-dc8170fcd494 "HTTP/1.1 200 OK"
2025-09-05 13:15:51,701 - libs.drift.client - WARNING - [ORDERBOOK] DLOB fallback failed: Cannot get oracle price data for DLOB
2025-09-05 13:15:51,702 - __main__ - INFO - ========================================
2025-09-05 13:15:51,702 - __main__ - INFO - BETA TRACKING UPDATE - Iteration 130
2025-09-05 13:15:51,702 - __main__ - INFO - Runtime: 280.2s
2025-09-05 13:15:51,702 - __main__ - INFO - Current Position: $0.00
2025-09-05 13:15:51,703 - __main__ - INFO - Total Volume: $0.00
2025-09-05 13:15:51,703 - __main__ - INFO - Current Price: $0.0000
2025-09-05 13:15:51,703 - __main__ - INFO - Price Change: +0.00%
2025-09-05 13:15:51,703 - __main__ - INFO - Open Orders: 0
2025-09-05 13:15:51,704 - __main__ - INFO - MACD Values: 0
2025-09-05 13:15:51,704 - __main__ - INFO - ========================================
2025-09-05 13:15:53,693 - libs.drift.client - INFO - User account initialized
2025-09-05 13:15:53,693 - libs.drift.client - INFO - Drift client ready with user account
2025-09-05 13:15:53,933 - httpx - INFO - HTTP Request: POST https://devnet.helius-rpc.com/?api-key=2728d54b-ce26-4696-bb4d-dc8170fcd494 "HTTP/1.1 200 OK"
2025-09-05 13:15:53,934 - libs.drift.client - WARNING - [ORDERBOOK] DLOB fallback failed: Cannot get oracle price data for DLOB
2025-09-05 13:15:55,948 - libs.drift.client - INFO - User account initialized
2025-09-05 13:15:55,948 - libs.drift.client - INFO - Drift client ready with user account
2025-09-05 13:15:56,098 - httpx - INFO - HTTP Request: POST https://devnet.helius-rpc.com/?api-key=2728d54b-ce26-4696-bb4d-dc8170fcd494 "HTTP/1.1 200 OK"
2025-09-05 13:15:56,099 - libs.drift.client - WARNING - [ORDERBOOK] DLOB fallback failed: Cannot get oracle price data for DLOB
2025-09-05 13:15:58,112 - libs.drift.client - INFO - User account initialized
2025-09-05 13:15:58,112 - libs.drift.client - INFO - Drift client ready with user account
2025-09-05 13:15:58,259 - httpx - INFO - HTTP Request: POST https://devnet.helius-rpc.com/?api-key=2728d54b-ce26-4696-bb4d-dc8170fcd494 "HTTP/1.1 200 OK"
2025-09-05 13:15:58,261 - libs.drift.client - WARNING - [ORDERBOOK] DLOB fallback failed: Cannot get oracle price data for DLOB
2025-09-05 13:16:00,251 - libs.drift.client - INFO - User account initialized
2025-09-05 13:16:00,251 - libs.drift.client - INFO - Drift client ready with user account
2025-09-05 13:16:00,390 - httpx - INFO - HTTP Request: POST https://devnet.helius-rpc.com/?api-key=2728d54b-ce26-4696-bb4d-dc8170fcd494 "HTTP/1.1 200 OK"
2025-09-05 13:16:00,391 - libs.drift.client - WARNING - [ORDERBOOK] DLOB fallback failed: Cannot get oracle price data for DLOB
2025-09-05 13:16:02,393 - libs.drift.client - INFO - User account initialized
2025-09-05 13:16:02,394 - libs.drift.client - INFO - Drift client ready with user account
2025-09-05 13:16:02,509 - httpx - INFO - HTTP Request: POST https://devnet.helius-rpc.com/?api-key=2728d54b-ce26-4696-bb4d-dc8170fcd494 "HTTP/1.1 200 OK"
2025-09-05 13:16:02,510 - libs.drift.client - WARNING - [ORDERBOOK] DLOB fallback failed: Cannot get oracle price data for DLOB
2025-09-05 13:16:02,511 - __main__ - INFO - ========================================
2025-09-05 13:16:02,511 - __main__ - INFO - BETA TRACKING UPDATE - Iteration 135
2025-09-05 13:16:02,511 - __main__ - INFO - Runtime: 291.0s
2025-09-05 13:16:02,512 - __main__ - INFO - Current Position: $0.00
2025-09-05 13:16:02,512 - __main__ - INFO - Total Volume: $0.00
2025-09-05 13:16:02,512 - __main__ - INFO - Current Price: $0.0000
2025-09-05 13:16:02,512 - __main__ - INFO - Price Change: +0.00%
2025-09-05 13:16:02,513 - __main__ - INFO - Open Orders: 0
2025-09-05 13:16:02,513 - __main__ - INFO - MACD Values: 0
2025-09-05 13:16:02,513 - __main__ - INFO - ========================================
2025-09-05 13:16:04,523 - libs.drift.client - INFO - User account initialized
2025-09-05 13:16:04,523 - libs.drift.client - INFO - Drift client ready with user account
2025-09-05 13:16:04,704 - httpx - INFO - HTTP Request: POST https://devnet.helius-rpc.com/?api-key=2728d54b-ce26-4696-bb4d-dc8170fcd494 "HTTP/1.1 200 OK"
2025-09-05 13:16:04,705 - libs.drift.client - WARNING - [ORDERBOOK] DLOB fallback failed: Cannot get oracle price data for DLOB
2025-09-05 13:16:06,706 - libs.drift.client - INFO - User account initialized
2025-09-05 13:16:06,706 - libs.drift.client - INFO - Drift client ready with user account
2025-09-05 13:16:06,845 - httpx - INFO - HTTP Request: POST https://devnet.helius-rpc.com/?api-key=2728d54b-ce26-4696-bb4d-dc8170fcd494 "HTTP/1.1 200 OK"
2025-09-05 13:16:06,847 - libs.drift.client - WARNING - [ORDERBOOK] DLOB fallback failed: Cannot get oracle price data for DLOB
2025-09-05 13:16:08,865 - libs.drift.client - INFO - User account initialized
2025-09-05 13:16:08,865 - libs.drift.client - INFO - Drift client ready with user account
2025-09-05 13:16:09,109 - httpx - INFO - HTTP Request: POST https://devnet.helius-rpc.com/?api-key=2728d54b-ce26-4696-bb4d-dc8170fcd494 "HTTP/1.1 200 OK"
2025-09-05 13:16:09,111 - libs.drift.client - WARNING - [ORDERBOOK] DLOB fallback failed: Cannot get oracle price data for DLOB
2025-09-05 13:16:11,112 - libs.drift.client - INFO - User account initialized
2025-09-05 13:16:11,112 - libs.drift.client - INFO - Drift client ready with user account
2025-09-05 13:16:11,282 - httpx - INFO - HTTP Request: POST https://devnet.helius-rpc.com/?api-key=2728d54b-ce26-4696-bb4d-dc8170fcd494 "HTTP/1.1 200 OK"
2025-09-05 13:16:11,283 - libs.drift.client - WARNING - [ORDERBOOK] DLOB fallback failed: Cannot get oracle price data for DLOB
2025-09-05 13:16:13,275 - libs.drift.client - INFO - User account initialized
2025-09-05 13:16:13,276 - libs.drift.client - INFO - Drift client ready with user account
2025-09-05 13:16:13,378 - httpx - INFO - HTTP Request: POST https://devnet.helius-rpc.com/?api-key=2728d54b-ce26-4696-bb4d-dc8170fcd494 "HTTP/1.1 200 OK"
2025-09-05 13:16:13,380 - libs.drift.client - WARNING - [ORDERBOOK] DLOB fallback failed: Cannot get oracle price data for DLOB
2025-09-05 13:16:13,381 - __main__ - INFO - ========================================
2025-09-05 13:16:13,381 - __main__ - INFO - BETA TRACKING UPDATE - Iteration 140
2025-09-05 13:16:13,381 - __main__ - INFO - Runtime: 301.9s
2025-09-05 13:16:13,382 - __main__ - INFO - Current Position: $0.00
2025-09-05 13:16:13,382 - __main__ - INFO - Total Volume: $0.00
2025-09-05 13:16:13,382 - __main__ - INFO - Current Price: $0.0000
2025-09-05 13:16:13,382 - __main__ - INFO - Price Change: +0.00%
2025-09-05 13:16:13,383 - __main__ - INFO - Open Orders: 0
2025-09-05 13:16:13,383 - __main__ - INFO - MACD Values: 0
2025-09-05 13:16:13,383 - __main__ - INFO - ========================================
2025-09-05 13:16:13,383 - __main__ - INFO - DETAILED BETA ANALYSIS
2025-09-05 13:16:13,383 - __main__ - INFO -    - MACD Fast EMA: 0.0000
2025-09-05 13:16:13,384 - __main__ - INFO -    - MACD Slow EMA: 0.0000
2025-09-05 13:16:13,384 - __main__ - INFO -    - MACD Signal: 0.0000
2025-09-05 13:16:13,384 - __main__ - INFO -    - Current MACD: 0.0000
2025-09-05 13:16:13,385 - __main__ - INFO -    - Price History: 0 points
2025-09-05 13:16:13,385 - __main__ - INFO -    - Risk State: 0.00% drawdown
2025-09-05 13:16:15,394 - libs.drift.client - INFO - User account initialized
2025-09-05 13:16:15,395 - libs.drift.client - INFO - Drift client ready with user account
2025-09-05 13:16:15,498 - httpx - INFO - HTTP Request: POST https://devnet.helius-rpc.com/?api-key=2728d54b-ce26-4696-bb4d-dc8170fcd494 "HTTP/1.1 200 OK"
2025-09-05 13:16:15,499 - libs.drift.client - WARNING - [ORDERBOOK] DLOB fallback failed: Cannot get oracle price data for DLOB
2025-09-05 13:16:17,498 - libs.drift.client - INFO - User account initialized
2025-09-05 13:16:17,498 - libs.drift.client - INFO - Drift client ready with user account
2025-09-05 13:16:17,676 - httpx - INFO - HTTP Request: POST https://devnet.helius-rpc.com/?api-key=2728d54b-ce26-4696-bb4d-dc8170fcd494 "HTTP/1.1 200 OK"
2025-09-05 13:16:17,677 - libs.drift.client - WARNING - [ORDERBOOK] DLOB fallback failed: Cannot get oracle price data for DLOB
2025-09-05 13:16:19,678 - libs.drift.client - INFO - User account initialized
2025-09-05 13:16:19,678 - libs.drift.client - INFO - Drift client ready with user account
2025-09-05 13:16:19,811 - httpx - INFO - HTTP Request: POST https://devnet.helius-rpc.com/?api-key=2728d54b-ce26-4696-bb4d-dc8170fcd494 "HTTP/1.1 200 OK"
2025-09-05 13:16:19,812 - libs.drift.client - WARNING - [ORDERBOOK] DLOB fallback failed: Cannot get oracle price data for DLOB
2025-09-05 13:16:21,818 - libs.drift.client - INFO - User account initialized
2025-09-05 13:16:21,818 - libs.drift.client - INFO - Drift client ready with user account
2025-09-05 13:16:21,934 - httpx - INFO - HTTP Request: POST https://devnet.helius-rpc.com/?api-key=2728d54b-ce26-4696-bb4d-dc8170fcd494 "HTTP/1.1 200 OK"
2025-09-05 13:16:21,936 - libs.drift.client - WARNING - [ORDERBOOK] DLOB fallback failed: Cannot get oracle price data for DLOB
2025-09-05 13:16:23,955 - libs.drift.client - INFO - User account initialized
2025-09-05 13:16:23,955 - libs.drift.client - INFO - Drift client ready with user account
2025-09-05 13:16:24,058 - httpx - INFO - HTTP Request: POST https://devnet.helius-rpc.com/?api-key=2728d54b-ce26-4696-bb4d-dc8170fcd494 "HTTP/1.1 200 OK"
2025-09-05 13:16:24,059 - libs.drift.client - WARNING - [ORDERBOOK] DLOB fallback failed: Cannot get oracle price data for DLOB
2025-09-05 13:16:24,059 - __main__ - INFO - ========================================
2025-09-05 13:16:24,060 - __main__ - INFO - BETA TRACKING UPDATE - Iteration 145
2025-09-05 13:16:24,060 - __main__ - INFO - Runtime: 312.6s
2025-09-05 13:16:24,060 - __main__ - INFO - Current Position: $0.00
2025-09-05 13:16:24,061 - __main__ - INFO - Total Volume: $0.00
2025-09-05 13:16:24,061 - __main__ - INFO - Current Price: $0.0000
2025-09-05 13:16:24,061 - __main__ - INFO - Price Change: +0.00%
2025-09-05 13:16:24,061 - __main__ - INFO - Open Orders: 0
2025-09-05 13:16:24,061 - __main__ - INFO - MACD Values: 0
2025-09-05 13:16:24,062 - __main__ - INFO - ========================================
2025-09-05 13:16:26,077 - libs.drift.client - INFO - User account initialized
2025-09-05 13:16:26,077 - libs.drift.client - INFO - Drift client ready with user account
2025-09-05 13:16:26,196 - httpx - INFO - HTTP Request: POST https://devnet.helius-rpc.com/?api-key=2728d54b-ce26-4696-bb4d-dc8170fcd494 "HTTP/1.1 200 OK"
2025-09-05 13:16:26,197 - libs.drift.client - WARNING - [ORDERBOOK] DLOB fallback failed: Cannot get oracle price data for DLOB
2025-09-05 13:16:28,201 - libs.drift.client - INFO - User account initialized
2025-09-05 13:16:28,201 - libs.drift.client - INFO - Drift client ready with user account
2025-09-05 13:16:28,276 - httpx - INFO - HTTP Request: POST https://devnet.helius-rpc.com/?api-key=2728d54b-ce26-4696-bb4d-dc8170fcd494 "HTTP/1.1 200 OK"
2025-09-05 13:16:28,278 - libs.drift.client - WARNING - [ORDERBOOK] DLOB fallback failed: Cannot get oracle price data for DLOB
2025-09-05 13:16:30,299 - libs.drift.client - INFO - User account initialized
2025-09-05 13:16:30,299 - libs.drift.client - INFO - Drift client ready with user account
2025-09-05 13:16:30,372 - httpx - INFO - HTTP Request: POST https://devnet.helius-rpc.com/?api-key=2728d54b-ce26-4696-bb4d-dc8170fcd494 "HTTP/1.1 200 OK"
2025-09-05 13:16:30,373 - libs.drift.client - WARNING - [ORDERBOOK] DLOB fallback failed: Cannot get oracle price data for DLOB
2025-09-05 13:16:32,391 - libs.drift.client - INFO - User account initialized
2025-09-05 13:16:32,392 - libs.drift.client - INFO - Drift client ready with user account
2025-09-05 13:16:32,516 - httpx - INFO - HTTP Request: POST https://devnet.helius-rpc.com/?api-key=2728d54b-ce26-4696-bb4d-dc8170fcd494 "HTTP/1.1 200 OK"
2025-09-05 13:16:32,518 - libs.drift.client - WARNING - [ORDERBOOK] DLOB fallback failed: Cannot get oracle price data for DLOB
2025-09-05 13:16:34,527 - libs.drift.client - INFO - User account initialized
2025-09-05 13:16:34,527 - libs.drift.client - INFO - Drift client ready with user account
2025-09-05 13:16:34,800 - httpx - INFO - HTTP Request: POST https://devnet.helius-rpc.com/?api-key=2728d54b-ce26-4696-bb4d-dc8170fcd494 "HTTP/1.1 200 OK"
2025-09-05 13:16:34,802 - libs.drift.client - WARNING - [ORDERBOOK] DLOB fallback failed: Cannot get oracle price data for DLOB
2025-09-05 13:16:34,803 - __main__ - INFO - ========================================
2025-09-05 13:16:34,803 - __main__ - INFO - BETA TRACKING UPDATE - Iteration 150
2025-09-05 13:16:34,803 - __main__ - INFO - Runtime: 323.3s
2025-09-05 13:16:34,803 - __main__ - INFO - Current Position: $0.00
2025-09-05 13:16:34,804 - __main__ - INFO - Total Volume: $0.00
2025-09-05 13:16:34,804 - __main__ - INFO - Current Price: $0.0000
2025-09-05 13:16:34,804 - __main__ - INFO - Price Change: +0.00%
2025-09-05 13:16:34,804 - __main__ - INFO - Open Orders: 0
2025-09-05 13:16:34,804 - __main__ - INFO - MACD Values: 0
2025-09-05 13:16:34,805 - __main__ - INFO - ========================================
2025-09-05 13:16:36,803 - libs.drift.client - INFO - User account initialized
2025-09-05 13:16:36,804 - libs.drift.client - INFO - Drift client ready with user account
2025-09-05 13:16:36,952 - httpx - INFO - HTTP Request: POST https://devnet.helius-rpc.com/?api-key=2728d54b-ce26-4696-bb4d-dc8170fcd494 "HTTP/1.1 200 OK"
2025-09-05 13:16:36,953 - libs.drift.client - WARNING - [ORDERBOOK] DLOB fallback failed: Cannot get oracle price data for DLOB
2025-09-05 13:16:38,940 - libs.drift.client - INFO - User account initialized
2025-09-05 13:16:38,941 - libs.drift.client - INFO - Drift client ready with user account
2025-09-05 13:16:39,058 - httpx - INFO - HTTP Request: POST https://devnet.helius-rpc.com/?api-key=2728d54b-ce26-4696-bb4d-dc8170fcd494 "HTTP/1.1 200 OK"
2025-09-05 13:16:39,059 - libs.drift.client - WARNING - [ORDERBOOK] DLOB fallback failed: Cannot get oracle price data for DLOB
2025-09-05 13:16:41,076 - libs.drift.client - INFO - User account initialized
2025-09-05 13:16:41,076 - libs.drift.client - INFO - Drift client ready with user account
2025-09-05 13:16:41,195 - httpx - INFO - HTTP Request: POST https://devnet.helius-rpc.com/?api-key=2728d54b-ce26-4696-bb4d-dc8170fcd494 "HTTP/1.1 200 OK"
2025-09-05 13:16:41,196 - libs.drift.client - WARNING - [ORDERBOOK] DLOB fallback failed: Cannot get oracle price data for DLOB
2025-09-05 13:16:43,196 - libs.drift.client - INFO - User account initialized
2025-09-05 13:16:43,196 - libs.drift.client - INFO - Drift client ready with user account
2025-09-05 13:16:43,294 - httpx - INFO - HTTP Request: POST https://devnet.helius-rpc.com/?api-key=2728d54b-ce26-4696-bb4d-dc8170fcd494 "HTTP/1.1 200 OK"
2025-09-05 13:16:43,295 - libs.drift.client - WARNING - [ORDERBOOK] DLOB fallback failed: Cannot get oracle price data for DLOB
2025-09-05 13:16:45,320 - libs.drift.client - INFO - User account initialized
2025-09-05 13:16:45,320 - libs.drift.client - INFO - Drift client ready with user account
2025-09-05 13:16:45,447 - httpx - INFO - HTTP Request: POST https://devnet.helius-rpc.com/?api-key=2728d54b-ce26-4696-bb4d-dc8170fcd494 "HTTP/1.1 200 OK"
2025-09-05 13:16:45,448 - libs.drift.client - WARNING - [ORDERBOOK] DLOB fallback failed: Cannot get oracle price data for DLOB
2025-09-05 13:16:45,449 - __main__ - INFO - ========================================
2025-09-05 13:16:45,449 - __main__ - INFO - BETA TRACKING UPDATE - Iteration 155
2025-09-05 13:16:45,449 - __main__ - INFO - Runtime: 333.9s
2025-09-05 13:16:45,450 - __main__ - INFO - Current Position: $0.00
2025-09-05 13:16:45,450 - __main__ - INFO - Total Volume: $0.00
2025-09-05 13:16:45,450 - __main__ - INFO - Current Price: $0.0000
2025-09-05 13:16:45,451 - __main__ - INFO - Price Change: +0.00%
2025-09-05 13:16:45,451 - __main__ - INFO - Open Orders: 0
2025-09-05 13:16:45,451 - __main__ - INFO - MACD Values: 0
2025-09-05 13:16:45,451 - __main__ - INFO - ========================================
2025-09-05 13:16:47,434 - libs.drift.client - INFO - User account initialized
2025-09-05 13:16:47,434 - libs.drift.client - INFO - Drift client ready with user account
2025-09-05 13:16:47,531 - httpx - INFO - HTTP Request: POST https://devnet.helius-rpc.com/?api-key=2728d54b-ce26-4696-bb4d-dc8170fcd494 "HTTP/1.1 200 OK"
2025-09-05 13:16:47,532 - libs.drift.client - WARNING - [ORDERBOOK] DLOB fallback failed: Cannot get oracle price data for DLOB
2025-09-05 13:16:49,540 - libs.drift.client - INFO - User account initialized
2025-09-05 13:16:49,540 - libs.drift.client - INFO - Drift client ready with user account
2025-09-05 13:16:49,645 - httpx - INFO - HTTP Request: POST https://devnet.helius-rpc.com/?api-key=2728d54b-ce26-4696-bb4d-dc8170fcd494 "HTTP/1.1 200 OK"
2025-09-05 13:16:49,646 - libs.drift.client - WARNING - [ORDERBOOK] DLOB fallback failed: Cannot get oracle price data for DLOB
2025-09-05 13:16:51,656 - libs.drift.client - INFO - User account initialized
2025-09-05 13:16:51,656 - libs.drift.client - INFO - Drift client ready with user account
2025-09-05 13:16:51,799 - httpx - INFO - HTTP Request: POST https://devnet.helius-rpc.com/?api-key=2728d54b-ce26-4696-bb4d-dc8170fcd494 "HTTP/1.1 200 OK"
2025-09-05 13:16:51,801 - libs.drift.client - WARNING - [ORDERBOOK] DLOB fallback failed: Cannot get oracle price data for DLOB
2025-09-05 13:16:53,803 - libs.drift.client - INFO - User account initialized
2025-09-05 13:16:53,804 - libs.drift.client - INFO - Drift client ready with user account
2025-09-05 13:16:53,989 - httpx - INFO - HTTP Request: POST https://devnet.helius-rpc.com/?api-key=2728d54b-ce26-4696-bb4d-dc8170fcd494 "HTTP/1.1 200 OK"
2025-09-05 13:16:53,990 - libs.drift.client - WARNING - [ORDERBOOK] DLOB fallback failed: Cannot get oracle price data for DLOB
2025-09-05 13:16:55,991 - libs.drift.client - INFO - User account initialized
2025-09-05 13:16:55,991 - libs.drift.client - INFO - Drift client ready with user account
2025-09-05 13:16:56,136 - httpx - INFO - HTTP Request: POST https://devnet.helius-rpc.com/?api-key=2728d54b-ce26-4696-bb4d-dc8170fcd494 "HTTP/1.1 200 OK"
2025-09-05 13:16:56,137 - libs.drift.client - WARNING - [ORDERBOOK] DLOB fallback failed: Cannot get oracle price data for DLOB
2025-09-05 13:16:56,137 - __main__ - INFO - ========================================
2025-09-05 13:16:56,137 - __main__ - INFO - BETA TRACKING UPDATE - Iteration 160
2025-09-05 13:16:56,138 - __main__ - INFO - Runtime: 344.6s
2025-09-05 13:16:56,138 - __main__ - INFO - Current Position: $0.00
2025-09-05 13:16:56,138 - __main__ - INFO - Total Volume: $0.00
2025-09-05 13:16:56,138 - __main__ - INFO - Current Price: $0.0000
2025-09-05 13:16:56,138 - __main__ - INFO - Price Change: +0.00%
2025-09-05 13:16:56,138 - __main__ - INFO - Open Orders: 0
2025-09-05 13:16:56,139 - __main__ - INFO - MACD Values: 0
2025-09-05 13:16:56,139 - __main__ - INFO - ========================================
2025-09-05 13:16:56,139 - __main__ - INFO - DETAILED BETA ANALYSIS
2025-09-05 13:16:56,139 - __main__ - INFO -    - MACD Fast EMA: 0.0000
2025-09-05 13:16:56,139 - __main__ - INFO -    - MACD Slow EMA: 0.0000
2025-09-05 13:16:56,140 - __main__ - INFO -    - MACD Signal: 0.0000
2025-09-05 13:16:56,140 - __main__ - INFO -    - Current MACD: 0.0000
2025-09-05 13:16:56,140 - __main__ - INFO -    - Price History: 0 points
2025-09-05 13:16:56,140 - __main__ - INFO -    - Risk State: 0.00% drawdown
2025-09-05 13:16:58,145 - libs.drift.client - INFO - User account initialized
2025-09-05 13:16:58,145 - libs.drift.client - INFO - Drift client ready with user account
2025-09-05 13:16:58,315 - httpx - INFO - HTTP Request: POST https://devnet.helius-rpc.com/?api-key=2728d54b-ce26-4696-bb4d-dc8170fcd494 "HTTP/1.1 200 OK"
2025-09-05 13:16:58,318 - libs.drift.client - WARNING - [ORDERBOOK] DLOB fallback failed: Cannot get oracle price data for DLOB
2025-09-05 13:17:00,323 - libs.drift.client - INFO - User account initialized
2025-09-05 13:17:00,323 - libs.drift.client - INFO - Drift client ready with user account
2025-09-05 13:17:00,475 - httpx - INFO - HTTP Request: POST https://devnet.helius-rpc.com/?api-key=2728d54b-ce26-4696-bb4d-dc8170fcd494 "HTTP/1.1 200 OK"
2025-09-05 13:17:00,476 - libs.drift.client - WARNING - [ORDERBOOK] DLOB fallback failed: Cannot get oracle price data for DLOB
2025-09-05 13:17:02,475 - libs.drift.client - INFO - User account initialized
2025-09-05 13:17:02,475 - libs.drift.client - INFO - Drift client ready with user account
2025-09-05 13:17:02,753 - httpx - INFO - HTTP Request: POST https://devnet.helius-rpc.com/?api-key=2728d54b-ce26-4696-bb4d-dc8170fcd494 "HTTP/1.1 200 OK"
2025-09-05 13:17:02,754 - libs.drift.client - WARNING - [ORDERBOOK] DLOB fallback failed: Cannot get oracle price data for DLOB
2025-09-05 13:17:04,759 - libs.drift.client - INFO - User account initialized
2025-09-05 13:17:04,760 - libs.drift.client - INFO - Drift client ready with user account
2025-09-05 13:17:04,883 - httpx - INFO - HTTP Request: POST https://devnet.helius-rpc.com/?api-key=2728d54b-ce26-4696-bb4d-dc8170fcd494 "HTTP/1.1 200 OK"
2025-09-05 13:17:04,884 - libs.drift.client - WARNING - [ORDERBOOK] DLOB fallback failed: Cannot get oracle price data for DLOB
2025-09-05 13:17:06,890 - libs.drift.client - INFO - User account initialized
2025-09-05 13:17:06,891 - libs.drift.client - INFO - Drift client ready with user account
2025-09-05 13:17:07,087 - httpx - INFO - HTTP Request: POST https://devnet.helius-rpc.com/?api-key=2728d54b-ce26-4696-bb4d-dc8170fcd494 "HTTP/1.1 200 OK"
2025-09-05 13:17:07,088 - libs.drift.client - WARNING - [ORDERBOOK] DLOB fallback failed: Cannot get oracle price data for DLOB
2025-09-05 13:17:07,089 - __main__ - INFO - ========================================
2025-09-05 13:17:07,089 - __main__ - INFO - BETA TRACKING UPDATE - Iteration 165
2025-09-05 13:17:07,089 - __main__ - INFO - Runtime: 355.6s
2025-09-05 13:17:07,089 - __main__ - INFO - Current Position: $0.00
2025-09-05 13:17:07,090 - __main__ - INFO - Total Volume: $0.00
2025-09-05 13:17:07,090 - __main__ - INFO - Current Price: $0.0000
2025-09-05 13:17:07,090 - __main__ - INFO - Price Change: +0.00%
2025-09-05 13:17:07,090 - __main__ - INFO - Open Orders: 0
2025-09-05 13:17:07,091 - __main__ - INFO - MACD Values: 0
2025-09-05 13:17:07,091 - __main__ - INFO - ========================================
2025-09-05 13:17:09,091 - libs.drift.client - INFO - User account initialized
2025-09-05 13:17:09,092 - libs.drift.client - INFO - Drift client ready with user account
2025-09-05 13:17:09,232 - httpx - INFO - HTTP Request: POST https://devnet.helius-rpc.com/?api-key=2728d54b-ce26-4696-bb4d-dc8170fcd494 "HTTP/1.1 200 OK"
2025-09-05 13:17:09,234 - libs.drift.client - WARNING - [ORDERBOOK] DLOB fallback failed: Cannot get oracle price data for DLOB
2025-09-05 13:17:11,241 - libs.drift.client - INFO - User account initialized
2025-09-05 13:17:11,241 - libs.drift.client - INFO - Drift client ready with user account
2025-09-05 13:17:11,359 - httpx - INFO - HTTP Request: POST https://devnet.helius-rpc.com/?api-key=2728d54b-ce26-4696-bb4d-dc8170fcd494 "HTTP/1.1 200 OK"
2025-09-05 13:17:11,360 - libs.drift.client - WARNING - [ORDERBOOK] DLOB fallback failed: Cannot get oracle price data for DLOB
2025-09-05 13:17:13,346 - libs.drift.client - INFO - User account initialized
2025-09-05 13:17:13,347 - libs.drift.client - INFO - Drift client ready with user account
2025-09-05 13:17:13,466 - httpx - INFO - HTTP Request: POST https://devnet.helius-rpc.com/?api-key=2728d54b-ce26-4696-bb4d-dc8170fcd494 "HTTP/1.1 200 OK"
2025-09-05 13:17:13,467 - libs.drift.client - WARNING - [ORDERBOOK] DLOB fallback failed: Cannot get oracle price data for DLOB
2025-09-05 13:17:15,474 - libs.drift.client - INFO - User account initialized
2025-09-05 13:17:15,474 - libs.drift.client - INFO - Drift client ready with user account
2025-09-05 13:17:15,650 - httpx - INFO - HTTP Request: POST https://devnet.helius-rpc.com/?api-key=2728d54b-ce26-4696-bb4d-dc8170fcd494 "HTTP/1.1 200 OK"
2025-09-05 13:17:15,651 - libs.drift.client - WARNING - [ORDERBOOK] DLOB fallback failed: Cannot get oracle price data for DLOB
2025-09-05 13:17:17,658 - libs.drift.client - INFO - User account initialized
2025-09-05 13:17:17,658 - libs.drift.client - INFO - Drift client ready with user account
2025-09-05 13:17:17,780 - httpx - INFO - HTTP Request: POST https://devnet.helius-rpc.com/?api-key=2728d54b-ce26-4696-bb4d-dc8170fcd494 "HTTP/1.1 200 OK"
2025-09-05 13:17:17,781 - libs.drift.client - WARNING - [ORDERBOOK] DLOB fallback failed: Cannot get oracle price data for DLOB
2025-09-05 13:17:17,781 - __main__ - INFO - ========================================
2025-09-05 13:17:17,781 - __main__ - INFO - BETA TRACKING UPDATE - Iteration 170
2025-09-05 13:17:17,782 - __main__ - INFO - Runtime: 366.3s
2025-09-05 13:17:17,782 - __main__ - INFO - Current Position: $0.00
2025-09-05 13:17:17,782 - __main__ - INFO - Total Volume: $0.00
2025-09-05 13:17:17,783 - __main__ - INFO - Current Price: $0.0000
2025-09-05 13:17:17,783 - __main__ - INFO - Price Change: +0.00%
2025-09-05 13:17:17,783 - __main__ - INFO - Open Orders: 0
2025-09-05 13:17:17,783 - __main__ - INFO - MACD Values: 0
2025-09-05 13:17:17,783 - __main__ - INFO - ========================================
2025-09-05 13:17:19,794 - libs.drift.client - INFO - User account initialized
2025-09-05 13:17:19,794 - libs.drift.client - INFO - Drift client ready with user account
2025-09-05 13:17:19,893 - httpx - INFO - HTTP Request: POST https://devnet.helius-rpc.com/?api-key=2728d54b-ce26-4696-bb4d-dc8170fcd494 "HTTP/1.1 200 OK"
2025-09-05 13:17:19,894 - libs.drift.client - WARNING - [ORDERBOOK] DLOB fallback failed: Cannot get oracle price data for DLOB
2025-09-05 13:17:21,907 - libs.drift.client - INFO - User account initialized
2025-09-05 13:17:21,907 - libs.drift.client - INFO - Drift client ready with user account
2025-09-05 13:17:21,977 - httpx - INFO - HTTP Request: POST https://devnet.helius-rpc.com/?api-key=2728d54b-ce26-4696-bb4d-dc8170fcd494 "HTTP/1.1 200 OK"
2025-09-05 13:17:21,979 - libs.drift.client - WARNING - [ORDERBOOK] DLOB fallback failed: Cannot get oracle price data for DLOB
2025-09-05 13:17:23,979 - libs.drift.client - INFO - User account initialized
2025-09-05 13:17:23,979 - libs.drift.client - INFO - Drift client ready with user account
2025-09-05 13:17:24,169 - httpx - INFO - HTTP Request: POST https://devnet.helius-rpc.com/?api-key=2728d54b-ce26-4696-bb4d-dc8170fcd494 "HTTP/1.1 200 OK"
2025-09-05 13:17:24,170 - libs.drift.client - WARNING - [ORDERBOOK] DLOB fallback failed: Cannot get oracle price data for DLOB
2025-09-05 13:17:26,189 - libs.drift.client - INFO - User account initialized
2025-09-05 13:17:26,190 - libs.drift.client - INFO - Drift client ready with user account
2025-09-05 13:17:26,311 - httpx - INFO - HTTP Request: POST https://devnet.helius-rpc.com/?api-key=2728d54b-ce26-4696-bb4d-dc8170fcd494 "HTTP/1.1 200 OK"
2025-09-05 13:17:26,312 - libs.drift.client - WARNING - [ORDERBOOK] DLOB fallback failed: Cannot get oracle price data for DLOB
