2025-09-17 01:31:47,433 | __main__ | INFO | STARTING JIT Market-Making Bot in Sniper Mode...
2025-09-17 01:31:47,433 | __main__ | INFO |    Mode: Selective high-quality fills with larger clips
2025-09-17 01:31:47,434 | __main__ | INFO |    Strategy: 30% participation rate, 2-5 SOL clips
2025-09-17 01:31:49,369 | __main__ | INFO | CONFIG: Sniper configuration loaded:
2025-09-17 01:31:49,370 | __main__ | INFO |    Environment: devnet
2025-09-17 01:31:49,371 | __main__ | INFO |    Market: SOL-PERP
2025-09-17 01:31:49,371 | __main__ | INFO |    Clip Size: 2.5 SOL
2025-09-17 01:31:49,371 | __main__ | INFO |    Max Clip Size: 5.0 SOL
2025-09-17 01:31:49,372 | __main__ | INFO |    Participation Rate: 30.0%
2025-09-17 01:31:49,372 | __main__ | INFO |    Max Position: 25.0 SOL
2025-09-17 01:31:49,373 | __main__ | INFO |    Min Order Size: 5.0 SOL
2025-09-17 01:31:49,373 | __main__ | INFO |    Quality Score Threshold: 0.7
2025-09-17 01:31:50,056 | __main__ | INFO | INIT: Initializing sniper bot...
2025-09-17 01:31:50,059 | libs.sidecar_validator | INFO | Validating sidecar at: http://localhost:8787/health
2025-09-17 01:31:51,322 | httpx | INFO | HTTP Request: GET http://localhost:8787/health "HTTP/1.1 200 OK"
2025-09-17 01:31:51,323 | libs.sidecar_validator | INFO | Sidecar mode: forward
2025-09-17 01:31:51,324 | libs.sidecar_validator | INFO | Forward base: https://swift.drift.trade
2025-09-17 01:31:51,325 | libs.sidecar_validator | INFO | Upstream Swift service healthy: status=200 (633ms)
2025-09-17 01:31:51,326 | libs.sidecar_validator | WARNING | Circuit breaker OPEN: 3/3 consecutive failures
2025-09-17 01:31:51,327 | libs.sidecar_validator | WARNING | Sidecar will return 503 for new orders
2025-09-17 01:31:51,328 | libs.sidecar_validator | INFO | Sidecar validation passed
2025-09-17 01:31:52,878 | httpx | INFO | HTTP Request: POST https://devnet.helius-rpc.com/?api-key=2728d54b-ce26-4696-bb4d-dc8170fcd494 "HTTP/1.1 200 OK"
2025-09-17 01:31:53,157 | httpx | INFO | HTTP Request: POST https://devnet.helius-rpc.com/?api-key=2728d54b-ce26-4696-bb4d-dc8170fcd494 "HTTP/1.1 200 OK"
2025-09-17 01:31:53,419 | httpx | INFO | HTTP Request: POST https://devnet.helius-rpc.com/?api-key=2728d54b-ce26-4696-bb4d-dc8170fcd494 "HTTP/1.1 200 OK"
2025-09-17 01:31:53,615 | httpx | INFO | HTTP Request: POST https://devnet.helius-rpc.com/?api-key=2728d54b-ce26-4696-bb4d-dc8170fcd494 "HTTP/1.1 200 OK"
2025-09-17 01:31:53,757 | httpx | INFO | HTTP Request: POST https://devnet.helius-rpc.com/?api-key=2728d54b-ce26-4696-bb4d-dc8170fcd494 "HTTP/1.1 200 OK"
2025-09-17 01:31:54,962 | httpx | INFO | HTTP Request: POST https://devnet.helius-rpc.com/?api-key=2728d54b-ce26-4696-bb4d-dc8170fcd494 "HTTP/1.1 200 OK"
2025-09-17 01:32:00,032 | libs.startup_validator | INFO | StartupValidator initialized
2025-09-17 01:32:00,033 | libs.startup_validator | INFO | [VALIDATION] Running startup validations...
2025-09-17 01:32:00,034 | libs.startup_validator | INFO | [VALIDATION] All startup validations passed
2025-09-17 01:32:01,184 | httpx | INFO | HTTP Request: POST https://devnet.helius-rpc.com/?api-key=2728d54b-ce26-4696-bb4d-dc8170fcd494 "HTTP/1.1 200 OK"
2025-09-17 01:32:01,275 | httpx | INFO | HTTP Request: GET http://localhost:8787/health "HTTP/1.1 200 OK"
2025-09-17 01:32:01,279 | __main__ | INFO | CONNECT: Starting Swift receiver...
2025-09-17 01:32:01,702 | utils.websocket_resilience | INFO | [UserMap] WebSocket connected successfully
2025-09-17 01:32:03,315 | __main__ | INFO | RUNNING: JIT MM Bot running in SNIPER mode!
2025-09-17 01:32:03,344 | __main__ | INFO |    Press Ctrl+C to stop
2025-09-17 01:32:03,832 | libs.sidecar_validator | INFO | Validating sidecar at: http://localhost:8787/health
2025-09-17 01:32:04,394 | httpx | INFO | HTTP Request: GET http://localhost:8787/health "HTTP/1.1 200 OK"
2025-09-17 01:32:04,395 | libs.sidecar_validator | INFO | Sidecar mode: forward
2025-09-17 01:32:04,396 | libs.sidecar_validator | INFO | Forward base: https://swift.drift.trade
2025-09-17 01:32:04,396 | libs.sidecar_validator | INFO | Upstream Swift service healthy: status=200 (160ms)
2025-09-17 01:32:04,397 | libs.sidecar_validator | WARNING | Circuit breaker OPEN: 3/3 consecutive failures
2025-09-17 01:32:04,398 | libs.sidecar_validator | WARNING | Sidecar will return 503 for new orders
2025-09-17 01:32:04,399 | libs.sidecar_validator | INFO | Sidecar validation passed
2025-09-17 01:32:04,752 | httpx | INFO | HTTP Request: GET http://localhost:8787/health "HTTP/1.1 200 OK"
2025-09-17 01:32:04,809 | libs.drift.drivers.swift | INFO | Swift driver initialized: http://localhost:8787, retries=3, auction=True
2025-09-17 01:32:04,888 | httpx | INFO | HTTP Request: POST https://devnet.helius-rpc.com/?api-key=2728d54b-ce26-4696-bb4d-dc8170fcd494 "HTTP/1.1 200 OK"
2025-09-17 01:32:05,122 | httpx | INFO | HTTP Request: POST https://devnet.helius-rpc.com/?api-key=2728d54b-ce26-4696-bb4d-dc8170fcd494 "HTTP/1.1 200 OK"
2025-09-17 01:32:05,273 | httpx | INFO | HTTP Request: POST https://devnet.helius-rpc.com/?api-key=2728d54b-ce26-4696-bb4d-dc8170fcd494 "HTTP/1.1 200 OK"
2025-09-17 01:32:08,792 | libs.sidecar_validator | INFO | Validating sidecar at: http://localhost:8787/health
2025-09-17 01:32:09,552 | httpx | INFO | HTTP Request: GET http://localhost:8787/health "HTTP/1.1 200 OK"
2025-09-17 01:32:09,554 | libs.sidecar_validator | INFO | Sidecar mode: forward
2025-09-17 01:32:09,554 | libs.sidecar_validator | INFO | Forward base: https://swift.drift.trade
2025-09-17 01:32:09,555 | libs.sidecar_validator | INFO | Upstream Swift service healthy: status=200 (343ms)
2025-09-17 01:32:09,555 | libs.sidecar_validator | WARNING | Circuit breaker OPEN: 3/3 consecutive failures
2025-09-17 01:32:09,555 | libs.sidecar_validator | WARNING | Sidecar will return 503 for new orders
2025-09-17 01:32:09,556 | libs.sidecar_validator | INFO | Sidecar validation passed
2025-09-17 01:32:09,705 | httpx | INFO | HTTP Request: GET http://localhost:8787/health "HTTP/1.1 200 OK"
2025-09-17 01:32:09,706 | libs.drift.drivers.swift | INFO | Swift driver initialized: http://localhost:8787, retries=3, auction=True
2025-09-17 01:32:09,868 | httpx | INFO | HTTP Request: POST https://devnet.helius-rpc.com/?api-key=2728d54b-ce26-4696-bb4d-dc8170fcd494 "HTTP/1.1 200 OK"
2025-09-17 01:32:10,005 | httpx | INFO | HTTP Request: POST https://devnet.helius-rpc.com/?api-key=2728d54b-ce26-4696-bb4d-dc8170fcd494 "HTTP/1.1 200 OK"
2025-09-17 01:32:10,293 | httpx | INFO | HTTP Request: POST https://devnet.helius-rpc.com/?api-key=2728d54b-ce26-4696-bb4d-dc8170fcd494 "HTTP/1.1 200 OK"
2025-09-17 01:32:11,343 | libs.sidecar_validator | INFO | Validating sidecar at: http://localhost:8787/health
2025-09-17 01:32:12,086 | httpx | INFO | HTTP Request: GET http://localhost:8787/health "HTTP/1.1 200 OK"
2025-09-17 01:32:12,087 | libs.sidecar_validator | INFO | Sidecar mode: forward
2025-09-17 01:32:12,088 | libs.sidecar_validator | INFO | Forward base: https://swift.drift.trade
2025-09-17 01:32:12,088 | libs.sidecar_validator | INFO | Upstream Swift service healthy: status=200 (330ms)
2025-09-17 01:32:12,089 | libs.sidecar_validator | WARNING | Circuit breaker OPEN: 3/3 consecutive failures
2025-09-17 01:32:12,089 | libs.sidecar_validator | WARNING | Sidecar will return 503 for new orders
2025-09-17 01:32:12,089 | libs.sidecar_validator | INFO | Sidecar validation passed
2025-09-17 01:32:12,235 | httpx | INFO | HTTP Request: GET http://localhost:8787/health "HTTP/1.1 200 OK"
2025-09-17 01:32:12,238 | libs.drift.drivers.swift | INFO | Swift driver initialized: http://localhost:8787, retries=3, auction=True
2025-09-17 01:32:12,514 | httpx | INFO | HTTP Request: POST https://devnet.helius-rpc.com/?api-key=2728d54b-ce26-4696-bb4d-dc8170fcd494 "HTTP/1.1 200 OK"
2025-09-17 01:32:12,616 | httpx | INFO | HTTP Request: POST https://devnet.helius-rpc.com/?api-key=2728d54b-ce26-4696-bb4d-dc8170fcd494 "HTTP/1.1 200 OK"
2025-09-17 01:32:12,842 | httpx | INFO | HTTP Request: POST https://devnet.helius-rpc.com/?api-key=2728d54b-ce26-4696-bb4d-dc8170fcd494 "HTTP/1.1 200 OK"
2025-09-17 01:32:13,863 | libs.sidecar_validator | INFO | Validating sidecar at: http://localhost:8787/health
2025-09-17 01:32:14,598 | httpx | INFO | HTTP Request: GET http://localhost:8787/health "HTTP/1.1 200 OK"
2025-09-17 01:32:14,598 | libs.sidecar_validator | INFO | Sidecar mode: forward
2025-09-17 01:32:14,599 | libs.sidecar_validator | INFO | Forward base: https://swift.drift.trade
2025-09-17 01:32:14,599 | libs.sidecar_validator | INFO | Upstream Swift service healthy: status=200 (331ms)
2025-09-17 01:32:14,599 | libs.sidecar_validator | WARNING | Circuit breaker OPEN: 3/3 consecutive failures
2025-09-17 01:32:14,599 | libs.sidecar_validator | WARNING | Sidecar will return 503 for new orders
2025-09-17 01:32:14,600 | libs.sidecar_validator | INFO | Sidecar validation passed
2025-09-17 01:32:14,748 | httpx | INFO | HTTP Request: GET http://localhost:8787/health "HTTP/1.1 200 OK"
2025-09-17 01:32:14,749 | libs.drift.drivers.swift | INFO | Swift driver initialized: http://localhost:8787, retries=3, auction=True
2025-09-17 01:32:14,981 | httpx | INFO | HTTP Request: POST https://devnet.helius-rpc.com/?api-key=2728d54b-ce26-4696-bb4d-dc8170fcd494 "HTTP/1.1 200 OK"
2025-09-17 01:32:15,139 | httpx | INFO | HTTP Request: POST https://devnet.helius-rpc.com/?api-key=2728d54b-ce26-4696-bb4d-dc8170fcd494 "HTTP/1.1 200 OK"
2025-09-17 01:32:15,235 | httpx | INFO | HTTP Request: POST https://devnet.helius-rpc.com/?api-key=2728d54b-ce26-4696-bb4d-dc8170fcd494 "HTTP/1.1 200 OK"
2025-09-17 01:32:16,261 | libs.sidecar_validator | INFO | Validating sidecar at: http://localhost:8787/health
2025-09-17 01:32:16,829 | httpx | INFO | HTTP Request: GET http://localhost:8787/health "HTTP/1.1 200 OK"
2025-09-17 01:32:16,830 | libs.sidecar_validator | INFO | Sidecar mode: forward
2025-09-17 01:32:16,830 | libs.sidecar_validator | INFO | Forward base: https://swift.drift.trade
2025-09-17 01:32:16,831 | libs.sidecar_validator | INFO | Upstream Swift service healthy: status=200 (146ms)
2025-09-17 01:32:16,832 | libs.sidecar_validator | WARNING | Circuit breaker OPEN: 3/3 consecutive failures
2025-09-17 01:32:16,832 | libs.sidecar_validator | WARNING | Sidecar will return 503 for new orders
2025-09-17 01:32:16,832 | libs.sidecar_validator | INFO | Sidecar validation passed
2025-09-17 01:32:16,981 | httpx | INFO | HTTP Request: GET http://localhost:8787/health "HTTP/1.1 200 OK"
2025-09-17 01:32:16,982 | libs.drift.drivers.swift | INFO | Swift driver initialized: http://localhost:8787, retries=3, auction=True
2025-09-17 01:32:17,173 | httpx | INFO | HTTP Request: POST https://devnet.helius-rpc.com/?api-key=2728d54b-ce26-4696-bb4d-dc8170fcd494 "HTTP/1.1 200 OK"
2025-09-17 01:32:17,432 | httpx | INFO | HTTP Request: POST https://devnet.helius-rpc.com/?api-key=2728d54b-ce26-4696-bb4d-dc8170fcd494 "HTTP/1.1 200 OK"
2025-09-17 01:32:17,695 | httpx | INFO | HTTP Request: POST https://devnet.helius-rpc.com/?api-key=2728d54b-ce26-4696-bb4d-dc8170fcd494 "HTTP/1.1 200 OK"
2025-09-17 01:32:18,733 | libs.sidecar_validator | INFO | Validating sidecar at: http://localhost:8787/health
2025-09-17 01:32:19,279 | httpx | INFO | HTTP Request: GET http://localhost:8787/health "HTTP/1.1 200 OK"
2025-09-17 01:32:19,281 | libs.sidecar_validator | INFO | Sidecar mode: forward
2025-09-17 01:32:19,281 | libs.sidecar_validator | INFO | Forward base: https://swift.drift.trade
2025-09-17 01:32:19,281 | libs.sidecar_validator | INFO | Upstream Swift service healthy: status=200 (156ms)
2025-09-17 01:32:19,282 | libs.sidecar_validator | WARNING | Circuit breaker OPEN: 3/3 consecutive failures
2025-09-17 01:32:19,283 | libs.sidecar_validator | WARNING | Sidecar will return 503 for new orders
2025-09-17 01:32:19,283 | libs.sidecar_validator | INFO | Sidecar validation passed
2025-09-17 01:32:19,433 | httpx | INFO | HTTP Request: GET http://localhost:8787/health "HTTP/1.1 200 OK"
2025-09-17 01:32:19,435 | libs.drift.drivers.swift | INFO | Swift driver initialized: http://localhost:8787, retries=3, auction=True
2025-09-17 01:32:19,571 | httpx | INFO | HTTP Request: POST https://devnet.helius-rpc.com/?api-key=2728d54b-ce26-4696-bb4d-dc8170fcd494 "HTTP/1.1 200 OK"
2025-09-17 01:32:19,747 | httpx | INFO | HTTP Request: POST https://devnet.helius-rpc.com/?api-key=2728d54b-ce26-4696-bb4d-dc8170fcd494 "HTTP/1.1 200 OK"
2025-09-17 01:32:20,015 | httpx | INFO | HTTP Request: POST https://devnet.helius-rpc.com/?api-key=2728d54b-ce26-4696-bb4d-dc8170fcd494 "HTTP/1.1 200 OK"
2025-09-17 01:32:21,057 | libs.sidecar_validator | INFO | Validating sidecar at: http://localhost:8787/health
2025-09-17 01:32:21,634 | httpx | INFO | HTTP Request: GET http://localhost:8787/health "HTTP/1.1 200 OK"
2025-09-17 01:32:21,635 | libs.sidecar_validator | INFO | Sidecar mode: forward
2025-09-17 01:32:21,636 | libs.sidecar_validator | INFO | Forward base: https://swift.drift.trade
2025-09-17 01:32:21,636 | libs.sidecar_validator | INFO | Upstream Swift service healthy: status=200 (154ms)
2025-09-17 01:32:21,636 | libs.sidecar_validator | WARNING | Circuit breaker OPEN: 3/3 consecutive failures
2025-09-17 01:32:21,637 | libs.sidecar_validator | WARNING | Sidecar will return 503 for new orders
2025-09-17 01:32:21,638 | libs.sidecar_validator | INFO | Sidecar validation passed
2025-09-17 01:32:21,787 | httpx | INFO | HTTP Request: GET http://localhost:8787/health "HTTP/1.1 200 OK"
2025-09-17 01:32:21,789 | libs.drift.drivers.swift | INFO | Swift driver initialized: http://localhost:8787, retries=3, auction=True
2025-09-17 01:32:21,951 | httpx | INFO | HTTP Request: POST https://devnet.helius-rpc.com/?api-key=2728d54b-ce26-4696-bb4d-dc8170fcd494 "HTTP/1.1 200 OK"
2025-09-17 01:32:22,043 | httpx | INFO | HTTP Request: POST https://devnet.helius-rpc.com/?api-key=2728d54b-ce26-4696-bb4d-dc8170fcd494 "HTTP/1.1 200 OK"
2025-09-17 01:32:22,198 | httpx | INFO | HTTP Request: POST https://devnet.helius-rpc.com/?api-key=2728d54b-ce26-4696-bb4d-dc8170fcd494 "HTTP/1.1 200 OK"
2025-09-17 01:32:23,223 | libs.sidecar_validator | INFO | Validating sidecar at: http://localhost:8787/health
2025-09-17 01:32:23,994 | httpx | INFO | HTTP Request: GET http://localhost:8787/health "HTTP/1.1 200 OK"
2025-09-17 01:32:23,995 | libs.sidecar_validator | INFO | Sidecar mode: forward
2025-09-17 01:32:23,995 | libs.sidecar_validator | INFO | Forward base: https://swift.drift.trade
2025-09-17 01:32:23,996 | libs.sidecar_validator | INFO | Upstream Swift service healthy: status=200 (344ms)
2025-09-17 01:32:23,997 | libs.sidecar_validator | WARNING | Circuit breaker OPEN: 3/3 consecutive failures
2025-09-17 01:32:23,997 | libs.sidecar_validator | WARNING | Sidecar will return 503 for new orders
2025-09-17 01:32:23,997 | libs.sidecar_validator | INFO | Sidecar validation passed
2025-09-17 01:32:24,143 | httpx | INFO | HTTP Request: GET http://localhost:8787/health "HTTP/1.1 200 OK"
2025-09-17 01:32:24,144 | libs.drift.drivers.swift | INFO | Swift driver initialized: http://localhost:8787, retries=3, auction=True
2025-09-17 01:32:24,266 | httpx | INFO | HTTP Request: POST https://devnet.helius-rpc.com/?api-key=2728d54b-ce26-4696-bb4d-dc8170fcd494 "HTTP/1.1 200 OK"
2025-09-17 01:32:24,363 | httpx | INFO | HTTP Request: POST https://devnet.helius-rpc.com/?api-key=2728d54b-ce26-4696-bb4d-dc8170fcd494 "HTTP/1.1 200 OK"
2025-09-17 01:32:24,502 | httpx | INFO | HTTP Request: POST https://devnet.helius-rpc.com/?api-key=2728d54b-ce26-4696-bb4d-dc8170fcd494 "HTTP/1.1 200 OK"
2025-09-17 01:32:25,587 | libs.sidecar_validator | INFO | Validating sidecar at: http://localhost:8787/health
2025-09-17 01:32:26,116 | httpx | INFO | HTTP Request: GET http://localhost:8787/health "HTTP/1.1 200 OK"
2025-09-17 01:32:26,117 | libs.sidecar_validator | INFO | Sidecar mode: forward
2025-09-17 01:32:26,118 | libs.sidecar_validator | INFO | Forward base: https://swift.drift.trade
2025-09-17 01:32:26,118 | libs.sidecar_validator | INFO | Upstream Swift service healthy: status=200 (144ms)
2025-09-17 01:32:26,118 | libs.sidecar_validator | WARNING | Circuit breaker OPEN: 3/3 consecutive failures
2025-09-17 01:32:26,118 | libs.sidecar_validator | WARNING | Sidecar will return 503 for new orders
2025-09-17 01:32:26,119 | libs.sidecar_validator | INFO | Sidecar validation passed
2025-09-17 01:32:26,265 | httpx | INFO | HTTP Request: GET http://localhost:8787/health "HTTP/1.1 200 OK"
2025-09-17 01:32:26,267 | libs.drift.drivers.swift | INFO | Swift driver initialized: http://localhost:8787, retries=3, auction=True
2025-09-17 01:32:26,411 | httpx | INFO | HTTP Request: POST https://devnet.helius-rpc.com/?api-key=2728d54b-ce26-4696-bb4d-dc8170fcd494 "HTTP/1.1 200 OK"
2025-09-17 01:32:26,537 | httpx | INFO | HTTP Request: POST https://devnet.helius-rpc.com/?api-key=2728d54b-ce26-4696-bb4d-dc8170fcd494 "HTTP/1.1 200 OK"
2025-09-17 01:32:26,657 | httpx | INFO | HTTP Request: POST https://devnet.helius-rpc.com/?api-key=2728d54b-ce26-4696-bb4d-dc8170fcd494 "HTTP/1.1 200 OK"
2025-09-17 01:32:27,701 | libs.sidecar_validator | INFO | Validating sidecar at: http://localhost:8787/health
2025-09-17 01:32:28,303 | httpx | INFO | HTTP Request: GET http://localhost:8787/health "HTTP/1.1 200 OK"
2025-09-17 01:32:28,304 | libs.sidecar_validator | INFO | Sidecar mode: forward
2025-09-17 01:32:28,304 | libs.sidecar_validator | INFO | Forward base: https://swift.drift.trade
2025-09-17 01:32:28,304 | libs.sidecar_validator | INFO | Upstream Swift service healthy: status=200 (144ms)
2025-09-17 01:32:28,305 | libs.sidecar_validator | WARNING | Circuit breaker OPEN: 3/3 consecutive failures
2025-09-17 01:32:28,305 | libs.sidecar_validator | WARNING | Sidecar will return 503 for new orders
2025-09-17 01:32:28,305 | libs.sidecar_validator | INFO | Sidecar validation passed
2025-09-17 01:32:28,452 | httpx | INFO | HTTP Request: GET http://localhost:8787/health "HTTP/1.1 200 OK"
2025-09-17 01:32:28,453 | libs.drift.drivers.swift | INFO | Swift driver initialized: http://localhost:8787, retries=3, auction=True
2025-09-17 01:32:28,659 | httpx | INFO | HTTP Request: POST https://devnet.helius-rpc.com/?api-key=2728d54b-ce26-4696-bb4d-dc8170fcd494 "HTTP/1.1 200 OK"
2025-09-17 01:32:28,829 | httpx | INFO | HTTP Request: POST https://devnet.helius-rpc.com/?api-key=2728d54b-ce26-4696-bb4d-dc8170fcd494 "HTTP/1.1 200 OK"
2025-09-17 01:32:28,935 | httpx | INFO | HTTP Request: POST https://devnet.helius-rpc.com/?api-key=2728d54b-ce26-4696-bb4d-dc8170fcd494 "HTTP/1.1 200 OK"
2025-09-17 01:32:29,971 | libs.sidecar_validator | INFO | Validating sidecar at: http://localhost:8787/health
2025-09-17 01:32:30,723 | httpx | INFO | HTTP Request: GET http://localhost:8787/health "HTTP/1.1 200 OK"
2025-09-17 01:32:30,724 | libs.sidecar_validator | INFO | Sidecar mode: forward
2025-09-17 01:32:30,724 | libs.sidecar_validator | INFO | Forward base: https://swift.drift.trade
2025-09-17 01:32:30,724 | libs.sidecar_validator | INFO | Upstream Swift service healthy: status=200 (333ms)
2025-09-17 01:32:30,725 | libs.sidecar_validator | WARNING | Circuit breaker OPEN: 3/3 consecutive failures
2025-09-17 01:32:30,725 | libs.sidecar_validator | WARNING | Sidecar will return 503 for new orders
2025-09-17 01:32:30,725 | libs.sidecar_validator | INFO | Sidecar validation passed
2025-09-17 01:32:30,875 | httpx | INFO | HTTP Request: GET http://localhost:8787/health "HTTP/1.1 200 OK"
2025-09-17 01:32:30,876 | libs.drift.drivers.swift | INFO | Swift driver initialized: http://localhost:8787, retries=3, auction=True
2025-09-17 01:32:30,994 | httpx | INFO | HTTP Request: POST https://devnet.helius-rpc.com/?api-key=2728d54b-ce26-4696-bb4d-dc8170fcd494 "HTTP/1.1 200 OK"
2025-09-17 01:32:31,175 | httpx | INFO | HTTP Request: POST https://devnet.helius-rpc.com/?api-key=2728d54b-ce26-4696-bb4d-dc8170fcd494 "HTTP/1.1 200 OK"
2025-09-17 01:32:31,404 | httpx | INFO | HTTP Request: POST https://devnet.helius-rpc.com/?api-key=2728d54b-ce26-4696-bb4d-dc8170fcd494 "HTTP/1.1 200 OK"
2025-09-17 01:32:32,442 | libs.sidecar_validator | INFO | Validating sidecar at: http://localhost:8787/health
2025-09-17 01:32:33,177 | httpx | INFO | HTTP Request: GET http://localhost:8787/health "HTTP/1.1 200 OK"
2025-09-17 01:32:33,178 | libs.sidecar_validator | INFO | Sidecar mode: forward
2025-09-17 01:32:33,178 | libs.sidecar_validator | INFO | Forward base: https://swift.drift.trade
2025-09-17 01:32:33,179 | libs.sidecar_validator | INFO | Upstream Swift service healthy: status=200 (344ms)
2025-09-17 01:32:33,179 | libs.sidecar_validator | WARNING | Circuit breaker OPEN: 3/3 consecutive failures
2025-09-17 01:32:33,179 | libs.sidecar_validator | WARNING | Sidecar will return 503 for new orders
2025-09-17 01:32:33,180 | libs.sidecar_validator | INFO | Sidecar validation passed
2025-09-17 01:32:33,340 | httpx | INFO | HTTP Request: GET http://localhost:8787/health "HTTP/1.1 200 OK"
2025-09-17 01:32:33,342 | libs.drift.drivers.swift | INFO | Swift driver initialized: http://localhost:8787, retries=3, auction=True
2025-09-17 01:32:33,467 | httpx | INFO | HTTP Request: POST https://devnet.helius-rpc.com/?api-key=2728d54b-ce26-4696-bb4d-dc8170fcd494 "HTTP/1.1 200 OK"
2025-09-17 01:32:33,556 | httpx | INFO | HTTP Request: POST https://devnet.helius-rpc.com/?api-key=2728d54b-ce26-4696-bb4d-dc8170fcd494 "HTTP/1.1 200 OK"
2025-09-17 01:32:33,662 | httpx | INFO | HTTP Request: POST https://devnet.helius-rpc.com/?api-key=2728d54b-ce26-4696-bb4d-dc8170fcd494 "HTTP/1.1 200 OK"
2025-09-17 01:32:34,699 | libs.sidecar_validator | INFO | Validating sidecar at: http://localhost:8787/health
2025-09-17 01:32:35,380 | httpx | INFO | HTTP Request: GET http://localhost:8787/health "HTTP/1.1 200 OK"
2025-09-17 01:32:35,381 | libs.sidecar_validator | INFO | Sidecar mode: forward
2025-09-17 01:32:35,381 | libs.sidecar_validator | INFO | Forward base: https://swift.drift.trade
2025-09-17 01:32:35,381 | libs.sidecar_validator | INFO | Upstream Swift service healthy: status=200 (142ms)
2025-09-17 01:32:35,381 | libs.sidecar_validator | WARNING | Circuit breaker OPEN: 3/3 consecutive failures
2025-09-17 01:32:35,382 | libs.sidecar_validator | WARNING | Sidecar will return 503 for new orders
2025-09-17 01:32:35,382 | libs.sidecar_validator | INFO | Sidecar validation passed
2025-09-17 01:32:35,544 | httpx | INFO | HTTP Request: GET http://localhost:8787/health "HTTP/1.1 200 OK"
2025-09-17 01:32:35,546 | libs.drift.drivers.swift | INFO | Swift driver initialized: http://localhost:8787, retries=3, auction=True
2025-09-17 01:32:35,725 | httpx | INFO | HTTP Request: POST https://devnet.helius-rpc.com/?api-key=2728d54b-ce26-4696-bb4d-dc8170fcd494 "HTTP/1.1 200 OK"
2025-09-17 01:32:35,990 | httpx | INFO | HTTP Request: POST https://devnet.helius-rpc.com/?api-key=2728d54b-ce26-4696-bb4d-dc8170fcd494 "HTTP/1.1 200 OK"
2025-09-17 01:32:36,164 | httpx | INFO | HTTP Request: POST https://devnet.helius-rpc.com/?api-key=2728d54b-ce26-4696-bb4d-dc8170fcd494 "HTTP/1.1 200 OK"
2025-09-17 01:32:37,195 | libs.sidecar_validator | INFO | Validating sidecar at: http://localhost:8787/health
2025-09-17 01:32:37,753 | httpx | INFO | HTTP Request: GET http://localhost:8787/health "HTTP/1.1 200 OK"
2025-09-17 01:32:37,754 | libs.sidecar_validator | INFO | Sidecar mode: forward
2025-09-17 01:32:37,755 | libs.sidecar_validator | INFO | Forward base: https://swift.drift.trade
2025-09-17 01:32:37,755 | libs.sidecar_validator | INFO | Upstream Swift service healthy: status=200 (155ms)
2025-09-17 01:32:37,756 | libs.sidecar_validator | WARNING | Circuit breaker OPEN: 3/3 consecutive failures
2025-09-17 01:32:37,756 | libs.sidecar_validator | WARNING | Sidecar will return 503 for new orders
2025-09-17 01:32:37,757 | libs.sidecar_validator | INFO | Sidecar validation passed
2025-09-17 01:32:38,091 | httpx | INFO | HTTP Request: GET http://localhost:8787/health "HTTP/1.1 200 OK"
2025-09-17 01:32:38,093 | libs.drift.drivers.swift | INFO | Swift driver initialized: http://localhost:8787, retries=3, auction=True
2025-09-17 01:32:38,213 | httpx | INFO | HTTP Request: POST https://devnet.helius-rpc.com/?api-key=2728d54b-ce26-4696-bb4d-dc8170fcd494 "HTTP/1.1 200 OK"
2025-09-17 01:32:38,358 | httpx | INFO | HTTP Request: POST https://devnet.helius-rpc.com/?api-key=2728d54b-ce26-4696-bb4d-dc8170fcd494 "HTTP/1.1 200 OK"
2025-09-17 01:32:38,589 | httpx | INFO | HTTP Request: POST https://devnet.helius-rpc.com/?api-key=2728d54b-ce26-4696-bb4d-dc8170fcd494 "HTTP/1.1 200 OK"
2025-09-17 01:32:39,633 | libs.sidecar_validator | INFO | Validating sidecar at: http://localhost:8787/health
2025-09-17 01:32:40,218 | httpx | INFO | HTTP Request: GET http://localhost:8787/health "HTTP/1.1 200 OK"
2025-09-17 01:32:40,219 | libs.sidecar_validator | INFO | Sidecar mode: forward
2025-09-17 01:32:40,220 | libs.sidecar_validator | INFO | Forward base: https://swift.drift.trade
2025-09-17 01:32:40,221 | libs.sidecar_validator | INFO | Upstream Swift service healthy: status=200 (159ms)
2025-09-17 01:32:40,222 | libs.sidecar_validator | WARNING | Circuit breaker OPEN: 3/3 consecutive failures
2025-09-17 01:32:40,222 | libs.sidecar_validator | WARNING | Sidecar will return 503 for new orders
2025-09-17 01:32:40,223 | libs.sidecar_validator | INFO | Sidecar validation passed
2025-09-17 01:32:40,387 | httpx | INFO | HTTP Request: GET http://localhost:8787/health "HTTP/1.1 200 OK"
2025-09-17 01:32:40,389 | libs.drift.drivers.swift | INFO | Swift driver initialized: http://localhost:8787, retries=3, auction=True
2025-09-17 01:32:40,491 | httpx | INFO | HTTP Request: POST https://devnet.helius-rpc.com/?api-key=2728d54b-ce26-4696-bb4d-dc8170fcd494 "HTTP/1.1 200 OK"
2025-09-17 01:32:40,586 | httpx | INFO | HTTP Request: POST https://devnet.helius-rpc.com/?api-key=2728d54b-ce26-4696-bb4d-dc8170fcd494 "HTTP/1.1 200 OK"
2025-09-17 01:32:40,824 | httpx | INFO | HTTP Request: POST https://devnet.helius-rpc.com/?api-key=2728d54b-ce26-4696-bb4d-dc8170fcd494 "HTTP/1.1 200 OK"
2025-09-17 01:32:42,673 | libs.sidecar_validator | INFO | Validating sidecar at: http://localhost:8787/health
2025-09-17 01:32:43,240 | httpx | INFO | HTTP Request: GET http://localhost:8787/health "HTTP/1.1 200 OK"
2025-09-17 01:32:43,241 | libs.sidecar_validator | INFO | Sidecar mode: forward
2025-09-17 01:32:43,241 | libs.sidecar_validator | INFO | Forward base: https://swift.drift.trade
2025-09-17 01:32:43,242 | libs.sidecar_validator | INFO | Upstream Swift service healthy: status=200 (142ms)
2025-09-17 01:32:43,243 | libs.sidecar_validator | WARNING | Circuit breaker OPEN: 3/3 consecutive failures
2025-09-17 01:32:43,243 | libs.sidecar_validator | WARNING | Sidecar will return 503 for new orders
2025-09-17 01:32:43,244 | libs.sidecar_validator | INFO | Sidecar validation passed
2025-09-17 01:32:43,596 | httpx | INFO | HTTP Request: GET http://localhost:8787/health "HTTP/1.1 200 OK"
2025-09-17 01:32:43,598 | libs.drift.drivers.swift | INFO | Swift driver initialized: http://localhost:8787, retries=3, auction=True
2025-09-17 01:32:43,741 | httpx | INFO | HTTP Request: POST https://devnet.helius-rpc.com/?api-key=2728d54b-ce26-4696-bb4d-dc8170fcd494 "HTTP/1.1 200 OK"
2025-09-17 01:32:43,860 | httpx | INFO | HTTP Request: POST https://devnet.helius-rpc.com/?api-key=2728d54b-ce26-4696-bb4d-dc8170fcd494 "HTTP/1.1 200 OK"
2025-09-17 01:32:43,929 | httpx | INFO | HTTP Request: POST https://devnet.helius-rpc.com/?api-key=2728d54b-ce26-4696-bb4d-dc8170fcd494 "HTTP/1.1 200 OK"
2025-09-17 01:32:44,973 | libs.sidecar_validator | INFO | Validating sidecar at: http://localhost:8787/health
2025-09-17 01:32:45,517 | httpx | INFO | HTTP Request: GET http://localhost:8787/health "HTTP/1.1 200 OK"
2025-09-17 01:32:45,517 | libs.sidecar_validator | INFO | Sidecar mode: forward
2025-09-17 01:32:45,518 | libs.sidecar_validator | INFO | Forward base: https://swift.drift.trade
2025-09-17 01:32:45,518 | libs.sidecar_validator | INFO | Upstream Swift service healthy: status=200 (141ms)
2025-09-17 01:32:45,518 | libs.sidecar_validator | WARNING | Circuit breaker OPEN: 3/3 consecutive failures
2025-09-17 01:32:45,518 | libs.sidecar_validator | WARNING | Sidecar will return 503 for new orders
2025-09-17 01:32:45,519 | libs.sidecar_validator | INFO | Sidecar validation passed
2025-09-17 01:32:45,865 | httpx | INFO | HTTP Request: GET http://localhost:8787/health "HTTP/1.1 200 OK"
2025-09-17 01:32:45,867 | libs.drift.drivers.swift | INFO | Swift driver initialized: http://localhost:8787, retries=3, auction=True
2025-09-17 01:32:46,138 | httpx | INFO | HTTP Request: POST https://devnet.helius-rpc.com/?api-key=2728d54b-ce26-4696-bb4d-dc8170fcd494 "HTTP/1.1 200 OK"
2025-09-17 01:32:46,255 | httpx | INFO | HTTP Request: POST https://devnet.helius-rpc.com/?api-key=2728d54b-ce26-4696-bb4d-dc8170fcd494 "HTTP/1.1 200 OK"
2025-09-17 01:32:46,383 | httpx | INFO | HTTP Request: POST https://devnet.helius-rpc.com/?api-key=2728d54b-ce26-4696-bb4d-dc8170fcd494 "HTTP/1.1 200 OK"
2025-09-17 01:32:47,411 | libs.sidecar_validator | INFO | Validating sidecar at: http://localhost:8787/health
2025-09-17 01:32:48,148 | httpx | INFO | HTTP Request: GET http://localhost:8787/health "HTTP/1.1 200 OK"
2025-09-17 01:32:48,149 | libs.sidecar_validator | INFO | Sidecar mode: forward
2025-09-17 01:32:48,149 | libs.sidecar_validator | INFO | Forward base: https://swift.drift.trade
2025-09-17 01:32:48,149 | libs.sidecar_validator | INFO | Upstream Swift service healthy: status=200 (328ms)
2025-09-17 01:32:48,150 | libs.sidecar_validator | WARNING | Circuit breaker OPEN: 3/3 consecutive failures
2025-09-17 01:32:48,150 | libs.sidecar_validator | WARNING | Sidecar will return 503 for new orders
2025-09-17 01:32:48,150 | libs.sidecar_validator | INFO | Sidecar validation passed
2025-09-17 01:32:48,302 | httpx | INFO | HTTP Request: GET http://localhost:8787/health "HTTP/1.1 200 OK"
2025-09-17 01:32:48,305 | libs.drift.drivers.swift | INFO | Swift driver initialized: http://localhost:8787, retries=3, auction=True
2025-09-17 01:32:48,467 | httpx | INFO | HTTP Request: POST https://devnet.helius-rpc.com/?api-key=2728d54b-ce26-4696-bb4d-dc8170fcd494 "HTTP/1.1 200 OK"
2025-09-17 01:32:48,567 | httpx | INFO | HTTP Request: POST https://devnet.helius-rpc.com/?api-key=2728d54b-ce26-4696-bb4d-dc8170fcd494 "HTTP/1.1 200 OK"
2025-09-17 01:32:48,647 | httpx | INFO | HTTP Request: POST https://devnet.helius-rpc.com/?api-key=2728d54b-ce26-4696-bb4d-dc8170fcd494 "HTTP/1.1 200 OK"
2025-09-17 01:32:49,678 | libs.sidecar_validator | INFO | Validating sidecar at: http://localhost:8787/health
2025-09-17 01:32:50,239 | httpx | INFO | HTTP Request: GET http://localhost:8787/health "HTTP/1.1 200 OK"
2025-09-17 01:32:50,240 | libs.sidecar_validator | INFO | Sidecar mode: forward
2025-09-17 01:32:50,240 | libs.sidecar_validator | INFO | Forward base: https://swift.drift.trade
2025-09-17 01:32:50,241 | libs.sidecar_validator | INFO | Upstream Swift service healthy: status=200 (160ms)
2025-09-17 01:32:50,241 | libs.sidecar_validator | WARNING | Circuit breaker OPEN: 3/3 consecutive failures
2025-09-17 01:32:50,241 | libs.sidecar_validator | WARNING | Sidecar will return 503 for new orders
2025-09-17 01:32:50,242 | libs.sidecar_validator | INFO | Sidecar validation passed
2025-09-17 01:32:50,386 | httpx | INFO | HTTP Request: GET http://localhost:8787/health "HTTP/1.1 200 OK"
2025-09-17 01:32:50,388 | libs.drift.drivers.swift | INFO | Swift driver initialized: http://localhost:8787, retries=3, auction=True
2025-09-17 01:32:50,487 | httpx | INFO | HTTP Request: POST https://devnet.helius-rpc.com/?api-key=2728d54b-ce26-4696-bb4d-dc8170fcd494 "HTTP/1.1 200 OK"
2025-09-17 01:32:50,596 | httpx | INFO | HTTP Request: POST https://devnet.helius-rpc.com/?api-key=2728d54b-ce26-4696-bb4d-dc8170fcd494 "HTTP/1.1 200 OK"
2025-09-17 01:32:50,776 | httpx | INFO | HTTP Request: POST https://devnet.helius-rpc.com/?api-key=2728d54b-ce26-4696-bb4d-dc8170fcd494 "HTTP/1.1 200 OK"
2025-09-17 01:32:51,792 | libs.sidecar_validator | INFO | Validating sidecar at: http://localhost:8787/health
2025-09-17 01:32:52,353 | httpx | INFO | HTTP Request: GET http://localhost:8787/health "HTTP/1.1 200 OK"
2025-09-17 01:32:52,355 | libs.sidecar_validator | INFO | Sidecar mode: forward
2025-09-17 01:32:52,355 | libs.sidecar_validator | INFO | Forward base: https://swift.drift.trade
2025-09-17 01:32:52,356 | libs.sidecar_validator | INFO | Upstream Swift service healthy: status=200 (155ms)
2025-09-17 01:32:52,356 | libs.sidecar_validator | WARNING | Circuit breaker OPEN: 3/3 consecutive failures
2025-09-17 01:32:52,357 | libs.sidecar_validator | WARNING | Sidecar will return 503 for new orders
2025-09-17 01:32:52,357 | libs.sidecar_validator | INFO | Sidecar validation passed
2025-09-17 01:32:52,501 | httpx | INFO | HTTP Request: GET http://localhost:8787/health "HTTP/1.1 200 OK"
2025-09-17 01:32:52,504 | libs.drift.drivers.swift | INFO | Swift driver initialized: http://localhost:8787, retries=3, auction=True
2025-09-17 01:32:52,633 | httpx | INFO | HTTP Request: POST https://devnet.helius-rpc.com/?api-key=2728d54b-ce26-4696-bb4d-dc8170fcd494 "HTTP/1.1 200 OK"
2025-09-17 01:32:52,756 | httpx | INFO | HTTP Request: POST https://devnet.helius-rpc.com/?api-key=2728d54b-ce26-4696-bb4d-dc8170fcd494 "HTTP/1.1 200 OK"
2025-09-17 01:32:52,874 | httpx | INFO | HTTP Request: POST https://devnet.helius-rpc.com/?api-key=2728d54b-ce26-4696-bb4d-dc8170fcd494 "HTTP/1.1 200 OK"
2025-09-17 01:32:53,903 | libs.sidecar_validator | INFO | Validating sidecar at: http://localhost:8787/health
2025-09-17 01:32:54,638 | httpx | INFO | HTTP Request: GET http://localhost:8787/health "HTTP/1.1 200 OK"
2025-09-17 01:32:54,639 | libs.sidecar_validator | INFO | Sidecar mode: forward
2025-09-17 01:32:54,640 | libs.sidecar_validator | INFO | Forward base: https://swift.drift.trade
2025-09-17 01:32:54,641 | libs.sidecar_validator | INFO | Upstream Swift service healthy: status=200 (338ms)
2025-09-17 01:32:54,641 | libs.sidecar_validator | WARNING | Circuit breaker OPEN: 3/3 consecutive failures
2025-09-17 01:32:54,641 | libs.sidecar_validator | WARNING | Sidecar will return 503 for new orders
2025-09-17 01:32:54,642 | libs.sidecar_validator | INFO | Sidecar validation passed
2025-09-17 01:32:54,798 | httpx | INFO | HTTP Request: GET http://localhost:8787/health "HTTP/1.1 200 OK"
2025-09-17 01:32:54,800 | libs.drift.drivers.swift | INFO | Swift driver initialized: http://localhost:8787, retries=3, auction=True
2025-09-17 01:32:54,916 | httpx | INFO | HTTP Request: POST https://devnet.helius-rpc.com/?api-key=2728d54b-ce26-4696-bb4d-dc8170fcd494 "HTTP/1.1 200 OK"
2025-09-17 01:32:55,086 | httpx | INFO | HTTP Request: POST https://devnet.helius-rpc.com/?api-key=2728d54b-ce26-4696-bb4d-dc8170fcd494 "HTTP/1.1 200 OK"
2025-09-17 01:32:55,261 | httpx | INFO | HTTP Request: POST https://devnet.helius-rpc.com/?api-key=2728d54b-ce26-4696-bb4d-dc8170fcd494 "HTTP/1.1 200 OK"
2025-09-17 01:32:56,289 | libs.sidecar_validator | INFO | Validating sidecar at: http://localhost:8787/health
2025-09-17 01:32:56,842 | httpx | INFO | HTTP Request: GET http://localhost:8787/health "HTTP/1.1 200 OK"
2025-09-17 01:32:56,843 | libs.sidecar_validator | INFO | Sidecar mode: forward
2025-09-17 01:32:56,844 | libs.sidecar_validator | INFO | Forward base: https://swift.drift.trade
2025-09-17 01:32:56,845 | libs.sidecar_validator | INFO | Upstream Swift service healthy: status=200 (145ms)
2025-09-17 01:32:56,845 | libs.sidecar_validator | WARNING | Circuit breaker OPEN: 3/3 consecutive failures
2025-09-17 01:32:56,846 | libs.sidecar_validator | WARNING | Sidecar will return 503 for new orders
2025-09-17 01:32:56,846 | libs.sidecar_validator | INFO | Sidecar validation passed
2025-09-17 01:32:57,006 | httpx | INFO | HTTP Request: GET http://localhost:8787/health "HTTP/1.1 200 OK"
2025-09-17 01:32:57,009 | libs.drift.drivers.swift | INFO | Swift driver initialized: http://localhost:8787, retries=3, auction=True
2025-09-17 01:32:57,121 | httpx | INFO | HTTP Request: POST https://devnet.helius-rpc.com/?api-key=2728d54b-ce26-4696-bb4d-dc8170fcd494 "HTTP/1.1 200 OK"
2025-09-17 01:32:57,348 | httpx | INFO | HTTP Request: POST https://devnet.helius-rpc.com/?api-key=2728d54b-ce26-4696-bb4d-dc8170fcd494 "HTTP/1.1 200 OK"
2025-09-17 01:32:57,451 | httpx | INFO | HTTP Request: POST https://devnet.helius-rpc.com/?api-key=2728d54b-ce26-4696-bb4d-dc8170fcd494 "HTTP/1.1 200 OK"
2025-09-17 01:32:58,509 | libs.sidecar_validator | INFO | Validating sidecar at: http://localhost:8787/health
2025-09-17 01:32:59,244 | httpx | INFO | HTTP Request: GET http://localhost:8787/health "HTTP/1.1 200 OK"
2025-09-17 01:32:59,245 | libs.sidecar_validator | INFO | Sidecar mode: forward
2025-09-17 01:32:59,245 | libs.sidecar_validator | INFO | Forward base: https://swift.drift.trade
2025-09-17 01:32:59,246 | libs.sidecar_validator | INFO | Upstream Swift service healthy: status=200 (349ms)
2025-09-17 01:32:59,247 | libs.sidecar_validator | WARNING | Circuit breaker OPEN: 3/3 consecutive failures
2025-09-17 01:32:59,247 | libs.sidecar_validator | WARNING | Sidecar will return 503 for new orders
2025-09-17 01:32:59,247 | libs.sidecar_validator | INFO | Sidecar validation passed
2025-09-17 01:32:59,389 | httpx | INFO | HTTP Request: GET http://localhost:8787/health "HTTP/1.1 200 OK"
2025-09-17 01:32:59,391 | libs.drift.drivers.swift | INFO | Swift driver initialized: http://localhost:8787, retries=3, auction=True
2025-09-17 01:32:59,570 | httpx | INFO | HTTP Request: POST https://devnet.helius-rpc.com/?api-key=2728d54b-ce26-4696-bb4d-dc8170fcd494 "HTTP/1.1 200 OK"
2025-09-17 01:32:59,638 | httpx | INFO | HTTP Request: POST https://devnet.helius-rpc.com/?api-key=2728d54b-ce26-4696-bb4d-dc8170fcd494 "HTTP/1.1 200 OK"
2025-09-17 01:32:59,793 | httpx | INFO | HTTP Request: POST https://devnet.helius-rpc.com/?api-key=2728d54b-ce26-4696-bb4d-dc8170fcd494 "HTTP/1.1 200 OK"
2025-09-17 01:33:00,855 | libs.sidecar_validator | INFO | Validating sidecar at: http://localhost:8787/health
2025-09-17 01:33:01,408 | httpx | INFO | HTTP Request: GET http://localhost:8787/health "HTTP/1.1 200 OK"
2025-09-17 01:33:01,409 | libs.sidecar_validator | INFO | Sidecar mode: forward
2025-09-17 01:33:01,409 | libs.sidecar_validator | INFO | Forward base: https://swift.drift.trade
2025-09-17 01:33:01,410 | libs.sidecar_validator | INFO | Upstream Swift service healthy: status=200 (141ms)
2025-09-17 01:33:01,410 | libs.sidecar_validator | WARNING | Circuit breaker OPEN: 3/3 consecutive failures
2025-09-17 01:33:01,410 | libs.sidecar_validator | WARNING | Sidecar will return 503 for new orders
2025-09-17 01:33:01,411 | libs.sidecar_validator | INFO | Sidecar validation passed
2025-09-17 01:33:01,560 | httpx | INFO | HTTP Request: GET http://localhost:8787/health "HTTP/1.1 200 OK"
2025-09-17 01:33:01,561 | libs.drift.drivers.swift | INFO | Swift driver initialized: http://localhost:8787, retries=3, auction=True
2025-09-17 01:33:01,717 | httpx | INFO | HTTP Request: POST https://devnet.helius-rpc.com/?api-key=2728d54b-ce26-4696-bb4d-dc8170fcd494 "HTTP/1.1 200 OK"
2025-09-17 01:33:01,809 | httpx | INFO | HTTP Request: POST https://devnet.helius-rpc.com/?api-key=2728d54b-ce26-4696-bb4d-dc8170fcd494 "HTTP/1.1 200 OK"
2025-09-17 01:33:01,963 | httpx | INFO | HTTP Request: POST https://devnet.helius-rpc.com/?api-key=2728d54b-ce26-4696-bb4d-dc8170fcd494 "HTTP/1.1 200 OK"
2025-09-17 01:33:04,156 | libs.sidecar_validator | INFO | Validating sidecar at: http://localhost:8787/health
2025-09-17 01:33:04,740 | httpx | INFO | HTTP Request: GET http://localhost:8787/health "HTTP/1.1 200 OK"
2025-09-17 01:33:04,741 | libs.sidecar_validator | INFO | Sidecar mode: forward
2025-09-17 01:33:04,742 | libs.sidecar_validator | INFO | Forward base: https://swift.drift.trade
2025-09-17 01:33:04,742 | libs.sidecar_validator | INFO | Upstream Swift service healthy: status=200 (141ms)
2025-09-17 01:33:04,743 | libs.sidecar_validator | WARNING | Circuit breaker OPEN: 3/3 consecutive failures
2025-09-17 01:33:04,743 | libs.sidecar_validator | WARNING | Sidecar will return 503 for new orders
2025-09-17 01:33:04,743 | libs.sidecar_validator | INFO | Sidecar validation passed
2025-09-17 01:33:05,081 | httpx | INFO | HTTP Request: GET http://localhost:8787/health "HTTP/1.1 200 OK"
2025-09-17 01:33:05,083 | libs.drift.drivers.swift | INFO | Swift driver initialized: http://localhost:8787, retries=3, auction=True
2025-09-17 01:33:05,205 | httpx | INFO | HTTP Request: POST https://devnet.helius-rpc.com/?api-key=2728d54b-ce26-4696-bb4d-dc8170fcd494 "HTTP/1.1 200 OK"
2025-09-17 01:33:05,302 | httpx | INFO | HTTP Request: POST https://devnet.helius-rpc.com/?api-key=2728d54b-ce26-4696-bb4d-dc8170fcd494 "HTTP/1.1 200 OK"
2025-09-17 01:33:05,438 | httpx | INFO | HTTP Request: POST https://devnet.helius-rpc.com/?api-key=2728d54b-ce26-4696-bb4d-dc8170fcd494 "HTTP/1.1 200 OK"
2025-09-17 01:33:06,461 | libs.sidecar_validator | INFO | Validating sidecar at: http://localhost:8787/health
2025-09-17 01:33:07,004 | httpx | INFO | HTTP Request: GET http://localhost:8787/health "HTTP/1.1 200 OK"
2025-09-17 01:33:07,005 | libs.sidecar_validator | INFO | Sidecar mode: forward
2025-09-17 01:33:07,005 | libs.sidecar_validator | INFO | Forward base: https://swift.drift.trade
2025-09-17 01:33:07,005 | libs.sidecar_validator | INFO | Upstream Swift service healthy: status=200 (156ms)
2025-09-17 01:33:07,006 | libs.sidecar_validator | WARNING | Circuit breaker OPEN: 3/3 consecutive failures
2025-09-17 01:33:07,007 | libs.sidecar_validator | WARNING | Sidecar will return 503 for new orders
2025-09-17 01:33:07,007 | libs.sidecar_validator | INFO | Sidecar validation passed
2025-09-17 01:33:07,341 | httpx | INFO | HTTP Request: GET http://localhost:8787/health "HTTP/1.1 200 OK"
2025-09-17 01:33:07,342 | libs.drift.drivers.swift | INFO | Swift driver initialized: http://localhost:8787, retries=3, auction=True
2025-09-17 01:33:07,518 | httpx | INFO | HTTP Request: POST https://devnet.helius-rpc.com/?api-key=2728d54b-ce26-4696-bb4d-dc8170fcd494 "HTTP/1.1 200 OK"
2025-09-17 01:33:07,656 | httpx | INFO | HTTP Request: POST https://devnet.helius-rpc.com/?api-key=2728d54b-ce26-4696-bb4d-dc8170fcd494 "HTTP/1.1 200 OK"
2025-09-17 01:33:07,780 | httpx | INFO | HTTP Request: POST https://devnet.helius-rpc.com/?api-key=2728d54b-ce26-4696-bb4d-dc8170fcd494 "HTTP/1.1 200 OK"
2025-09-17 01:33:08,836 | libs.sidecar_validator | INFO | Validating sidecar at: http://localhost:8787/health
2025-09-17 01:33:09,626 | httpx | INFO | HTTP Request: GET http://localhost:8787/health "HTTP/1.1 200 OK"
2025-09-17 01:33:09,627 | libs.sidecar_validator | INFO | Sidecar mode: forward
2025-09-17 01:33:09,627 | libs.sidecar_validator | INFO | Forward base: https://swift.drift.trade
2025-09-17 01:33:09,628 | libs.sidecar_validator | INFO | Upstream Swift service healthy: status=200 (343ms)
2025-09-17 01:33:09,628 | libs.sidecar_validator | WARNING | Circuit breaker OPEN: 3/3 consecutive failures
2025-09-17 01:33:09,628 | libs.sidecar_validator | WARNING | Sidecar will return 503 for new orders
2025-09-17 01:33:09,629 | libs.sidecar_validator | INFO | Sidecar validation passed
2025-09-17 01:33:09,787 | httpx | INFO | HTTP Request: GET http://localhost:8787/health "HTTP/1.1 200 OK"
2025-09-17 01:33:09,790 | libs.drift.drivers.swift | INFO | Swift driver initialized: http://localhost:8787, retries=3, auction=True
2025-09-17 01:33:09,888 | httpx | INFO | HTTP Request: POST https://devnet.helius-rpc.com/?api-key=2728d54b-ce26-4696-bb4d-dc8170fcd494 "HTTP/1.1 200 OK"
2025-09-17 01:33:10,146 | httpx | INFO | HTTP Request: POST https://devnet.helius-rpc.com/?api-key=2728d54b-ce26-4696-bb4d-dc8170fcd494 "HTTP/1.1 200 OK"
2025-09-17 01:33:10,323 | httpx | INFO | HTTP Request: POST https://devnet.helius-rpc.com/?api-key=2728d54b-ce26-4696-bb4d-dc8170fcd494 "HTTP/1.1 200 OK"
2025-09-17 01:33:11,842 | libs.sidecar_validator | INFO | Validating sidecar at: http://localhost:8787/health
2025-09-17 01:33:12,366 | httpx | INFO | HTTP Request: GET http://localhost:8787/health "HTTP/1.1 200 OK"
2025-09-17 01:33:12,366 | libs.sidecar_validator | INFO | Sidecar mode: forward
2025-09-17 01:33:12,367 | libs.sidecar_validator | INFO | Forward base: https://swift.drift.trade
2025-09-17 01:33:12,367 | libs.sidecar_validator | INFO | Upstream Swift service healthy: status=200 (145ms)
2025-09-17 01:33:12,367 | libs.sidecar_validator | WARNING | Circuit breaker OPEN: 3/3 consecutive failures
2025-09-17 01:33:12,367 | libs.sidecar_validator | WARNING | Sidecar will return 503 for new orders
2025-09-17 01:33:12,368 | libs.sidecar_validator | INFO | Sidecar validation passed
2025-09-17 01:33:12,697 | httpx | INFO | HTTP Request: GET http://localhost:8787/health "HTTP/1.1 200 OK"
2025-09-17 01:33:12,699 | libs.drift.drivers.swift | INFO | Swift driver initialized: http://localhost:8787, retries=3, auction=True
2025-09-17 01:33:12,842 | httpx | INFO | HTTP Request: POST https://devnet.helius-rpc.com/?api-key=2728d54b-ce26-4696-bb4d-dc8170fcd494 "HTTP/1.1 200 OK"
2025-09-17 01:33:12,935 | httpx | INFO | HTTP Request: POST https://devnet.helius-rpc.com/?api-key=2728d54b-ce26-4696-bb4d-dc8170fcd494 "HTTP/1.1 200 OK"
2025-09-17 01:33:13,121 | httpx | INFO | HTTP Request: POST https://devnet.helius-rpc.com/?api-key=2728d54b-ce26-4696-bb4d-dc8170fcd494 "HTTP/1.1 200 OK"
2025-09-17 01:33:16,205 | libs.sidecar_validator | INFO | Validating sidecar at: http://localhost:8787/health
2025-09-17 01:33:16,792 | httpx | INFO | HTTP Request: GET http://localhost:8787/health "HTTP/1.1 200 OK"
2025-09-17 01:33:16,793 | libs.sidecar_validator | INFO | Sidecar mode: forward
2025-09-17 01:33:16,793 | libs.sidecar_validator | INFO | Forward base: https://swift.drift.trade
2025-09-17 01:33:16,794 | libs.sidecar_validator | INFO | Upstream Swift service healthy: status=200 (145ms)
2025-09-17 01:33:16,794 | libs.sidecar_validator | WARNING | Circuit breaker OPEN: 3/3 consecutive failures
2025-09-17 01:33:16,794 | libs.sidecar_validator | WARNING | Sidecar will return 503 for new orders
2025-09-17 01:33:16,795 | libs.sidecar_validator | INFO | Sidecar validation passed
2025-09-17 01:33:17,142 | httpx | INFO | HTTP Request: GET http://localhost:8787/health "HTTP/1.1 200 OK"
2025-09-17 01:33:17,144 | libs.drift.drivers.swift | INFO | Swift driver initialized: http://localhost:8787, retries=3, auction=True
2025-09-17 01:33:17,380 | httpx | INFO | HTTP Request: POST https://devnet.helius-rpc.com/?api-key=2728d54b-ce26-4696-bb4d-dc8170fcd494 "HTTP/1.1 200 OK"
2025-09-17 01:33:17,538 | httpx | INFO | HTTP Request: POST https://devnet.helius-rpc.com/?api-key=2728d54b-ce26-4696-bb4d-dc8170fcd494 "HTTP/1.1 200 OK"
2025-09-17 01:33:17,661 | httpx | INFO | HTTP Request: POST https://devnet.helius-rpc.com/?api-key=2728d54b-ce26-4696-bb4d-dc8170fcd494 "HTTP/1.1 200 OK"
2025-09-17 01:33:18,698 | libs.sidecar_validator | INFO | Validating sidecar at: http://localhost:8787/health
2025-09-17 01:33:19,455 | httpx | INFO | HTTP Request: GET http://localhost:8787/health "HTTP/1.1 200 OK"
2025-09-17 01:33:19,456 | libs.sidecar_validator | INFO | Sidecar mode: forward
2025-09-17 01:33:19,456 | libs.sidecar_validator | INFO | Forward base: https://swift.drift.trade
2025-09-17 01:33:19,457 | libs.sidecar_validator | INFO | Upstream Swift service healthy: status=200 (332ms)
2025-09-17 01:33:19,457 | libs.sidecar_validator | WARNING | Circuit breaker OPEN: 3/3 consecutive failures
2025-09-17 01:33:19,457 | libs.sidecar_validator | WARNING | Sidecar will return 503 for new orders
2025-09-17 01:33:19,457 | libs.sidecar_validator | INFO | Sidecar validation passed
2025-09-17 01:33:19,626 | httpx | INFO | HTTP Request: GET http://localhost:8787/health "HTTP/1.1 200 OK"
2025-09-17 01:33:19,628 | libs.drift.drivers.swift | INFO | Swift driver initialized: http://localhost:8787, retries=3, auction=True
2025-09-17 01:33:19,712 | httpx | INFO | HTTP Request: POST https://devnet.helius-rpc.com/?api-key=2728d54b-ce26-4696-bb4d-dc8170fcd494 "HTTP/1.1 200 OK"
2025-09-17 01:33:19,801 | httpx | INFO | HTTP Request: POST https://devnet.helius-rpc.com/?api-key=2728d54b-ce26-4696-bb4d-dc8170fcd494 "HTTP/1.1 200 OK"
2025-09-17 01:33:19,887 | httpx | INFO | HTTP Request: POST https://devnet.helius-rpc.com/?api-key=2728d54b-ce26-4696-bb4d-dc8170fcd494 "HTTP/1.1 200 OK"
2025-09-17 01:33:20,941 | libs.sidecar_validator | INFO | Validating sidecar at: http://localhost:8787/health
2025-09-17 01:33:21,502 | httpx | INFO | HTTP Request: GET http://localhost:8787/health "HTTP/1.1 200 OK"
2025-09-17 01:33:21,503 | libs.sidecar_validator | INFO | Sidecar mode: forward
2025-09-17 01:33:21,503 | libs.sidecar_validator | INFO | Forward base: https://swift.drift.trade
2025-09-17 01:33:21,504 | libs.sidecar_validator | INFO | Upstream Swift service healthy: status=200 (143ms)
2025-09-17 01:33:21,504 | libs.sidecar_validator | WARNING | Circuit breaker OPEN: 3/3 consecutive failures
2025-09-17 01:33:21,505 | libs.sidecar_validator | WARNING | Sidecar will return 503 for new orders
2025-09-17 01:33:21,505 | libs.sidecar_validator | INFO | Sidecar validation passed
2025-09-17 01:33:21,648 | httpx | INFO | HTTP Request: GET http://localhost:8787/health "HTTP/1.1 200 OK"
2025-09-17 01:33:21,655 | libs.drift.drivers.swift | INFO | Swift driver initialized: http://localhost:8787, retries=3, auction=True
2025-09-17 01:33:21,756 | httpx | INFO | HTTP Request: POST https://devnet.helius-rpc.com/?api-key=2728d54b-ce26-4696-bb4d-dc8170fcd494 "HTTP/1.1 200 OK"
2025-09-17 01:33:21,986 | httpx | INFO | HTTP Request: POST https://devnet.helius-rpc.com/?api-key=2728d54b-ce26-4696-bb4d-dc8170fcd494 "HTTP/1.1 200 OK"
2025-09-17 01:33:22,093 | httpx | INFO | HTTP Request: POST https://devnet.helius-rpc.com/?api-key=2728d54b-ce26-4696-bb4d-dc8170fcd494 "HTTP/1.1 200 OK"
2025-09-17 01:33:29,683 | libs.sidecar_validator | INFO | Validating sidecar at: http://localhost:8787/health
2025-09-17 01:33:30,794 | httpx | INFO | HTTP Request: GET http://localhost:8787/health "HTTP/1.1 200 OK"
2025-09-17 01:33:30,796 | libs.sidecar_validator | INFO | Sidecar mode: forward
2025-09-17 01:33:30,796 | libs.sidecar_validator | INFO | Forward base: https://swift.drift.trade
2025-09-17 01:33:30,796 | libs.sidecar_validator | INFO | Upstream Swift service healthy: status=200 (722ms)
2025-09-17 01:33:30,797 | libs.sidecar_validator | WARNING | Circuit breaker OPEN: 3/3 consecutive failures
2025-09-17 01:33:30,797 | libs.sidecar_validator | WARNING | Sidecar will return 503 for new orders
2025-09-17 01:33:30,797 | libs.sidecar_validator | INFO | Sidecar validation passed
2025-09-17 01:33:30,991 | httpx | INFO | HTTP Request: GET http://localhost:8787/health "HTTP/1.1 200 OK"
2025-09-17 01:33:30,994 | libs.drift.drivers.swift | INFO | Swift driver initialized: http://localhost:8787, retries=3, auction=True
2025-09-17 01:33:31,434 | httpx | INFO | HTTP Request: POST https://devnet.helius-rpc.com/?api-key=2728d54b-ce26-4696-bb4d-dc8170fcd494 "HTTP/1.1 200 OK"
2025-09-17 01:33:31,535 | httpx | INFO | HTTP Request: POST https://devnet.helius-rpc.com/?api-key=2728d54b-ce26-4696-bb4d-dc8170fcd494 "HTTP/1.1 200 OK"
2025-09-17 01:33:31,677 | httpx | INFO | HTTP Request: POST https://devnet.helius-rpc.com/?api-key=2728d54b-ce26-4696-bb4d-dc8170fcd494 "HTTP/1.1 200 OK"
2025-09-17 01:33:32,708 | libs.sidecar_validator | INFO | Validating sidecar at: http://localhost:8787/health
2025-09-17 01:33:33,242 | httpx | INFO | HTTP Request: GET http://localhost:8787/health "HTTP/1.1 200 OK"
2025-09-17 01:33:33,243 | libs.sidecar_validator | INFO | Sidecar mode: forward
2025-09-17 01:33:33,243 | libs.sidecar_validator | INFO | Forward base: https://swift.drift.trade
2025-09-17 01:33:33,244 | libs.sidecar_validator | INFO | Upstream Swift service healthy: status=200 (144ms)
2025-09-17 01:33:33,244 | libs.sidecar_validator | WARNING | Circuit breaker OPEN: 3/3 consecutive failures
2025-09-17 01:33:33,245 | libs.sidecar_validator | WARNING | Sidecar will return 503 for new orders
2025-09-17 01:33:33,245 | libs.sidecar_validator | INFO | Sidecar validation passed
2025-09-17 01:33:33,585 | httpx | INFO | HTTP Request: GET http://localhost:8787/health "HTTP/1.1 200 OK"
2025-09-17 01:33:33,587 | libs.drift.drivers.swift | INFO | Swift driver initialized: http://localhost:8787, retries=3, auction=True
2025-09-17 01:33:33,823 | httpx | INFO | HTTP Request: POST https://devnet.helius-rpc.com/?api-key=2728d54b-ce26-4696-bb4d-dc8170fcd494 "HTTP/1.1 200 OK"
2025-09-17 01:33:33,931 | httpx | INFO | HTTP Request: POST https://devnet.helius-rpc.com/?api-key=2728d54b-ce26-4696-bb4d-dc8170fcd494 "HTTP/1.1 200 OK"
2025-09-17 01:33:34,073 | httpx | INFO | HTTP Request: POST https://devnet.helius-rpc.com/?api-key=2728d54b-ce26-4696-bb4d-dc8170fcd494 "HTTP/1.1 200 OK"
2025-09-17 01:33:35,091 | libs.sidecar_validator | INFO | Validating sidecar at: http://localhost:8787/health
2025-09-17 01:33:35,617 | httpx | INFO | HTTP Request: GET http://localhost:8787/health "HTTP/1.1 200 OK"
2025-09-17 01:33:35,618 | libs.sidecar_validator | INFO | Sidecar mode: forward
2025-09-17 01:33:35,619 | libs.sidecar_validator | INFO | Forward base: https://swift.drift.trade
2025-09-17 01:33:35,620 | libs.sidecar_validator | INFO | Upstream Swift service healthy: status=200 (145ms)
2025-09-17 01:33:35,620 | libs.sidecar_validator | WARNING | Circuit breaker OPEN: 3/3 consecutive failures
2025-09-17 01:33:35,620 | libs.sidecar_validator | WARNING | Sidecar will return 503 for new orders
2025-09-17 01:33:35,620 | libs.sidecar_validator | INFO | Sidecar validation passed
2025-09-17 01:33:35,965 | httpx | INFO | HTTP Request: GET http://localhost:8787/health "HTTP/1.1 200 OK"
2025-09-17 01:33:35,966 | libs.drift.drivers.swift | INFO | Swift driver initialized: http://localhost:8787, retries=3, auction=True
2025-09-17 01:33:36,109 | httpx | INFO | HTTP Request: POST https://devnet.helius-rpc.com/?api-key=2728d54b-ce26-4696-bb4d-dc8170fcd494 "HTTP/1.1 200 OK"
2025-09-17 01:33:36,190 | httpx | INFO | HTTP Request: POST https://devnet.helius-rpc.com/?api-key=2728d54b-ce26-4696-bb4d-dc8170fcd494 "HTTP/1.1 200 OK"
2025-09-17 01:33:36,348 | httpx | INFO | HTTP Request: POST https://devnet.helius-rpc.com/?api-key=2728d54b-ce26-4696-bb4d-dc8170fcd494 "HTTP/1.1 200 OK"
2025-09-17 01:33:37,379 | libs.sidecar_validator | INFO | Validating sidecar at: http://localhost:8787/health
2025-09-17 01:33:37,956 | httpx | INFO | HTTP Request: GET http://localhost:8787/health "HTTP/1.1 200 OK"
2025-09-17 01:33:37,957 | libs.sidecar_validator | INFO | Sidecar mode: forward
2025-09-17 01:33:37,958 | libs.sidecar_validator | INFO | Forward base: https://swift.drift.trade
2025-09-17 01:33:37,959 | libs.sidecar_validator | INFO | Upstream Swift service healthy: status=200 (155ms)
2025-09-17 01:33:37,960 | libs.sidecar_validator | WARNING | Circuit breaker OPEN: 3/3 consecutive failures
2025-09-17 01:33:37,960 | libs.sidecar_validator | WARNING | Sidecar will return 503 for new orders
2025-09-17 01:33:37,961 | libs.sidecar_validator | INFO | Sidecar validation passed
2025-09-17 01:33:38,128 | httpx | INFO | HTTP Request: GET http://localhost:8787/health "HTTP/1.1 200 OK"
2025-09-17 01:33:38,130 | libs.drift.drivers.swift | INFO | Swift driver initialized: http://localhost:8787, retries=3, auction=True
2025-09-17 01:33:38,233 | httpx | INFO | HTTP Request: POST https://devnet.helius-rpc.com/?api-key=2728d54b-ce26-4696-bb4d-dc8170fcd494 "HTTP/1.1 200 OK"
2025-09-17 01:33:38,309 | httpx | INFO | HTTP Request: POST https://devnet.helius-rpc.com/?api-key=2728d54b-ce26-4696-bb4d-dc8170fcd494 "HTTP/1.1 200 OK"
2025-09-17 01:33:38,404 | httpx | INFO | HTTP Request: POST https://devnet.helius-rpc.com/?api-key=2728d54b-ce26-4696-bb4d-dc8170fcd494 "HTTP/1.1 200 OK"
2025-09-17 01:33:39,412 | libs.sidecar_validator | INFO | Validating sidecar at: http://localhost:8787/health
2025-09-17 01:33:39,955 | httpx | INFO | HTTP Request: GET http://localhost:8787/health "HTTP/1.1 200 OK"
2025-09-17 01:33:39,956 | libs.sidecar_validator | INFO | Sidecar mode: forward
2025-09-17 01:33:39,957 | libs.sidecar_validator | INFO | Forward base: https://swift.drift.trade
2025-09-17 01:33:39,957 | libs.sidecar_validator | INFO | Upstream Swift service healthy: status=200 (158ms)
2025-09-17 01:33:39,958 | libs.sidecar_validator | WARNING | Circuit breaker OPEN: 3/3 consecutive failures
2025-09-17 01:33:39,959 | libs.sidecar_validator | WARNING | Sidecar will return 503 for new orders
2025-09-17 01:33:39,959 | libs.sidecar_validator | INFO | Sidecar validation passed
2025-09-17 01:33:40,103 | httpx | INFO | HTTP Request: GET http://localhost:8787/health "HTTP/1.1 200 OK"
2025-09-17 01:33:40,105 | libs.drift.drivers.swift | INFO | Swift driver initialized: http://localhost:8787, retries=3, auction=True
2025-09-17 01:33:40,184 | httpx | INFO | HTTP Request: POST https://devnet.helius-rpc.com/?api-key=2728d54b-ce26-4696-bb4d-dc8170fcd494 "HTTP/1.1 200 OK"
2025-09-17 01:33:40,409 | httpx | INFO | HTTP Request: POST https://devnet.helius-rpc.com/?api-key=2728d54b-ce26-4696-bb4d-dc8170fcd494 "HTTP/1.1 200 OK"
2025-09-17 01:33:40,487 | httpx | INFO | HTTP Request: POST https://devnet.helius-rpc.com/?api-key=2728d54b-ce26-4696-bb4d-dc8170fcd494 "HTTP/1.1 200 OK"
2025-09-17 01:33:41,504 | libs.sidecar_validator | INFO | Validating sidecar at: http://localhost:8787/health
2025-09-17 01:33:42,101 | httpx | INFO | HTTP Request: GET http://localhost:8787/health "HTTP/1.1 200 OK"
2025-09-17 01:33:42,103 | libs.sidecar_validator | INFO | Sidecar mode: forward
2025-09-17 01:33:42,103 | libs.sidecar_validator | INFO | Forward base: https://swift.drift.trade
2025-09-17 01:33:42,104 | libs.sidecar_validator | INFO | Upstream Swift service healthy: status=200 (156ms)
2025-09-17 01:33:42,104 | libs.sidecar_validator | WARNING | Circuit breaker OPEN: 3/3 consecutive failures
2025-09-17 01:33:42,104 | libs.sidecar_validator | WARNING | Sidecar will return 503 for new orders
2025-09-17 01:33:42,105 | libs.sidecar_validator | INFO | Sidecar validation passed
2025-09-17 01:33:42,269 | httpx | INFO | HTTP Request: GET http://localhost:8787/health "HTTP/1.1 200 OK"
2025-09-17 01:33:42,270 | libs.drift.drivers.swift | INFO | Swift driver initialized: http://localhost:8787, retries=3, auction=True
2025-09-17 01:33:42,375 | httpx | INFO | HTTP Request: POST https://devnet.helius-rpc.com/?api-key=2728d54b-ce26-4696-bb4d-dc8170fcd494 "HTTP/1.1 200 OK"
2025-09-17 01:33:42,465 | httpx | INFO | HTTP Request: POST https://devnet.helius-rpc.com/?api-key=2728d54b-ce26-4696-bb4d-dc8170fcd494 "HTTP/1.1 200 OK"
2025-09-17 01:33:42,551 | httpx | INFO | HTTP Request: POST https://devnet.helius-rpc.com/?api-key=2728d54b-ce26-4696-bb4d-dc8170fcd494 "HTTP/1.1 200 OK"
2025-09-17 01:33:43,593 | libs.sidecar_validator | INFO | Validating sidecar at: http://localhost:8787/health
2025-09-17 01:33:44,141 | httpx | INFO | HTTP Request: GET http://localhost:8787/health "HTTP/1.1 200 OK"
2025-09-17 01:33:44,141 | libs.sidecar_validator | INFO | Sidecar mode: forward
2025-09-17 01:33:44,141 | libs.sidecar_validator | INFO | Forward base: https://swift.drift.trade
2025-09-17 01:33:44,142 | libs.sidecar_validator | INFO | Upstream Swift service healthy: status=200 (149ms)
2025-09-17 01:33:44,142 | libs.sidecar_validator | WARNING | Circuit breaker OPEN: 3/3 consecutive failures
2025-09-17 01:33:44,142 | libs.sidecar_validator | WARNING | Sidecar will return 503 for new orders
2025-09-17 01:33:44,143 | libs.sidecar_validator | INFO | Sidecar validation passed
2025-09-17 01:33:44,300 | httpx | INFO | HTTP Request: GET http://localhost:8787/health "HTTP/1.1 200 OK"
2025-09-17 01:33:44,301 | libs.drift.drivers.swift | INFO | Swift driver initialized: http://localhost:8787, retries=3, auction=True
2025-09-17 01:33:44,429 | httpx | INFO | HTTP Request: POST https://devnet.helius-rpc.com/?api-key=2728d54b-ce26-4696-bb4d-dc8170fcd494 "HTTP/1.1 200 OK"
2025-09-17 01:33:44,524 | httpx | INFO | HTTP Request: POST https://devnet.helius-rpc.com/?api-key=2728d54b-ce26-4696-bb4d-dc8170fcd494 "HTTP/1.1 200 OK"
2025-09-17 01:33:44,697 | httpx | INFO | HTTP Request: POST https://devnet.helius-rpc.com/?api-key=2728d54b-ce26-4696-bb4d-dc8170fcd494 "HTTP/1.1 200 OK"
2025-09-17 01:33:45,759 | libs.sidecar_validator | INFO | Validating sidecar at: http://localhost:8787/health
2025-09-17 01:33:46,499 | httpx | INFO | HTTP Request: GET http://localhost:8787/health "HTTP/1.1 200 OK"
2025-09-17 01:33:46,500 | libs.sidecar_validator | INFO | Sidecar mode: forward
2025-09-17 01:33:46,501 | libs.sidecar_validator | INFO | Forward base: https://swift.drift.trade
2025-09-17 01:33:46,501 | libs.sidecar_validator | INFO | Upstream Swift service healthy: status=200 (341ms)
2025-09-17 01:33:46,502 | libs.sidecar_validator | WARNING | Circuit breaker OPEN: 3/3 consecutive failures
2025-09-17 01:33:46,502 | libs.sidecar_validator | WARNING | Sidecar will return 503 for new orders
2025-09-17 01:33:46,502 | libs.sidecar_validator | INFO | Sidecar validation passed
2025-09-17 01:33:46,649 | httpx | INFO | HTTP Request: GET http://localhost:8787/health "HTTP/1.1 200 OK"
2025-09-17 01:33:46,651 | libs.drift.drivers.swift | INFO | Swift driver initialized: http://localhost:8787, retries=3, auction=True
2025-09-17 01:33:46,752 | httpx | INFO | HTTP Request: POST https://devnet.helius-rpc.com/?api-key=2728d54b-ce26-4696-bb4d-dc8170fcd494 "HTTP/1.1 200 OK"
2025-09-17 01:33:46,858 | httpx | INFO | HTTP Request: POST https://devnet.helius-rpc.com/?api-key=2728d54b-ce26-4696-bb4d-dc8170fcd494 "HTTP/1.1 200 OK"
2025-09-17 01:33:46,996 | httpx | INFO | HTTP Request: POST https://devnet.helius-rpc.com/?api-key=2728d54b-ce26-4696-bb4d-dc8170fcd494 "HTTP/1.1 200 OK"
2025-09-17 01:33:48,014 | libs.sidecar_validator | INFO | Validating sidecar at: http://localhost:8787/health
2025-09-17 01:33:48,630 | httpx | INFO | HTTP Request: GET http://localhost:8787/health "HTTP/1.1 200 OK"
2025-09-17 01:33:48,631 | libs.sidecar_validator | INFO | Sidecar mode: forward
2025-09-17 01:33:48,631 | libs.sidecar_validator | INFO | Forward base: https://swift.drift.trade
2025-09-17 01:33:48,632 | libs.sidecar_validator | INFO | Upstream Swift service healthy: status=200 (142ms)
2025-09-17 01:33:48,633 | libs.sidecar_validator | WARNING | Circuit breaker OPEN: 3/3 consecutive failures
2025-09-17 01:33:48,633 | libs.sidecar_validator | WARNING | Sidecar will return 503 for new orders
2025-09-17 01:33:48,634 | libs.sidecar_validator | INFO | Sidecar validation passed
2025-09-17 01:33:48,968 | httpx | INFO | HTTP Request: GET http://localhost:8787/health "HTTP/1.1 200 OK"
2025-09-17 01:33:48,970 | libs.drift.drivers.swift | INFO | Swift driver initialized: http://localhost:8787, retries=3, auction=True
2025-09-17 01:33:49,053 | httpx | INFO | HTTP Request: POST https://devnet.helius-rpc.com/?api-key=2728d54b-ce26-4696-bb4d-dc8170fcd494 "HTTP/1.1 200 OK"
2025-09-17 01:33:49,205 | httpx | INFO | HTTP Request: POST https://devnet.helius-rpc.com/?api-key=2728d54b-ce26-4696-bb4d-dc8170fcd494 "HTTP/1.1 200 OK"
2025-09-17 01:33:49,354 | httpx | INFO | HTTP Request: POST https://devnet.helius-rpc.com/?api-key=2728d54b-ce26-4696-bb4d-dc8170fcd494 "HTTP/1.1 200 OK"
2025-09-17 01:33:50,404 | libs.sidecar_validator | INFO | Validating sidecar at: http://localhost:8787/health
2025-09-17 01:33:51,261 | httpx | INFO | HTTP Request: GET http://localhost:8787/health "HTTP/1.1 200 OK"
2025-09-17 01:33:51,262 | libs.sidecar_validator | INFO | Sidecar mode: forward
2025-09-17 01:33:51,262 | libs.sidecar_validator | INFO | Forward base: https://swift.drift.trade
2025-09-17 01:33:51,262 | libs.sidecar_validator | INFO | Upstream Swift service healthy: status=200 (346ms)
2025-09-17 01:33:51,263 | libs.sidecar_validator | WARNING | Circuit breaker OPEN: 3/3 consecutive failures
2025-09-17 01:33:51,263 | libs.sidecar_validator | WARNING | Sidecar will return 503 for new orders
2025-09-17 01:33:51,263 | libs.sidecar_validator | INFO | Sidecar validation passed
2025-09-17 01:33:51,422 | httpx | INFO | HTTP Request: GET http://localhost:8787/health "HTTP/1.1 200 OK"
2025-09-17 01:33:51,424 | libs.drift.drivers.swift | INFO | Swift driver initialized: http://localhost:8787, retries=3, auction=True
2025-09-17 01:33:51,579 | httpx | INFO | HTTP Request: POST https://devnet.helius-rpc.com/?api-key=2728d54b-ce26-4696-bb4d-dc8170fcd494 "HTTP/1.1 200 OK"
2025-09-17 01:33:51,714 | httpx | INFO | HTTP Request: POST https://devnet.helius-rpc.com/?api-key=2728d54b-ce26-4696-bb4d-dc8170fcd494 "HTTP/1.1 200 OK"
2025-09-17 01:33:51,811 | httpx | INFO | HTTP Request: POST https://devnet.helius-rpc.com/?api-key=2728d54b-ce26-4696-bb4d-dc8170fcd494 "HTTP/1.1 200 OK"
2025-09-17 01:33:52,856 | libs.sidecar_validator | INFO | Validating sidecar at: http://localhost:8787/health
2025-09-17 01:33:53,397 | httpx | INFO | HTTP Request: GET http://localhost:8787/health "HTTP/1.1 200 OK"
2025-09-17 01:33:53,398 | libs.sidecar_validator | INFO | Sidecar mode: forward
2025-09-17 01:33:53,398 | libs.sidecar_validator | INFO | Forward base: https://swift.drift.trade
2025-09-17 01:33:53,398 | libs.sidecar_validator | INFO | Upstream Swift service healthy: status=200 (144ms)
2025-09-17 01:33:53,399 | libs.sidecar_validator | WARNING | Circuit breaker OPEN: 3/3 consecutive failures
2025-09-17 01:33:53,399 | libs.sidecar_validator | WARNING | Sidecar will return 503 for new orders
2025-09-17 01:33:53,399 | libs.sidecar_validator | INFO | Sidecar validation passed
2025-09-17 01:33:53,564 | httpx | INFO | HTTP Request: GET http://localhost:8787/health "HTTP/1.1 200 OK"
2025-09-17 01:33:53,566 | libs.drift.drivers.swift | INFO | Swift driver initialized: http://localhost:8787, retries=3, auction=True
2025-09-17 01:33:53,817 | httpx | INFO | HTTP Request: POST https://devnet.helius-rpc.com/?api-key=2728d54b-ce26-4696-bb4d-dc8170fcd494 "HTTP/1.1 200 OK"
2025-09-17 01:33:53,943 | httpx | INFO | HTTP Request: POST https://devnet.helius-rpc.com/?api-key=2728d54b-ce26-4696-bb4d-dc8170fcd494 "HTTP/1.1 200 OK"
2025-09-17 01:33:54,045 | httpx | INFO | HTTP Request: POST https://devnet.helius-rpc.com/?api-key=2728d54b-ce26-4696-bb4d-dc8170fcd494 "HTTP/1.1 200 OK"
2025-09-17 01:33:55,096 | libs.sidecar_validator | INFO | Validating sidecar at: http://localhost:8787/health
2025-09-17 01:33:56,009 | httpx | INFO | HTTP Request: GET http://localhost:8787/health "HTTP/1.1 200 OK"
2025-09-17 01:33:56,010 | libs.sidecar_validator | INFO | Sidecar mode: forward
2025-09-17 01:33:56,010 | libs.sidecar_validator | INFO | Forward base: https://swift.drift.trade
2025-09-17 01:33:56,011 | libs.sidecar_validator | INFO | Upstream Swift service healthy: status=200 (331ms)
2025-09-17 01:33:56,011 | libs.sidecar_validator | WARNING | Circuit breaker OPEN: 3/3 consecutive failures
2025-09-17 01:33:56,011 | libs.sidecar_validator | WARNING | Sidecar will return 503 for new orders
2025-09-17 01:33:56,012 | libs.sidecar_validator | INFO | Sidecar validation passed
2025-09-17 01:33:56,398 | httpx | INFO | HTTP Request: GET http://localhost:8787/health "HTTP/1.1 200 OK"
2025-09-17 01:33:56,400 | libs.drift.drivers.swift | INFO | Swift driver initialized: http://localhost:8787, retries=3, auction=True
2025-09-17 01:33:56,581 | httpx | INFO | HTTP Request: POST https://devnet.helius-rpc.com/?api-key=2728d54b-ce26-4696-bb4d-dc8170fcd494 "HTTP/1.1 200 OK"
2025-09-17 01:33:56,764 | httpx | INFO | HTTP Request: POST https://devnet.helius-rpc.com/?api-key=2728d54b-ce26-4696-bb4d-dc8170fcd494 "HTTP/1.1 200 OK"
2025-09-17 01:33:56,872 | httpx | INFO | HTTP Request: POST https://devnet.helius-rpc.com/?api-key=2728d54b-ce26-4696-bb4d-dc8170fcd494 "HTTP/1.1 200 OK"
2025-09-17 01:33:57,917 | libs.sidecar_validator | INFO | Validating sidecar at: http://localhost:8787/health
2025-09-17 01:33:58,624 | httpx | INFO | HTTP Request: GET http://localhost:8787/health "HTTP/1.1 200 OK"
2025-09-17 01:33:58,625 | libs.sidecar_validator | INFO | Sidecar mode: forward
2025-09-17 01:33:58,626 | libs.sidecar_validator | INFO | Forward base: https://swift.drift.trade
2025-09-17 01:33:58,626 | libs.sidecar_validator | INFO | Upstream Swift service healthy: status=200 (143ms)
2025-09-17 01:33:58,627 | libs.sidecar_validator | WARNING | Circuit breaker OPEN: 3/3 consecutive failures
2025-09-17 01:33:58,627 | libs.sidecar_validator | WARNING | Sidecar will return 503 for new orders
2025-09-17 01:33:58,628 | libs.sidecar_validator | INFO | Sidecar validation passed
2025-09-17 01:33:58,777 | httpx | INFO | HTTP Request: GET http://localhost:8787/health "HTTP/1.1 200 OK"
2025-09-17 01:33:58,779 | libs.drift.drivers.swift | INFO | Swift driver initialized: http://localhost:8787, retries=3, auction=True
2025-09-17 01:33:58,874 | httpx | INFO | HTTP Request: POST https://devnet.helius-rpc.com/?api-key=2728d54b-ce26-4696-bb4d-dc8170fcd494 "HTTP/1.1 200 OK"
2025-09-17 01:33:59,045 | httpx | INFO | HTTP Request: POST https://devnet.helius-rpc.com/?api-key=2728d54b-ce26-4696-bb4d-dc8170fcd494 "HTTP/1.1 200 OK"
2025-09-17 01:33:59,325 | httpx | INFO | HTTP Request: POST https://devnet.helius-rpc.com/?api-key=2728d54b-ce26-4696-bb4d-dc8170fcd494 "HTTP/1.1 200 OK"
2025-09-17 01:34:00,340 | libs.sidecar_validator | INFO | Validating sidecar at: http://localhost:8787/health
2025-09-17 01:34:01,087 | httpx | INFO | HTTP Request: GET http://localhost:8787/health "HTTP/1.1 200 OK"
2025-09-17 01:34:01,088 | libs.sidecar_validator | INFO | Sidecar mode: forward
2025-09-17 01:34:01,089 | libs.sidecar_validator | INFO | Forward base: https://swift.drift.trade
2025-09-17 01:34:01,089 | libs.sidecar_validator | INFO | Upstream Swift service healthy: status=200 (331ms)
2025-09-17 01:34:01,089 | libs.sidecar_validator | WARNING | Circuit breaker OPEN: 3/3 consecutive failures
2025-09-17 01:34:01,089 | libs.sidecar_validator | WARNING | Sidecar will return 503 for new orders
2025-09-17 01:34:01,090 | libs.sidecar_validator | INFO | Sidecar validation passed
2025-09-17 01:34:01,252 | httpx | INFO | HTTP Request: GET http://localhost:8787/health "HTTP/1.1 200 OK"
2025-09-17 01:34:01,254 | libs.drift.drivers.swift | INFO | Swift driver initialized: http://localhost:8787, retries=3, auction=True
2025-09-17 01:34:01,337 | httpx | INFO | HTTP Request: POST https://devnet.helius-rpc.com/?api-key=2728d54b-ce26-4696-bb4d-dc8170fcd494 "HTTP/1.1 200 OK"
2025-09-17 01:34:01,561 | httpx | INFO | HTTP Request: POST https://devnet.helius-rpc.com/?api-key=2728d54b-ce26-4696-bb4d-dc8170fcd494 "HTTP/1.1 200 OK"
2025-09-17 01:34:01,670 | httpx | INFO | HTTP Request: POST https://devnet.helius-rpc.com/?api-key=2728d54b-ce26-4696-bb4d-dc8170fcd494 "HTTP/1.1 200 OK"
2025-09-17 01:34:02,707 | libs.sidecar_validator | INFO | Validating sidecar at: http://localhost:8787/health
2025-09-17 01:34:03,258 | httpx | INFO | HTTP Request: GET http://localhost:8787/health "HTTP/1.1 200 OK"
2025-09-17 01:34:03,260 | libs.sidecar_validator | INFO | Sidecar mode: forward
2025-09-17 01:34:03,260 | libs.sidecar_validator | INFO | Forward base: https://swift.drift.trade
2025-09-17 01:34:03,260 | libs.sidecar_validator | INFO | Upstream Swift service healthy: status=200 (155ms)
2025-09-17 01:34:03,261 | libs.sidecar_validator | WARNING | Circuit breaker OPEN: 3/3 consecutive failures
2025-09-17 01:34:03,261 | libs.sidecar_validator | WARNING | Sidecar will return 503 for new orders
2025-09-17 01:34:03,261 | libs.sidecar_validator | INFO | Sidecar validation passed
2025-09-17 01:34:03,412 | httpx | INFO | HTTP Request: GET http://localhost:8787/health "HTTP/1.1 200 OK"
2025-09-17 01:34:03,414 | libs.drift.drivers.swift | INFO | Swift driver initialized: http://localhost:8787, retries=3, auction=True
2025-09-17 01:34:03,565 | httpx | INFO | HTTP Request: POST https://devnet.helius-rpc.com/?api-key=2728d54b-ce26-4696-bb4d-dc8170fcd494 "HTTP/1.1 200 OK"
2025-09-17 01:34:03,658 | httpx | INFO | HTTP Request: POST https://devnet.helius-rpc.com/?api-key=2728d54b-ce26-4696-bb4d-dc8170fcd494 "HTTP/1.1 200 OK"
2025-09-17 01:34:03,765 | httpx | INFO | HTTP Request: POST https://devnet.helius-rpc.com/?api-key=2728d54b-ce26-4696-bb4d-dc8170fcd494 "HTTP/1.1 200 OK"
2025-09-17 01:34:04,810 | libs.sidecar_validator | INFO | Validating sidecar at: http://localhost:8787/health
2025-09-17 01:34:05,368 | httpx | INFO | HTTP Request: GET http://localhost:8787/health "HTTP/1.1 200 OK"
2025-09-17 01:34:05,368 | libs.sidecar_validator | INFO | Sidecar mode: forward
2025-09-17 01:34:05,369 | libs.sidecar_validator | INFO | Forward base: https://swift.drift.trade
2025-09-17 01:34:05,369 | libs.sidecar_validator | INFO | Upstream Swift service healthy: status=200 (145ms)
2025-09-17 01:34:05,369 | libs.sidecar_validator | WARNING | Circuit breaker OPEN: 3/3 consecutive failures
2025-09-17 01:34:05,370 | libs.sidecar_validator | WARNING | Sidecar will return 503 for new orders
2025-09-17 01:34:05,370 | libs.sidecar_validator | INFO | Sidecar validation passed
2025-09-17 01:34:05,517 | httpx | INFO | HTTP Request: GET http://localhost:8787/health "HTTP/1.1 200 OK"
2025-09-17 01:34:05,519 | libs.drift.drivers.swift | INFO | Swift driver initialized: http://localhost:8787, retries=3, auction=True
2025-09-17 01:34:05,615 | httpx | INFO | HTTP Request: POST https://devnet.helius-rpc.com/?api-key=2728d54b-ce26-4696-bb4d-dc8170fcd494 "HTTP/1.1 200 OK"
2025-09-17 01:34:05,702 | httpx | INFO | HTTP Request: POST https://devnet.helius-rpc.com/?api-key=2728d54b-ce26-4696-bb4d-dc8170fcd494 "HTTP/1.1 200 OK"
2025-09-17 01:34:05,970 | httpx | INFO | HTTP Request: POST https://devnet.helius-rpc.com/?api-key=2728d54b-ce26-4696-bb4d-dc8170fcd494 "HTTP/1.1 200 OK"
2025-09-17 01:34:07,007 | libs.sidecar_validator | INFO | Validating sidecar at: http://localhost:8787/health
2025-09-17 01:34:07,569 | httpx | INFO | HTTP Request: GET http://localhost:8787/health "HTTP/1.1 200 OK"
2025-09-17 01:34:07,570 | libs.sidecar_validator | INFO | Sidecar mode: forward
2025-09-17 01:34:07,571 | libs.sidecar_validator | INFO | Forward base: https://swift.drift.trade
2025-09-17 01:34:07,571 | libs.sidecar_validator | INFO | Upstream Swift service healthy: status=200 (157ms)
2025-09-17 01:34:07,572 | libs.sidecar_validator | WARNING | Circuit breaker OPEN: 3/3 consecutive failures
2025-09-17 01:34:07,572 | libs.sidecar_validator | WARNING | Sidecar will return 503 for new orders
2025-09-17 01:34:07,572 | libs.sidecar_validator | INFO | Sidecar validation passed
2025-09-17 01:34:07,922 | httpx | INFO | HTTP Request: GET http://localhost:8787/health "HTTP/1.1 200 OK"
2025-09-17 01:34:07,924 | libs.drift.drivers.swift | INFO | Swift driver initialized: http://localhost:8787, retries=3, auction=True
2025-09-17 01:34:08,028 | httpx | INFO | HTTP Request: POST https://devnet.helius-rpc.com/?api-key=2728d54b-ce26-4696-bb4d-dc8170fcd494 "HTTP/1.1 200 OK"
2025-09-17 01:34:08,249 | httpx | INFO | HTTP Request: POST https://devnet.helius-rpc.com/?api-key=2728d54b-ce26-4696-bb4d-dc8170fcd494 "HTTP/1.1 200 OK"
2025-09-17 01:34:08,349 | httpx | INFO | HTTP Request: POST https://devnet.helius-rpc.com/?api-key=2728d54b-ce26-4696-bb4d-dc8170fcd494 "HTTP/1.1 200 OK"
2025-09-17 01:34:09,382 | libs.sidecar_validator | INFO | Validating sidecar at: http://localhost:8787/health
2025-09-17 01:34:09,954 | httpx | INFO | HTTP Request: GET http://localhost:8787/health "HTTP/1.1 200 OK"
2025-09-17 01:34:09,955 | libs.sidecar_validator | INFO | Sidecar mode: forward
2025-09-17 01:34:09,955 | libs.sidecar_validator | INFO | Forward base: https://swift.drift.trade
2025-09-17 01:34:09,955 | libs.sidecar_validator | INFO | Upstream Swift service healthy: status=200 (153ms)
2025-09-17 01:34:09,956 | libs.sidecar_validator | WARNING | Circuit breaker OPEN: 3/3 consecutive failures
2025-09-17 01:34:09,956 | libs.sidecar_validator | WARNING | Sidecar will return 503 for new orders
2025-09-17 01:34:09,956 | libs.sidecar_validator | INFO | Sidecar validation passed
2025-09-17 01:34:10,098 | httpx | INFO | HTTP Request: GET http://localhost:8787/health "HTTP/1.1 200 OK"
2025-09-17 01:34:10,100 | libs.drift.drivers.swift | INFO | Swift driver initialized: http://localhost:8787, retries=3, auction=True
2025-09-17 01:34:10,213 | httpx | INFO | HTTP Request: POST https://devnet.helius-rpc.com/?api-key=2728d54b-ce26-4696-bb4d-dc8170fcd494 "HTTP/1.1 200 OK"
2025-09-17 01:34:10,325 | httpx | INFO | HTTP Request: POST https://devnet.helius-rpc.com/?api-key=2728d54b-ce26-4696-bb4d-dc8170fcd494 "HTTP/1.1 200 OK"
2025-09-17 01:34:10,442 | httpx | INFO | HTTP Request: POST https://devnet.helius-rpc.com/?api-key=2728d54b-ce26-4696-bb4d-dc8170fcd494 "HTTP/1.1 200 OK"
2025-09-17 01:34:11,494 | libs.sidecar_validator | INFO | Validating sidecar at: http://localhost:8787/health
2025-09-17 01:34:12,292 | httpx | INFO | HTTP Request: GET http://localhost:8787/health "HTTP/1.1 200 OK"
2025-09-17 01:34:12,293 | libs.sidecar_validator | INFO | Sidecar mode: forward
2025-09-17 01:34:12,293 | libs.sidecar_validator | INFO | Forward base: https://swift.drift.trade
2025-09-17 01:34:12,294 | libs.sidecar_validator | INFO | Upstream Swift service healthy: status=200 (333ms)
2025-09-17 01:34:12,294 | libs.sidecar_validator | WARNING | Circuit breaker OPEN: 3/3 consecutive failures
2025-09-17 01:34:12,295 | libs.sidecar_validator | WARNING | Sidecar will return 503 for new orders
2025-09-17 01:34:12,295 | libs.sidecar_validator | INFO | Sidecar validation passed
2025-09-17 01:34:12,448 | httpx | INFO | HTTP Request: GET http://localhost:8787/health "HTTP/1.1 200 OK"
2025-09-17 01:34:12,451 | libs.drift.drivers.swift | INFO | Swift driver initialized: http://localhost:8787, retries=3, auction=True
2025-09-17 01:34:12,629 | httpx | INFO | HTTP Request: POST https://devnet.helius-rpc.com/?api-key=2728d54b-ce26-4696-bb4d-dc8170fcd494 "HTTP/1.1 200 OK"
2025-09-17 01:34:12,753 | httpx | INFO | HTTP Request: POST https://devnet.helius-rpc.com/?api-key=2728d54b-ce26-4696-bb4d-dc8170fcd494 "HTTP/1.1 200 OK"
2025-09-17 01:34:12,836 | httpx | INFO | HTTP Request: POST https://devnet.helius-rpc.com/?api-key=2728d54b-ce26-4696-bb4d-dc8170fcd494 "HTTP/1.1 200 OK"
2025-09-17 01:34:13,914 | libs.sidecar_validator | INFO | Validating sidecar at: http://localhost:8787/health
2025-09-17 01:34:14,580 | httpx | INFO | HTTP Request: GET http://localhost:8787/health "HTTP/1.1 200 OK"
2025-09-17 01:34:14,581 | libs.sidecar_validator | INFO | Sidecar mode: forward
2025-09-17 01:34:14,582 | libs.sidecar_validator | INFO | Forward base: https://swift.drift.trade
2025-09-17 01:34:14,582 | libs.sidecar_validator | INFO | Upstream Swift service healthy: status=200 (146ms)
2025-09-17 01:34:14,583 | libs.sidecar_validator | WARNING | Circuit breaker OPEN: 3/3 consecutive failures
2025-09-17 01:34:14,583 | libs.sidecar_validator | WARNING | Sidecar will return 503 for new orders
2025-09-17 01:34:14,583 | libs.sidecar_validator | INFO | Sidecar validation passed
2025-09-17 01:34:14,937 | httpx | INFO | HTTP Request: GET http://localhost:8787/health "HTTP/1.1 200 OK"
2025-09-17 01:34:14,938 | libs.drift.drivers.swift | INFO | Swift driver initialized: http://localhost:8787, retries=3, auction=True
2025-09-17 01:34:15,099 | httpx | INFO | HTTP Request: POST https://devnet.helius-rpc.com/?api-key=2728d54b-ce26-4696-bb4d-dc8170fcd494 "HTTP/1.1 200 OK"
2025-09-17 01:34:15,189 | httpx | INFO | HTTP Request: POST https://devnet.helius-rpc.com/?api-key=2728d54b-ce26-4696-bb4d-dc8170fcd494 "HTTP/1.1 200 OK"
2025-09-17 01:34:15,308 | httpx | INFO | HTTP Request: POST https://devnet.helius-rpc.com/?api-key=2728d54b-ce26-4696-bb4d-dc8170fcd494 "HTTP/1.1 200 OK"
2025-09-17 01:34:16,367 | libs.sidecar_validator | INFO | Validating sidecar at: http://localhost:8787/health
2025-09-17 01:34:17,024 | httpx | INFO | HTTP Request: GET http://localhost:8787/health "HTTP/1.1 200 OK"
2025-09-17 01:34:17,025 | libs.sidecar_validator | INFO | Sidecar mode: forward
2025-09-17 01:34:17,025 | libs.sidecar_validator | INFO | Forward base: https://swift.drift.trade
2025-09-17 01:34:17,026 | libs.sidecar_validator | INFO | Upstream Swift service healthy: status=200 (156ms)
2025-09-17 01:34:17,026 | libs.sidecar_validator | WARNING | Circuit breaker OPEN: 3/3 consecutive failures
2025-09-17 01:34:17,026 | libs.sidecar_validator | WARNING | Sidecar will return 503 for new orders
2025-09-17 01:34:17,026 | libs.sidecar_validator | INFO | Sidecar validation passed
2025-09-17 01:34:17,195 | httpx | INFO | HTTP Request: GET http://localhost:8787/health "HTTP/1.1 200 OK"
2025-09-17 01:34:17,198 | libs.drift.drivers.swift | INFO | Swift driver initialized: http://localhost:8787, retries=3, auction=True
2025-09-17 01:34:17,307 | httpx | INFO | HTTP Request: POST https://devnet.helius-rpc.com/?api-key=2728d54b-ce26-4696-bb4d-dc8170fcd494 "HTTP/1.1 200 OK"
2025-09-17 01:34:17,428 | httpx | INFO | HTTP Request: POST https://devnet.helius-rpc.com/?api-key=2728d54b-ce26-4696-bb4d-dc8170fcd494 "HTTP/1.1 200 OK"
2025-09-17 01:34:17,499 | httpx | INFO | HTTP Request: POST https://devnet.helius-rpc.com/?api-key=2728d54b-ce26-4696-bb4d-dc8170fcd494 "HTTP/1.1 200 OK"
2025-09-17 01:34:18,554 | libs.sidecar_validator | INFO | Validating sidecar at: http://localhost:8787/health
2025-09-17 01:34:19,179 | httpx | INFO | HTTP Request: GET http://localhost:8787/health "HTTP/1.1 200 OK"
2025-09-17 01:34:19,180 | libs.sidecar_validator | INFO | Sidecar mode: forward
2025-09-17 01:34:19,180 | libs.sidecar_validator | INFO | Forward base: https://swift.drift.trade
2025-09-17 01:34:19,180 | libs.sidecar_validator | INFO | Upstream Swift service healthy: status=200 (155ms)
2025-09-17 01:34:19,181 | libs.sidecar_validator | WARNING | Circuit breaker OPEN: 3/3 consecutive failures
2025-09-17 01:34:19,181 | libs.sidecar_validator | WARNING | Sidecar will return 503 for new orders
2025-09-17 01:34:19,181 | libs.sidecar_validator | INFO | Sidecar validation passed
2025-09-17 01:34:19,327 | httpx | INFO | HTTP Request: GET http://localhost:8787/health "HTTP/1.1 200 OK"
2025-09-17 01:34:19,329 | libs.drift.drivers.swift | INFO | Swift driver initialized: http://localhost:8787, retries=3, auction=True
2025-09-17 01:34:19,492 | httpx | INFO | HTTP Request: POST https://devnet.helius-rpc.com/?api-key=2728d54b-ce26-4696-bb4d-dc8170fcd494 "HTTP/1.1 200 OK"
2025-09-17 01:34:19,723 | httpx | INFO | HTTP Request: POST https://devnet.helius-rpc.com/?api-key=2728d54b-ce26-4696-bb4d-dc8170fcd494 "HTTP/1.1 200 OK"
2025-09-17 01:34:19,790 | httpx | INFO | HTTP Request: POST https://devnet.helius-rpc.com/?api-key=2728d54b-ce26-4696-bb4d-dc8170fcd494 "HTTP/1.1 200 OK"
2025-09-17 01:34:21,090 | libs.sidecar_validator | INFO | Validating sidecar at: http://localhost:8787/health
2025-09-17 01:34:21,647 | httpx | INFO | HTTP Request: GET http://localhost:8787/health "HTTP/1.1 200 OK"
2025-09-17 01:34:21,647 | libs.sidecar_validator | INFO | Sidecar mode: forward
2025-09-17 01:34:21,648 | libs.sidecar_validator | INFO | Forward base: https://swift.drift.trade
2025-09-17 01:34:21,649 | libs.sidecar_validator | INFO | Upstream Swift service healthy: status=200 (145ms)
2025-09-17 01:34:21,649 | libs.sidecar_validator | WARNING | Circuit breaker OPEN: 3/3 consecutive failures
2025-09-17 01:34:21,649 | libs.sidecar_validator | WARNING | Sidecar will return 503 for new orders
2025-09-17 01:34:21,650 | libs.sidecar_validator | INFO | Sidecar validation passed
2025-09-17 01:34:21,796 | httpx | INFO | HTTP Request: GET http://localhost:8787/health "HTTP/1.1 200 OK"
2025-09-17 01:34:21,798 | libs.drift.drivers.swift | INFO | Swift driver initialized: http://localhost:8787, retries=3, auction=True
2025-09-17 01:34:21,940 | httpx | INFO | HTTP Request: POST https://devnet.helius-rpc.com/?api-key=2728d54b-ce26-4696-bb4d-dc8170fcd494 "HTTP/1.1 200 OK"
2025-09-17 01:34:22,060 | httpx | INFO | HTTP Request: POST https://devnet.helius-rpc.com/?api-key=2728d54b-ce26-4696-bb4d-dc8170fcd494 "HTTP/1.1 200 OK"
2025-09-17 01:34:22,216 | httpx | INFO | HTTP Request: POST https://devnet.helius-rpc.com/?api-key=2728d54b-ce26-4696-bb4d-dc8170fcd494 "HTTP/1.1 200 OK"
2025-09-17 01:34:27,496 | libs.sidecar_validator | INFO | Validating sidecar at: http://localhost:8787/health
2025-09-17 01:34:28,316 | httpx | INFO | HTTP Request: GET http://localhost:8787/health "HTTP/1.1 200 OK"
2025-09-17 01:34:28,317 | libs.sidecar_validator | INFO | Sidecar mode: forward
2025-09-17 01:34:28,318 | libs.sidecar_validator | INFO | Forward base: https://swift.drift.trade
2025-09-17 01:34:28,318 | libs.sidecar_validator | INFO | Upstream Swift service healthy: status=200 (416ms)
2025-09-17 01:34:28,319 | libs.sidecar_validator | WARNING | Circuit breaker OPEN: 3/3 consecutive failures
2025-09-17 01:34:28,319 | libs.sidecar_validator | WARNING | Sidecar will return 503 for new orders
2025-09-17 01:34:28,319 | libs.sidecar_validator | INFO | Sidecar validation passed
2025-09-17 01:34:28,672 | httpx | INFO | HTTP Request: GET http://localhost:8787/health "HTTP/1.1 200 OK"
2025-09-17 01:34:28,675 | libs.drift.drivers.swift | INFO | Swift driver initialized: http://localhost:8787, retries=3, auction=True
2025-09-17 01:34:29,120 | httpx | INFO | HTTP Request: POST https://devnet.helius-rpc.com/?api-key=2728d54b-ce26-4696-bb4d-dc8170fcd494 "HTTP/1.1 200 OK"
2025-09-17 01:34:29,307 | httpx | INFO | HTTP Request: POST https://devnet.helius-rpc.com/?api-key=2728d54b-ce26-4696-bb4d-dc8170fcd494 "HTTP/1.1 200 OK"
2025-09-17 01:34:29,497 | httpx | INFO | HTTP Request: POST https://devnet.helius-rpc.com/?api-key=2728d54b-ce26-4696-bb4d-dc8170fcd494 "HTTP/1.1 200 OK"
2025-09-17 01:34:30,523 | libs.sidecar_validator | INFO | Validating sidecar at: http://localhost:8787/health
2025-09-17 01:34:31,108 | httpx | INFO | HTTP Request: GET http://localhost:8787/health "HTTP/1.1 200 OK"
2025-09-17 01:34:31,109 | libs.sidecar_validator | INFO | Sidecar mode: forward
2025-09-17 01:34:31,109 | libs.sidecar_validator | INFO | Forward base: https://swift.drift.trade
2025-09-17 01:34:31,110 | libs.sidecar_validator | INFO | Upstream Swift service healthy: status=200 (174ms)
2025-09-17 01:34:31,110 | libs.sidecar_validator | WARNING | Circuit breaker OPEN: 3/3 consecutive failures
2025-09-17 01:34:31,111 | libs.sidecar_validator | WARNING | Sidecar will return 503 for new orders
2025-09-17 01:34:31,111 | libs.sidecar_validator | INFO | Sidecar validation passed
2025-09-17 01:34:31,259 | httpx | INFO | HTTP Request: GET http://localhost:8787/health "HTTP/1.1 200 OK"
2025-09-17 01:34:31,261 | libs.drift.drivers.swift | INFO | Swift driver initialized: http://localhost:8787, retries=3, auction=True
2025-09-17 01:34:31,422 | httpx | INFO | HTTP Request: POST https://devnet.helius-rpc.com/?api-key=2728d54b-ce26-4696-bb4d-dc8170fcd494 "HTTP/1.1 200 OK"
2025-09-17 01:34:31,599 | httpx | INFO | HTTP Request: POST https://devnet.helius-rpc.com/?api-key=2728d54b-ce26-4696-bb4d-dc8170fcd494 "HTTP/1.1 200 OK"
2025-09-17 01:34:31,749 | httpx | INFO | HTTP Request: POST https://devnet.helius-rpc.com/?api-key=2728d54b-ce26-4696-bb4d-dc8170fcd494 "HTTP/1.1 200 OK"
2025-09-17 01:34:32,789 | libs.sidecar_validator | INFO | Validating sidecar at: http://localhost:8787/health
2025-09-17 01:34:33,386 | httpx | INFO | HTTP Request: GET http://localhost:8787/health "HTTP/1.1 200 OK"
2025-09-17 01:34:33,387 | libs.sidecar_validator | INFO | Sidecar mode: forward
2025-09-17 01:34:33,387 | libs.sidecar_validator | INFO | Forward base: https://swift.drift.trade
2025-09-17 01:34:33,388 | libs.sidecar_validator | INFO | Upstream Swift service healthy: status=200 (147ms)
2025-09-17 01:34:33,388 | libs.sidecar_validator | WARNING | Circuit breaker OPEN: 3/3 consecutive failures
2025-09-17 01:34:33,388 | libs.sidecar_validator | WARNING | Sidecar will return 503 for new orders
2025-09-17 01:34:33,388 | libs.sidecar_validator | INFO | Sidecar validation passed
2025-09-17 01:34:33,537 | httpx | INFO | HTTP Request: GET http://localhost:8787/health "HTTP/1.1 200 OK"
2025-09-17 01:34:33,539 | libs.drift.drivers.swift | INFO | Swift driver initialized: http://localhost:8787, retries=3, auction=True
2025-09-17 01:34:33,657 | httpx | INFO | HTTP Request: POST https://devnet.helius-rpc.com/?api-key=2728d54b-ce26-4696-bb4d-dc8170fcd494 "HTTP/1.1 200 OK"
2025-09-17 01:34:33,766 | httpx | INFO | HTTP Request: POST https://devnet.helius-rpc.com/?api-key=2728d54b-ce26-4696-bb4d-dc8170fcd494 "HTTP/1.1 200 OK"
2025-09-17 01:34:33,872 | httpx | INFO | HTTP Request: POST https://devnet.helius-rpc.com/?api-key=2728d54b-ce26-4696-bb4d-dc8170fcd494 "HTTP/1.1 200 OK"
2025-09-17 01:34:37,926 | libs.sidecar_validator | INFO | Validating sidecar at: http://localhost:8787/health
2025-09-17 01:34:38,791 | httpx | INFO | HTTP Request: GET http://localhost:8787/health "HTTP/1.1 200 OK"
2025-09-17 01:34:38,792 | libs.sidecar_validator | INFO | Sidecar mode: forward
2025-09-17 01:34:38,792 | libs.sidecar_validator | INFO | Forward base: https://swift.drift.trade
2025-09-17 01:34:38,793 | libs.sidecar_validator | INFO | Upstream Swift service healthy: status=200 (359ms)
2025-09-17 01:34:38,793 | libs.sidecar_validator | WARNING | Circuit breaker OPEN: 3/3 consecutive failures
2025-09-17 01:34:38,794 | libs.sidecar_validator | WARNING | Sidecar will return 503 for new orders
2025-09-17 01:34:38,794 | libs.sidecar_validator | INFO | Sidecar validation passed
2025-09-17 01:34:39,181 | httpx | INFO | HTTP Request: GET http://localhost:8787/health "HTTP/1.1 200 OK"
2025-09-17 01:34:39,183 | libs.drift.drivers.swift | INFO | Swift driver initialized: http://localhost:8787, retries=3, auction=True
2025-09-17 01:34:40,031 | httpx | INFO | HTTP Request: POST https://devnet.helius-rpc.com/?api-key=2728d54b-ce26-4696-bb4d-dc8170fcd494 "HTTP/1.1 200 OK"
2025-09-17 01:34:40,159 | httpx | INFO | HTTP Request: POST https://devnet.helius-rpc.com/?api-key=2728d54b-ce26-4696-bb4d-dc8170fcd494 "HTTP/1.1 200 OK"
2025-09-17 01:34:40,371 | httpx | INFO | HTTP Request: POST https://devnet.helius-rpc.com/?api-key=2728d54b-ce26-4696-bb4d-dc8170fcd494 "HTTP/1.1 200 OK"
2025-09-17 01:34:42,509 | libs.sidecar_validator | INFO | Validating sidecar at: http://localhost:8787/health
2025-09-17 01:34:43,123 | httpx | INFO | HTTP Request: GET http://localhost:8787/health "HTTP/1.1 200 OK"
2025-09-17 01:34:43,123 | libs.sidecar_validator | INFO | Sidecar mode: forward
2025-09-17 01:34:43,124 | libs.sidecar_validator | INFO | Forward base: https://swift.drift.trade
2025-09-17 01:34:43,124 | libs.sidecar_validator | INFO | Upstream Swift service healthy: status=200 (171ms)
2025-09-17 01:34:43,125 | libs.sidecar_validator | WARNING | Circuit breaker OPEN: 3/3 consecutive failures
2025-09-17 01:34:43,125 | libs.sidecar_validator | WARNING | Sidecar will return 503 for new orders
2025-09-17 01:34:43,125 | libs.sidecar_validator | INFO | Sidecar validation passed
2025-09-17 01:34:43,282 | httpx | INFO | HTTP Request: GET http://localhost:8787/health "HTTP/1.1 200 OK"
2025-09-17 01:34:43,284 | libs.drift.drivers.swift | INFO | Swift driver initialized: http://localhost:8787, retries=3, auction=True
2025-09-17 01:34:43,364 | httpx | INFO | HTTP Request: POST https://devnet.helius-rpc.com/?api-key=2728d54b-ce26-4696-bb4d-dc8170fcd494 "HTTP/1.1 200 OK"
2025-09-17 01:34:43,503 | httpx | INFO | HTTP Request: POST https://devnet.helius-rpc.com/?api-key=2728d54b-ce26-4696-bb4d-dc8170fcd494 "HTTP/1.1 200 OK"
2025-09-17 01:34:43,621 | httpx | INFO | HTTP Request: POST https://devnet.helius-rpc.com/?api-key=2728d54b-ce26-4696-bb4d-dc8170fcd494 "HTTP/1.1 200 OK"
2025-09-17 01:34:46,869 | libs.sidecar_validator | INFO | Validating sidecar at: http://localhost:8787/health
2025-09-17 01:34:47,481 | httpx | INFO | HTTP Request: GET http://localhost:8787/health "HTTP/1.1 200 OK"
2025-09-17 01:34:47,482 | libs.sidecar_validator | INFO | Sidecar mode: forward
2025-09-17 01:34:47,482 | libs.sidecar_validator | INFO | Forward base: https://swift.drift.trade
2025-09-17 01:34:47,483 | libs.sidecar_validator | INFO | Upstream Swift service healthy: status=200 (154ms)
2025-09-17 01:34:47,483 | libs.sidecar_validator | WARNING | Circuit breaker OPEN: 3/3 consecutive failures
2025-09-17 01:34:47,484 | libs.sidecar_validator | WARNING | Sidecar will return 503 for new orders
2025-09-17 01:34:47,484 | libs.sidecar_validator | INFO | Sidecar validation passed
2025-09-17 01:34:47,629 | httpx | INFO | HTTP Request: GET http://localhost:8787/health "HTTP/1.1 200 OK"
2025-09-17 01:34:47,630 | libs.drift.drivers.swift | INFO | Swift driver initialized: http://localhost:8787, retries=3, auction=True
2025-09-17 01:34:47,821 | httpx | INFO | HTTP Request: POST https://devnet.helius-rpc.com/?api-key=2728d54b-ce26-4696-bb4d-dc8170fcd494 "HTTP/1.1 200 OK"
2025-09-17 01:34:47,964 | httpx | INFO | HTTP Request: POST https://devnet.helius-rpc.com/?api-key=2728d54b-ce26-4696-bb4d-dc8170fcd494 "HTTP/1.1 200 OK"
2025-09-17 01:34:48,247 | httpx | INFO | HTTP Request: POST https://devnet.helius-rpc.com/?api-key=2728d54b-ce26-4696-bb4d-dc8170fcd494 "HTTP/1.1 200 OK"
2025-09-17 01:34:51,413 | libs.sidecar_validator | INFO | Validating sidecar at: http://localhost:8787/health
2025-09-17 01:34:51,963 | httpx | INFO | HTTP Request: GET http://localhost:8787/health "HTTP/1.1 200 OK"
2025-09-17 01:34:51,964 | libs.sidecar_validator | INFO | Sidecar mode: forward
2025-09-17 01:34:51,964 | libs.sidecar_validator | INFO | Forward base: https://swift.drift.trade
2025-09-17 01:34:51,964 | libs.sidecar_validator | INFO | Upstream Swift service healthy: status=200 (145ms)
2025-09-17 01:34:51,965 | libs.sidecar_validator | WARNING | Circuit breaker OPEN: 3/3 consecutive failures
2025-09-17 01:34:51,965 | libs.sidecar_validator | WARNING | Sidecar will return 503 for new orders
2025-09-17 01:34:51,965 | libs.sidecar_validator | INFO | Sidecar validation passed
2025-09-17 01:34:52,313 | httpx | INFO | HTTP Request: GET http://localhost:8787/health "HTTP/1.1 200 OK"
2025-09-17 01:34:52,314 | libs.drift.drivers.swift | INFO | Swift driver initialized: http://localhost:8787, retries=3, auction=True
2025-09-17 01:34:52,511 | httpx | INFO | HTTP Request: POST https://devnet.helius-rpc.com/?api-key=2728d54b-ce26-4696-bb4d-dc8170fcd494 "HTTP/1.1 200 OK"
2025-09-17 01:34:52,603 | httpx | INFO | HTTP Request: POST https://devnet.helius-rpc.com/?api-key=2728d54b-ce26-4696-bb4d-dc8170fcd494 "HTTP/1.1 200 OK"
2025-09-17 01:34:52,736 | httpx | INFO | HTTP Request: POST https://devnet.helius-rpc.com/?api-key=2728d54b-ce26-4696-bb4d-dc8170fcd494 "HTTP/1.1 200 OK"
2025-09-17 01:34:54,435 | libs.sidecar_validator | INFO | Validating sidecar at: http://localhost:8787/health
2025-09-17 01:34:54,980 | httpx | INFO | HTTP Request: GET http://localhost:8787/health "HTTP/1.1 200 OK"
2025-09-17 01:34:54,982 | libs.sidecar_validator | INFO | Sidecar mode: forward
2025-09-17 01:34:54,982 | libs.sidecar_validator | INFO | Forward base: https://swift.drift.trade
2025-09-17 01:34:54,982 | libs.sidecar_validator | INFO | Upstream Swift service healthy: status=200 (143ms)
2025-09-17 01:34:54,983 | libs.sidecar_validator | WARNING | Circuit breaker OPEN: 3/3 consecutive failures
2025-09-17 01:34:54,983 | libs.sidecar_validator | WARNING | Sidecar will return 503 for new orders
2025-09-17 01:34:54,983 | libs.sidecar_validator | INFO | Sidecar validation passed
2025-09-17 01:34:55,317 | httpx | INFO | HTTP Request: GET http://localhost:8787/health "HTTP/1.1 200 OK"
2025-09-17 01:34:55,318 | libs.drift.drivers.swift | INFO | Swift driver initialized: http://localhost:8787, retries=3, auction=True
2025-09-17 01:34:55,458 | httpx | INFO | HTTP Request: POST https://devnet.helius-rpc.com/?api-key=2728d54b-ce26-4696-bb4d-dc8170fcd494 "HTTP/1.1 200 OK"
2025-09-17 01:34:55,528 | httpx | INFO | HTTP Request: POST https://devnet.helius-rpc.com/?api-key=2728d54b-ce26-4696-bb4d-dc8170fcd494 "HTTP/1.1 200 OK"
2025-09-17 01:34:55,717 | httpx | INFO | HTTP Request: POST https://devnet.helius-rpc.com/?api-key=2728d54b-ce26-4696-bb4d-dc8170fcd494 "HTTP/1.1 200 OK"
2025-09-17 01:34:56,770 | libs.sidecar_validator | INFO | Validating sidecar at: http://localhost:8787/health
2025-09-17 01:34:57,340 | httpx | INFO | HTTP Request: GET http://localhost:8787/health "HTTP/1.1 200 OK"
2025-09-17 01:34:57,341 | libs.sidecar_validator | INFO | Sidecar mode: forward
2025-09-17 01:34:57,341 | libs.sidecar_validator | INFO | Forward base: https://swift.drift.trade
2025-09-17 01:34:57,342 | libs.sidecar_validator | INFO | Upstream Swift service healthy: status=200 (143ms)
2025-09-17 01:34:57,342 | libs.sidecar_validator | WARNING | Circuit breaker OPEN: 3/3 consecutive failures
2025-09-17 01:34:57,343 | libs.sidecar_validator | WARNING | Sidecar will return 503 for new orders
2025-09-17 01:34:57,343 | libs.sidecar_validator | INFO | Sidecar validation passed
2025-09-17 01:34:57,906 | httpx | INFO | HTTP Request: GET http://localhost:8787/health "HTTP/1.1 200 OK"
2025-09-17 01:34:57,907 | libs.drift.drivers.swift | INFO | Swift driver initialized: http://localhost:8787, retries=3, auction=True
2025-09-17 01:34:58,188 | httpx | INFO | HTTP Request: POST https://devnet.helius-rpc.com/?api-key=2728d54b-ce26-4696-bb4d-dc8170fcd494 "HTTP/1.1 200 OK"
2025-09-17 01:34:58,327 | httpx | INFO | HTTP Request: POST https://devnet.helius-rpc.com/?api-key=2728d54b-ce26-4696-bb4d-dc8170fcd494 "HTTP/1.1 200 OK"
2025-09-17 01:34:58,473 | httpx | INFO | HTTP Request: POST https://devnet.helius-rpc.com/?api-key=2728d54b-ce26-4696-bb4d-dc8170fcd494 "HTTP/1.1 200 OK"
2025-09-17 01:34:59,496 | libs.sidecar_validator | INFO | Validating sidecar at: http://localhost:8787/health
2025-09-17 01:35:00,065 | httpx | INFO | HTTP Request: GET http://localhost:8787/health "HTTP/1.1 200 OK"
2025-09-17 01:35:00,066 | libs.sidecar_validator | INFO | Sidecar mode: forward
2025-09-17 01:35:00,067 | libs.sidecar_validator | INFO | Forward base: https://swift.drift.trade
2025-09-17 01:35:00,067 | libs.sidecar_validator | INFO | Upstream Swift service healthy: status=200 (147ms)
2025-09-17 01:35:00,067 | libs.sidecar_validator | WARNING | Circuit breaker OPEN: 3/3 consecutive failures
2025-09-17 01:35:00,068 | libs.sidecar_validator | WARNING | Sidecar will return 503 for new orders
2025-09-17 01:35:00,068 | libs.sidecar_validator | INFO | Sidecar validation passed
2025-09-17 01:35:00,212 | httpx | INFO | HTTP Request: GET http://localhost:8787/health "HTTP/1.1 200 OK"
2025-09-17 01:35:00,213 | libs.drift.drivers.swift | INFO | Swift driver initialized: http://localhost:8787, retries=3, auction=True
2025-09-17 01:35:00,375 | httpx | INFO | HTTP Request: POST https://devnet.helius-rpc.com/?api-key=2728d54b-ce26-4696-bb4d-dc8170fcd494 "HTTP/1.1 200 OK"
2025-09-17 01:35:00,612 | httpx | INFO | HTTP Request: POST https://devnet.helius-rpc.com/?api-key=2728d54b-ce26-4696-bb4d-dc8170fcd494 "HTTP/1.1 200 OK"
2025-09-17 01:35:00,759 | httpx | INFO | HTTP Request: POST https://devnet.helius-rpc.com/?api-key=2728d54b-ce26-4696-bb4d-dc8170fcd494 "HTTP/1.1 200 OK"
2025-09-17 01:35:01,858 | libs.sidecar_validator | INFO | Validating sidecar at: http://localhost:8787/health
2025-09-17 01:35:02,441 | httpx | INFO | HTTP Request: GET http://localhost:8787/health "HTTP/1.1 200 OK"
2025-09-17 01:35:02,442 | libs.sidecar_validator | INFO | Sidecar mode: forward
2025-09-17 01:35:02,442 | libs.sidecar_validator | INFO | Forward base: https://swift.drift.trade
2025-09-17 01:35:02,443 | libs.sidecar_validator | INFO | Upstream Swift service healthy: status=200 (157ms)
2025-09-17 01:35:02,443 | libs.sidecar_validator | WARNING | Circuit breaker OPEN: 3/3 consecutive failures
2025-09-17 01:35:02,443 | libs.sidecar_validator | WARNING | Sidecar will return 503 for new orders
2025-09-17 01:35:02,444 | libs.sidecar_validator | INFO | Sidecar validation passed
2025-09-17 01:35:02,599 | httpx | INFO | HTTP Request: GET http://localhost:8787/health "HTTP/1.1 200 OK"
2025-09-17 01:35:02,601 | libs.drift.drivers.swift | INFO | Swift driver initialized: http://localhost:8787, retries=3, auction=True
2025-09-17 01:35:02,713 | httpx | INFO | HTTP Request: POST https://devnet.helius-rpc.com/?api-key=2728d54b-ce26-4696-bb4d-dc8170fcd494 "HTTP/1.1 200 OK"
2025-09-17 01:35:02,838 | httpx | INFO | HTTP Request: POST https://devnet.helius-rpc.com/?api-key=2728d54b-ce26-4696-bb4d-dc8170fcd494 "HTTP/1.1 200 OK"
2025-09-17 01:35:02,978 | httpx | INFO | HTTP Request: POST https://devnet.helius-rpc.com/?api-key=2728d54b-ce26-4696-bb4d-dc8170fcd494 "HTTP/1.1 200 OK"
2025-09-17 01:35:06,585 | libs.sidecar_validator | INFO | Validating sidecar at: http://localhost:8787/health
2025-09-17 01:35:07,159 | httpx | INFO | HTTP Request: GET http://localhost:8787/health "HTTP/1.1 200 OK"
2025-09-17 01:35:07,160 | libs.sidecar_validator | INFO | Sidecar mode: forward
2025-09-17 01:35:07,160 | libs.sidecar_validator | INFO | Forward base: https://swift.drift.trade
2025-09-17 01:35:07,160 | libs.sidecar_validator | INFO | Upstream Swift service healthy: status=200 (158ms)
2025-09-17 01:35:07,161 | libs.sidecar_validator | WARNING | Circuit breaker OPEN: 3/3 consecutive failures
2025-09-17 01:35:07,161 | libs.sidecar_validator | WARNING | Sidecar will return 503 for new orders
2025-09-17 01:35:07,161 | libs.sidecar_validator | INFO | Sidecar validation passed
2025-09-17 01:35:07,308 | httpx | INFO | HTTP Request: GET http://localhost:8787/health "HTTP/1.1 200 OK"
2025-09-17 01:35:07,310 | libs.drift.drivers.swift | INFO | Swift driver initialized: http://localhost:8787, retries=3, auction=True
2025-09-17 01:35:07,635 | httpx | INFO | HTTP Request: POST https://devnet.helius-rpc.com/?api-key=2728d54b-ce26-4696-bb4d-dc8170fcd494 "HTTP/1.1 200 OK"
2025-09-17 01:35:07,799 | httpx | INFO | HTTP Request: POST https://devnet.helius-rpc.com/?api-key=2728d54b-ce26-4696-bb4d-dc8170fcd494 "HTTP/1.1 200 OK"
2025-09-17 01:35:07,936 | httpx | INFO | HTTP Request: POST https://devnet.helius-rpc.com/?api-key=2728d54b-ce26-4696-bb4d-dc8170fcd494 "HTTP/1.1 200 OK"
2025-09-17 01:35:09,988 | libs.sidecar_validator | INFO | Validating sidecar at: http://localhost:8787/health
2025-09-17 01:35:10,590 | httpx | INFO | HTTP Request: GET http://localhost:8787/health "HTTP/1.1 200 OK"
2025-09-17 01:35:10,591 | libs.sidecar_validator | INFO | Sidecar mode: forward
2025-09-17 01:35:10,592 | libs.sidecar_validator | INFO | Forward base: https://swift.drift.trade
2025-09-17 01:35:10,592 | libs.sidecar_validator | INFO | Upstream Swift service healthy: status=200 (152ms)
2025-09-17 01:35:10,592 | libs.sidecar_validator | WARNING | Circuit breaker OPEN: 3/3 consecutive failures
2025-09-17 01:35:10,593 | libs.sidecar_validator | WARNING | Sidecar will return 503 for new orders
2025-09-17 01:35:10,593 | libs.sidecar_validator | INFO | Sidecar validation passed
2025-09-17 01:35:10,940 | httpx | INFO | HTTP Request: GET http://localhost:8787/health "HTTP/1.1 200 OK"
2025-09-17 01:35:10,941 | libs.drift.drivers.swift | INFO | Swift driver initialized: http://localhost:8787, retries=3, auction=True
2025-09-17 01:35:11,095 | httpx | INFO | HTTP Request: POST https://devnet.helius-rpc.com/?api-key=2728d54b-ce26-4696-bb4d-dc8170fcd494 "HTTP/1.1 200 OK"
2025-09-17 01:35:11,199 | httpx | INFO | HTTP Request: POST https://devnet.helius-rpc.com/?api-key=2728d54b-ce26-4696-bb4d-dc8170fcd494 "HTTP/1.1 200 OK"
2025-09-17 01:35:11,335 | httpx | INFO | HTTP Request: POST https://devnet.helius-rpc.com/?api-key=2728d54b-ce26-4696-bb4d-dc8170fcd494 "HTTP/1.1 200 OK"
2025-09-17 01:35:12,372 | libs.sidecar_validator | INFO | Validating sidecar at: http://localhost:8787/health
2025-09-17 01:35:12,961 | httpx | INFO | HTTP Request: GET http://localhost:8787/health "HTTP/1.1 200 OK"
2025-09-17 01:35:12,962 | libs.sidecar_validator | INFO | Sidecar mode: forward
2025-09-17 01:35:12,962 | libs.sidecar_validator | INFO | Forward base: https://swift.drift.trade
2025-09-17 01:35:12,963 | libs.sidecar_validator | INFO | Upstream Swift service healthy: status=200 (158ms)
2025-09-17 01:35:12,963 | libs.sidecar_validator | WARNING | Circuit breaker OPEN: 3/3 consecutive failures
2025-09-17 01:35:12,964 | libs.sidecar_validator | WARNING | Sidecar will return 503 for new orders
2025-09-17 01:35:12,964 | libs.sidecar_validator | INFO | Sidecar validation passed
2025-09-17 01:35:13,124 | httpx | INFO | HTTP Request: GET http://localhost:8787/health "HTTP/1.1 200 OK"
2025-09-17 01:35:13,126 | libs.drift.drivers.swift | INFO | Swift driver initialized: http://localhost:8787, retries=3, auction=True
2025-09-17 01:35:13,226 | httpx | INFO | HTTP Request: POST https://devnet.helius-rpc.com/?api-key=2728d54b-ce26-4696-bb4d-dc8170fcd494 "HTTP/1.1 200 OK"
2025-09-17 01:35:13,321 | httpx | INFO | HTTP Request: POST https://devnet.helius-rpc.com/?api-key=2728d54b-ce26-4696-bb4d-dc8170fcd494 "HTTP/1.1 200 OK"
2025-09-17 01:35:13,424 | httpx | INFO | HTTP Request: POST https://devnet.helius-rpc.com/?api-key=2728d54b-ce26-4696-bb4d-dc8170fcd494 "HTTP/1.1 200 OK"
2025-09-17 01:35:14,457 | libs.sidecar_validator | INFO | Validating sidecar at: http://localhost:8787/health
2025-09-17 01:35:15,359 | httpx | INFO | HTTP Request: GET http://localhost:8787/health "HTTP/1.1 200 OK"
2025-09-17 01:35:15,360 | libs.sidecar_validator | INFO | Sidecar mode: forward
2025-09-17 01:35:15,360 | libs.sidecar_validator | INFO | Forward base: https://swift.drift.trade
2025-09-17 01:35:15,360 | libs.sidecar_validator | INFO | Upstream Swift service healthy: status=200 (328ms)
2025-09-17 01:35:15,361 | libs.sidecar_validator | WARNING | Circuit breaker OPEN: 3/3 consecutive failures
2025-09-17 01:35:15,361 | libs.sidecar_validator | WARNING | Sidecar will return 503 for new orders
2025-09-17 01:35:15,361 | libs.sidecar_validator | INFO | Sidecar validation passed
2025-09-17 01:35:15,524 | httpx | INFO | HTTP Request: GET http://localhost:8787/health "HTTP/1.1 200 OK"
2025-09-17 01:35:15,526 | libs.drift.drivers.swift | INFO | Swift driver initialized: http://localhost:8787, retries=3, auction=True
2025-09-17 01:35:15,637 | httpx | INFO | HTTP Request: POST https://devnet.helius-rpc.com/?api-key=2728d54b-ce26-4696-bb4d-dc8170fcd494 "HTTP/1.1 200 OK"
2025-09-17 01:35:15,733 | httpx | INFO | HTTP Request: POST https://devnet.helius-rpc.com/?api-key=2728d54b-ce26-4696-bb4d-dc8170fcd494 "HTTP/1.1 200 OK"
2025-09-17 01:35:15,826 | httpx | INFO | HTTP Request: POST https://devnet.helius-rpc.com/?api-key=2728d54b-ce26-4696-bb4d-dc8170fcd494 "HTTP/1.1 200 OK"
2025-09-17 01:35:16,888 | libs.sidecar_validator | INFO | Validating sidecar at: http://localhost:8787/health
2025-09-17 01:35:17,510 | httpx | INFO | HTTP Request: GET http://localhost:8787/health "HTTP/1.1 200 OK"
2025-09-17 01:35:17,510 | libs.sidecar_validator | INFO | Sidecar mode: forward
2025-09-17 01:35:17,511 | libs.sidecar_validator | INFO | Forward base: https://swift.drift.trade
2025-09-17 01:35:17,511 | libs.sidecar_validator | INFO | Upstream Swift service healthy: status=200 (157ms)
2025-09-17 01:35:17,512 | libs.sidecar_validator | WARNING | Circuit breaker OPEN: 3/3 consecutive failures
2025-09-17 01:35:17,512 | libs.sidecar_validator | WARNING | Sidecar will return 503 for new orders
2025-09-17 01:35:17,512 | libs.sidecar_validator | INFO | Sidecar validation passed
2025-09-17 01:35:18,077 | httpx | INFO | HTTP Request: GET http://localhost:8787/health "HTTP/1.1 200 OK"
2025-09-17 01:35:18,079 | libs.drift.drivers.swift | INFO | Swift driver initialized: http://localhost:8787, retries=3, auction=True
2025-09-17 01:35:18,249 | httpx | INFO | HTTP Request: POST https://devnet.helius-rpc.com/?api-key=2728d54b-ce26-4696-bb4d-dc8170fcd494 "HTTP/1.1 200 OK"
2025-09-17 01:35:18,326 | httpx | INFO | HTTP Request: POST https://devnet.helius-rpc.com/?api-key=2728d54b-ce26-4696-bb4d-dc8170fcd494 "HTTP/1.1 200 OK"
2025-09-17 01:35:18,424 | httpx | INFO | HTTP Request: POST https://devnet.helius-rpc.com/?api-key=2728d54b-ce26-4696-bb4d-dc8170fcd494 "HTTP/1.1 200 OK"
2025-09-17 01:35:19,461 | libs.sidecar_validator | INFO | Validating sidecar at: http://localhost:8787/health
2025-09-17 01:35:20,067 | httpx | INFO | HTTP Request: GET http://localhost:8787/health "HTTP/1.1 200 OK"
2025-09-17 01:35:20,068 | libs.sidecar_validator | INFO | Sidecar mode: forward
2025-09-17 01:35:20,068 | libs.sidecar_validator | INFO | Forward base: https://swift.drift.trade
2025-09-17 01:35:20,068 | libs.sidecar_validator | INFO | Upstream Swift service healthy: status=200 (142ms)
2025-09-17 01:35:20,069 | libs.sidecar_validator | WARNING | Circuit breaker OPEN: 3/3 consecutive failures
2025-09-17 01:35:20,069 | libs.sidecar_validator | WARNING | Sidecar will return 503 for new orders
2025-09-17 01:35:20,070 | libs.sidecar_validator | INFO | Sidecar validation passed
2025-09-17 01:35:20,236 | httpx | INFO | HTTP Request: GET http://localhost:8787/health "HTTP/1.1 200 OK"
2025-09-17 01:35:20,239 | libs.drift.drivers.swift | INFO | Swift driver initialized: http://localhost:8787, retries=3, auction=True
2025-09-17 01:35:20,356 | httpx | INFO | HTTP Request: POST https://devnet.helius-rpc.com/?api-key=2728d54b-ce26-4696-bb4d-dc8170fcd494 "HTTP/1.1 200 OK"
2025-09-17 01:35:20,500 | httpx | INFO | HTTP Request: POST https://devnet.helius-rpc.com/?api-key=2728d54b-ce26-4696-bb4d-dc8170fcd494 "HTTP/1.1 200 OK"
2025-09-17 01:35:20,597 | httpx | INFO | HTTP Request: POST https://devnet.helius-rpc.com/?api-key=2728d54b-ce26-4696-bb4d-dc8170fcd494 "HTTP/1.1 200 OK"
2025-09-17 01:35:21,632 | libs.sidecar_validator | INFO | Validating sidecar at: http://localhost:8787/health
2025-09-17 01:35:22,259 | httpx | INFO | HTTP Request: GET http://localhost:8787/health "HTTP/1.1 200 OK"
2025-09-17 01:35:22,261 | libs.sidecar_validator | INFO | Sidecar mode: forward
2025-09-17 01:35:22,261 | libs.sidecar_validator | INFO | Forward base: https://swift.drift.trade
2025-09-17 01:35:22,262 | libs.sidecar_validator | INFO | Upstream Swift service healthy: status=200 (157ms)
2025-09-17 01:35:22,262 | libs.sidecar_validator | WARNING | Circuit breaker OPEN: 3/3 consecutive failures
2025-09-17 01:35:22,262 | libs.sidecar_validator | WARNING | Sidecar will return 503 for new orders
2025-09-17 01:35:22,262 | libs.sidecar_validator | INFO | Sidecar validation passed
2025-09-17 01:35:22,410 | httpx | INFO | HTTP Request: GET http://localhost:8787/health "HTTP/1.1 200 OK"
2025-09-17 01:35:22,411 | libs.drift.drivers.swift | INFO | Swift driver initialized: http://localhost:8787, retries=3, auction=True
2025-09-17 01:35:22,521 | httpx | INFO | HTTP Request: POST https://devnet.helius-rpc.com/?api-key=2728d54b-ce26-4696-bb4d-dc8170fcd494 "HTTP/1.1 200 OK"
2025-09-17 01:35:22,620 | httpx | INFO | HTTP Request: POST https://devnet.helius-rpc.com/?api-key=2728d54b-ce26-4696-bb4d-dc8170fcd494 "HTTP/1.1 200 OK"
2025-09-17 01:35:22,706 | httpx | INFO | HTTP Request: POST https://devnet.helius-rpc.com/?api-key=2728d54b-ce26-4696-bb4d-dc8170fcd494 "HTTP/1.1 200 OK"
2025-09-17 01:35:23,751 | libs.sidecar_validator | INFO | Validating sidecar at: http://localhost:8787/health
2025-09-17 01:35:24,354 | httpx | INFO | HTTP Request: GET http://localhost:8787/health "HTTP/1.1 200 OK"
2025-09-17 01:35:24,355 | libs.sidecar_validator | INFO | Sidecar mode: forward
2025-09-17 01:35:24,355 | libs.sidecar_validator | INFO | Forward base: https://swift.drift.trade
2025-09-17 01:35:24,355 | libs.sidecar_validator | INFO | Upstream Swift service healthy: status=200 (157ms)
2025-09-17 01:35:24,356 | libs.sidecar_validator | WARNING | Circuit breaker OPEN: 3/3 consecutive failures
2025-09-17 01:35:24,356 | libs.sidecar_validator | WARNING | Sidecar will return 503 for new orders
2025-09-17 01:35:24,357 | libs.sidecar_validator | INFO | Sidecar validation passed
2025-09-17 01:35:24,507 | httpx | INFO | HTTP Request: GET http://localhost:8787/health "HTTP/1.1 200 OK"
2025-09-17 01:35:24,510 | libs.drift.drivers.swift | INFO | Swift driver initialized: http://localhost:8787, retries=3, auction=True
2025-09-17 01:35:24,617 | httpx | INFO | HTTP Request: POST https://devnet.helius-rpc.com/?api-key=2728d54b-ce26-4696-bb4d-dc8170fcd494 "HTTP/1.1 200 OK"
2025-09-17 01:35:24,778 | httpx | INFO | HTTP Request: POST https://devnet.helius-rpc.com/?api-key=2728d54b-ce26-4696-bb4d-dc8170fcd494 "HTTP/1.1 200 OK"
2025-09-17 01:35:24,905 | httpx | INFO | HTTP Request: POST https://devnet.helius-rpc.com/?api-key=2728d54b-ce26-4696-bb4d-dc8170fcd494 "HTTP/1.1 200 OK"
2025-09-17 01:35:25,951 | libs.sidecar_validator | INFO | Validating sidecar at: http://localhost:8787/health
2025-09-17 01:35:26,615 | httpx | INFO | HTTP Request: GET http://localhost:8787/health "HTTP/1.1 200 OK"
2025-09-17 01:35:26,616 | libs.sidecar_validator | INFO | Sidecar mode: forward
2025-09-17 01:35:26,617 | libs.sidecar_validator | INFO | Forward base: https://swift.drift.trade
2025-09-17 01:35:26,618 | libs.sidecar_validator | INFO | Upstream Swift service healthy: status=200 (154ms)
2025-09-17 01:35:26,618 | libs.sidecar_validator | WARNING | Circuit breaker OPEN: 3/3 consecutive failures
2025-09-17 01:35:26,618 | libs.sidecar_validator | WARNING | Sidecar will return 503 for new orders
2025-09-17 01:35:26,619 | libs.sidecar_validator | INFO | Sidecar validation passed
2025-09-17 01:35:26,764 | httpx | INFO | HTTP Request: GET http://localhost:8787/health "HTTP/1.1 200 OK"
2025-09-17 01:35:26,766 | libs.drift.drivers.swift | INFO | Swift driver initialized: http://localhost:8787, retries=3, auction=True
2025-09-17 01:35:26,866 | httpx | INFO | HTTP Request: POST https://devnet.helius-rpc.com/?api-key=2728d54b-ce26-4696-bb4d-dc8170fcd494 "HTTP/1.1 200 OK"
2025-09-17 01:35:26,957 | httpx | INFO | HTTP Request: POST https://devnet.helius-rpc.com/?api-key=2728d54b-ce26-4696-bb4d-dc8170fcd494 "HTTP/1.1 200 OK"
2025-09-17 01:35:27,056 | httpx | INFO | HTTP Request: POST https://devnet.helius-rpc.com/?api-key=2728d54b-ce26-4696-bb4d-dc8170fcd494 "HTTP/1.1 200 OK"
2025-09-17 01:35:28,089 | libs.sidecar_validator | INFO | Validating sidecar at: http://localhost:8787/health
2025-09-17 01:35:28,976 | httpx | INFO | HTTP Request: GET http://localhost:8787/health "HTTP/1.1 200 OK"
2025-09-17 01:35:28,976 | libs.sidecar_validator | INFO | Sidecar mode: forward
2025-09-17 01:35:28,977 | libs.sidecar_validator | INFO | Forward base: https://swift.drift.trade
2025-09-17 01:35:28,977 | libs.sidecar_validator | INFO | Upstream Swift service healthy: status=200 (368ms)
2025-09-17 01:35:28,978 | libs.sidecar_validator | WARNING | Circuit breaker OPEN: 3/3 consecutive failures
2025-09-17 01:35:28,978 | libs.sidecar_validator | WARNING | Sidecar will return 503 for new orders
2025-09-17 01:35:28,979 | libs.sidecar_validator | INFO | Sidecar validation passed
2025-09-17 01:35:29,327 | httpx | INFO | HTTP Request: GET http://localhost:8787/health "HTTP/1.1 200 OK"
2025-09-17 01:35:29,329 | libs.drift.drivers.swift | INFO | Swift driver initialized: http://localhost:8787, retries=3, auction=True
2025-09-17 01:35:29,449 | httpx | INFO | HTTP Request: POST https://devnet.helius-rpc.com/?api-key=2728d54b-ce26-4696-bb4d-dc8170fcd494 "HTTP/1.1 200 OK"
2025-09-17 01:35:29,542 | httpx | INFO | HTTP Request: POST https://devnet.helius-rpc.com/?api-key=2728d54b-ce26-4696-bb4d-dc8170fcd494 "HTTP/1.1 200 OK"
2025-09-17 01:35:30,674 | httpx | INFO | HTTP Request: POST https://devnet.helius-rpc.com/?api-key=2728d54b-ce26-4696-bb4d-dc8170fcd494 "HTTP/1.1 200 OK"
2025-09-17 01:35:31,782 | libs.sidecar_validator | INFO | Validating sidecar at: http://localhost:8787/health
2025-09-17 01:35:32,393 | httpx | INFO | HTTP Request: GET http://localhost:8787/health "HTTP/1.1 200 OK"
2025-09-17 01:35:32,395 | libs.sidecar_validator | INFO | Sidecar mode: forward
2025-09-17 01:35:32,395 | libs.sidecar_validator | INFO | Forward base: https://swift.drift.trade
2025-09-17 01:35:32,396 | libs.sidecar_validator | INFO | Upstream Swift service healthy: status=200 (145ms)
2025-09-17 01:35:32,396 | libs.sidecar_validator | WARNING | Circuit breaker OPEN: 3/3 consecutive failures
2025-09-17 01:35:32,397 | libs.sidecar_validator | WARNING | Sidecar will return 503 for new orders
2025-09-17 01:35:32,398 | libs.sidecar_validator | INFO | Sidecar validation passed
2025-09-17 01:35:32,749 | httpx | INFO | HTTP Request: GET http://localhost:8787/health "HTTP/1.1 200 OK"
2025-09-17 01:35:32,751 | libs.drift.drivers.swift | INFO | Swift driver initialized: http://localhost:8787, retries=3, auction=True
2025-09-17 01:35:32,861 | httpx | INFO | HTTP Request: POST https://devnet.helius-rpc.com/?api-key=2728d54b-ce26-4696-bb4d-dc8170fcd494 "HTTP/1.1 200 OK"
2025-09-17 01:35:32,934 | httpx | INFO | HTTP Request: POST https://devnet.helius-rpc.com/?api-key=2728d54b-ce26-4696-bb4d-dc8170fcd494 "HTTP/1.1 200 OK"
2025-09-17 01:35:33,134 | httpx | INFO | HTTP Request: POST https://devnet.helius-rpc.com/?api-key=2728d54b-ce26-4696-bb4d-dc8170fcd494 "HTTP/1.1 200 OK"
2025-09-17 01:35:34,218 | libs.sidecar_validator | INFO | Validating sidecar at: http://localhost:8787/health
2025-09-17 01:35:34,854 | httpx | INFO | HTTP Request: GET http://localhost:8787/health "HTTP/1.1 200 OK"
2025-09-17 01:35:34,854 | libs.sidecar_validator | INFO | Sidecar mode: forward
2025-09-17 01:35:34,855 | libs.sidecar_validator | INFO | Forward base: https://swift.drift.trade
2025-09-17 01:35:34,855 | libs.sidecar_validator | INFO | Upstream Swift service healthy: status=200 (142ms)
2025-09-17 01:35:34,856 | libs.sidecar_validator | WARNING | Circuit breaker OPEN: 3/3 consecutive failures
2025-09-17 01:35:34,856 | libs.sidecar_validator | WARNING | Sidecar will return 503 for new orders
2025-09-17 01:35:34,857 | libs.sidecar_validator | INFO | Sidecar validation passed
2025-09-17 01:35:35,206 | httpx | INFO | HTTP Request: GET http://localhost:8787/health "HTTP/1.1 200 OK"
2025-09-17 01:35:35,208 | libs.drift.drivers.swift | INFO | Swift driver initialized: http://localhost:8787, retries=3, auction=True
2025-09-17 01:35:35,419 | httpx | INFO | HTTP Request: POST https://devnet.helius-rpc.com/?api-key=2728d54b-ce26-4696-bb4d-dc8170fcd494 "HTTP/1.1 200 OK"
2025-09-17 01:35:35,509 | httpx | INFO | HTTP Request: POST https://devnet.helius-rpc.com/?api-key=2728d54b-ce26-4696-bb4d-dc8170fcd494 "HTTP/1.1 200 OK"
2025-09-17 01:35:35,698 | httpx | INFO | HTTP Request: POST https://devnet.helius-rpc.com/?api-key=2728d54b-ce26-4696-bb4d-dc8170fcd494 "HTTP/1.1 200 OK"
2025-09-17 01:35:36,741 | libs.sidecar_validator | INFO | Validating sidecar at: http://localhost:8787/health
2025-09-17 01:35:37,359 | httpx | INFO | HTTP Request: GET http://localhost:8787/health "HTTP/1.1 200 OK"
2025-09-17 01:35:37,360 | libs.sidecar_validator | INFO | Sidecar mode: forward
2025-09-17 01:35:37,361 | libs.sidecar_validator | INFO | Forward base: https://swift.drift.trade
2025-09-17 01:35:37,361 | libs.sidecar_validator | INFO | Upstream Swift service healthy: status=200 (142ms)
2025-09-17 01:35:37,362 | libs.sidecar_validator | WARNING | Circuit breaker OPEN: 3/3 consecutive failures
2025-09-17 01:35:37,362 | libs.sidecar_validator | WARNING | Sidecar will return 503 for new orders
2025-09-17 01:35:37,362 | libs.sidecar_validator | INFO | Sidecar validation passed
2025-09-17 01:35:37,510 | httpx | INFO | HTTP Request: GET http://localhost:8787/health "HTTP/1.1 200 OK"
2025-09-17 01:35:37,513 | libs.drift.drivers.swift | INFO | Swift driver initialized: http://localhost:8787, retries=3, auction=True
2025-09-17 01:35:37,715 | httpx | INFO | HTTP Request: POST https://devnet.helius-rpc.com/?api-key=2728d54b-ce26-4696-bb4d-dc8170fcd494 "HTTP/1.1 200 OK"
2025-09-17 01:35:37,980 | httpx | INFO | HTTP Request: POST https://devnet.helius-rpc.com/?api-key=2728d54b-ce26-4696-bb4d-dc8170fcd494 "HTTP/1.1 200 OK"
2025-09-17 01:35:38,098 | httpx | INFO | HTTP Request: POST https://devnet.helius-rpc.com/?api-key=2728d54b-ce26-4696-bb4d-dc8170fcd494 "HTTP/1.1 200 OK"
2025-09-17 01:35:40,783 | libs.sidecar_validator | INFO | Validating sidecar at: http://localhost:8787/health
2025-09-17 01:35:41,684 | httpx | INFO | HTTP Request: GET http://localhost:8787/health "HTTP/1.1 200 OK"
2025-09-17 01:35:41,687 | libs.sidecar_validator | INFO | Sidecar mode: forward
2025-09-17 01:35:41,687 | libs.sidecar_validator | INFO | Forward base: https://swift.drift.trade
2025-09-17 01:35:41,688 | libs.sidecar_validator | INFO | Upstream Swift service healthy: status=200 (347ms)
2025-09-17 01:35:41,688 | libs.sidecar_validator | WARNING | Circuit breaker OPEN: 3/3 consecutive failures
2025-09-17 01:35:41,688 | libs.sidecar_validator | WARNING | Sidecar will return 503 for new orders
2025-09-17 01:35:41,689 | libs.sidecar_validator | INFO | Sidecar validation passed
2025-09-17 01:35:42,042 | httpx | INFO | HTTP Request: GET http://localhost:8787/health "HTTP/1.1 200 OK"
2025-09-17 01:35:42,043 | libs.drift.drivers.swift | INFO | Swift driver initialized: http://localhost:8787, retries=3, auction=True
2025-09-17 01:35:42,242 | httpx | INFO | HTTP Request: POST https://devnet.helius-rpc.com/?api-key=2728d54b-ce26-4696-bb4d-dc8170fcd494 "HTTP/1.1 200 OK"
2025-09-17 01:35:42,336 | httpx | INFO | HTTP Request: POST https://devnet.helius-rpc.com/?api-key=2728d54b-ce26-4696-bb4d-dc8170fcd494 "HTTP/1.1 200 OK"
2025-09-17 01:35:42,546 | httpx | INFO | HTTP Request: POST https://devnet.helius-rpc.com/?api-key=2728d54b-ce26-4696-bb4d-dc8170fcd494 "HTTP/1.1 200 OK"
2025-09-17 01:35:44,682 | libs.sidecar_validator | INFO | Validating sidecar at: http://localhost:8787/health
2025-09-17 01:35:45,289 | httpx | INFO | HTTP Request: GET http://localhost:8787/health "HTTP/1.1 200 OK"
2025-09-17 01:35:45,290 | libs.sidecar_validator | INFO | Sidecar mode: forward
2025-09-17 01:35:45,290 | libs.sidecar_validator | INFO | Forward base: https://swift.drift.trade
2025-09-17 01:35:45,290 | libs.sidecar_validator | INFO | Upstream Swift service healthy: status=200 (143ms)
2025-09-17 01:35:45,291 | libs.sidecar_validator | WARNING | Circuit breaker OPEN: 3/3 consecutive failures
2025-09-17 01:35:45,291 | libs.sidecar_validator | WARNING | Sidecar will return 503 for new orders
2025-09-17 01:35:45,291 | libs.sidecar_validator | INFO | Sidecar validation passed
2025-09-17 01:35:45,449 | httpx | INFO | HTTP Request: GET http://localhost:8787/health "HTTP/1.1 200 OK"
2025-09-17 01:35:45,451 | libs.drift.drivers.swift | INFO | Swift driver initialized: http://localhost:8787, retries=3, auction=True
2025-09-17 01:35:45,525 | httpx | INFO | HTTP Request: POST https://devnet.helius-rpc.com/?api-key=2728d54b-ce26-4696-bb4d-dc8170fcd494 "HTTP/1.1 200 OK"
2025-09-17 01:35:45,784 | httpx | INFO | HTTP Request: POST https://devnet.helius-rpc.com/?api-key=2728d54b-ce26-4696-bb4d-dc8170fcd494 "HTTP/1.1 200 OK"
2025-09-17 01:35:45,976 | httpx | INFO | HTTP Request: POST https://devnet.helius-rpc.com/?api-key=2728d54b-ce26-4696-bb4d-dc8170fcd494 "HTTP/1.1 200 OK"
2025-09-17 01:35:47,000 | libs.sidecar_validator | INFO | Validating sidecar at: http://localhost:8787/health
2025-09-17 01:35:47,859 | httpx | INFO | HTTP Request: GET http://localhost:8787/health "HTTP/1.1 200 OK"
2025-09-17 01:35:47,860 | libs.sidecar_validator | INFO | Sidecar mode: forward
2025-09-17 01:35:47,860 | libs.sidecar_validator | INFO | Forward base: https://swift.drift.trade
2025-09-17 01:35:47,861 | libs.sidecar_validator | INFO | Upstream Swift service healthy: status=200 (331ms)
2025-09-17 01:35:47,861 | libs.sidecar_validator | WARNING | Circuit breaker OPEN: 3/3 consecutive failures
2025-09-17 01:35:47,861 | libs.sidecar_validator | WARNING | Sidecar will return 503 for new orders
2025-09-17 01:35:47,861 | libs.sidecar_validator | INFO | Sidecar validation passed
2025-09-17 01:35:48,208 | httpx | INFO | HTTP Request: GET http://localhost:8787/health "HTTP/1.1 200 OK"
2025-09-17 01:35:48,209 | libs.drift.drivers.swift | INFO | Swift driver initialized: http://localhost:8787, retries=3, auction=True
2025-09-17 01:35:48,329 | httpx | INFO | HTTP Request: POST https://devnet.helius-rpc.com/?api-key=2728d54b-ce26-4696-bb4d-dc8170fcd494 "HTTP/1.1 200 OK"
2025-09-17 01:35:48,427 | httpx | INFO | HTTP Request: POST https://devnet.helius-rpc.com/?api-key=2728d54b-ce26-4696-bb4d-dc8170fcd494 "HTTP/1.1 200 OK"
2025-09-17 01:35:48,517 | httpx | INFO | HTTP Request: POST https://devnet.helius-rpc.com/?api-key=2728d54b-ce26-4696-bb4d-dc8170fcd494 "HTTP/1.1 200 OK"
2025-09-17 01:35:49,574 | libs.sidecar_validator | INFO | Validating sidecar at: http://localhost:8787/health
2025-09-17 01:35:50,371 | httpx | INFO | HTTP Request: GET http://localhost:8787/health "HTTP/1.1 200 OK"
2025-09-17 01:35:50,378 | libs.sidecar_validator | INFO | Sidecar mode: forward
2025-09-17 01:35:50,378 | libs.sidecar_validator | INFO | Forward base: https://swift.drift.trade
2025-09-17 01:35:50,378 | libs.sidecar_validator | INFO | Upstream Swift service healthy: status=200 (259ms)
2025-09-17 01:35:50,379 | libs.sidecar_validator | WARNING | Circuit breaker OPEN: 3/3 consecutive failures
2025-09-17 01:35:50,380 | libs.sidecar_validator | WARNING | Sidecar will return 503 for new orders
2025-09-17 01:35:50,380 | libs.sidecar_validator | INFO | Sidecar validation passed
2025-09-17 01:35:50,529 | httpx | INFO | HTTP Request: GET http://localhost:8787/health "HTTP/1.1 200 OK"
2025-09-17 01:35:50,532 | libs.drift.drivers.swift | INFO | Swift driver initialized: http://localhost:8787, retries=3, auction=True
2025-09-17 01:35:50,711 | httpx | INFO | HTTP Request: POST https://devnet.helius-rpc.com/?api-key=2728d54b-ce26-4696-bb4d-dc8170fcd494 "HTTP/1.1 200 OK"
2025-09-17 01:35:50,828 | httpx | INFO | HTTP Request: POST https://devnet.helius-rpc.com/?api-key=2728d54b-ce26-4696-bb4d-dc8170fcd494 "HTTP/1.1 200 OK"
2025-09-17 01:35:50,907 | httpx | INFO | HTTP Request: POST https://devnet.helius-rpc.com/?api-key=2728d54b-ce26-4696-bb4d-dc8170fcd494 "HTTP/1.1 200 OK"
2025-09-17 01:35:51,982 | libs.sidecar_validator | INFO | Validating sidecar at: http://localhost:8787/health
2025-09-17 01:35:52,679 | httpx | INFO | HTTP Request: GET http://localhost:8787/health "HTTP/1.1 200 OK"
2025-09-17 01:35:52,680 | libs.sidecar_validator | INFO | Sidecar mode: forward
2025-09-17 01:35:52,680 | libs.sidecar_validator | INFO | Forward base: https://swift.drift.trade
2025-09-17 01:35:52,681 | libs.sidecar_validator | INFO | Upstream Swift service healthy: status=200 (155ms)
2025-09-17 01:35:52,681 | libs.sidecar_validator | WARNING | Circuit breaker OPEN: 3/3 consecutive failures
2025-09-17 01:35:52,682 | libs.sidecar_validator | WARNING | Sidecar will return 503 for new orders
2025-09-17 01:35:52,682 | libs.sidecar_validator | INFO | Sidecar validation passed
2025-09-17 01:35:52,825 | httpx | INFO | HTTP Request: GET http://localhost:8787/health "HTTP/1.1 200 OK"
2025-09-17 01:35:52,828 | libs.drift.drivers.swift | INFO | Swift driver initialized: http://localhost:8787, retries=3, auction=True
2025-09-17 01:35:52,906 | httpx | INFO | HTTP Request: POST https://devnet.helius-rpc.com/?api-key=2728d54b-ce26-4696-bb4d-dc8170fcd494 "HTTP/1.1 200 OK"
2025-09-17 01:35:53,046 | httpx | INFO | HTTP Request: POST https://devnet.helius-rpc.com/?api-key=2728d54b-ce26-4696-bb4d-dc8170fcd494 "HTTP/1.1 200 OK"
2025-09-17 01:35:53,199 | httpx | INFO | HTTP Request: POST https://devnet.helius-rpc.com/?api-key=2728d54b-ce26-4696-bb4d-dc8170fcd494 "HTTP/1.1 200 OK"
2025-09-17 01:35:54,229 | libs.sidecar_validator | INFO | Validating sidecar at: http://localhost:8787/health
2025-09-17 01:35:54,993 | httpx | INFO | HTTP Request: GET http://localhost:8787/health "HTTP/1.1 200 OK"
2025-09-17 01:35:54,993 | libs.sidecar_validator | INFO | Sidecar mode: forward
2025-09-17 01:35:54,994 | libs.sidecar_validator | INFO | Forward base: https://swift.drift.trade
2025-09-17 01:35:54,994 | libs.sidecar_validator | INFO | Upstream Swift service healthy: status=200 (333ms)
2025-09-17 01:35:54,995 | libs.sidecar_validator | WARNING | Circuit breaker OPEN: 3/3 consecutive failures
2025-09-17 01:35:54,995 | libs.sidecar_validator | WARNING | Sidecar will return 503 for new orders
2025-09-17 01:35:54,995 | libs.sidecar_validator | INFO | Sidecar validation passed
2025-09-17 01:35:55,144 | httpx | INFO | HTTP Request: GET http://localhost:8787/health "HTTP/1.1 200 OK"
2025-09-17 01:35:55,151 | libs.drift.drivers.swift | INFO | Swift driver initialized: http://localhost:8787, retries=3, auction=True
2025-09-17 01:35:55,407 | httpx | INFO | HTTP Request: POST https://devnet.helius-rpc.com/?api-key=2728d54b-ce26-4696-bb4d-dc8170fcd494 "HTTP/1.1 200 OK"
2025-09-17 01:35:55,595 | httpx | INFO | HTTP Request: POST https://devnet.helius-rpc.com/?api-key=2728d54b-ce26-4696-bb4d-dc8170fcd494 "HTTP/1.1 200 OK"
2025-09-17 01:35:55,721 | httpx | INFO | HTTP Request: POST https://devnet.helius-rpc.com/?api-key=2728d54b-ce26-4696-bb4d-dc8170fcd494 "HTTP/1.1 200 OK"
2025-09-17 01:35:56,784 | libs.sidecar_validator | INFO | Validating sidecar at: http://localhost:8787/health
2025-09-17 01:35:57,419 | httpx | INFO | HTTP Request: GET http://localhost:8787/health "HTTP/1.1 200 OK"
2025-09-17 01:35:57,420 | libs.sidecar_validator | INFO | Sidecar mode: forward
2025-09-17 01:35:57,420 | libs.sidecar_validator | INFO | Forward base: https://swift.drift.trade
2025-09-17 01:35:57,421 | libs.sidecar_validator | INFO | Upstream Swift service healthy: status=200 (141ms)
2025-09-17 01:35:57,421 | libs.sidecar_validator | WARNING | Circuit breaker OPEN: 3/3 consecutive failures
2025-09-17 01:35:57,421 | libs.sidecar_validator | WARNING | Sidecar will return 503 for new orders
2025-09-17 01:35:57,421 | libs.sidecar_validator | INFO | Sidecar validation passed
2025-09-17 01:35:57,579 | httpx | INFO | HTTP Request: GET http://localhost:8787/health "HTTP/1.1 200 OK"
2025-09-17 01:35:57,581 | libs.drift.drivers.swift | INFO | Swift driver initialized: http://localhost:8787, retries=3, auction=True
2025-09-17 01:35:57,677 | httpx | INFO | HTTP Request: POST https://devnet.helius-rpc.com/?api-key=2728d54b-ce26-4696-bb4d-dc8170fcd494 "HTTP/1.1 200 OK"
2025-09-17 01:35:57,801 | httpx | INFO | HTTP Request: POST https://devnet.helius-rpc.com/?api-key=2728d54b-ce26-4696-bb4d-dc8170fcd494 "HTTP/1.1 200 OK"
2025-09-17 01:35:58,029 | httpx | INFO | HTTP Request: POST https://devnet.helius-rpc.com/?api-key=2728d54b-ce26-4696-bb4d-dc8170fcd494 "HTTP/1.1 200 OK"
2025-09-17 01:35:59,109 | libs.sidecar_validator | INFO | Validating sidecar at: http://localhost:8787/health
2025-09-17 01:35:59,709 | httpx | INFO | HTTP Request: GET http://localhost:8787/health "HTTP/1.1 200 OK"
2025-09-17 01:35:59,710 | libs.sidecar_validator | INFO | Sidecar mode: forward
2025-09-17 01:35:59,710 | libs.sidecar_validator | INFO | Forward base: https://swift.drift.trade
2025-09-17 01:35:59,711 | libs.sidecar_validator | INFO | Upstream Swift service healthy: status=200 (141ms)
2025-09-17 01:35:59,711 | libs.sidecar_validator | WARNING | Circuit breaker OPEN: 3/3 consecutive failures
2025-09-17 01:35:59,711 | libs.sidecar_validator | WARNING | Sidecar will return 503 for new orders
2025-09-17 01:35:59,711 | libs.sidecar_validator | INFO | Sidecar validation passed
2025-09-17 01:36:00,041 | httpx | INFO | HTTP Request: GET http://localhost:8787/health "HTTP/1.1 200 OK"
2025-09-17 01:36:00,043 | libs.drift.drivers.swift | INFO | Swift driver initialized: http://localhost:8787, retries=3, auction=True
2025-09-17 01:36:00,214 | httpx | INFO | HTTP Request: POST https://devnet.helius-rpc.com/?api-key=2728d54b-ce26-4696-bb4d-dc8170fcd494 "HTTP/1.1 200 OK"
2025-09-17 01:36:00,355 | httpx | INFO | HTTP Request: POST https://devnet.helius-rpc.com/?api-key=2728d54b-ce26-4696-bb4d-dc8170fcd494 "HTTP/1.1 200 OK"
2025-09-17 01:36:00,475 | httpx | INFO | HTTP Request: POST https://devnet.helius-rpc.com/?api-key=2728d54b-ce26-4696-bb4d-dc8170fcd494 "HTTP/1.1 200 OK"
2025-09-17 01:36:01,500 | libs.sidecar_validator | INFO | Validating sidecar at: http://localhost:8787/health
2025-09-17 01:36:02,045 | httpx | INFO | HTTP Request: GET http://localhost:8787/health "HTTP/1.1 200 OK"
2025-09-17 01:36:02,046 | libs.sidecar_validator | INFO | Sidecar mode: forward
2025-09-17 01:36:02,046 | libs.sidecar_validator | INFO | Forward base: https://swift.drift.trade
2025-09-17 01:36:02,047 | libs.sidecar_validator | INFO | Upstream Swift service healthy: status=200 (147ms)
2025-09-17 01:36:02,047 | libs.sidecar_validator | WARNING | Circuit breaker OPEN: 3/3 consecutive failures
2025-09-17 01:36:02,048 | libs.sidecar_validator | WARNING | Sidecar will return 503 for new orders
2025-09-17 01:36:02,048 | libs.sidecar_validator | INFO | Sidecar validation passed
2025-09-17 01:36:02,204 | httpx | INFO | HTTP Request: GET http://localhost:8787/health "HTTP/1.1 200 OK"
2025-09-17 01:36:02,206 | libs.drift.drivers.swift | INFO | Swift driver initialized: http://localhost:8787, retries=3, auction=True
2025-09-17 01:36:02,450 | httpx | INFO | HTTP Request: POST https://devnet.helius-rpc.com/?api-key=2728d54b-ce26-4696-bb4d-dc8170fcd494 "HTTP/1.1 200 OK"
2025-09-17 01:36:02,572 | httpx | INFO | HTTP Request: POST https://devnet.helius-rpc.com/?api-key=2728d54b-ce26-4696-bb4d-dc8170fcd494 "HTTP/1.1 200 OK"
2025-09-17 01:36:02,830 | httpx | INFO | HTTP Request: POST https://devnet.helius-rpc.com/?api-key=2728d54b-ce26-4696-bb4d-dc8170fcd494 "HTTP/1.1 200 OK"
2025-09-17 01:36:03,861 | libs.sidecar_validator | INFO | Validating sidecar at: http://localhost:8787/health
2025-09-17 01:36:04,408 | httpx | INFO | HTTP Request: GET http://localhost:8787/health "HTTP/1.1 200 OK"
2025-09-17 01:36:04,410 | libs.sidecar_validator | INFO | Sidecar mode: forward
2025-09-17 01:36:04,410 | libs.sidecar_validator | INFO | Forward base: https://swift.drift.trade
2025-09-17 01:36:04,410 | libs.sidecar_validator | INFO | Upstream Swift service healthy: status=200 (150ms)
2025-09-17 01:36:04,410 | libs.sidecar_validator | WARNING | Circuit breaker OPEN: 3/3 consecutive failures
2025-09-17 01:36:04,411 | libs.sidecar_validator | WARNING | Sidecar will return 503 for new orders
2025-09-17 01:36:04,411 | libs.sidecar_validator | INFO | Sidecar validation passed
2025-09-17 01:36:04,553 | httpx | INFO | HTTP Request: GET http://localhost:8787/health "HTTP/1.1 200 OK"
2025-09-17 01:36:04,554 | libs.drift.drivers.swift | INFO | Swift driver initialized: http://localhost:8787, retries=3, auction=True
2025-09-17 01:36:04,704 | httpx | INFO | HTTP Request: POST https://devnet.helius-rpc.com/?api-key=2728d54b-ce26-4696-bb4d-dc8170fcd494 "HTTP/1.1 200 OK"
2025-09-17 01:36:04,911 | httpx | INFO | HTTP Request: POST https://devnet.helius-rpc.com/?api-key=2728d54b-ce26-4696-bb4d-dc8170fcd494 "HTTP/1.1 200 OK"
2025-09-17 01:36:05,053 | httpx | INFO | HTTP Request: POST https://devnet.helius-rpc.com/?api-key=2728d54b-ce26-4696-bb4d-dc8170fcd494 "HTTP/1.1 200 OK"
2025-09-17 01:36:14,764 | libs.sidecar_validator | INFO | Validating sidecar at: http://localhost:8787/health
2025-09-17 01:36:16,299 | httpx | INFO | HTTP Request: GET http://localhost:8787/health "HTTP/1.1 200 OK"
2025-09-17 01:36:16,302 | libs.sidecar_validator | INFO | Sidecar mode: forward
2025-09-17 01:36:16,302 | libs.sidecar_validator | INFO | Forward base: https://swift.drift.trade
2025-09-17 01:36:16,303 | libs.sidecar_validator | INFO | Upstream Swift service healthy: status=200 (784ms)
2025-09-17 01:36:16,303 | libs.sidecar_validator | WARNING | Circuit breaker OPEN: 3/3 consecutive failures
2025-09-17 01:36:16,304 | libs.sidecar_validator | WARNING | Sidecar will return 503 for new orders
2025-09-17 01:36:16,304 | libs.sidecar_validator | INFO | Sidecar validation passed
2025-09-17 01:36:16,678 | httpx | INFO | HTTP Request: GET http://localhost:8787/health "HTTP/1.1 200 OK"
2025-09-17 01:36:16,681 | libs.drift.drivers.swift | INFO | Swift driver initialized: http://localhost:8787, retries=3, auction=True
2025-09-17 01:36:17,475 | httpx | INFO | HTTP Request: POST https://devnet.helius-rpc.com/?api-key=2728d54b-ce26-4696-bb4d-dc8170fcd494 "HTTP/1.1 200 OK"
2025-09-17 01:36:17,590 | httpx | INFO | HTTP Request: POST https://devnet.helius-rpc.com/?api-key=2728d54b-ce26-4696-bb4d-dc8170fcd494 "HTTP/1.1 200 OK"
2025-09-17 01:36:17,868 | httpx | INFO | HTTP Request: POST https://devnet.helius-rpc.com/?api-key=2728d54b-ce26-4696-bb4d-dc8170fcd494 "HTTP/1.1 200 OK"
2025-09-17 01:36:18,918 | libs.sidecar_validator | INFO | Validating sidecar at: http://localhost:8787/health
2025-09-17 01:36:19,924 | httpx | INFO | HTTP Request: GET http://localhost:8787/health "HTTP/1.1 200 OK"
2025-09-17 01:36:19,925 | libs.sidecar_validator | INFO | Sidecar mode: forward
2025-09-17 01:36:19,925 | libs.sidecar_validator | INFO | Forward base: https://swift.drift.trade
2025-09-17 01:36:19,926 | libs.sidecar_validator | INFO | Upstream Swift service healthy: status=200 (359ms)
2025-09-17 01:36:19,926 | libs.sidecar_validator | WARNING | Circuit breaker OPEN: 3/3 consecutive failures
2025-09-17 01:36:19,926 | libs.sidecar_validator | WARNING | Sidecar will return 503 for new orders
2025-09-17 01:36:19,927 | libs.sidecar_validator | INFO | Sidecar validation passed
2025-09-17 01:36:20,081 | httpx | INFO | HTTP Request: GET http://localhost:8787/health "HTTP/1.1 200 OK"
2025-09-17 01:36:20,082 | libs.drift.drivers.swift | INFO | Swift driver initialized: http://localhost:8787, retries=3, auction=True
2025-09-17 01:36:20,359 | httpx | INFO | HTTP Request: POST https://devnet.helius-rpc.com/?api-key=2728d54b-ce26-4696-bb4d-dc8170fcd494 "HTTP/1.1 200 OK"
2025-09-17 01:36:20,513 | httpx | INFO | HTTP Request: POST https://devnet.helius-rpc.com/?api-key=2728d54b-ce26-4696-bb4d-dc8170fcd494 "HTTP/1.1 200 OK"
2025-09-17 01:36:20,652 | httpx | INFO | HTTP Request: POST https://devnet.helius-rpc.com/?api-key=2728d54b-ce26-4696-bb4d-dc8170fcd494 "HTTP/1.1 200 OK"
2025-09-17 01:36:21,713 | libs.sidecar_validator | INFO | Validating sidecar at: http://localhost:8787/health
2025-09-17 01:36:22,326 | httpx | INFO | HTTP Request: GET http://localhost:8787/health "HTTP/1.1 200 OK"
2025-09-17 01:36:22,327 | libs.sidecar_validator | INFO | Sidecar mode: forward
2025-09-17 01:36:22,327 | libs.sidecar_validator | INFO | Forward base: https://swift.drift.trade
2025-09-17 01:36:22,327 | libs.sidecar_validator | INFO | Upstream Swift service healthy: status=200 (153ms)
2025-09-17 01:36:22,328 | libs.sidecar_validator | WARNING | Circuit breaker OPEN: 3/3 consecutive failures
2025-09-17 01:36:22,328 | libs.sidecar_validator | WARNING | Sidecar will return 503 for new orders
2025-09-17 01:36:22,328 | libs.sidecar_validator | INFO | Sidecar validation passed
2025-09-17 01:36:22,662 | httpx | INFO | HTTP Request: GET http://localhost:8787/health "HTTP/1.1 200 OK"
2025-09-17 01:36:22,664 | libs.drift.drivers.swift | INFO | Swift driver initialized: http://localhost:8787, retries=3, auction=True
2025-09-17 01:36:22,763 | httpx | INFO | HTTP Request: POST https://devnet.helius-rpc.com/?api-key=2728d54b-ce26-4696-bb4d-dc8170fcd494 "HTTP/1.1 200 OK"
2025-09-17 01:36:22,865 | httpx | INFO | HTTP Request: POST https://devnet.helius-rpc.com/?api-key=2728d54b-ce26-4696-bb4d-dc8170fcd494 "HTTP/1.1 200 OK"
2025-09-17 01:36:22,978 | httpx | INFO | HTTP Request: POST https://devnet.helius-rpc.com/?api-key=2728d54b-ce26-4696-bb4d-dc8170fcd494 "HTTP/1.1 200 OK"
2025-09-17 01:36:24,018 | libs.sidecar_validator | INFO | Validating sidecar at: http://localhost:8787/health
2025-09-17 01:36:24,605 | httpx | INFO | HTTP Request: GET http://localhost:8787/health "HTTP/1.1 200 OK"
2025-09-17 01:36:24,606 | libs.sidecar_validator | INFO | Sidecar mode: forward
2025-09-17 01:36:24,607 | libs.sidecar_validator | INFO | Forward base: https://swift.drift.trade
2025-09-17 01:36:24,608 | libs.sidecar_validator | INFO | Upstream Swift service healthy: status=200 (154ms)
2025-09-17 01:36:24,608 | libs.sidecar_validator | WARNING | Circuit breaker OPEN: 3/3 consecutive failures
2025-09-17 01:36:24,608 | libs.sidecar_validator | WARNING | Sidecar will return 503 for new orders
2025-09-17 01:36:24,608 | libs.sidecar_validator | INFO | Sidecar validation passed
2025-09-17 01:36:24,771 | httpx | INFO | HTTP Request: GET http://localhost:8787/health "HTTP/1.1 200 OK"
2025-09-17 01:36:24,772 | libs.drift.drivers.swift | INFO | Swift driver initialized: http://localhost:8787, retries=3, auction=True
2025-09-17 01:36:24,882 | httpx | INFO | HTTP Request: POST https://devnet.helius-rpc.com/?api-key=2728d54b-ce26-4696-bb4d-dc8170fcd494 "HTTP/1.1 200 OK"
2025-09-17 01:36:24,991 | httpx | INFO | HTTP Request: POST https://devnet.helius-rpc.com/?api-key=2728d54b-ce26-4696-bb4d-dc8170fcd494 "HTTP/1.1 200 OK"
2025-09-17 01:36:25,252 | httpx | INFO | HTTP Request: POST https://devnet.helius-rpc.com/?api-key=2728d54b-ce26-4696-bb4d-dc8170fcd494 "HTTP/1.1 200 OK"
2025-09-17 01:36:26,309 | libs.sidecar_validator | INFO | Validating sidecar at: http://localhost:8787/health
2025-09-17 01:36:26,894 | httpx | INFO | HTTP Request: GET http://localhost:8787/health "HTTP/1.1 200 OK"
2025-09-17 01:36:26,895 | libs.sidecar_validator | INFO | Sidecar mode: forward
2025-09-17 01:36:26,896 | libs.sidecar_validator | INFO | Forward base: https://swift.drift.trade
2025-09-17 01:36:26,896 | libs.sidecar_validator | INFO | Upstream Swift service healthy: status=200 (152ms)
2025-09-17 01:36:26,897 | libs.sidecar_validator | WARNING | Circuit breaker OPEN: 3/3 consecutive failures
2025-09-17 01:36:26,898 | libs.sidecar_validator | WARNING | Sidecar will return 503 for new orders
2025-09-17 01:36:26,898 | libs.sidecar_validator | INFO | Sidecar validation passed
2025-09-17 01:36:27,237 | httpx | INFO | HTTP Request: GET http://localhost:8787/health "HTTP/1.1 200 OK"
2025-09-17 01:36:27,239 | libs.drift.drivers.swift | INFO | Swift driver initialized: http://localhost:8787, retries=3, auction=True
2025-09-17 01:36:27,508 | httpx | INFO | HTTP Request: POST https://devnet.helius-rpc.com/?api-key=2728d54b-ce26-4696-bb4d-dc8170fcd494 "HTTP/1.1 200 OK"
2025-09-17 01:36:27,682 | httpx | INFO | HTTP Request: POST https://devnet.helius-rpc.com/?api-key=2728d54b-ce26-4696-bb4d-dc8170fcd494 "HTTP/1.1 200 OK"
2025-09-17 01:36:27,818 | httpx | INFO | HTTP Request: POST https://devnet.helius-rpc.com/?api-key=2728d54b-ce26-4696-bb4d-dc8170fcd494 "HTTP/1.1 200 OK"
2025-09-17 01:36:30,113 | libs.sidecar_validator | INFO | Validating sidecar at: http://localhost:8787/health
2025-09-17 01:36:30,715 | httpx | INFO | HTTP Request: GET http://localhost:8787/health "HTTP/1.1 200 OK"
2025-09-17 01:36:30,716 | libs.sidecar_validator | INFO | Sidecar mode: forward
2025-09-17 01:36:30,716 | libs.sidecar_validator | INFO | Forward base: https://swift.drift.trade
2025-09-17 01:36:30,716 | libs.sidecar_validator | INFO | Upstream Swift service healthy: status=200 (156ms)
2025-09-17 01:36:30,717 | libs.sidecar_validator | WARNING | Circuit breaker OPEN: 3/3 consecutive failures
2025-09-17 01:36:30,717 | libs.sidecar_validator | WARNING | Sidecar will return 503 for new orders
2025-09-17 01:36:30,717 | libs.sidecar_validator | INFO | Sidecar validation passed
2025-09-17 01:36:30,862 | httpx | INFO | HTTP Request: GET http://localhost:8787/health "HTTP/1.1 200 OK"
2025-09-17 01:36:30,864 | libs.drift.drivers.swift | INFO | Swift driver initialized: http://localhost:8787, retries=3, auction=True
2025-09-17 01:36:31,143 | httpx | INFO | HTTP Request: POST https://devnet.helius-rpc.com/?api-key=2728d54b-ce26-4696-bb4d-dc8170fcd494 "HTTP/1.1 200 OK"
2025-09-17 01:36:31,259 | httpx | INFO | HTTP Request: POST https://devnet.helius-rpc.com/?api-key=2728d54b-ce26-4696-bb4d-dc8170fcd494 "HTTP/1.1 200 OK"
2025-09-17 01:36:31,491 | httpx | INFO | HTTP Request: POST https://devnet.helius-rpc.com/?api-key=2728d54b-ce26-4696-bb4d-dc8170fcd494 "HTTP/1.1 200 OK"
2025-09-17 01:36:32,490 | libs.sidecar_validator | INFO | Validating sidecar at: http://localhost:8787/health
2025-09-17 01:36:33,100 | httpx | INFO | HTTP Request: GET http://localhost:8787/health "HTTP/1.1 200 OK"
2025-09-17 01:36:33,101 | libs.sidecar_validator | INFO | Sidecar mode: forward
2025-09-17 01:36:33,102 | libs.sidecar_validator | INFO | Forward base: https://swift.drift.trade
2025-09-17 01:36:33,102 | libs.sidecar_validator | INFO | Upstream Swift service healthy: status=200 (159ms)
2025-09-17 01:36:33,103 | libs.sidecar_validator | WARNING | Circuit breaker OPEN: 3/3 consecutive failures
2025-09-17 01:36:33,103 | libs.sidecar_validator | WARNING | Sidecar will return 503 for new orders
2025-09-17 01:36:33,103 | libs.sidecar_validator | INFO | Sidecar validation passed
2025-09-17 01:36:33,254 | httpx | INFO | HTTP Request: GET http://localhost:8787/health "HTTP/1.1 200 OK"
2025-09-17 01:36:33,256 | libs.drift.drivers.swift | INFO | Swift driver initialized: http://localhost:8787, retries=3, auction=True
2025-09-17 01:36:33,386 | httpx | INFO | HTTP Request: POST https://devnet.helius-rpc.com/?api-key=2728d54b-ce26-4696-bb4d-dc8170fcd494 "HTTP/1.1 200 OK"
2025-09-17 01:36:33,459 | httpx | INFO | HTTP Request: POST https://devnet.helius-rpc.com/?api-key=2728d54b-ce26-4696-bb4d-dc8170fcd494 "HTTP/1.1 200 OK"
2025-09-17 01:36:33,593 | httpx | INFO | HTTP Request: POST https://devnet.helius-rpc.com/?api-key=2728d54b-ce26-4696-bb4d-dc8170fcd494 "HTTP/1.1 200 OK"
2025-09-17 01:36:34,641 | libs.sidecar_validator | INFO | Validating sidecar at: http://localhost:8787/health
2025-09-17 01:36:35,245 | httpx | INFO | HTTP Request: GET http://localhost:8787/health "HTTP/1.1 200 OK"
2025-09-17 01:36:35,246 | libs.sidecar_validator | INFO | Sidecar mode: forward
2025-09-17 01:36:35,247 | libs.sidecar_validator | INFO | Forward base: https://swift.drift.trade
2025-09-17 01:36:35,247 | libs.sidecar_validator | INFO | Upstream Swift service healthy: status=200 (162ms)
2025-09-17 01:36:35,248 | libs.sidecar_validator | WARNING | Circuit breaker OPEN: 3/3 consecutive failures
2025-09-17 01:36:35,248 | libs.sidecar_validator | WARNING | Sidecar will return 503 for new orders
2025-09-17 01:36:35,248 | libs.sidecar_validator | INFO | Sidecar validation passed
2025-09-17 01:36:35,596 | httpx | INFO | HTTP Request: GET http://localhost:8787/health "HTTP/1.1 200 OK"
2025-09-17 01:36:35,598 | libs.drift.drivers.swift | INFO | Swift driver initialized: http://localhost:8787, retries=3, auction=True
2025-09-17 01:36:35,730 | httpx | INFO | HTTP Request: POST https://devnet.helius-rpc.com/?api-key=2728d54b-ce26-4696-bb4d-dc8170fcd494 "HTTP/1.1 200 OK"
2025-09-17 01:36:35,842 | httpx | INFO | HTTP Request: POST https://devnet.helius-rpc.com/?api-key=2728d54b-ce26-4696-bb4d-dc8170fcd494 "HTTP/1.1 200 OK"
2025-09-17 01:36:35,971 | httpx | INFO | HTTP Request: POST https://devnet.helius-rpc.com/?api-key=2728d54b-ce26-4696-bb4d-dc8170fcd494 "HTTP/1.1 200 OK"
2025-09-17 01:36:37,014 | libs.sidecar_validator | INFO | Validating sidecar at: http://localhost:8787/health
2025-09-17 01:36:37,629 | httpx | INFO | HTTP Request: GET http://localhost:8787/health "HTTP/1.1 200 OK"
2025-09-17 01:36:37,630 | libs.sidecar_validator | INFO | Sidecar mode: forward
2025-09-17 01:36:37,631 | libs.sidecar_validator | INFO | Forward base: https://swift.drift.trade
2025-09-17 01:36:37,631 | libs.sidecar_validator | INFO | Upstream Swift service healthy: status=200 (155ms)
2025-09-17 01:36:37,631 | libs.sidecar_validator | WARNING | Circuit breaker OPEN: 3/3 consecutive failures
2025-09-17 01:36:37,632 | libs.sidecar_validator | WARNING | Sidecar will return 503 for new orders
2025-09-17 01:36:37,632 | libs.sidecar_validator | INFO | Sidecar validation passed
2025-09-17 01:36:37,778 | httpx | INFO | HTTP Request: GET http://localhost:8787/health "HTTP/1.1 200 OK"
2025-09-17 01:36:37,780 | libs.drift.drivers.swift | INFO | Swift driver initialized: http://localhost:8787, retries=3, auction=True
2025-09-17 01:36:37,896 | httpx | INFO | HTTP Request: POST https://devnet.helius-rpc.com/?api-key=2728d54b-ce26-4696-bb4d-dc8170fcd494 "HTTP/1.1 200 OK"
2025-09-17 01:36:38,030 | httpx | INFO | HTTP Request: POST https://devnet.helius-rpc.com/?api-key=2728d54b-ce26-4696-bb4d-dc8170fcd494 "HTTP/1.1 200 OK"
2025-09-17 01:36:38,199 | httpx | INFO | HTTP Request: POST https://devnet.helius-rpc.com/?api-key=2728d54b-ce26-4696-bb4d-dc8170fcd494 "HTTP/1.1 200 OK"
2025-09-17 01:36:39,243 | libs.sidecar_validator | INFO | Validating sidecar at: http://localhost:8787/health
2025-09-17 01:36:39,810 | httpx | INFO | HTTP Request: GET http://localhost:8787/health "HTTP/1.1 200 OK"
2025-09-17 01:36:39,811 | libs.sidecar_validator | INFO | Sidecar mode: forward
2025-09-17 01:36:39,812 | libs.sidecar_validator | INFO | Forward base: https://swift.drift.trade
2025-09-17 01:36:39,812 | libs.sidecar_validator | INFO | Upstream Swift service healthy: status=200 (145ms)
2025-09-17 01:36:39,813 | libs.sidecar_validator | WARNING | Circuit breaker OPEN: 3/3 consecutive failures
2025-09-17 01:36:39,813 | libs.sidecar_validator | WARNING | Sidecar will return 503 for new orders
2025-09-17 01:36:39,813 | libs.sidecar_validator | INFO | Sidecar validation passed
2025-09-17 01:36:39,963 | httpx | INFO | HTTP Request: GET http://localhost:8787/health "HTTP/1.1 200 OK"
2025-09-17 01:36:39,965 | libs.drift.drivers.swift | INFO | Swift driver initialized: http://localhost:8787, retries=3, auction=True
2025-09-17 01:36:40,208 | httpx | INFO | HTTP Request: POST https://devnet.helius-rpc.com/?api-key=2728d54b-ce26-4696-bb4d-dc8170fcd494 "HTTP/1.1 200 OK"
2025-09-17 01:36:40,285 | httpx | INFO | HTTP Request: POST https://devnet.helius-rpc.com/?api-key=2728d54b-ce26-4696-bb4d-dc8170fcd494 "HTTP/1.1 200 OK"
2025-09-17 01:36:40,411 | httpx | INFO | HTTP Request: POST https://devnet.helius-rpc.com/?api-key=2728d54b-ce26-4696-bb4d-dc8170fcd494 "HTTP/1.1 200 OK"
2025-09-17 01:36:41,468 | libs.sidecar_validator | INFO | Validating sidecar at: http://localhost:8787/health
2025-09-17 01:36:42,357 | httpx | INFO | HTTP Request: GET http://localhost:8787/health "HTTP/1.1 200 OK"
2025-09-17 01:36:42,357 | libs.sidecar_validator | INFO | Sidecar mode: forward
2025-09-17 01:36:42,358 | libs.sidecar_validator | INFO | Forward base: https://swift.drift.trade
2025-09-17 01:36:42,359 | libs.sidecar_validator | INFO | Upstream Swift service healthy: status=200 (366ms)
2025-09-17 01:36:42,359 | libs.sidecar_validator | WARNING | Circuit breaker OPEN: 3/3 consecutive failures
2025-09-17 01:36:42,359 | libs.sidecar_validator | WARNING | Sidecar will return 503 for new orders
2025-09-17 01:36:42,359 | libs.sidecar_validator | INFO | Sidecar validation passed
2025-09-17 01:36:42,537 | httpx | INFO | HTTP Request: GET http://localhost:8787/health "HTTP/1.1 200 OK"
2025-09-17 01:36:42,538 | libs.drift.drivers.swift | INFO | Swift driver initialized: http://localhost:8787, retries=3, auction=True
2025-09-17 01:36:42,681 | httpx | INFO | HTTP Request: POST https://devnet.helius-rpc.com/?api-key=2728d54b-ce26-4696-bb4d-dc8170fcd494 "HTTP/1.1 200 OK"
2025-09-17 01:36:42,792 | httpx | INFO | HTTP Request: POST https://devnet.helius-rpc.com/?api-key=2728d54b-ce26-4696-bb4d-dc8170fcd494 "HTTP/1.1 200 OK"
2025-09-17 01:36:42,958 | httpx | INFO | HTTP Request: POST https://devnet.helius-rpc.com/?api-key=2728d54b-ce26-4696-bb4d-dc8170fcd494 "HTTP/1.1 200 OK"
2025-09-17 01:36:43,988 | libs.sidecar_validator | INFO | Validating sidecar at: http://localhost:8787/health
2025-09-17 01:36:44,852 | httpx | INFO | HTTP Request: GET http://localhost:8787/health "HTTP/1.1 200 OK"
2025-09-17 01:36:44,853 | libs.sidecar_validator | INFO | Sidecar mode: forward
2025-09-17 01:36:44,853 | libs.sidecar_validator | INFO | Forward base: https://swift.drift.trade
2025-09-17 01:36:44,854 | libs.sidecar_validator | INFO | Upstream Swift service healthy: status=200 (365ms)
2025-09-17 01:36:44,854 | libs.sidecar_validator | WARNING | Circuit breaker OPEN: 3/3 consecutive failures
2025-09-17 01:36:44,854 | libs.sidecar_validator | WARNING | Sidecar will return 503 for new orders
2025-09-17 01:36:44,854 | libs.sidecar_validator | INFO | Sidecar validation passed
2025-09-17 01:36:45,035 | httpx | INFO | HTTP Request: GET http://localhost:8787/health "HTTP/1.1 200 OK"
2025-09-17 01:36:45,037 | libs.drift.drivers.swift | INFO | Swift driver initialized: http://localhost:8787, retries=3, auction=True
2025-09-17 01:36:45,183 | httpx | INFO | HTTP Request: POST https://devnet.helius-rpc.com/?api-key=2728d54b-ce26-4696-bb4d-dc8170fcd494 "HTTP/1.1 200 OK"
2025-09-17 01:36:45,268 | httpx | INFO | HTTP Request: POST https://devnet.helius-rpc.com/?api-key=2728d54b-ce26-4696-bb4d-dc8170fcd494 "HTTP/1.1 200 OK"
2025-09-17 01:36:45,384 | httpx | INFO | HTTP Request: POST https://devnet.helius-rpc.com/?api-key=2728d54b-ce26-4696-bb4d-dc8170fcd494 "HTTP/1.1 200 OK"
2025-09-17 01:36:46,428 | libs.sidecar_validator | INFO | Validating sidecar at: http://localhost:8787/health
2025-09-17 01:36:46,977 | httpx | INFO | HTTP Request: GET http://localhost:8787/health "HTTP/1.1 200 OK"
2025-09-17 01:36:46,978 | libs.sidecar_validator | INFO | Sidecar mode: forward
2025-09-17 01:36:46,979 | libs.sidecar_validator | INFO | Forward base: https://swift.drift.trade
2025-09-17 01:36:46,979 | libs.sidecar_validator | INFO | Upstream Swift service healthy: status=200 (153ms)
2025-09-17 01:36:46,979 | libs.sidecar_validator | WARNING | Circuit breaker OPEN: 3/3 consecutive failures
2025-09-17 01:36:46,980 | libs.sidecar_validator | WARNING | Sidecar will return 503 for new orders
2025-09-17 01:36:46,980 | libs.sidecar_validator | INFO | Sidecar validation passed
2025-09-17 01:36:47,146 | httpx | INFO | HTTP Request: GET http://localhost:8787/health "HTTP/1.1 200 OK"
2025-09-17 01:36:47,147 | libs.drift.drivers.swift | INFO | Swift driver initialized: http://localhost:8787, retries=3, auction=True
2025-09-17 01:36:47,226 | httpx | INFO | HTTP Request: POST https://devnet.helius-rpc.com/?api-key=2728d54b-ce26-4696-bb4d-dc8170fcd494 "HTTP/1.1 200 OK"
2025-09-17 01:36:47,394 | httpx | INFO | HTTP Request: POST https://devnet.helius-rpc.com/?api-key=2728d54b-ce26-4696-bb4d-dc8170fcd494 "HTTP/1.1 200 OK"
2025-09-17 01:36:47,504 | httpx | INFO | HTTP Request: POST https://devnet.helius-rpc.com/?api-key=2728d54b-ce26-4696-bb4d-dc8170fcd494 "HTTP/1.1 200 OK"
2025-09-17 01:36:48,552 | libs.sidecar_validator | INFO | Validating sidecar at: http://localhost:8787/health
2025-09-17 01:36:49,321 | httpx | INFO | HTTP Request: GET http://localhost:8787/health "HTTP/1.1 200 OK"
2025-09-17 01:36:49,321 | libs.sidecar_validator | INFO | Sidecar mode: forward
2025-09-17 01:36:49,322 | libs.sidecar_validator | INFO | Forward base: https://swift.drift.trade
2025-09-17 01:36:49,322 | libs.sidecar_validator | INFO | Upstream Swift service healthy: status=200 (360ms)
2025-09-17 01:36:49,322 | libs.sidecar_validator | WARNING | Circuit breaker OPEN: 3/3 consecutive failures
2025-09-17 01:36:49,323 | libs.sidecar_validator | WARNING | Sidecar will return 503 for new orders
2025-09-17 01:36:49,323 | libs.sidecar_validator | INFO | Sidecar validation passed
2025-09-17 01:36:49,470 | httpx | INFO | HTTP Request: GET http://localhost:8787/health "HTTP/1.1 200 OK"
2025-09-17 01:36:49,471 | libs.drift.drivers.swift | INFO | Swift driver initialized: http://localhost:8787, retries=3, auction=True
2025-09-17 01:36:49,660 | httpx | INFO | HTTP Request: POST https://devnet.helius-rpc.com/?api-key=2728d54b-ce26-4696-bb4d-dc8170fcd494 "HTTP/1.1 200 OK"
2025-09-17 01:36:49,764 | httpx | INFO | HTTP Request: POST https://devnet.helius-rpc.com/?api-key=2728d54b-ce26-4696-bb4d-dc8170fcd494 "HTTP/1.1 200 OK"
2025-09-17 01:36:49,936 | httpx | INFO | HTTP Request: POST https://devnet.helius-rpc.com/?api-key=2728d54b-ce26-4696-bb4d-dc8170fcd494 "HTTP/1.1 200 OK"
2025-09-17 01:36:50,982 | libs.sidecar_validator | INFO | Validating sidecar at: http://localhost:8787/health
2025-09-17 01:36:51,593 | httpx | INFO | HTTP Request: GET http://localhost:8787/health "HTTP/1.1 200 OK"
2025-09-17 01:36:51,594 | libs.sidecar_validator | INFO | Sidecar mode: forward
2025-09-17 01:36:51,594 | libs.sidecar_validator | INFO | Forward base: https://swift.drift.trade
2025-09-17 01:36:51,594 | libs.sidecar_validator | INFO | Upstream Swift service healthy: status=200 (155ms)
2025-09-17 01:36:51,594 | libs.sidecar_validator | WARNING | Circuit breaker OPEN: 3/3 consecutive failures
2025-09-17 01:36:51,595 | libs.sidecar_validator | WARNING | Sidecar will return 503 for new orders
2025-09-17 01:36:51,595 | libs.sidecar_validator | INFO | Sidecar validation passed
2025-09-17 01:36:51,752 | httpx | INFO | HTTP Request: GET http://localhost:8787/health "HTTP/1.1 200 OK"
2025-09-17 01:36:51,754 | libs.drift.drivers.swift | INFO | Swift driver initialized: http://localhost:8787, retries=3, auction=True
2025-09-17 01:36:51,872 | httpx | INFO | HTTP Request: POST https://devnet.helius-rpc.com/?api-key=2728d54b-ce26-4696-bb4d-dc8170fcd494 "HTTP/1.1 200 OK"
2025-09-17 01:36:52,009 | httpx | INFO | HTTP Request: POST https://devnet.helius-rpc.com/?api-key=2728d54b-ce26-4696-bb4d-dc8170fcd494 "HTTP/1.1 200 OK"
2025-09-17 01:36:52,174 | httpx | INFO | HTTP Request: POST https://devnet.helius-rpc.com/?api-key=2728d54b-ce26-4696-bb4d-dc8170fcd494 "HTTP/1.1 200 OK"
2025-09-17 01:36:53,207 | libs.sidecar_validator | INFO | Validating sidecar at: http://localhost:8787/health
2025-09-17 01:36:53,940 | httpx | INFO | HTTP Request: GET http://localhost:8787/health "HTTP/1.1 200 OK"
2025-09-17 01:36:53,941 | libs.sidecar_validator | INFO | Sidecar mode: forward
2025-09-17 01:36:53,941 | libs.sidecar_validator | INFO | Forward base: https://swift.drift.trade
2025-09-17 01:36:53,942 | libs.sidecar_validator | INFO | Upstream Swift service healthy: status=200 (332ms)
2025-09-17 01:36:53,943 | libs.sidecar_validator | WARNING | Circuit breaker OPEN: 3/3 consecutive failures
2025-09-17 01:36:53,943 | libs.sidecar_validator | WARNING | Sidecar will return 503 for new orders
2025-09-17 01:36:53,943 | libs.sidecar_validator | INFO | Sidecar validation passed
2025-09-17 01:36:54,088 | httpx | INFO | HTTP Request: GET http://localhost:8787/health "HTTP/1.1 200 OK"
2025-09-17 01:36:54,090 | libs.drift.drivers.swift | INFO | Swift driver initialized: http://localhost:8787, retries=3, auction=True
2025-09-17 01:36:54,198 | httpx | INFO | HTTP Request: POST https://devnet.helius-rpc.com/?api-key=2728d54b-ce26-4696-bb4d-dc8170fcd494 "HTTP/1.1 200 OK"
2025-09-17 01:36:54,350 | httpx | INFO | HTTP Request: POST https://devnet.helius-rpc.com/?api-key=2728d54b-ce26-4696-bb4d-dc8170fcd494 "HTTP/1.1 200 OK"
2025-09-17 01:36:54,485 | httpx | INFO | HTTP Request: POST https://devnet.helius-rpc.com/?api-key=2728d54b-ce26-4696-bb4d-dc8170fcd494 "HTTP/1.1 200 OK"
2025-09-17 01:36:55,551 | libs.sidecar_validator | INFO | Validating sidecar at: http://localhost:8787/health
2025-09-17 01:36:56,302 | httpx | INFO | HTTP Request: GET http://localhost:8787/health "HTTP/1.1 200 OK"
2025-09-17 01:36:56,302 | libs.sidecar_validator | INFO | Sidecar mode: forward
2025-09-17 01:36:56,303 | libs.sidecar_validator | INFO | Forward base: https://swift.drift.trade
2025-09-17 01:36:56,304 | libs.sidecar_validator | INFO | Upstream Swift service healthy: status=200 (329ms)
2025-09-17 01:36:56,304 | libs.sidecar_validator | WARNING | Circuit breaker OPEN: 3/3 consecutive failures
2025-09-17 01:36:56,304 | libs.sidecar_validator | WARNING | Sidecar will return 503 for new orders
2025-09-17 01:36:56,304 | libs.sidecar_validator | INFO | Sidecar validation passed
2025-09-17 01:36:56,448 | httpx | INFO | HTTP Request: GET http://localhost:8787/health "HTTP/1.1 200 OK"
2025-09-17 01:36:56,451 | libs.drift.drivers.swift | INFO | Swift driver initialized: http://localhost:8787, retries=3, auction=True
2025-09-17 01:36:56,588 | httpx | INFO | HTTP Request: POST https://devnet.helius-rpc.com/?api-key=2728d54b-ce26-4696-bb4d-dc8170fcd494 "HTTP/1.1 200 OK"
2025-09-17 01:36:56,704 | httpx | INFO | HTTP Request: POST https://devnet.helius-rpc.com/?api-key=2728d54b-ce26-4696-bb4d-dc8170fcd494 "HTTP/1.1 200 OK"
2025-09-17 01:36:56,815 | httpx | INFO | HTTP Request: POST https://devnet.helius-rpc.com/?api-key=2728d54b-ce26-4696-bb4d-dc8170fcd494 "HTTP/1.1 200 OK"
2025-09-17 01:36:57,836 | libs.sidecar_validator | INFO | Validating sidecar at: http://localhost:8787/health
2025-09-17 01:36:58,477 | httpx | INFO | HTTP Request: GET http://localhost:8787/health "HTTP/1.1 200 OK"
2025-09-17 01:36:58,478 | libs.sidecar_validator | INFO | Sidecar mode: forward
2025-09-17 01:36:58,479 | libs.sidecar_validator | INFO | Forward base: https://swift.drift.trade
2025-09-17 01:36:58,479 | libs.sidecar_validator | INFO | Upstream Swift service healthy: status=200 (164ms)
2025-09-17 01:36:58,479 | libs.sidecar_validator | WARNING | Circuit breaker OPEN: 3/3 consecutive failures
2025-09-17 01:36:58,480 | libs.sidecar_validator | WARNING | Sidecar will return 503 for new orders
2025-09-17 01:36:58,480 | libs.sidecar_validator | INFO | Sidecar validation passed
2025-09-17 01:36:58,868 | httpx | INFO | HTTP Request: GET http://localhost:8787/health "HTTP/1.1 200 OK"
2025-09-17 01:36:58,870 | libs.drift.drivers.swift | INFO | Swift driver initialized: http://localhost:8787, retries=3, auction=True
2025-09-17 01:36:58,972 | httpx | INFO | HTTP Request: POST https://devnet.helius-rpc.com/?api-key=2728d54b-ce26-4696-bb4d-dc8170fcd494 "HTTP/1.1 200 OK"
2025-09-17 01:36:59,126 | httpx | INFO | HTTP Request: POST https://devnet.helius-rpc.com/?api-key=2728d54b-ce26-4696-bb4d-dc8170fcd494 "HTTP/1.1 200 OK"
2025-09-17 01:36:59,217 | httpx | INFO | HTTP Request: POST https://devnet.helius-rpc.com/?api-key=2728d54b-ce26-4696-bb4d-dc8170fcd494 "HTTP/1.1 200 OK"
2025-09-17 01:37:00,273 | libs.sidecar_validator | INFO | Validating sidecar at: http://localhost:8787/health
2025-09-17 01:37:01,055 | httpx | INFO | HTTP Request: GET http://localhost:8787/health "HTTP/1.1 200 OK"
2025-09-17 01:37:01,060 | libs.sidecar_validator | INFO | Sidecar mode: forward
2025-09-17 01:37:01,061 | libs.sidecar_validator | INFO | Forward base: https://swift.drift.trade
2025-09-17 01:37:01,061 | libs.sidecar_validator | INFO | Upstream Swift service healthy: status=200 (361ms)
2025-09-17 01:37:01,061 | libs.sidecar_validator | WARNING | Circuit breaker OPEN: 3/3 consecutive failures
2025-09-17 01:37:01,061 | libs.sidecar_validator | WARNING | Sidecar will return 503 for new orders
2025-09-17 01:37:01,062 | libs.sidecar_validator | INFO | Sidecar validation passed
2025-09-17 01:37:01,212 | httpx | INFO | HTTP Request: GET http://localhost:8787/health "HTTP/1.1 200 OK"
2025-09-17 01:37:01,214 | libs.drift.drivers.swift | INFO | Swift driver initialized: http://localhost:8787, retries=3, auction=True
2025-09-17 01:37:01,330 | httpx | INFO | HTTP Request: POST https://devnet.helius-rpc.com/?api-key=2728d54b-ce26-4696-bb4d-dc8170fcd494 "HTTP/1.1 200 OK"
2025-09-17 01:37:01,458 | httpx | INFO | HTTP Request: POST https://devnet.helius-rpc.com/?api-key=2728d54b-ce26-4696-bb4d-dc8170fcd494 "HTTP/1.1 200 OK"
2025-09-17 01:37:01,555 | httpx | INFO | HTTP Request: POST https://devnet.helius-rpc.com/?api-key=2728d54b-ce26-4696-bb4d-dc8170fcd494 "HTTP/1.1 200 OK"
2025-09-17 01:37:03,013 | libs.sidecar_validator | INFO | Validating sidecar at: http://localhost:8787/health
2025-09-17 01:37:03,815 | httpx | INFO | HTTP Request: GET http://localhost:8787/health "HTTP/1.1 200 OK"
2025-09-17 01:37:03,816 | libs.sidecar_validator | INFO | Sidecar mode: forward
2025-09-17 01:37:03,816 | libs.sidecar_validator | INFO | Forward base: https://swift.drift.trade
2025-09-17 01:37:03,817 | libs.sidecar_validator | INFO | Upstream Swift service healthy: status=200 (329ms)
2025-09-17 01:37:03,817 | libs.sidecar_validator | WARNING | Circuit breaker OPEN: 3/3 consecutive failures
2025-09-17 01:37:03,817 | libs.sidecar_validator | WARNING | Sidecar will return 503 for new orders
2025-09-17 01:37:03,817 | libs.sidecar_validator | INFO | Sidecar validation passed
2025-09-17 01:37:03,984 | httpx | INFO | HTTP Request: GET http://localhost:8787/health "HTTP/1.1 200 OK"
2025-09-17 01:37:03,985 | libs.drift.drivers.swift | INFO | Swift driver initialized: http://localhost:8787, retries=3, auction=True
2025-09-17 01:37:04,087 | httpx | INFO | HTTP Request: POST https://devnet.helius-rpc.com/?api-key=2728d54b-ce26-4696-bb4d-dc8170fcd494 "HTTP/1.1 200 OK"
2025-09-17 01:37:04,246 | httpx | INFO | HTTP Request: POST https://devnet.helius-rpc.com/?api-key=2728d54b-ce26-4696-bb4d-dc8170fcd494 "HTTP/1.1 200 OK"
2025-09-17 01:37:04,413 | httpx | INFO | HTTP Request: POST https://devnet.helius-rpc.com/?api-key=2728d54b-ce26-4696-bb4d-dc8170fcd494 "HTTP/1.1 200 OK"
2025-09-17 01:37:07,165 | libs.sidecar_validator | INFO | Validating sidecar at: http://localhost:8787/health
2025-09-17 01:37:08,000 | httpx | INFO | HTTP Request: GET http://localhost:8787/health "HTTP/1.1 200 OK"
2025-09-17 01:37:08,002 | libs.sidecar_validator | INFO | Sidecar mode: forward
2025-09-17 01:37:08,002 | libs.sidecar_validator | INFO | Forward base: https://swift.drift.trade
2025-09-17 01:37:08,003 | libs.sidecar_validator | INFO | Upstream Swift service healthy: status=200 (334ms)
2025-09-17 01:37:08,003 | libs.sidecar_validator | WARNING | Circuit breaker OPEN: 3/3 consecutive failures
2025-09-17 01:37:08,003 | libs.sidecar_validator | WARNING | Sidecar will return 503 for new orders
2025-09-17 01:37:08,004 | libs.sidecar_validator | INFO | Sidecar validation passed
2025-09-17 01:37:08,151 | httpx | INFO | HTTP Request: GET http://localhost:8787/health "HTTP/1.1 200 OK"
2025-09-17 01:37:08,153 | libs.drift.drivers.swift | INFO | Swift driver initialized: http://localhost:8787, retries=3, auction=True
2025-09-17 01:37:08,330 | httpx | INFO | HTTP Request: POST https://devnet.helius-rpc.com/?api-key=2728d54b-ce26-4696-bb4d-dc8170fcd494 "HTTP/1.1 200 OK"
2025-09-17 01:37:08,426 | httpx | INFO | HTTP Request: POST https://devnet.helius-rpc.com/?api-key=2728d54b-ce26-4696-bb4d-dc8170fcd494 "HTTP/1.1 200 OK"
2025-09-17 01:37:08,540 | httpx | INFO | HTTP Request: POST https://devnet.helius-rpc.com/?api-key=2728d54b-ce26-4696-bb4d-dc8170fcd494 "HTTP/1.1 200 OK"
2025-09-17 01:37:09,534 | libs.sidecar_validator | INFO | Validating sidecar at: http://localhost:8787/health
2025-09-17 01:37:10,260 | httpx | INFO | HTTP Request: GET http://localhost:8787/health "HTTP/1.1 200 OK"
2025-09-17 01:37:10,261 | libs.sidecar_validator | INFO | Sidecar mode: forward
2025-09-17 01:37:10,261 | libs.sidecar_validator | INFO | Forward base: https://swift.drift.trade
2025-09-17 01:37:10,261 | libs.sidecar_validator | INFO | Upstream Swift service healthy: status=200 (332ms)
2025-09-17 01:37:10,262 | libs.sidecar_validator | WARNING | Circuit breaker OPEN: 3/3 consecutive failures
2025-09-17 01:37:10,262 | libs.sidecar_validator | WARNING | Sidecar will return 503 for new orders
2025-09-17 01:37:10,262 | libs.sidecar_validator | INFO | Sidecar validation passed
2025-09-17 01:37:10,424 | httpx | INFO | HTTP Request: GET http://localhost:8787/health "HTTP/1.1 200 OK"
2025-09-17 01:37:10,425 | libs.drift.drivers.swift | INFO | Swift driver initialized: http://localhost:8787, retries=3, auction=True
2025-09-17 01:37:10,600 | httpx | INFO | HTTP Request: POST https://devnet.helius-rpc.com/?api-key=2728d54b-ce26-4696-bb4d-dc8170fcd494 "HTTP/1.1 200 OK"
2025-09-17 01:37:10,701 | httpx | INFO | HTTP Request: POST https://devnet.helius-rpc.com/?api-key=2728d54b-ce26-4696-bb4d-dc8170fcd494 "HTTP/1.1 200 OK"
2025-09-17 01:37:10,809 | httpx | INFO | HTTP Request: POST https://devnet.helius-rpc.com/?api-key=2728d54b-ce26-4696-bb4d-dc8170fcd494 "HTTP/1.1 200 OK"
2025-09-17 01:37:12,954 | libs.sidecar_validator | INFO | Validating sidecar at: http://localhost:8787/health
2025-09-17 01:37:13,610 | httpx | INFO | HTTP Request: GET http://localhost:8787/health "HTTP/1.1 200 OK"
2025-09-17 01:37:13,611 | libs.sidecar_validator | INFO | Sidecar mode: forward
2025-09-17 01:37:13,612 | libs.sidecar_validator | INFO | Forward base: https://swift.drift.trade
2025-09-17 01:37:13,612 | libs.sidecar_validator | INFO | Upstream Swift service healthy: status=200 (142ms)
2025-09-17 01:37:13,613 | libs.sidecar_validator | WARNING | Circuit breaker OPEN: 3/3 consecutive failures
2025-09-17 01:37:13,613 | libs.sidecar_validator | WARNING | Sidecar will return 503 for new orders
2025-09-17 01:37:13,613 | libs.sidecar_validator | INFO | Sidecar validation passed
2025-09-17 01:37:13,957 | httpx | INFO | HTTP Request: GET http://localhost:8787/health "HTTP/1.1 200 OK"
2025-09-17 01:37:13,958 | libs.drift.drivers.swift | INFO | Swift driver initialized: http://localhost:8787, retries=3, auction=True
2025-09-17 01:37:14,045 | httpx | INFO | HTTP Request: POST https://devnet.helius-rpc.com/?api-key=2728d54b-ce26-4696-bb4d-dc8170fcd494 "HTTP/1.1 200 OK"
2025-09-17 01:37:14,187 | httpx | INFO | HTTP Request: POST https://devnet.helius-rpc.com/?api-key=2728d54b-ce26-4696-bb4d-dc8170fcd494 "HTTP/1.1 200 OK"
2025-09-17 01:37:14,326 | httpx | INFO | HTTP Request: POST https://devnet.helius-rpc.com/?api-key=2728d54b-ce26-4696-bb4d-dc8170fcd494 "HTTP/1.1 200 OK"
2025-09-17 01:37:15,352 | libs.sidecar_validator | INFO | Validating sidecar at: http://localhost:8787/health
2025-09-17 01:37:16,127 | httpx | INFO | HTTP Request: GET http://localhost:8787/health "HTTP/1.1 200 OK"
2025-09-17 01:37:16,128 | libs.sidecar_validator | INFO | Sidecar mode: forward
2025-09-17 01:37:16,128 | libs.sidecar_validator | INFO | Forward base: https://swift.drift.trade
2025-09-17 01:37:16,129 | libs.sidecar_validator | INFO | Upstream Swift service healthy: status=200 (345ms)
2025-09-17 01:37:16,129 | libs.sidecar_validator | WARNING | Circuit breaker OPEN: 3/3 consecutive failures
2025-09-17 01:37:16,129 | libs.sidecar_validator | WARNING | Sidecar will return 503 for new orders
2025-09-17 01:37:16,130 | libs.sidecar_validator | INFO | Sidecar validation passed
2025-09-17 01:37:16,292 | httpx | INFO | HTTP Request: GET http://localhost:8787/health "HTTP/1.1 200 OK"
2025-09-17 01:37:16,294 | libs.drift.drivers.swift | INFO | Swift driver initialized: http://localhost:8787, retries=3, auction=True
2025-09-17 01:37:16,439 | httpx | INFO | HTTP Request: POST https://devnet.helius-rpc.com/?api-key=2728d54b-ce26-4696-bb4d-dc8170fcd494 "HTTP/1.1 200 OK"
2025-09-17 01:37:16,516 | httpx | INFO | HTTP Request: POST https://devnet.helius-rpc.com/?api-key=2728d54b-ce26-4696-bb4d-dc8170fcd494 "HTTP/1.1 200 OK"
2025-09-17 01:37:16,624 | httpx | INFO | HTTP Request: POST https://devnet.helius-rpc.com/?api-key=2728d54b-ce26-4696-bb4d-dc8170fcd494 "HTTP/1.1 200 OK"
2025-09-17 01:37:20,265 | libs.sidecar_validator | INFO | Validating sidecar at: http://localhost:8787/health
2025-09-17 01:37:20,844 | httpx | INFO | HTTP Request: GET http://localhost:8787/health "HTTP/1.1 200 OK"
2025-09-17 01:37:20,845 | libs.sidecar_validator | INFO | Sidecar mode: forward
2025-09-17 01:37:20,845 | libs.sidecar_validator | INFO | Forward base: https://swift.drift.trade
2025-09-17 01:37:20,845 | libs.sidecar_validator | INFO | Upstream Swift service healthy: status=200 (156ms)
2025-09-17 01:37:20,846 | libs.sidecar_validator | WARNING | Circuit breaker OPEN: 3/3 consecutive failures
2025-09-17 01:37:20,846 | libs.sidecar_validator | WARNING | Sidecar will return 503 for new orders
2025-09-17 01:37:20,846 | libs.sidecar_validator | INFO | Sidecar validation passed
2025-09-17 01:37:21,181 | httpx | INFO | HTTP Request: GET http://localhost:8787/health "HTTP/1.1 200 OK"
2025-09-17 01:37:21,183 | libs.drift.drivers.swift | INFO | Swift driver initialized: http://localhost:8787, retries=3, auction=True
2025-09-17 01:37:21,327 | httpx | INFO | HTTP Request: POST https://devnet.helius-rpc.com/?api-key=2728d54b-ce26-4696-bb4d-dc8170fcd494 "HTTP/1.1 200 OK"
2025-09-17 01:37:21,427 | httpx | INFO | HTTP Request: POST https://devnet.helius-rpc.com/?api-key=2728d54b-ce26-4696-bb4d-dc8170fcd494 "HTTP/1.1 200 OK"
2025-09-17 01:37:21,582 | httpx | INFO | HTTP Request: POST https://devnet.helius-rpc.com/?api-key=2728d54b-ce26-4696-bb4d-dc8170fcd494 "HTTP/1.1 200 OK"
2025-09-17 01:37:22,615 | libs.sidecar_validator | INFO | Validating sidecar at: http://localhost:8787/health
2025-09-17 01:37:23,183 | httpx | INFO | HTTP Request: GET http://localhost:8787/health "HTTP/1.1 200 OK"
2025-09-17 01:37:23,183 | libs.sidecar_validator | INFO | Sidecar mode: forward
2025-09-17 01:37:23,184 | libs.sidecar_validator | INFO | Forward base: https://swift.drift.trade
2025-09-17 01:37:23,184 | libs.sidecar_validator | INFO | Upstream Swift service healthy: status=200 (142ms)
2025-09-17 01:37:23,184 | libs.sidecar_validator | WARNING | Circuit breaker OPEN: 3/3 consecutive failures
2025-09-17 01:37:23,185 | libs.sidecar_validator | WARNING | Sidecar will return 503 for new orders
2025-09-17 01:37:23,185 | libs.sidecar_validator | INFO | Sidecar validation passed
2025-09-17 01:37:23,521 | httpx | INFO | HTTP Request: GET http://localhost:8787/health "HTTP/1.1 200 OK"
2025-09-17 01:37:23,522 | libs.drift.drivers.swift | INFO | Swift driver initialized: http://localhost:8787, retries=3, auction=True
2025-09-17 01:37:23,692 | httpx | INFO | HTTP Request: POST https://devnet.helius-rpc.com/?api-key=2728d54b-ce26-4696-bb4d-dc8170fcd494 "HTTP/1.1 200 OK"
2025-09-17 01:37:23,765 | httpx | INFO | HTTP Request: POST https://devnet.helius-rpc.com/?api-key=2728d54b-ce26-4696-bb4d-dc8170fcd494 "HTTP/1.1 200 OK"
2025-09-17 01:37:23,879 | httpx | INFO | HTTP Request: POST https://devnet.helius-rpc.com/?api-key=2728d54b-ce26-4696-bb4d-dc8170fcd494 "HTTP/1.1 200 OK"
2025-09-17 01:37:24,919 | libs.sidecar_validator | INFO | Validating sidecar at: http://localhost:8787/health
2025-09-17 01:37:25,652 | httpx | INFO | HTTP Request: GET http://localhost:8787/health "HTTP/1.1 200 OK"
2025-09-17 01:37:25,653 | libs.sidecar_validator | INFO | Sidecar mode: forward
2025-09-17 01:37:25,654 | libs.sidecar_validator | INFO | Forward base: https://swift.drift.trade
2025-09-17 01:37:25,654 | libs.sidecar_validator | INFO | Upstream Swift service healthy: status=200 (328ms)
2025-09-17 01:37:25,654 | libs.sidecar_validator | WARNING | Circuit breaker OPEN: 3/3 consecutive failures
2025-09-17 01:37:25,655 | libs.sidecar_validator | WARNING | Sidecar will return 503 for new orders
2025-09-17 01:37:25,655 | libs.sidecar_validator | INFO | Sidecar validation passed
2025-09-17 01:37:25,802 | httpx | INFO | HTTP Request: GET http://localhost:8787/health "HTTP/1.1 200 OK"
2025-09-17 01:37:25,803 | libs.drift.drivers.swift | INFO | Swift driver initialized: http://localhost:8787, retries=3, auction=True
2025-09-17 01:37:25,964 | httpx | INFO | HTTP Request: POST https://devnet.helius-rpc.com/?api-key=2728d54b-ce26-4696-bb4d-dc8170fcd494 "HTTP/1.1 200 OK"
2025-09-17 01:37:26,043 | httpx | INFO | HTTP Request: POST https://devnet.helius-rpc.com/?api-key=2728d54b-ce26-4696-bb4d-dc8170fcd494 "HTTP/1.1 200 OK"
2025-09-17 01:37:26,121 | httpx | INFO | HTTP Request: POST https://devnet.helius-rpc.com/?api-key=2728d54b-ce26-4696-bb4d-dc8170fcd494 "HTTP/1.1 200 OK"
2025-09-17 01:37:28,262 | libs.sidecar_validator | INFO | Validating sidecar at: http://localhost:8787/health
2025-09-17 01:37:29,054 | httpx | INFO | HTTP Request: GET http://localhost:8787/health "HTTP/1.1 200 OK"
2025-09-17 01:37:29,055 | libs.sidecar_validator | INFO | Sidecar mode: forward
2025-09-17 01:37:29,056 | libs.sidecar_validator | INFO | Forward base: https://swift.drift.trade
2025-09-17 01:37:29,056 | libs.sidecar_validator | INFO | Upstream Swift service healthy: status=200 (330ms)
2025-09-17 01:37:29,057 | libs.sidecar_validator | WARNING | Circuit breaker OPEN: 3/3 consecutive failures
2025-09-17 01:37:29,057 | libs.sidecar_validator | WARNING | Sidecar will return 503 for new orders
2025-09-17 01:37:29,057 | libs.sidecar_validator | INFO | Sidecar validation passed
2025-09-17 01:37:29,220 | httpx | INFO | HTTP Request: GET http://localhost:8787/health "HTTP/1.1 200 OK"
2025-09-17 01:37:29,222 | libs.drift.drivers.swift | INFO | Swift driver initialized: http://localhost:8787, retries=3, auction=True
2025-09-17 01:37:29,359 | httpx | INFO | HTTP Request: POST https://devnet.helius-rpc.com/?api-key=2728d54b-ce26-4696-bb4d-dc8170fcd494 "HTTP/1.1 200 OK"
2025-09-17 01:37:29,446 | httpx | INFO | HTTP Request: POST https://devnet.helius-rpc.com/?api-key=2728d54b-ce26-4696-bb4d-dc8170fcd494 "HTTP/1.1 200 OK"
2025-09-17 01:37:29,519 | httpx | INFO | HTTP Request: POST https://devnet.helius-rpc.com/?api-key=2728d54b-ce26-4696-bb4d-dc8170fcd494 "HTTP/1.1 200 OK"
2025-09-17 01:37:30,995 | libs.sidecar_validator | INFO | Validating sidecar at: http://localhost:8787/health
2025-09-17 01:37:31,609 | httpx | INFO | HTTP Request: GET http://localhost:8787/health "HTTP/1.1 200 OK"
2025-09-17 01:37:31,610 | libs.sidecar_validator | INFO | Sidecar mode: forward
2025-09-17 01:37:31,610 | libs.sidecar_validator | INFO | Forward base: https://swift.drift.trade
2025-09-17 01:37:31,610 | libs.sidecar_validator | INFO | Upstream Swift service healthy: status=200 (156ms)
2025-09-17 01:37:31,611 | libs.sidecar_validator | WARNING | Circuit breaker OPEN: 3/3 consecutive failures
2025-09-17 01:37:31,611 | libs.sidecar_validator | WARNING | Sidecar will return 503 for new orders
2025-09-17 01:37:31,611 | libs.sidecar_validator | INFO | Sidecar validation passed
2025-09-17 01:37:31,957 | httpx | INFO | HTTP Request: GET http://localhost:8787/health "HTTP/1.1 200 OK"
2025-09-17 01:37:31,958 | libs.drift.drivers.swift | INFO | Swift driver initialized: http://localhost:8787, retries=3, auction=True
2025-09-17 01:37:32,034 | httpx | INFO | HTTP Request: POST https://devnet.helius-rpc.com/?api-key=2728d54b-ce26-4696-bb4d-dc8170fcd494 "HTTP/1.1 200 OK"
2025-09-17 01:37:32,101 | httpx | INFO | HTTP Request: POST https://devnet.helius-rpc.com/?api-key=2728d54b-ce26-4696-bb4d-dc8170fcd494 "HTTP/1.1 200 OK"
2025-09-17 01:37:32,210 | httpx | INFO | HTTP Request: POST https://devnet.helius-rpc.com/?api-key=2728d54b-ce26-4696-bb4d-dc8170fcd494 "HTTP/1.1 200 OK"
2025-09-17 01:37:33,223 | libs.sidecar_validator | INFO | Validating sidecar at: http://localhost:8787/health
2025-09-17 01:37:33,954 | httpx | INFO | HTTP Request: GET http://localhost:8787/health "HTTP/1.1 200 OK"
2025-09-17 01:37:33,955 | libs.sidecar_validator | INFO | Sidecar mode: forward
2025-09-17 01:37:33,955 | libs.sidecar_validator | INFO | Forward base: https://swift.drift.trade
2025-09-17 01:37:33,956 | libs.sidecar_validator | INFO | Upstream Swift service healthy: status=200 (333ms)
2025-09-17 01:37:33,957 | libs.sidecar_validator | WARNING | Circuit breaker OPEN: 3/3 consecutive failures
2025-09-17 01:37:33,957 | libs.sidecar_validator | WARNING | Sidecar will return 503 for new orders
2025-09-17 01:37:33,957 | libs.sidecar_validator | INFO | Sidecar validation passed
2025-09-17 01:37:34,129 | httpx | INFO | HTTP Request: GET http://localhost:8787/health "HTTP/1.1 200 OK"
2025-09-17 01:37:34,132 | libs.drift.drivers.swift | INFO | Swift driver initialized: http://localhost:8787, retries=3, auction=True
2025-09-17 01:37:34,220 | httpx | INFO | HTTP Request: POST https://devnet.helius-rpc.com/?api-key=2728d54b-ce26-4696-bb4d-dc8170fcd494 "HTTP/1.1 200 OK"
2025-09-17 01:37:34,326 | httpx | INFO | HTTP Request: POST https://devnet.helius-rpc.com/?api-key=2728d54b-ce26-4696-bb4d-dc8170fcd494 "HTTP/1.1 200 OK"
2025-09-17 01:37:34,465 | httpx | INFO | HTTP Request: POST https://devnet.helius-rpc.com/?api-key=2728d54b-ce26-4696-bb4d-dc8170fcd494 "HTTP/1.1 200 OK"
2025-09-17 01:37:35,510 | libs.sidecar_validator | INFO | Validating sidecar at: http://localhost:8787/health
2025-09-17 01:37:36,123 | httpx | INFO | HTTP Request: GET http://localhost:8787/health "HTTP/1.1 200 OK"
2025-09-17 01:37:36,123 | libs.sidecar_validator | INFO | Sidecar mode: forward
2025-09-17 01:37:36,124 | libs.sidecar_validator | INFO | Forward base: https://swift.drift.trade
2025-09-17 01:37:36,124 | libs.sidecar_validator | INFO | Upstream Swift service healthy: status=200 (157ms)
2025-09-17 01:37:36,124 | libs.sidecar_validator | WARNING | Circuit breaker OPEN: 3/3 consecutive failures
2025-09-17 01:37:36,124 | libs.sidecar_validator | WARNING | Sidecar will return 503 for new orders
2025-09-17 01:37:36,125 | libs.sidecar_validator | INFO | Sidecar validation passed
2025-09-17 01:37:36,268 | httpx | INFO | HTTP Request: GET http://localhost:8787/health "HTTP/1.1 200 OK"
2025-09-17 01:37:36,269 | libs.drift.drivers.swift | INFO | Swift driver initialized: http://localhost:8787, retries=3, auction=True
2025-09-17 01:37:36,345 | httpx | INFO | HTTP Request: POST https://devnet.helius-rpc.com/?api-key=2728d54b-ce26-4696-bb4d-dc8170fcd494 "HTTP/1.1 200 OK"
2025-09-17 01:37:36,438 | httpx | INFO | HTTP Request: POST https://devnet.helius-rpc.com/?api-key=2728d54b-ce26-4696-bb4d-dc8170fcd494 "HTTP/1.1 200 OK"
2025-09-17 01:37:36,526 | httpx | INFO | HTTP Request: POST https://devnet.helius-rpc.com/?api-key=2728d54b-ce26-4696-bb4d-dc8170fcd494 "HTTP/1.1 200 OK"
2025-09-17 01:37:39,800 | libs.sidecar_validator | INFO | Validating sidecar at: http://localhost:8787/health
2025-09-17 01:37:40,579 | httpx | INFO | HTTP Request: GET http://localhost:8787/health "HTTP/1.1 200 OK"
2025-09-17 01:37:40,580 | libs.sidecar_validator | INFO | Sidecar mode: forward
2025-09-17 01:37:40,581 | libs.sidecar_validator | INFO | Forward base: https://swift.drift.trade
2025-09-17 01:37:40,581 | libs.sidecar_validator | INFO | Upstream Swift service healthy: status=200 (325ms)
2025-09-17 01:37:40,582 | libs.sidecar_validator | WARNING | Circuit breaker OPEN: 3/3 consecutive failures
2025-09-17 01:37:40,582 | libs.sidecar_validator | WARNING | Sidecar will return 503 for new orders
2025-09-17 01:37:40,582 | libs.sidecar_validator | INFO | Sidecar validation passed
2025-09-17 01:37:40,729 | httpx | INFO | HTTP Request: GET http://localhost:8787/health "HTTP/1.1 200 OK"
2025-09-17 01:37:40,731 | libs.drift.drivers.swift | INFO | Swift driver initialized: http://localhost:8787, retries=3, auction=True
2025-09-17 01:37:41,020 | httpx | INFO | HTTP Request: POST https://devnet.helius-rpc.com/?api-key=2728d54b-ce26-4696-bb4d-dc8170fcd494 "HTTP/1.1 200 OK"
2025-09-17 01:37:41,141 | httpx | INFO | HTTP Request: POST https://devnet.helius-rpc.com/?api-key=2728d54b-ce26-4696-bb4d-dc8170fcd494 "HTTP/1.1 200 OK"
2025-09-17 01:37:41,279 | httpx | INFO | HTTP Request: POST https://devnet.helius-rpc.com/?api-key=2728d54b-ce26-4696-bb4d-dc8170fcd494 "HTTP/1.1 200 OK"
2025-09-17 01:37:43,910 | libs.sidecar_validator | INFO | Validating sidecar at: http://localhost:8787/health
2025-09-17 01:37:44,682 | httpx | INFO | HTTP Request: GET http://localhost:8787/health "HTTP/1.1 200 OK"
2025-09-17 01:37:44,683 | libs.sidecar_validator | INFO | Sidecar mode: forward
2025-09-17 01:37:44,683 | libs.sidecar_validator | INFO | Forward base: https://swift.drift.trade
2025-09-17 01:37:44,684 | libs.sidecar_validator | INFO | Upstream Swift service healthy: status=200 (331ms)
2025-09-17 01:37:44,684 | libs.sidecar_validator | WARNING | Circuit breaker OPEN: 3/3 consecutive failures
2025-09-17 01:37:44,684 | libs.sidecar_validator | WARNING | Sidecar will return 503 for new orders
2025-09-17 01:37:44,684 | libs.sidecar_validator | INFO | Sidecar validation passed
2025-09-17 01:37:45,022 | httpx | INFO | HTTP Request: GET http://localhost:8787/health "HTTP/1.1 200 OK"
2025-09-17 01:37:45,023 | libs.drift.drivers.swift | INFO | Swift driver initialized: http://localhost:8787, retries=3, auction=True
2025-09-17 01:37:45,131 | httpx | INFO | HTTP Request: POST https://devnet.helius-rpc.com/?api-key=2728d54b-ce26-4696-bb4d-dc8170fcd494 "HTTP/1.1 200 OK"
2025-09-17 01:37:45,214 | httpx | INFO | HTTP Request: POST https://devnet.helius-rpc.com/?api-key=2728d54b-ce26-4696-bb4d-dc8170fcd494 "HTTP/1.1 200 OK"
2025-09-17 01:37:45,479 | httpx | INFO | HTTP Request: POST https://devnet.helius-rpc.com/?api-key=2728d54b-ce26-4696-bb4d-dc8170fcd494 "HTTP/1.1 200 OK"
2025-09-17 01:37:46,489 | libs.sidecar_validator | INFO | Validating sidecar at: http://localhost:8787/health
2025-09-17 01:37:47,091 | httpx | INFO | HTTP Request: GET http://localhost:8787/health "HTTP/1.1 200 OK"
2025-09-17 01:37:47,091 | libs.sidecar_validator | INFO | Sidecar mode: forward
2025-09-17 01:37:47,092 | libs.sidecar_validator | INFO | Forward base: https://swift.drift.trade
2025-09-17 01:37:47,092 | libs.sidecar_validator | INFO | Upstream Swift service healthy: status=200 (144ms)
2025-09-17 01:37:47,093 | libs.sidecar_validator | WARNING | Circuit breaker OPEN: 3/3 consecutive failures
2025-09-17 01:37:47,093 | libs.sidecar_validator | WARNING | Sidecar will return 503 for new orders
2025-09-17 01:37:47,093 | libs.sidecar_validator | INFO | Sidecar validation passed
2025-09-17 01:37:47,240 | httpx | INFO | HTTP Request: GET http://localhost:8787/health "HTTP/1.1 200 OK"
2025-09-17 01:37:47,241 | libs.drift.drivers.swift | INFO | Swift driver initialized: http://localhost:8787, retries=3, auction=True
2025-09-17 01:37:47,344 | httpx | INFO | HTTP Request: POST https://devnet.helius-rpc.com/?api-key=2728d54b-ce26-4696-bb4d-dc8170fcd494 "HTTP/1.1 200 OK"
2025-09-17 01:37:47,510 | httpx | INFO | HTTP Request: POST https://devnet.helius-rpc.com/?api-key=2728d54b-ce26-4696-bb4d-dc8170fcd494 "HTTP/1.1 200 OK"
2025-09-17 01:37:47,662 | httpx | INFO | HTTP Request: POST https://devnet.helius-rpc.com/?api-key=2728d54b-ce26-4696-bb4d-dc8170fcd494 "HTTP/1.1 200 OK"
2025-09-17 01:37:49,422 | libs.sidecar_validator | INFO | Validating sidecar at: http://localhost:8787/health
2025-09-17 01:37:50,032 | httpx | INFO | HTTP Request: GET http://localhost:8787/health "HTTP/1.1 200 OK"
2025-09-17 01:37:50,032 | libs.sidecar_validator | INFO | Sidecar mode: forward
2025-09-17 01:37:50,033 | libs.sidecar_validator | INFO | Forward base: https://swift.drift.trade
2025-09-17 01:37:50,033 | libs.sidecar_validator | INFO | Upstream Swift service healthy: status=200 (156ms)
2025-09-17 01:37:50,033 | libs.sidecar_validator | WARNING | Circuit breaker OPEN: 3/3 consecutive failures
2025-09-17 01:37:50,034 | libs.sidecar_validator | WARNING | Sidecar will return 503 for new orders
2025-09-17 01:37:50,035 | libs.sidecar_validator | INFO | Sidecar validation passed
2025-09-17 01:37:50,183 | httpx | INFO | HTTP Request: GET http://localhost:8787/health "HTTP/1.1 200 OK"
2025-09-17 01:37:50,184 | libs.drift.drivers.swift | INFO | Swift driver initialized: http://localhost:8787, retries=3, auction=True
2025-09-17 01:37:50,284 | httpx | INFO | HTTP Request: POST https://devnet.helius-rpc.com/?api-key=2728d54b-ce26-4696-bb4d-dc8170fcd494 "HTTP/1.1 200 OK"
2025-09-17 01:37:50,387 | httpx | INFO | HTTP Request: POST https://devnet.helius-rpc.com/?api-key=2728d54b-ce26-4696-bb4d-dc8170fcd494 "HTTP/1.1 200 OK"
2025-09-17 01:37:50,532 | httpx | INFO | HTTP Request: POST https://devnet.helius-rpc.com/?api-key=2728d54b-ce26-4696-bb4d-dc8170fcd494 "HTTP/1.1 200 OK"
2025-09-17 01:37:51,563 | libs.sidecar_validator | INFO | Validating sidecar at: http://localhost:8787/health
2025-09-17 01:37:52,134 | httpx | INFO | HTTP Request: GET http://localhost:8787/health "HTTP/1.1 200 OK"
2025-09-17 01:37:52,135 | libs.sidecar_validator | INFO | Sidecar mode: forward
2025-09-17 01:37:52,136 | libs.sidecar_validator | INFO | Forward base: https://swift.drift.trade
2025-09-17 01:37:52,136 | libs.sidecar_validator | INFO | Upstream Swift service healthy: status=200 (153ms)
2025-09-17 01:37:52,136 | libs.sidecar_validator | WARNING | Circuit breaker OPEN: 3/3 consecutive failures
2025-09-17 01:37:52,137 | libs.sidecar_validator | WARNING | Sidecar will return 503 for new orders
2025-09-17 01:37:52,137 | libs.sidecar_validator | INFO | Sidecar validation passed
2025-09-17 01:37:52,297 | httpx | INFO | HTTP Request: GET http://localhost:8787/health "HTTP/1.1 200 OK"
2025-09-17 01:37:52,301 | libs.drift.drivers.swift | INFO | Swift driver initialized: http://localhost:8787, retries=3, auction=True
2025-09-17 01:37:52,390 | httpx | INFO | HTTP Request: POST https://devnet.helius-rpc.com/?api-key=2728d54b-ce26-4696-bb4d-dc8170fcd494 "HTTP/1.1 200 OK"
2025-09-17 01:37:52,520 | httpx | INFO | HTTP Request: POST https://devnet.helius-rpc.com/?api-key=2728d54b-ce26-4696-bb4d-dc8170fcd494 "HTTP/1.1 200 OK"
2025-09-17 01:37:52,632 | httpx | INFO | HTTP Request: POST https://devnet.helius-rpc.com/?api-key=2728d54b-ce26-4696-bb4d-dc8170fcd494 "HTTP/1.1 200 OK"
2025-09-17 01:37:53,657 | libs.sidecar_validator | INFO | Validating sidecar at: http://localhost:8787/health
2025-09-17 01:37:54,245 | httpx | INFO | HTTP Request: GET http://localhost:8787/health "HTTP/1.1 200 OK"
2025-09-17 01:37:54,246 | libs.sidecar_validator | INFO | Sidecar mode: forward
2025-09-17 01:37:54,246 | libs.sidecar_validator | INFO | Forward base: https://swift.drift.trade
2025-09-17 01:37:54,247 | libs.sidecar_validator | INFO | Upstream Swift service healthy: status=200 (165ms)
2025-09-17 01:37:54,247 | libs.sidecar_validator | WARNING | Circuit breaker OPEN: 3/3 consecutive failures
2025-09-17 01:37:54,247 | libs.sidecar_validator | WARNING | Sidecar will return 503 for new orders
2025-09-17 01:37:54,247 | libs.sidecar_validator | INFO | Sidecar validation passed
2025-09-17 01:37:54,581 | httpx | INFO | HTTP Request: GET http://localhost:8787/health "HTTP/1.1 200 OK"
2025-09-17 01:37:54,582 | libs.drift.drivers.swift | INFO | Swift driver initialized: http://localhost:8787, retries=3, auction=True
2025-09-17 01:37:54,709 | httpx | INFO | HTTP Request: POST https://devnet.helius-rpc.com/?api-key=2728d54b-ce26-4696-bb4d-dc8170fcd494 "HTTP/1.1 200 OK"
2025-09-17 01:37:54,778 | httpx | INFO | HTTP Request: POST https://devnet.helius-rpc.com/?api-key=2728d54b-ce26-4696-bb4d-dc8170fcd494 "HTTP/1.1 200 OK"
2025-09-17 01:37:54,843 | httpx | INFO | HTTP Request: POST https://devnet.helius-rpc.com/?api-key=2728d54b-ce26-4696-bb4d-dc8170fcd494 "HTTP/1.1 200 OK"
2025-09-17 01:37:55,863 | libs.sidecar_validator | INFO | Validating sidecar at: http://localhost:8787/health
2025-09-17 01:37:56,607 | httpx | INFO | HTTP Request: GET http://localhost:8787/health "HTTP/1.1 200 OK"
2025-09-17 01:37:56,608 | libs.sidecar_validator | INFO | Sidecar mode: forward
2025-09-17 01:37:56,609 | libs.sidecar_validator | INFO | Forward base: https://swift.drift.trade
2025-09-17 01:37:56,609 | libs.sidecar_validator | INFO | Upstream Swift service healthy: status=200 (329ms)
2025-09-17 01:37:56,609 | libs.sidecar_validator | WARNING | Circuit breaker OPEN: 3/3 consecutive failures
2025-09-17 01:37:56,610 | libs.sidecar_validator | WARNING | Sidecar will return 503 for new orders
2025-09-17 01:37:56,610 | libs.sidecar_validator | INFO | Sidecar validation passed
2025-09-17 01:37:56,765 | httpx | INFO | HTTP Request: GET http://localhost:8787/health "HTTP/1.1 200 OK"
2025-09-17 01:37:56,767 | libs.drift.drivers.swift | INFO | Swift driver initialized: http://localhost:8787, retries=3, auction=True
2025-09-17 01:37:56,863 | httpx | INFO | HTTP Request: POST https://devnet.helius-rpc.com/?api-key=2728d54b-ce26-4696-bb4d-dc8170fcd494 "HTTP/1.1 200 OK"
2025-09-17 01:37:56,963 | httpx | INFO | HTTP Request: POST https://devnet.helius-rpc.com/?api-key=2728d54b-ce26-4696-bb4d-dc8170fcd494 "HTTP/1.1 200 OK"
2025-09-17 01:37:57,061 | httpx | INFO | HTTP Request: POST https://devnet.helius-rpc.com/?api-key=2728d54b-ce26-4696-bb4d-dc8170fcd494 "HTTP/1.1 200 OK"
2025-09-17 01:37:58,116 | libs.sidecar_validator | INFO | Validating sidecar at: http://localhost:8787/health
2025-09-17 01:37:58,771 | httpx | INFO | HTTP Request: GET http://localhost:8787/health "HTTP/1.1 200 OK"
2025-09-17 01:37:58,772 | libs.sidecar_validator | INFO | Sidecar mode: forward
2025-09-17 01:37:58,773 | libs.sidecar_validator | INFO | Forward base: https://swift.drift.trade
2025-09-17 01:37:58,773 | libs.sidecar_validator | INFO | Upstream Swift service healthy: status=200 (145ms)
2025-09-17 01:37:58,773 | libs.sidecar_validator | WARNING | Circuit breaker OPEN: 3/3 consecutive failures
2025-09-17 01:37:58,773 | libs.sidecar_validator | WARNING | Sidecar will return 503 for new orders
2025-09-17 01:37:58,774 | libs.sidecar_validator | INFO | Sidecar validation passed
2025-09-17 01:37:59,158 | httpx | INFO | HTTP Request: GET http://localhost:8787/health "HTTP/1.1 200 OK"
2025-09-17 01:37:59,159 | libs.drift.drivers.swift | INFO | Swift driver initialized: http://localhost:8787, retries=3, auction=True
2025-09-17 01:37:59,258 | httpx | INFO | HTTP Request: POST https://devnet.helius-rpc.com/?api-key=2728d54b-ce26-4696-bb4d-dc8170fcd494 "HTTP/1.1 200 OK"
2025-09-17 01:37:59,400 | httpx | INFO | HTTP Request: POST https://devnet.helius-rpc.com/?api-key=2728d54b-ce26-4696-bb4d-dc8170fcd494 "HTTP/1.1 200 OK"
2025-09-17 01:37:59,494 | httpx | INFO | HTTP Request: POST https://devnet.helius-rpc.com/?api-key=2728d54b-ce26-4696-bb4d-dc8170fcd494 "HTTP/1.1 200 OK"
2025-09-17 01:38:00,553 | libs.sidecar_validator | INFO | Validating sidecar at: http://localhost:8787/health
2025-09-17 01:38:01,324 | httpx | INFO | HTTP Request: GET http://localhost:8787/health "HTTP/1.1 200 OK"
2025-09-17 01:38:01,325 | libs.sidecar_validator | INFO | Sidecar mode: forward
2025-09-17 01:38:01,326 | libs.sidecar_validator | INFO | Forward base: https://swift.drift.trade
2025-09-17 01:38:01,326 | libs.sidecar_validator | INFO | Upstream Swift service healthy: status=200 (330ms)
2025-09-17 01:38:01,326 | libs.sidecar_validator | WARNING | Circuit breaker OPEN: 3/3 consecutive failures
2025-09-17 01:38:01,326 | libs.sidecar_validator | WARNING | Sidecar will return 503 for new orders
2025-09-17 01:38:01,327 | libs.sidecar_validator | INFO | Sidecar validation passed
2025-09-17 01:38:01,483 | httpx | INFO | HTTP Request: GET http://localhost:8787/health "HTTP/1.1 200 OK"
2025-09-17 01:38:01,485 | libs.drift.drivers.swift | INFO | Swift driver initialized: http://localhost:8787, retries=3, auction=True
2025-09-17 01:38:01,638 | httpx | INFO | HTTP Request: POST https://devnet.helius-rpc.com/?api-key=2728d54b-ce26-4696-bb4d-dc8170fcd494 "HTTP/1.1 200 OK"
2025-09-17 01:38:01,712 | httpx | INFO | HTTP Request: POST https://devnet.helius-rpc.com/?api-key=2728d54b-ce26-4696-bb4d-dc8170fcd494 "HTTP/1.1 200 OK"
2025-09-17 01:38:01,826 | httpx | INFO | HTTP Request: POST https://devnet.helius-rpc.com/?api-key=2728d54b-ce26-4696-bb4d-dc8170fcd494 "HTTP/1.1 200 OK"
2025-09-17 01:38:07,979 | libs.sidecar_validator | INFO | Validating sidecar at: http://localhost:8787/health
2025-09-17 01:38:08,872 | httpx | INFO | HTTP Request: GET http://localhost:8787/health "HTTP/1.1 200 OK"
2025-09-17 01:38:08,872 | libs.sidecar_validator | INFO | Sidecar mode: forward
2025-09-17 01:38:08,873 | libs.sidecar_validator | INFO | Forward base: https://swift.drift.trade
2025-09-17 01:38:08,873 | libs.sidecar_validator | INFO | Upstream Swift service healthy: status=200 (457ms)
2025-09-17 01:38:08,873 | libs.sidecar_validator | WARNING | Circuit breaker OPEN: 3/3 consecutive failures
2025-09-17 01:38:08,874 | libs.sidecar_validator | WARNING | Sidecar will return 503 for new orders
2025-09-17 01:38:08,874 | libs.sidecar_validator | INFO | Sidecar validation passed
2025-09-17 01:38:09,034 | httpx | INFO | HTTP Request: GET http://localhost:8787/health "HTTP/1.1 200 OK"
2025-09-17 01:38:09,036 | libs.drift.drivers.swift | INFO | Swift driver initialized: http://localhost:8787, retries=3, auction=True
2025-09-17 01:38:09,574 | httpx | INFO | HTTP Request: POST https://devnet.helius-rpc.com/?api-key=2728d54b-ce26-4696-bb4d-dc8170fcd494 "HTTP/1.1 200 OK"
2025-09-17 01:38:09,669 | httpx | INFO | HTTP Request: POST https://devnet.helius-rpc.com/?api-key=2728d54b-ce26-4696-bb4d-dc8170fcd494 "HTTP/1.1 200 OK"
2025-09-17 01:38:09,826 | httpx | INFO | HTTP Request: POST https://devnet.helius-rpc.com/?api-key=2728d54b-ce26-4696-bb4d-dc8170fcd494 "HTTP/1.1 200 OK"
2025-09-17 01:38:10,865 | libs.sidecar_validator | INFO | Validating sidecar at: http://localhost:8787/health
2025-09-17 01:38:11,653 | httpx | INFO | HTTP Request: GET http://localhost:8787/health "HTTP/1.1 200 OK"
2025-09-17 01:38:11,654 | libs.sidecar_validator | INFO | Sidecar mode: forward
2025-09-17 01:38:11,655 | libs.sidecar_validator | INFO | Forward base: https://swift.drift.trade
2025-09-17 01:38:11,655 | libs.sidecar_validator | INFO | Upstream Swift service healthy: status=200 (350ms)
2025-09-17 01:38:11,655 | libs.sidecar_validator | WARNING | Circuit breaker OPEN: 3/3 consecutive failures
2025-09-17 01:38:11,656 | libs.sidecar_validator | WARNING | Sidecar will return 503 for new orders
2025-09-17 01:38:11,656 | libs.sidecar_validator | INFO | Sidecar validation passed
2025-09-17 01:38:11,813 | httpx | INFO | HTTP Request: GET http://localhost:8787/health "HTTP/1.1 200 OK"
2025-09-17 01:38:11,814 | libs.drift.drivers.swift | INFO | Swift driver initialized: http://localhost:8787, retries=3, auction=True
2025-09-17 01:38:11,920 | httpx | INFO | HTTP Request: POST https://devnet.helius-rpc.com/?api-key=2728d54b-ce26-4696-bb4d-dc8170fcd494 "HTTP/1.1 200 OK"
2025-09-17 01:38:12,019 | httpx | INFO | HTTP Request: POST https://devnet.helius-rpc.com/?api-key=2728d54b-ce26-4696-bb4d-dc8170fcd494 "HTTP/1.1 200 OK"
2025-09-17 01:38:12,098 | httpx | INFO | HTTP Request: POST https://devnet.helius-rpc.com/?api-key=2728d54b-ce26-4696-bb4d-dc8170fcd494 "HTTP/1.1 200 OK"
2025-09-17 01:38:13,127 | libs.sidecar_validator | INFO | Validating sidecar at: http://localhost:8787/health
2025-09-17 01:38:13,745 | httpx | INFO | HTTP Request: GET http://localhost:8787/health "HTTP/1.1 200 OK"
2025-09-17 01:38:13,746 | libs.sidecar_validator | INFO | Sidecar mode: forward
2025-09-17 01:38:13,746 | libs.sidecar_validator | INFO | Forward base: https://swift.drift.trade
2025-09-17 01:38:13,746 | libs.sidecar_validator | INFO | Upstream Swift service healthy: status=200 (141ms)
2025-09-17 01:38:13,747 | libs.sidecar_validator | WARNING | Circuit breaker OPEN: 3/3 consecutive failures
2025-09-17 01:38:13,747 | libs.sidecar_validator | WARNING | Sidecar will return 503 for new orders
2025-09-17 01:38:13,748 | libs.sidecar_validator | INFO | Sidecar validation passed
2025-09-17 01:38:14,081 | httpx | INFO | HTTP Request: GET http://localhost:8787/health "HTTP/1.1 200 OK"
2025-09-17 01:38:14,083 | libs.drift.drivers.swift | INFO | Swift driver initialized: http://localhost:8787, retries=3, auction=True
2025-09-17 01:38:14,176 | httpx | INFO | HTTP Request: POST https://devnet.helius-rpc.com/?api-key=2728d54b-ce26-4696-bb4d-dc8170fcd494 "HTTP/1.1 200 OK"
2025-09-17 01:38:14,272 | httpx | INFO | HTTP Request: POST https://devnet.helius-rpc.com/?api-key=2728d54b-ce26-4696-bb4d-dc8170fcd494 "HTTP/1.1 200 OK"
2025-09-17 01:38:14,347 | httpx | INFO | HTTP Request: POST https://devnet.helius-rpc.com/?api-key=2728d54b-ce26-4696-bb4d-dc8170fcd494 "HTTP/1.1 200 OK"
2025-09-17 01:38:15,376 | libs.sidecar_validator | INFO | Validating sidecar at: http://localhost:8787/health
2025-09-17 01:38:15,925 | httpx | INFO | HTTP Request: GET http://localhost:8787/health "HTTP/1.1 200 OK"
2025-09-17 01:38:15,926 | libs.sidecar_validator | INFO | Sidecar mode: forward
2025-09-17 01:38:15,927 | libs.sidecar_validator | INFO | Forward base: https://swift.drift.trade
2025-09-17 01:38:15,927 | libs.sidecar_validator | INFO | Upstream Swift service healthy: status=200 (148ms)
2025-09-17 01:38:15,927 | libs.sidecar_validator | WARNING | Circuit breaker OPEN: 3/3 consecutive failures
2025-09-17 01:38:15,928 | libs.sidecar_validator | WARNING | Sidecar will return 503 for new orders
2025-09-17 01:38:15,928 | libs.sidecar_validator | INFO | Sidecar validation passed
2025-09-17 01:38:16,087 | httpx | INFO | HTTP Request: GET http://localhost:8787/health "HTTP/1.1 200 OK"
2025-09-17 01:38:16,088 | libs.drift.drivers.swift | INFO | Swift driver initialized: http://localhost:8787, retries=3, auction=True
2025-09-17 01:38:16,203 | httpx | INFO | HTTP Request: POST https://devnet.helius-rpc.com/?api-key=2728d54b-ce26-4696-bb4d-dc8170fcd494 "HTTP/1.1 200 OK"
2025-09-17 01:38:16,297 | httpx | INFO | HTTP Request: POST https://devnet.helius-rpc.com/?api-key=2728d54b-ce26-4696-bb4d-dc8170fcd494 "HTTP/1.1 200 OK"
2025-09-17 01:38:16,437 | httpx | INFO | HTTP Request: POST https://devnet.helius-rpc.com/?api-key=2728d54b-ce26-4696-bb4d-dc8170fcd494 "HTTP/1.1 200 OK"
2025-09-17 01:38:17,492 | libs.sidecar_validator | INFO | Validating sidecar at: http://localhost:8787/health
2025-09-17 01:38:18,054 | httpx | INFO | HTTP Request: GET http://localhost:8787/health "HTTP/1.1 200 OK"
2025-09-17 01:38:18,055 | libs.sidecar_validator | INFO | Sidecar mode: forward
2025-09-17 01:38:18,055 | libs.sidecar_validator | INFO | Forward base: https://swift.drift.trade
2025-09-17 01:38:18,055 | libs.sidecar_validator | INFO | Upstream Swift service healthy: status=200 (156ms)
2025-09-17 01:38:18,056 | libs.sidecar_validator | WARNING | Circuit breaker OPEN: 3/3 consecutive failures
2025-09-17 01:38:18,056 | libs.sidecar_validator | WARNING | Sidecar will return 503 for new orders
2025-09-17 01:38:18,057 | libs.sidecar_validator | INFO | Sidecar validation passed
2025-09-17 01:38:18,203 | httpx | INFO | HTTP Request: GET http://localhost:8787/health "HTTP/1.1 200 OK"
2025-09-17 01:38:18,205 | libs.drift.drivers.swift | INFO | Swift driver initialized: http://localhost:8787, retries=3, auction=True
2025-09-17 01:38:18,306 | httpx | INFO | HTTP Request: POST https://devnet.helius-rpc.com/?api-key=2728d54b-ce26-4696-bb4d-dc8170fcd494 "HTTP/1.1 200 OK"
2025-09-17 01:38:18,374 | httpx | INFO | HTTP Request: POST https://devnet.helius-rpc.com/?api-key=2728d54b-ce26-4696-bb4d-dc8170fcd494 "HTTP/1.1 200 OK"
2025-09-17 01:38:18,455 | httpx | INFO | HTTP Request: POST https://devnet.helius-rpc.com/?api-key=2728d54b-ce26-4696-bb4d-dc8170fcd494 "HTTP/1.1 200 OK"
2025-09-17 01:38:19,499 | libs.sidecar_validator | INFO | Validating sidecar at: http://localhost:8787/health
2025-09-17 01:38:20,087 | httpx | INFO | HTTP Request: GET http://localhost:8787/health "HTTP/1.1 200 OK"
2025-09-17 01:38:20,088 | libs.sidecar_validator | INFO | Sidecar mode: forward
2025-09-17 01:38:20,089 | libs.sidecar_validator | INFO | Forward base: https://swift.drift.trade
2025-09-17 01:38:20,089 | libs.sidecar_validator | INFO | Upstream Swift service healthy: status=200 (156ms)
2025-09-17 01:38:20,089 | libs.sidecar_validator | WARNING | Circuit breaker OPEN: 3/3 consecutive failures
2025-09-17 01:38:20,089 | libs.sidecar_validator | WARNING | Sidecar will return 503 for new orders
2025-09-17 01:38:20,090 | libs.sidecar_validator | INFO | Sidecar validation passed
2025-09-17 01:38:20,441 | httpx | INFO | HTTP Request: GET http://localhost:8787/health "HTTP/1.1 200 OK"
2025-09-17 01:38:20,443 | libs.drift.drivers.swift | INFO | Swift driver initialized: http://localhost:8787, retries=3, auction=True
2025-09-17 01:38:20,566 | httpx | INFO | HTTP Request: POST https://devnet.helius-rpc.com/?api-key=2728d54b-ce26-4696-bb4d-dc8170fcd494 "HTTP/1.1 200 OK"
2025-09-17 01:38:20,673 | httpx | INFO | HTTP Request: POST https://devnet.helius-rpc.com/?api-key=2728d54b-ce26-4696-bb4d-dc8170fcd494 "HTTP/1.1 200 OK"
2025-09-17 01:38:20,777 | httpx | INFO | HTTP Request: POST https://devnet.helius-rpc.com/?api-key=2728d54b-ce26-4696-bb4d-dc8170fcd494 "HTTP/1.1 200 OK"
2025-09-17 01:38:21,802 | libs.sidecar_validator | INFO | Validating sidecar at: http://localhost:8787/health
2025-09-17 01:38:22,538 | httpx | INFO | HTTP Request: GET http://localhost:8787/health "HTTP/1.1 200 OK"
2025-09-17 01:38:22,539 | libs.sidecar_validator | INFO | Sidecar mode: forward
2025-09-17 01:38:22,540 | libs.sidecar_validator | INFO | Forward base: https://swift.drift.trade
2025-09-17 01:38:22,540 | libs.sidecar_validator | INFO | Upstream Swift service healthy: status=200 (327ms)
2025-09-17 01:38:22,540 | libs.sidecar_validator | WARNING | Circuit breaker OPEN: 3/3 consecutive failures
2025-09-17 01:38:22,541 | libs.sidecar_validator | WARNING | Sidecar will return 503 for new orders
2025-09-17 01:38:22,541 | libs.sidecar_validator | INFO | Sidecar validation passed
2025-09-17 01:38:22,686 | httpx | INFO | HTTP Request: GET http://localhost:8787/health "HTTP/1.1 200 OK"
2025-09-17 01:38:22,687 | libs.drift.drivers.swift | INFO | Swift driver initialized: http://localhost:8787, retries=3, auction=True
2025-09-17 01:38:22,806 | httpx | INFO | HTTP Request: POST https://devnet.helius-rpc.com/?api-key=2728d54b-ce26-4696-bb4d-dc8170fcd494 "HTTP/1.1 200 OK"
2025-09-17 01:38:22,903 | httpx | INFO | HTTP Request: POST https://devnet.helius-rpc.com/?api-key=2728d54b-ce26-4696-bb4d-dc8170fcd494 "HTTP/1.1 200 OK"
2025-09-17 01:38:23,037 | httpx | INFO | HTTP Request: POST https://devnet.helius-rpc.com/?api-key=2728d54b-ce26-4696-bb4d-dc8170fcd494 "HTTP/1.1 200 OK"
2025-09-17 01:38:24,552 | libs.sidecar_validator | INFO | Validating sidecar at: http://localhost:8787/health
2025-09-17 01:38:25,137 | httpx | INFO | HTTP Request: GET http://localhost:8787/health "HTTP/1.1 200 OK"
2025-09-17 01:38:25,138 | libs.sidecar_validator | INFO | Sidecar mode: forward
2025-09-17 01:38:25,138 | libs.sidecar_validator | INFO | Forward base: https://swift.drift.trade
2025-09-17 01:38:25,139 | libs.sidecar_validator | INFO | Upstream Swift service healthy: status=200 (154ms)
2025-09-17 01:38:25,139 | libs.sidecar_validator | WARNING | Circuit breaker OPEN: 3/3 consecutive failures
2025-09-17 01:38:25,140 | libs.sidecar_validator | WARNING | Sidecar will return 503 for new orders
2025-09-17 01:38:25,140 | libs.sidecar_validator | INFO | Sidecar validation passed
2025-09-17 01:38:25,298 | httpx | INFO | HTTP Request: GET http://localhost:8787/health "HTTP/1.1 200 OK"
2025-09-17 01:38:25,301 | libs.drift.drivers.swift | INFO | Swift driver initialized: http://localhost:8787, retries=3, auction=True
2025-09-17 01:38:25,387 | httpx | INFO | HTTP Request: POST https://devnet.helius-rpc.com/?api-key=2728d54b-ce26-4696-bb4d-dc8170fcd494 "HTTP/1.1 200 OK"
2025-09-17 01:38:25,483 | httpx | INFO | HTTP Request: POST https://devnet.helius-rpc.com/?api-key=2728d54b-ce26-4696-bb4d-dc8170fcd494 "HTTP/1.1 200 OK"
2025-09-17 01:38:25,617 | httpx | INFO | HTTP Request: POST https://devnet.helius-rpc.com/?api-key=2728d54b-ce26-4696-bb4d-dc8170fcd494 "HTTP/1.1 200 OK"
2025-09-17 01:38:26,674 | libs.sidecar_validator | INFO | Validating sidecar at: http://localhost:8787/health
2025-09-17 01:38:27,473 | httpx | INFO | HTTP Request: GET http://localhost:8787/health "HTTP/1.1 200 OK"
2025-09-17 01:38:27,474 | libs.sidecar_validator | INFO | Sidecar mode: forward
2025-09-17 01:38:27,474 | libs.sidecar_validator | INFO | Forward base: https://swift.drift.trade
2025-09-17 01:38:27,475 | libs.sidecar_validator | INFO | Upstream Swift service healthy: status=200 (327ms)
2025-09-17 01:38:27,475 | libs.sidecar_validator | WARNING | Circuit breaker OPEN: 3/3 consecutive failures
2025-09-17 01:38:27,475 | libs.sidecar_validator | WARNING | Sidecar will return 503 for new orders
2025-09-17 01:38:27,476 | libs.sidecar_validator | INFO | Sidecar validation passed
2025-09-17 01:38:27,811 | httpx | INFO | HTTP Request: GET http://localhost:8787/health "HTTP/1.1 200 OK"
2025-09-17 01:38:27,813 | libs.drift.drivers.swift | INFO | Swift driver initialized: http://localhost:8787, retries=3, auction=True
2025-09-17 01:38:27,926 | httpx | INFO | HTTP Request: POST https://devnet.helius-rpc.com/?api-key=2728d54b-ce26-4696-bb4d-dc8170fcd494 "HTTP/1.1 200 OK"
2025-09-17 01:38:28,069 | httpx | INFO | HTTP Request: POST https://devnet.helius-rpc.com/?api-key=2728d54b-ce26-4696-bb4d-dc8170fcd494 "HTTP/1.1 200 OK"
2025-09-17 01:38:28,216 | httpx | INFO | HTTP Request: POST https://devnet.helius-rpc.com/?api-key=2728d54b-ce26-4696-bb4d-dc8170fcd494 "HTTP/1.1 200 OK"
2025-09-17 01:38:29,256 | libs.sidecar_validator | INFO | Validating sidecar at: http://localhost:8787/health
2025-09-17 01:38:29,900 | httpx | INFO | HTTP Request: GET http://localhost:8787/health "HTTP/1.1 200 OK"
2025-09-17 01:38:29,901 | libs.sidecar_validator | INFO | Sidecar mode: forward
2025-09-17 01:38:29,901 | libs.sidecar_validator | INFO | Forward base: https://swift.drift.trade
2025-09-17 01:38:29,903 | libs.sidecar_validator | INFO | Upstream Swift service healthy: status=200 (145ms)
2025-09-17 01:38:29,903 | libs.sidecar_validator | WARNING | Circuit breaker OPEN: 3/3 consecutive failures
2025-09-17 01:38:29,903 | libs.sidecar_validator | WARNING | Sidecar will return 503 for new orders
2025-09-17 01:38:29,903 | libs.sidecar_validator | INFO | Sidecar validation passed
2025-09-17 01:38:30,050 | httpx | INFO | HTTP Request: GET http://localhost:8787/health "HTTP/1.1 200 OK"
2025-09-17 01:38:30,052 | libs.drift.drivers.swift | INFO | Swift driver initialized: http://localhost:8787, retries=3, auction=True
2025-09-17 01:38:30,208 | httpx | INFO | HTTP Request: POST https://devnet.helius-rpc.com/?api-key=2728d54b-ce26-4696-bb4d-dc8170fcd494 "HTTP/1.1 200 OK"
2025-09-17 01:38:30,314 | httpx | INFO | HTTP Request: POST https://devnet.helius-rpc.com/?api-key=2728d54b-ce26-4696-bb4d-dc8170fcd494 "HTTP/1.1 200 OK"
2025-09-17 01:38:30,448 | httpx | INFO | HTTP Request: POST https://devnet.helius-rpc.com/?api-key=2728d54b-ce26-4696-bb4d-dc8170fcd494 "HTTP/1.1 200 OK"
2025-09-17 01:38:31,477 | libs.sidecar_validator | INFO | Validating sidecar at: http://localhost:8787/health
2025-09-17 01:38:32,040 | httpx | INFO | HTTP Request: GET http://localhost:8787/health "HTTP/1.1 200 OK"
2025-09-17 01:38:32,040 | libs.sidecar_validator | INFO | Sidecar mode: forward
2025-09-17 01:38:32,041 | libs.sidecar_validator | INFO | Forward base: https://swift.drift.trade
2025-09-17 01:38:32,041 | libs.sidecar_validator | INFO | Upstream Swift service healthy: status=200 (158ms)
2025-09-17 01:38:32,042 | libs.sidecar_validator | WARNING | Circuit breaker OPEN: 3/3 consecutive failures
2025-09-17 01:38:32,042 | libs.sidecar_validator | WARNING | Sidecar will return 503 for new orders
2025-09-17 01:38:32,042 | libs.sidecar_validator | INFO | Sidecar validation passed
2025-09-17 01:38:32,195 | httpx | INFO | HTTP Request: GET http://localhost:8787/health "HTTP/1.1 200 OK"
2025-09-17 01:38:32,197 | libs.drift.drivers.swift | INFO | Swift driver initialized: http://localhost:8787, retries=3, auction=True
2025-09-17 01:38:32,314 | httpx | INFO | HTTP Request: POST https://devnet.helius-rpc.com/?api-key=2728d54b-ce26-4696-bb4d-dc8170fcd494 "HTTP/1.1 200 OK"
2025-09-17 01:38:32,446 | httpx | INFO | HTTP Request: POST https://devnet.helius-rpc.com/?api-key=2728d54b-ce26-4696-bb4d-dc8170fcd494 "HTTP/1.1 200 OK"
2025-09-17 01:38:32,588 | httpx | INFO | HTTP Request: POST https://devnet.helius-rpc.com/?api-key=2728d54b-ce26-4696-bb4d-dc8170fcd494 "HTTP/1.1 200 OK"
2025-09-17 01:38:33,612 | libs.sidecar_validator | INFO | Validating sidecar at: http://localhost:8787/health
2025-09-17 01:38:34,169 | httpx | INFO | HTTP Request: GET http://localhost:8787/health "HTTP/1.1 200 OK"
2025-09-17 01:38:34,170 | libs.sidecar_validator | INFO | Sidecar mode: forward
2025-09-17 01:38:34,170 | libs.sidecar_validator | INFO | Forward base: https://swift.drift.trade
2025-09-17 01:38:34,170 | libs.sidecar_validator | INFO | Upstream Swift service healthy: status=200 (143ms)
2025-09-17 01:38:34,170 | libs.sidecar_validator | WARNING | Circuit breaker OPEN: 3/3 consecutive failures
2025-09-17 01:38:34,171 | libs.sidecar_validator | WARNING | Sidecar will return 503 for new orders
2025-09-17 01:38:34,171 | libs.sidecar_validator | INFO | Sidecar validation passed
2025-09-17 01:38:34,318 | httpx | INFO | HTTP Request: GET http://localhost:8787/health "HTTP/1.1 200 OK"
2025-09-17 01:38:34,320 | libs.drift.drivers.swift | INFO | Swift driver initialized: http://localhost:8787, retries=3, auction=True
2025-09-17 01:38:34,469 | httpx | INFO | HTTP Request: POST https://devnet.helius-rpc.com/?api-key=2728d54b-ce26-4696-bb4d-dc8170fcd494 "HTTP/1.1 200 OK"
2025-09-17 01:38:34,603 | httpx | INFO | HTTP Request: POST https://devnet.helius-rpc.com/?api-key=2728d54b-ce26-4696-bb4d-dc8170fcd494 "HTTP/1.1 200 OK"
2025-09-17 01:38:34,756 | httpx | INFO | HTTP Request: POST https://devnet.helius-rpc.com/?api-key=2728d54b-ce26-4696-bb4d-dc8170fcd494 "HTTP/1.1 200 OK"
2025-09-17 01:38:37,697 | libs.sidecar_validator | INFO | Validating sidecar at: http://localhost:8787/health
2025-09-17 01:38:38,256 | httpx | INFO | HTTP Request: GET http://localhost:8787/health "HTTP/1.1 200 OK"
2025-09-17 01:38:38,257 | libs.sidecar_validator | INFO | Sidecar mode: forward
2025-09-17 01:38:38,257 | libs.sidecar_validator | INFO | Forward base: https://swift.drift.trade
2025-09-17 01:38:38,258 | libs.sidecar_validator | INFO | Upstream Swift service healthy: status=200 (142ms)
2025-09-17 01:38:38,258 | libs.sidecar_validator | WARNING | Circuit breaker OPEN: 3/3 consecutive failures
2025-09-17 01:38:38,259 | libs.sidecar_validator | WARNING | Sidecar will return 503 for new orders
2025-09-17 01:38:38,259 | libs.sidecar_validator | INFO | Sidecar validation passed
2025-09-17 01:38:38,405 | httpx | INFO | HTTP Request: GET http://localhost:8787/health "HTTP/1.1 200 OK"
2025-09-17 01:38:38,406 | libs.drift.drivers.swift | INFO | Swift driver initialized: http://localhost:8787, retries=3, auction=True
2025-09-17 01:38:38,524 | httpx | INFO | HTTP Request: POST https://devnet.helius-rpc.com/?api-key=2728d54b-ce26-4696-bb4d-dc8170fcd494 "HTTP/1.1 200 OK"
2025-09-17 01:38:38,603 | httpx | INFO | HTTP Request: POST https://devnet.helius-rpc.com/?api-key=2728d54b-ce26-4696-bb4d-dc8170fcd494 "HTTP/1.1 200 OK"
2025-09-17 01:38:38,709 | httpx | INFO | HTTP Request: POST https://devnet.helius-rpc.com/?api-key=2728d54b-ce26-4696-bb4d-dc8170fcd494 "HTTP/1.1 200 OK"
2025-09-17 01:38:39,722 | libs.sidecar_validator | INFO | Validating sidecar at: http://localhost:8787/health
2025-09-17 01:38:40,460 | httpx | INFO | HTTP Request: GET http://localhost:8787/health "HTTP/1.1 200 OK"
2025-09-17 01:38:40,461 | libs.sidecar_validator | INFO | Sidecar mode: forward
2025-09-17 01:38:40,461 | libs.sidecar_validator | INFO | Forward base: https://swift.drift.trade
2025-09-17 01:38:40,461 | libs.sidecar_validator | INFO | Upstream Swift service healthy: status=200 (328ms)
2025-09-17 01:38:40,462 | libs.sidecar_validator | WARNING | Circuit breaker OPEN: 3/3 consecutive failures
2025-09-17 01:38:40,462 | libs.sidecar_validator | WARNING | Sidecar will return 503 for new orders
2025-09-17 01:38:40,462 | libs.sidecar_validator | INFO | Sidecar validation passed
2025-09-17 01:38:40,803 | httpx | INFO | HTTP Request: GET http://localhost:8787/health "HTTP/1.1 200 OK"
2025-09-17 01:38:40,805 | libs.drift.drivers.swift | INFO | Swift driver initialized: http://localhost:8787, retries=3, auction=True
2025-09-17 01:38:40,946 | httpx | INFO | HTTP Request: POST https://devnet.helius-rpc.com/?api-key=2728d54b-ce26-4696-bb4d-dc8170fcd494 "HTTP/1.1 200 OK"
2025-09-17 01:38:41,084 | httpx | INFO | HTTP Request: POST https://devnet.helius-rpc.com/?api-key=2728d54b-ce26-4696-bb4d-dc8170fcd494 "HTTP/1.1 200 OK"
2025-09-17 01:38:41,205 | httpx | INFO | HTTP Request: POST https://devnet.helius-rpc.com/?api-key=2728d54b-ce26-4696-bb4d-dc8170fcd494 "HTTP/1.1 200 OK"
2025-09-17 01:38:42,255 | libs.sidecar_validator | INFO | Validating sidecar at: http://localhost:8787/health
2025-09-17 01:38:42,869 | httpx | INFO | HTTP Request: GET http://localhost:8787/health "HTTP/1.1 200 OK"
2025-09-17 01:38:42,870 | libs.sidecar_validator | INFO | Sidecar mode: forward
2025-09-17 01:38:42,871 | libs.sidecar_validator | INFO | Forward base: https://swift.drift.trade
2025-09-17 01:38:42,871 | libs.sidecar_validator | INFO | Upstream Swift service healthy: status=200 (145ms)
2025-09-17 01:38:42,871 | libs.sidecar_validator | WARNING | Circuit breaker OPEN: 3/3 consecutive failures
2025-09-17 01:38:42,872 | libs.sidecar_validator | WARNING | Sidecar will return 503 for new orders
2025-09-17 01:38:42,872 | libs.sidecar_validator | INFO | Sidecar validation passed
2025-09-17 01:38:43,031 | httpx | INFO | HTTP Request: GET http://localhost:8787/health "HTTP/1.1 200 OK"
2025-09-17 01:38:43,033 | libs.drift.drivers.swift | INFO | Swift driver initialized: http://localhost:8787, retries=3, auction=True
2025-09-17 01:38:43,146 | httpx | INFO | HTTP Request: POST https://devnet.helius-rpc.com/?api-key=2728d54b-ce26-4696-bb4d-dc8170fcd494 "HTTP/1.1 200 OK"
2025-09-17 01:38:43,278 | httpx | INFO | HTTP Request: POST https://devnet.helius-rpc.com/?api-key=2728d54b-ce26-4696-bb4d-dc8170fcd494 "HTTP/1.1 200 OK"
2025-09-17 01:38:43,344 | httpx | INFO | HTTP Request: POST https://devnet.helius-rpc.com/?api-key=2728d54b-ce26-4696-bb4d-dc8170fcd494 "HTTP/1.1 200 OK"
2025-09-17 01:38:45,505 | libs.sidecar_validator | INFO | Validating sidecar at: http://localhost:8787/health
2025-09-17 01:38:46,258 | httpx | INFO | HTTP Request: GET http://localhost:8787/health "HTTP/1.1 200 OK"
2025-09-17 01:38:46,259 | libs.sidecar_validator | INFO | Sidecar mode: forward
2025-09-17 01:38:46,260 | libs.sidecar_validator | INFO | Forward base: https://swift.drift.trade
2025-09-17 01:38:46,260 | libs.sidecar_validator | INFO | Upstream Swift service healthy: status=200 (331ms)
2025-09-17 01:38:46,260 | libs.sidecar_validator | WARNING | Circuit breaker OPEN: 3/3 consecutive failures
2025-09-17 01:38:46,261 | libs.sidecar_validator | WARNING | Sidecar will return 503 for new orders
2025-09-17 01:38:46,261 | libs.sidecar_validator | INFO | Sidecar validation passed
2025-09-17 01:38:46,414 | httpx | INFO | HTTP Request: GET http://localhost:8787/health "HTTP/1.1 200 OK"
2025-09-17 01:38:46,416 | libs.drift.drivers.swift | INFO | Swift driver initialized: http://localhost:8787, retries=3, auction=True
2025-09-17 01:38:46,497 | httpx | INFO | HTTP Request: POST https://devnet.helius-rpc.com/?api-key=2728d54b-ce26-4696-bb4d-dc8170fcd494 "HTTP/1.1 200 OK"
2025-09-17 01:38:46,591 | httpx | INFO | HTTP Request: POST https://devnet.helius-rpc.com/?api-key=2728d54b-ce26-4696-bb4d-dc8170fcd494 "HTTP/1.1 200 OK"
2025-09-17 01:38:46,660 | httpx | INFO | HTTP Request: POST https://devnet.helius-rpc.com/?api-key=2728d54b-ce26-4696-bb4d-dc8170fcd494 "HTTP/1.1 200 OK"
2025-09-17 01:38:48,720 | libs.sidecar_validator | INFO | Validating sidecar at: http://localhost:8787/health
2025-09-17 01:38:49,451 | httpx | INFO | HTTP Request: GET http://localhost:8787/health "HTTP/1.1 200 OK"
2025-09-17 01:38:49,451 | libs.sidecar_validator | INFO | Sidecar mode: forward
2025-09-17 01:38:49,452 | libs.sidecar_validator | INFO | Forward base: https://swift.drift.trade
2025-09-17 01:38:49,452 | libs.sidecar_validator | INFO | Upstream Swift service healthy: status=200 (326ms)
2025-09-17 01:38:49,452 | libs.sidecar_validator | WARNING | Circuit breaker OPEN: 3/3 consecutive failures
2025-09-17 01:38:49,453 | libs.sidecar_validator | WARNING | Sidecar will return 503 for new orders
2025-09-17 01:38:49,453 | libs.sidecar_validator | INFO | Sidecar validation passed
2025-09-17 01:38:49,787 | httpx | INFO | HTTP Request: GET http://localhost:8787/health "HTTP/1.1 200 OK"
2025-09-17 01:38:49,789 | libs.drift.drivers.swift | INFO | Swift driver initialized: http://localhost:8787, retries=3, auction=True
2025-09-17 01:38:49,871 | httpx | INFO | HTTP Request: POST https://devnet.helius-rpc.com/?api-key=2728d54b-ce26-4696-bb4d-dc8170fcd494 "HTTP/1.1 200 OK"
2025-09-17 01:38:49,959 | httpx | INFO | HTTP Request: POST https://devnet.helius-rpc.com/?api-key=2728d54b-ce26-4696-bb4d-dc8170fcd494 "HTTP/1.1 200 OK"
2025-09-17 01:38:50,047 | httpx | INFO | HTTP Request: POST https://devnet.helius-rpc.com/?api-key=2728d54b-ce26-4696-bb4d-dc8170fcd494 "HTTP/1.1 200 OK"
2025-09-17 01:38:51,106 | libs.sidecar_validator | INFO | Validating sidecar at: http://localhost:8787/health
2025-09-17 01:38:51,864 | httpx | INFO | HTTP Request: GET http://localhost:8787/health "HTTP/1.1 200 OK"
2025-09-17 01:38:51,865 | libs.sidecar_validator | INFO | Sidecar mode: forward
2025-09-17 01:38:51,865 | libs.sidecar_validator | INFO | Forward base: https://swift.drift.trade
2025-09-17 01:38:51,865 | libs.sidecar_validator | INFO | Upstream Swift service healthy: status=200 (342ms)
2025-09-17 01:38:51,866 | libs.sidecar_validator | WARNING | Circuit breaker OPEN: 3/3 consecutive failures
2025-09-17 01:38:51,866 | libs.sidecar_validator | WARNING | Sidecar will return 503 for new orders
2025-09-17 01:38:51,866 | libs.sidecar_validator | INFO | Sidecar validation passed
2025-09-17 01:38:52,015 | httpx | INFO | HTTP Request: GET http://localhost:8787/health "HTTP/1.1 200 OK"
2025-09-17 01:38:52,017 | libs.drift.drivers.swift | INFO | Swift driver initialized: http://localhost:8787, retries=3, auction=True
2025-09-17 01:38:52,113 | httpx | INFO | HTTP Request: POST https://devnet.helius-rpc.com/?api-key=2728d54b-ce26-4696-bb4d-dc8170fcd494 "HTTP/1.1 200 OK"
2025-09-17 01:38:52,173 | httpx | INFO | HTTP Request: POST https://devnet.helius-rpc.com/?api-key=2728d54b-ce26-4696-bb4d-dc8170fcd494 "HTTP/1.1 200 OK"
2025-09-17 01:38:52,238 | httpx | INFO | HTTP Request: POST https://devnet.helius-rpc.com/?api-key=2728d54b-ce26-4696-bb4d-dc8170fcd494 "HTTP/1.1 200 OK"
2025-09-17 01:38:57,667 | libs.sidecar_validator | INFO | Validating sidecar at: http://localhost:8787/health
2025-09-17 01:38:58,487 | httpx | INFO | HTTP Request: GET http://localhost:8787/health "HTTP/1.1 200 OK"
2025-09-17 01:38:58,488 | libs.sidecar_validator | INFO | Sidecar mode: forward
2025-09-17 01:38:58,488 | libs.sidecar_validator | INFO | Forward base: https://swift.drift.trade
2025-09-17 01:38:58,489 | libs.sidecar_validator | INFO | Upstream Swift service healthy: status=200 (410ms)
2025-09-17 01:38:58,489 | libs.sidecar_validator | WARNING | Circuit breaker OPEN: 3/3 consecutive failures
2025-09-17 01:38:58,489 | libs.sidecar_validator | WARNING | Sidecar will return 503 for new orders
2025-09-17 01:38:58,489 | libs.sidecar_validator | INFO | Sidecar validation passed
2025-09-17 01:38:58,849 | httpx | INFO | HTTP Request: GET http://localhost:8787/health "HTTP/1.1 200 OK"
2025-09-17 01:38:58,851 | libs.drift.drivers.swift | INFO | Swift driver initialized: http://localhost:8787, retries=3, auction=True
2025-09-17 01:38:59,089 | httpx | INFO | HTTP Request: POST https://devnet.helius-rpc.com/?api-key=2728d54b-ce26-4696-bb4d-dc8170fcd494 "HTTP/1.1 200 OK"
2025-09-17 01:38:59,176 | httpx | INFO | HTTP Request: POST https://devnet.helius-rpc.com/?api-key=2728d54b-ce26-4696-bb4d-dc8170fcd494 "HTTP/1.1 200 OK"
2025-09-17 01:38:59,289 | httpx | INFO | HTTP Request: POST https://devnet.helius-rpc.com/?api-key=2728d54b-ce26-4696-bb4d-dc8170fcd494 "HTTP/1.1 200 OK"
2025-09-17 01:39:02,990 | libs.sidecar_validator | INFO | Validating sidecar at: http://localhost:8787/health
2025-09-17 01:39:03,554 | httpx | INFO | HTTP Request: GET http://localhost:8787/health "HTTP/1.1 200 OK"
2025-09-17 01:39:03,555 | libs.sidecar_validator | INFO | Sidecar mode: forward
2025-09-17 01:39:03,555 | libs.sidecar_validator | INFO | Forward base: https://swift.drift.trade
2025-09-17 01:39:03,556 | libs.sidecar_validator | INFO | Upstream Swift service healthy: status=200 (140ms)
2025-09-17 01:39:03,556 | libs.sidecar_validator | WARNING | Circuit breaker OPEN: 3/3 consecutive failures
2025-09-17 01:39:03,556 | libs.sidecar_validator | WARNING | Sidecar will return 503 for new orders
2025-09-17 01:39:03,556 | libs.sidecar_validator | INFO | Sidecar validation passed
2025-09-17 01:39:03,731 | httpx | INFO | HTTP Request: GET http://localhost:8787/health "HTTP/1.1 200 OK"
2025-09-17 01:39:03,733 | libs.drift.drivers.swift | INFO | Swift driver initialized: http://localhost:8787, retries=3, auction=True
2025-09-17 01:39:03,924 | httpx | INFO | HTTP Request: POST https://devnet.helius-rpc.com/?api-key=2728d54b-ce26-4696-bb4d-dc8170fcd494 "HTTP/1.1 200 OK"
2025-09-17 01:39:04,074 | httpx | INFO | HTTP Request: POST https://devnet.helius-rpc.com/?api-key=2728d54b-ce26-4696-bb4d-dc8170fcd494 "HTTP/1.1 200 OK"
2025-09-17 01:39:04,253 | httpx | INFO | HTTP Request: POST https://devnet.helius-rpc.com/?api-key=2728d54b-ce26-4696-bb4d-dc8170fcd494 "HTTP/1.1 200 OK"
2025-09-17 01:39:06,573 | libs.sidecar_validator | INFO | Validating sidecar at: http://localhost:8787/health
2025-09-17 01:39:07,212 | httpx | INFO | HTTP Request: GET http://localhost:8787/health "HTTP/1.1 200 OK"
2025-09-17 01:39:07,213 | libs.sidecar_validator | INFO | Sidecar mode: forward
2025-09-17 01:39:07,213 | libs.sidecar_validator | INFO | Forward base: https://swift.drift.trade
2025-09-17 01:39:07,214 | libs.sidecar_validator | INFO | Upstream Swift service healthy: status=200 (157ms)
2025-09-17 01:39:07,214 | libs.sidecar_validator | WARNING | Circuit breaker OPEN: 3/3 consecutive failures
2025-09-17 01:39:07,215 | libs.sidecar_validator | WARNING | Sidecar will return 503 for new orders
2025-09-17 01:39:07,215 | libs.sidecar_validator | INFO | Sidecar validation passed
2025-09-17 01:39:07,546 | httpx | INFO | HTTP Request: GET http://localhost:8787/health "HTTP/1.1 200 OK"
2025-09-17 01:39:07,549 | libs.drift.drivers.swift | INFO | Swift driver initialized: http://localhost:8787, retries=3, auction=True
2025-09-17 01:39:07,649 | httpx | INFO | HTTP Request: POST https://devnet.helius-rpc.com/?api-key=2728d54b-ce26-4696-bb4d-dc8170fcd494 "HTTP/1.1 200 OK"
2025-09-17 01:39:07,755 | httpx | INFO | HTTP Request: POST https://devnet.helius-rpc.com/?api-key=2728d54b-ce26-4696-bb4d-dc8170fcd494 "HTTP/1.1 200 OK"
2025-09-17 01:39:07,840 | httpx | INFO | HTTP Request: POST https://devnet.helius-rpc.com/?api-key=2728d54b-ce26-4696-bb4d-dc8170fcd494 "HTTP/1.1 200 OK"
2025-09-17 01:39:08,871 | libs.sidecar_validator | INFO | Validating sidecar at: http://localhost:8787/health
2025-09-17 01:39:09,555 | httpx | INFO | HTTP Request: GET http://localhost:8787/health "HTTP/1.1 200 OK"
2025-09-17 01:39:09,556 | libs.sidecar_validator | INFO | Sidecar mode: forward
2025-09-17 01:39:09,557 | libs.sidecar_validator | INFO | Forward base: https://swift.drift.trade
2025-09-17 01:39:09,558 | libs.sidecar_validator | INFO | Upstream Swift service healthy: status=200 (198ms)
2025-09-17 01:39:09,558 | libs.sidecar_validator | WARNING | Circuit breaker OPEN: 3/3 consecutive failures
2025-09-17 01:39:09,558 | libs.sidecar_validator | WARNING | Sidecar will return 503 for new orders
2025-09-17 01:39:09,559 | libs.sidecar_validator | INFO | Sidecar validation passed
2025-09-17 01:39:09,911 | httpx | INFO | HTTP Request: GET http://localhost:8787/health "HTTP/1.1 200 OK"
2025-09-17 01:39:09,913 | libs.drift.drivers.swift | INFO | Swift driver initialized: http://localhost:8787, retries=3, auction=True
2025-09-17 01:39:10,183 | httpx | INFO | HTTP Request: POST https://devnet.helius-rpc.com/?api-key=2728d54b-ce26-4696-bb4d-dc8170fcd494 "HTTP/1.1 200 OK"
2025-09-17 01:39:10,315 | httpx | INFO | HTTP Request: POST https://devnet.helius-rpc.com/?api-key=2728d54b-ce26-4696-bb4d-dc8170fcd494 "HTTP/1.1 200 OK"
2025-09-17 01:39:10,410 | httpx | INFO | HTTP Request: POST https://devnet.helius-rpc.com/?api-key=2728d54b-ce26-4696-bb4d-dc8170fcd494 "HTTP/1.1 200 OK"
2025-09-17 01:39:11,450 | libs.sidecar_validator | INFO | Validating sidecar at: http://localhost:8787/health
2025-09-17 01:39:12,017 | httpx | INFO | HTTP Request: GET http://localhost:8787/health "HTTP/1.1 200 OK"
2025-09-17 01:39:12,017 | libs.sidecar_validator | INFO | Sidecar mode: forward
2025-09-17 01:39:12,018 | libs.sidecar_validator | INFO | Forward base: https://swift.drift.trade
2025-09-17 01:39:12,019 | libs.sidecar_validator | INFO | Upstream Swift service healthy: status=200 (156ms)
2025-09-17 01:39:12,019 | libs.sidecar_validator | WARNING | Circuit breaker OPEN: 3/3 consecutive failures
2025-09-17 01:39:12,019 | libs.sidecar_validator | WARNING | Sidecar will return 503 for new orders
2025-09-17 01:39:12,020 | libs.sidecar_validator | INFO | Sidecar validation passed
2025-09-17 01:39:12,171 | httpx | INFO | HTTP Request: GET http://localhost:8787/health "HTTP/1.1 200 OK"
2025-09-17 01:39:12,173 | libs.drift.drivers.swift | INFO | Swift driver initialized: http://localhost:8787, retries=3, auction=True
2025-09-17 01:39:12,338 | httpx | INFO | HTTP Request: POST https://devnet.helius-rpc.com/?api-key=2728d54b-ce26-4696-bb4d-dc8170fcd494 "HTTP/1.1 200 OK"
2025-09-17 01:39:12,411 | httpx | INFO | HTTP Request: POST https://devnet.helius-rpc.com/?api-key=2728d54b-ce26-4696-bb4d-dc8170fcd494 "HTTP/1.1 200 OK"
2025-09-17 01:39:12,688 | httpx | INFO | HTTP Request: POST https://devnet.helius-rpc.com/?api-key=2728d54b-ce26-4696-bb4d-dc8170fcd494 "HTTP/1.1 200 OK"
2025-09-17 01:39:14,467 | libs.sidecar_validator | INFO | Validating sidecar at: http://localhost:8787/health
2025-09-17 01:39:15,042 | httpx | INFO | HTTP Request: GET http://localhost:8787/health "HTTP/1.1 200 OK"
2025-09-17 01:39:15,043 | libs.sidecar_validator | INFO | Sidecar mode: forward
2025-09-17 01:39:15,043 | libs.sidecar_validator | INFO | Forward base: https://swift.drift.trade
2025-09-17 01:39:15,044 | libs.sidecar_validator | INFO | Upstream Swift service healthy: status=200 (142ms)
2025-09-17 01:39:15,044 | libs.sidecar_validator | WARNING | Circuit breaker OPEN: 3/3 consecutive failures
2025-09-17 01:39:15,044 | libs.sidecar_validator | WARNING | Sidecar will return 503 for new orders
2025-09-17 01:39:15,045 | libs.sidecar_validator | INFO | Sidecar validation passed
2025-09-17 01:39:15,382 | httpx | INFO | HTTP Request: GET http://localhost:8787/health "HTTP/1.1 200 OK"
2025-09-17 01:39:15,383 | libs.drift.drivers.swift | INFO | Swift driver initialized: http://localhost:8787, retries=3, auction=True
2025-09-17 01:39:15,554 | httpx | INFO | HTTP Request: POST https://devnet.helius-rpc.com/?api-key=2728d54b-ce26-4696-bb4d-dc8170fcd494 "HTTP/1.1 200 OK"
2025-09-17 01:39:15,630 | httpx | INFO | HTTP Request: POST https://devnet.helius-rpc.com/?api-key=2728d54b-ce26-4696-bb4d-dc8170fcd494 "HTTP/1.1 200 OK"
2025-09-17 01:39:15,760 | httpx | INFO | HTTP Request: POST https://devnet.helius-rpc.com/?api-key=2728d54b-ce26-4696-bb4d-dc8170fcd494 "HTTP/1.1 200 OK"
2025-09-17 01:39:17,232 | libs.sidecar_validator | INFO | Validating sidecar at: http://localhost:8787/health
2025-09-17 01:39:17,982 | httpx | INFO | HTTP Request: GET http://localhost:8787/health "HTTP/1.1 200 OK"
2025-09-17 01:39:17,984 | libs.sidecar_validator | INFO | Sidecar mode: forward
2025-09-17 01:39:17,984 | libs.sidecar_validator | INFO | Forward base: https://swift.drift.trade
2025-09-17 01:39:17,984 | libs.sidecar_validator | INFO | Upstream Swift service healthy: status=200 (329ms)
2025-09-17 01:39:17,985 | libs.sidecar_validator | WARNING | Circuit breaker OPEN: 3/3 consecutive failures
2025-09-17 01:39:17,985 | libs.sidecar_validator | WARNING | Sidecar will return 503 for new orders
2025-09-17 01:39:17,985 | libs.sidecar_validator | INFO | Sidecar validation passed
2025-09-17 01:39:18,151 | httpx | INFO | HTTP Request: GET http://localhost:8787/health "HTTP/1.1 200 OK"
2025-09-17 01:39:18,152 | libs.drift.drivers.swift | INFO | Swift driver initialized: http://localhost:8787, retries=3, auction=True
2025-09-17 01:39:18,427 | httpx | INFO | HTTP Request: POST https://devnet.helius-rpc.com/?api-key=2728d54b-ce26-4696-bb4d-dc8170fcd494 "HTTP/1.1 200 OK"
2025-09-17 01:39:18,503 | httpx | INFO | HTTP Request: POST https://devnet.helius-rpc.com/?api-key=2728d54b-ce26-4696-bb4d-dc8170fcd494 "HTTP/1.1 200 OK"
2025-09-17 01:39:18,596 | httpx | INFO | HTTP Request: POST https://devnet.helius-rpc.com/?api-key=2728d54b-ce26-4696-bb4d-dc8170fcd494 "HTTP/1.1 200 OK"
2025-09-17 01:39:23,578 | libs.sidecar_validator | INFO | Validating sidecar at: http://localhost:8787/health
2025-09-17 01:39:24,640 | httpx | INFO | HTTP Request: GET http://localhost:8787/health "HTTP/1.1 200 OK"
2025-09-17 01:39:24,641 | libs.sidecar_validator | INFO | Sidecar mode: forward
2025-09-17 01:39:24,642 | libs.sidecar_validator | INFO | Forward base: https://swift.drift.trade
2025-09-17 01:39:24,642 | libs.sidecar_validator | INFO | Upstream Swift service healthy: status=200 (590ms)
2025-09-17 01:39:24,643 | libs.sidecar_validator | WARNING | Circuit breaker OPEN: 3/3 consecutive failures
2025-09-17 01:39:24,643 | libs.sidecar_validator | WARNING | Sidecar will return 503 for new orders
2025-09-17 01:39:24,643 | libs.sidecar_validator | INFO | Sidecar validation passed
2025-09-17 01:39:25,027 | httpx | INFO | HTTP Request: GET http://localhost:8787/health "HTTP/1.1 200 OK"
2025-09-17 01:39:25,029 | libs.drift.drivers.swift | INFO | Swift driver initialized: http://localhost:8787, retries=3, auction=True
2025-09-17 01:39:25,780 | httpx | INFO | HTTP Request: POST https://devnet.helius-rpc.com/?api-key=2728d54b-ce26-4696-bb4d-dc8170fcd494 "HTTP/1.1 200 OK"
2025-09-17 01:39:25,963 | httpx | INFO | HTTP Request: POST https://devnet.helius-rpc.com/?api-key=2728d54b-ce26-4696-bb4d-dc8170fcd494 "HTTP/1.1 200 OK"
2025-09-17 01:39:26,127 | httpx | INFO | HTTP Request: POST https://devnet.helius-rpc.com/?api-key=2728d54b-ce26-4696-bb4d-dc8170fcd494 "HTTP/1.1 200 OK"
2025-09-17 01:39:27,168 | libs.sidecar_validator | INFO | Validating sidecar at: http://localhost:8787/health
2025-09-17 01:39:27,823 | httpx | INFO | HTTP Request: GET http://localhost:8787/health "HTTP/1.1 200 OK"
2025-09-17 01:39:27,824 | libs.sidecar_validator | INFO | Sidecar mode: forward
2025-09-17 01:39:27,825 | libs.sidecar_validator | INFO | Forward base: https://swift.drift.trade
2025-09-17 01:39:27,825 | libs.sidecar_validator | INFO | Upstream Swift service healthy: status=200 (157ms)
2025-09-17 01:39:27,825 | libs.sidecar_validator | WARNING | Circuit breaker OPEN: 3/3 consecutive failures
2025-09-17 01:39:27,826 | libs.sidecar_validator | WARNING | Sidecar will return 503 for new orders
2025-09-17 01:39:27,826 | libs.sidecar_validator | INFO | Sidecar validation passed
2025-09-17 01:39:27,976 | httpx | INFO | HTTP Request: GET http://localhost:8787/health "HTTP/1.1 200 OK"
2025-09-17 01:39:27,977 | libs.drift.drivers.swift | INFO | Swift driver initialized: http://localhost:8787, retries=3, auction=True
2025-09-17 01:39:28,164 | httpx | INFO | HTTP Request: POST https://devnet.helius-rpc.com/?api-key=2728d54b-ce26-4696-bb4d-dc8170fcd494 "HTTP/1.1 200 OK"
2025-09-17 01:39:28,435 | httpx | INFO | HTTP Request: POST https://devnet.helius-rpc.com/?api-key=2728d54b-ce26-4696-bb4d-dc8170fcd494 "HTTP/1.1 200 OK"
2025-09-17 01:39:28,663 | httpx | INFO | HTTP Request: POST https://devnet.helius-rpc.com/?api-key=2728d54b-ce26-4696-bb4d-dc8170fcd494 "HTTP/1.1 200 OK"
2025-09-17 01:39:29,669 | libs.sidecar_validator | INFO | Validating sidecar at: http://localhost:8787/health
2025-09-17 01:39:30,285 | httpx | INFO | HTTP Request: GET http://localhost:8787/health "HTTP/1.1 200 OK"
2025-09-17 01:39:30,287 | libs.sidecar_validator | INFO | Sidecar mode: forward
2025-09-17 01:39:30,287 | libs.sidecar_validator | INFO | Forward base: https://swift.drift.trade
2025-09-17 01:39:30,288 | libs.sidecar_validator | INFO | Upstream Swift service healthy: status=200 (144ms)
2025-09-17 01:39:30,288 | libs.sidecar_validator | WARNING | Circuit breaker OPEN: 3/3 consecutive failures
2025-09-17 01:39:30,289 | libs.sidecar_validator | WARNING | Sidecar will return 503 for new orders
2025-09-17 01:39:30,289 | libs.sidecar_validator | INFO | Sidecar validation passed
2025-09-17 01:39:30,450 | httpx | INFO | HTTP Request: GET http://localhost:8787/health "HTTP/1.1 200 OK"
2025-09-17 01:39:30,451 | libs.drift.drivers.swift | INFO | Swift driver initialized: http://localhost:8787, retries=3, auction=True
2025-09-17 01:39:30,562 | httpx | INFO | HTTP Request: POST https://devnet.helius-rpc.com/?api-key=2728d54b-ce26-4696-bb4d-dc8170fcd494 "HTTP/1.1 200 OK"
2025-09-17 01:39:30,665 | httpx | INFO | HTTP Request: POST https://devnet.helius-rpc.com/?api-key=2728d54b-ce26-4696-bb4d-dc8170fcd494 "HTTP/1.1 200 OK"
2025-09-17 01:39:30,835 | httpx | INFO | HTTP Request: POST https://devnet.helius-rpc.com/?api-key=2728d54b-ce26-4696-bb4d-dc8170fcd494 "HTTP/1.1 200 OK"
2025-09-17 01:39:31,869 | libs.sidecar_validator | INFO | Validating sidecar at: http://localhost:8787/health
2025-09-17 01:39:32,461 | httpx | INFO | HTTP Request: GET http://localhost:8787/health "HTTP/1.1 200 OK"
2025-09-17 01:39:32,461 | libs.sidecar_validator | INFO | Sidecar mode: forward
2025-09-17 01:39:32,462 | libs.sidecar_validator | INFO | Forward base: https://swift.drift.trade
2025-09-17 01:39:32,462 | libs.sidecar_validator | INFO | Upstream Swift service healthy: status=200 (145ms)
2025-09-17 01:39:32,462 | libs.sidecar_validator | WARNING | Circuit breaker OPEN: 3/3 consecutive failures
2025-09-17 01:39:32,462 | libs.sidecar_validator | WARNING | Sidecar will return 503 for new orders
2025-09-17 01:39:32,463 | libs.sidecar_validator | INFO | Sidecar validation passed
2025-09-17 01:39:32,609 | httpx | INFO | HTTP Request: GET http://localhost:8787/health "HTTP/1.1 200 OK"
2025-09-17 01:39:32,612 | libs.drift.drivers.swift | INFO | Swift driver initialized: http://localhost:8787, retries=3, auction=True
2025-09-17 01:39:32,860 | httpx | INFO | HTTP Request: POST https://devnet.helius-rpc.com/?api-key=2728d54b-ce26-4696-bb4d-dc8170fcd494 "HTTP/1.1 200 OK"
2025-09-17 01:39:32,970 | httpx | INFO | HTTP Request: POST https://devnet.helius-rpc.com/?api-key=2728d54b-ce26-4696-bb4d-dc8170fcd494 "HTTP/1.1 200 OK"
2025-09-17 01:39:33,053 | httpx | INFO | HTTP Request: POST https://devnet.helius-rpc.com/?api-key=2728d54b-ce26-4696-bb4d-dc8170fcd494 "HTTP/1.1 200 OK"
2025-09-17 01:39:36,577 | libs.sidecar_validator | INFO | Validating sidecar at: http://localhost:8787/health
2025-09-17 01:39:37,126 | httpx | INFO | HTTP Request: GET http://localhost:8787/health "HTTP/1.1 200 OK"
2025-09-17 01:39:37,127 | libs.sidecar_validator | INFO | Sidecar mode: forward
2025-09-17 01:39:37,127 | libs.sidecar_validator | INFO | Forward base: https://swift.drift.trade
2025-09-17 01:39:37,127 | libs.sidecar_validator | INFO | Upstream Swift service healthy: status=200 (140ms)
2025-09-17 01:39:37,127 | libs.sidecar_validator | WARNING | Circuit breaker OPEN: 3/3 consecutive failures
2025-09-17 01:39:37,128 | libs.sidecar_validator | WARNING | Sidecar will return 503 for new orders
2025-09-17 01:39:37,128 | libs.sidecar_validator | INFO | Sidecar validation passed
2025-09-17 01:39:37,476 | httpx | INFO | HTTP Request: GET http://localhost:8787/health "HTTP/1.1 200 OK"
2025-09-17 01:39:37,477 | libs.drift.drivers.swift | INFO | Swift driver initialized: http://localhost:8787, retries=3, auction=True
2025-09-17 01:39:37,672 | httpx | INFO | HTTP Request: POST https://devnet.helius-rpc.com/?api-key=2728d54b-ce26-4696-bb4d-dc8170fcd494 "HTTP/1.1 200 OK"
2025-09-17 01:39:37,762 | httpx | INFO | HTTP Request: POST https://devnet.helius-rpc.com/?api-key=2728d54b-ce26-4696-bb4d-dc8170fcd494 "HTTP/1.1 200 OK"
2025-09-17 01:39:37,915 | httpx | INFO | HTTP Request: POST https://devnet.helius-rpc.com/?api-key=2728d54b-ce26-4696-bb4d-dc8170fcd494 "HTTP/1.1 200 OK"
2025-09-17 01:39:38,949 | libs.sidecar_validator | INFO | Validating sidecar at: http://localhost:8787/health
2025-09-17 01:39:39,505 | httpx | INFO | HTTP Request: GET http://localhost:8787/health "HTTP/1.1 200 OK"
2025-09-17 01:39:39,507 | libs.sidecar_validator | INFO | Sidecar mode: forward
2025-09-17 01:39:39,507 | libs.sidecar_validator | INFO | Forward base: https://swift.drift.trade
2025-09-17 01:39:39,508 | libs.sidecar_validator | INFO | Upstream Swift service healthy: status=200 (148ms)
2025-09-17 01:39:39,508 | libs.sidecar_validator | WARNING | Circuit breaker OPEN: 3/3 consecutive failures
2025-09-17 01:39:39,508 | libs.sidecar_validator | WARNING | Sidecar will return 503 for new orders
2025-09-17 01:39:39,508 | libs.sidecar_validator | INFO | Sidecar validation passed
2025-09-17 01:39:39,884 | httpx | INFO | HTTP Request: GET http://localhost:8787/health "HTTP/1.1 200 OK"
2025-09-17 01:39:39,885 | libs.drift.drivers.swift | INFO | Swift driver initialized: http://localhost:8787, retries=3, auction=True
2025-09-17 01:39:40,022 | httpx | INFO | HTTP Request: POST https://devnet.helius-rpc.com/?api-key=2728d54b-ce26-4696-bb4d-dc8170fcd494 "HTTP/1.1 200 OK"
2025-09-17 01:39:40,284 | httpx | INFO | HTTP Request: POST https://devnet.helius-rpc.com/?api-key=2728d54b-ce26-4696-bb4d-dc8170fcd494 "HTTP/1.1 200 OK"
2025-09-17 01:39:40,402 | httpx | INFO | HTTP Request: POST https://devnet.helius-rpc.com/?api-key=2728d54b-ce26-4696-bb4d-dc8170fcd494 "HTTP/1.1 200 OK"
2025-09-17 01:39:41,444 | libs.sidecar_validator | INFO | Validating sidecar at: http://localhost:8787/health
2025-09-17 01:39:42,223 | httpx | INFO | HTTP Request: GET http://localhost:8787/health "HTTP/1.1 200 OK"
2025-09-17 01:39:42,225 | libs.sidecar_validator | INFO | Sidecar mode: forward
2025-09-17 01:39:42,225 | libs.sidecar_validator | INFO | Forward base: https://swift.drift.trade
2025-09-17 01:39:42,225 | libs.sidecar_validator | INFO | Upstream Swift service healthy: status=200 (335ms)
2025-09-17 01:39:42,226 | libs.sidecar_validator | WARNING | Circuit breaker OPEN: 3/3 consecutive failures
2025-09-17 01:39:42,226 | libs.sidecar_validator | WARNING | Sidecar will return 503 for new orders
2025-09-17 01:39:42,227 | libs.sidecar_validator | INFO | Sidecar validation passed
2025-09-17 01:39:42,376 | httpx | INFO | HTTP Request: GET http://localhost:8787/health "HTTP/1.1 200 OK"
2025-09-17 01:39:42,378 | libs.drift.drivers.swift | INFO | Swift driver initialized: http://localhost:8787, retries=3, auction=True
2025-09-17 01:39:42,528 | httpx | INFO | HTTP Request: POST https://devnet.helius-rpc.com/?api-key=2728d54b-ce26-4696-bb4d-dc8170fcd494 "HTTP/1.1 200 OK"
2025-09-17 01:39:42,761 | httpx | INFO | HTTP Request: POST https://devnet.helius-rpc.com/?api-key=2728d54b-ce26-4696-bb4d-dc8170fcd494 "HTTP/1.1 200 OK"
2025-09-17 01:39:42,851 | httpx | INFO | HTTP Request: POST https://devnet.helius-rpc.com/?api-key=2728d54b-ce26-4696-bb4d-dc8170fcd494 "HTTP/1.1 200 OK"
2025-09-17 01:39:51,385 | libs.sidecar_validator | INFO | Validating sidecar at: http://localhost:8787/health
2025-09-17 01:39:52,220 | httpx | INFO | HTTP Request: GET http://localhost:8787/health "HTTP/1.1 200 OK"
2025-09-17 01:39:52,221 | libs.sidecar_validator | INFO | Sidecar mode: forward
2025-09-17 01:39:52,221 | libs.sidecar_validator | INFO | Forward base: https://swift.drift.trade
2025-09-17 01:39:52,222 | libs.sidecar_validator | INFO | Upstream Swift service healthy: status=200 (419ms)
2025-09-17 01:39:52,222 | libs.sidecar_validator | WARNING | Circuit breaker OPEN: 3/3 consecutive failures
2025-09-17 01:39:52,222 | libs.sidecar_validator | WARNING | Sidecar will return 503 for new orders
2025-09-17 01:39:52,222 | libs.sidecar_validator | INFO | Sidecar validation passed
2025-09-17 01:39:52,572 | httpx | INFO | HTTP Request: GET http://localhost:8787/health "HTTP/1.1 200 OK"
2025-09-17 01:39:52,575 | libs.drift.drivers.swift | INFO | Swift driver initialized: http://localhost:8787, retries=3, auction=True
2025-09-17 01:39:53,326 | httpx | INFO | HTTP Request: POST https://devnet.helius-rpc.com/?api-key=2728d54b-ce26-4696-bb4d-dc8170fcd494 "HTTP/1.1 200 OK"
2025-09-17 01:39:53,439 | httpx | INFO | HTTP Request: POST https://devnet.helius-rpc.com/?api-key=2728d54b-ce26-4696-bb4d-dc8170fcd494 "HTTP/1.1 200 OK"
2025-09-17 01:39:53,585 | httpx | INFO | HTTP Request: POST https://devnet.helius-rpc.com/?api-key=2728d54b-ce26-4696-bb4d-dc8170fcd494 "HTTP/1.1 200 OK"
2025-09-17 01:39:54,677 | libs.sidecar_validator | INFO | Validating sidecar at: http://localhost:8787/health
2025-09-17 01:39:55,413 | httpx | INFO | HTTP Request: GET http://localhost:8787/health "HTTP/1.1 200 OK"
2025-09-17 01:39:55,413 | libs.sidecar_validator | INFO | Sidecar mode: forward
2025-09-17 01:39:55,414 | libs.sidecar_validator | INFO | Forward base: https://swift.drift.trade
2025-09-17 01:39:55,414 | libs.sidecar_validator | INFO | Upstream Swift service healthy: status=200 (330ms)
2025-09-17 01:39:55,415 | libs.sidecar_validator | WARNING | Circuit breaker OPEN: 3/3 consecutive failures
2025-09-17 01:39:55,415 | libs.sidecar_validator | WARNING | Sidecar will return 503 for new orders
2025-09-17 01:39:55,415 | libs.sidecar_validator | INFO | Sidecar validation passed
2025-09-17 01:39:55,565 | httpx | INFO | HTTP Request: GET http://localhost:8787/health "HTTP/1.1 200 OK"
2025-09-17 01:39:55,567 | libs.drift.drivers.swift | INFO | Swift driver initialized: http://localhost:8787, retries=3, auction=True
2025-09-17 01:39:55,847 | httpx | INFO | HTTP Request: POST https://devnet.helius-rpc.com/?api-key=2728d54b-ce26-4696-bb4d-dc8170fcd494 "HTTP/1.1 200 OK"
2025-09-17 01:39:55,968 | httpx | INFO | HTTP Request: POST https://devnet.helius-rpc.com/?api-key=2728d54b-ce26-4696-bb4d-dc8170fcd494 "HTTP/1.1 200 OK"
2025-09-17 01:39:56,087 | httpx | INFO | HTTP Request: POST https://devnet.helius-rpc.com/?api-key=2728d54b-ce26-4696-bb4d-dc8170fcd494 "HTTP/1.1 200 OK"
2025-09-17 01:39:58,983 | libs.sidecar_validator | INFO | Validating sidecar at: http://localhost:8787/health
2025-09-17 01:39:59,717 | httpx | INFO | HTTP Request: GET http://localhost:8787/health "HTTP/1.1 200 OK"
2025-09-17 01:39:59,717 | libs.sidecar_validator | INFO | Sidecar mode: forward
2025-09-17 01:39:59,718 | libs.sidecar_validator | INFO | Forward base: https://swift.drift.trade
2025-09-17 01:39:59,718 | libs.sidecar_validator | INFO | Upstream Swift service healthy: status=200 (348ms)
2025-09-17 01:39:59,718 | libs.sidecar_validator | WARNING | Circuit breaker OPEN: 3/3 consecutive failures
2025-09-17 01:39:59,719 | libs.sidecar_validator | WARNING | Sidecar will return 503 for new orders
2025-09-17 01:39:59,719 | libs.sidecar_validator | INFO | Sidecar validation passed
2025-09-17 01:39:59,880 | httpx | INFO | HTTP Request: GET http://localhost:8787/health "HTTP/1.1 200 OK"
2025-09-17 01:39:59,882 | libs.drift.drivers.swift | INFO | Swift driver initialized: http://localhost:8787, retries=3, auction=True
2025-09-17 01:39:59,981 | httpx | INFO | HTTP Request: POST https://devnet.helius-rpc.com/?api-key=2728d54b-ce26-4696-bb4d-dc8170fcd494 "HTTP/1.1 200 OK"
2025-09-17 01:40:00,146 | httpx | INFO | HTTP Request: POST https://devnet.helius-rpc.com/?api-key=2728d54b-ce26-4696-bb4d-dc8170fcd494 "HTTP/1.1 200 OK"
2025-09-17 01:40:00,222 | httpx | INFO | HTTP Request: POST https://devnet.helius-rpc.com/?api-key=2728d54b-ce26-4696-bb4d-dc8170fcd494 "HTTP/1.1 200 OK"
2025-09-17 01:40:02,724 | libs.sidecar_validator | INFO | Validating sidecar at: http://localhost:8787/health
2025-09-17 01:40:03,265 | httpx | INFO | HTTP Request: GET http://localhost:8787/health "HTTP/1.1 200 OK"
2025-09-17 01:40:03,265 | libs.sidecar_validator | INFO | Sidecar mode: forward
2025-09-17 01:40:03,266 | libs.sidecar_validator | INFO | Forward base: https://swift.drift.trade
2025-09-17 01:40:03,266 | libs.sidecar_validator | INFO | Upstream Swift service healthy: status=200 (144ms)
2025-09-17 01:40:03,266 | libs.sidecar_validator | WARNING | Circuit breaker OPEN: 3/3 consecutive failures
2025-09-17 01:40:03,266 | libs.sidecar_validator | WARNING | Sidecar will return 503 for new orders
2025-09-17 01:40:03,267 | libs.sidecar_validator | INFO | Sidecar validation passed
2025-09-17 01:40:03,601 | httpx | INFO | HTTP Request: GET http://localhost:8787/health "HTTP/1.1 200 OK"
2025-09-17 01:40:03,602 | libs.drift.drivers.swift | INFO | Swift driver initialized: http://localhost:8787, retries=3, auction=True
2025-09-17 01:40:03,758 | httpx | INFO | HTTP Request: POST https://devnet.helius-rpc.com/?api-key=2728d54b-ce26-4696-bb4d-dc8170fcd494 "HTTP/1.1 200 OK"
2025-09-17 01:40:03,852 | httpx | INFO | HTTP Request: POST https://devnet.helius-rpc.com/?api-key=2728d54b-ce26-4696-bb4d-dc8170fcd494 "HTTP/1.1 200 OK"
2025-09-17 01:40:03,922 | httpx | INFO | HTTP Request: POST https://devnet.helius-rpc.com/?api-key=2728d54b-ce26-4696-bb4d-dc8170fcd494 "HTTP/1.1 200 OK"
2025-09-17 01:40:08,312 | libs.sidecar_validator | INFO | Validating sidecar at: http://localhost:8787/health
2025-09-17 01:40:08,982 | httpx | INFO | HTTP Request: GET http://localhost:8787/health "HTTP/1.1 200 OK"
2025-09-17 01:40:08,983 | libs.sidecar_validator | INFO | Sidecar mode: forward
2025-09-17 01:40:08,983 | libs.sidecar_validator | INFO | Forward base: https://swift.drift.trade
2025-09-17 01:40:08,984 | libs.sidecar_validator | INFO | Upstream Swift service healthy: status=200 (230ms)
2025-09-17 01:40:08,985 | libs.sidecar_validator | WARNING | Circuit breaker OPEN: 3/3 consecutive failures
2025-09-17 01:40:08,985 | libs.sidecar_validator | WARNING | Sidecar will return 503 for new orders
2025-09-17 01:40:08,985 | libs.sidecar_validator | INFO | Sidecar validation passed
2025-09-17 01:40:09,136 | httpx | INFO | HTTP Request: GET http://localhost:8787/health "HTTP/1.1 200 OK"
2025-09-17 01:40:09,137 | libs.drift.drivers.swift | INFO | Swift driver initialized: http://localhost:8787, retries=3, auction=True
2025-09-17 01:40:09,634 | httpx | INFO | HTTP Request: POST https://devnet.helius-rpc.com/?api-key=2728d54b-ce26-4696-bb4d-dc8170fcd494 "HTTP/1.1 200 OK"
2025-09-17 01:40:09,770 | httpx | INFO | HTTP Request: POST https://devnet.helius-rpc.com/?api-key=2728d54b-ce26-4696-bb4d-dc8170fcd494 "HTTP/1.1 200 OK"
2025-09-17 01:40:10,077 | httpx | INFO | HTTP Request: POST https://devnet.helius-rpc.com/?api-key=2728d54b-ce26-4696-bb4d-dc8170fcd494 "HTTP/1.1 200 OK"
2025-09-17 01:40:12,305 | libs.sidecar_validator | INFO | Validating sidecar at: http://localhost:8787/health
2025-09-17 01:40:13,039 | httpx | INFO | HTTP Request: GET http://localhost:8787/health "HTTP/1.1 200 OK"
2025-09-17 01:40:13,040 | libs.sidecar_validator | INFO | Sidecar mode: forward
2025-09-17 01:40:13,040 | libs.sidecar_validator | INFO | Forward base: https://swift.drift.trade
2025-09-17 01:40:13,041 | libs.sidecar_validator | INFO | Upstream Swift service healthy: status=200 (330ms)
2025-09-17 01:40:13,041 | libs.sidecar_validator | WARNING | Circuit breaker OPEN: 3/3 consecutive failures
2025-09-17 01:40:13,042 | libs.sidecar_validator | WARNING | Sidecar will return 503 for new orders
2025-09-17 01:40:13,042 | libs.sidecar_validator | INFO | Sidecar validation passed
2025-09-17 01:40:13,213 | httpx | INFO | HTTP Request: GET http://localhost:8787/health "HTTP/1.1 200 OK"
2025-09-17 01:40:13,215 | libs.drift.drivers.swift | INFO | Swift driver initialized: http://localhost:8787, retries=3, auction=True
2025-09-17 01:40:13,305 | httpx | INFO | HTTP Request: POST https://devnet.helius-rpc.com/?api-key=2728d54b-ce26-4696-bb4d-dc8170fcd494 "HTTP/1.1 200 OK"
2025-09-17 01:40:13,393 | httpx | INFO | HTTP Request: POST https://devnet.helius-rpc.com/?api-key=2728d54b-ce26-4696-bb4d-dc8170fcd494 "HTTP/1.1 200 OK"
2025-09-17 01:40:13,464 | httpx | INFO | HTTP Request: POST https://devnet.helius-rpc.com/?api-key=2728d54b-ce26-4696-bb4d-dc8170fcd494 "HTTP/1.1 200 OK"
2025-09-17 01:40:14,511 | libs.sidecar_validator | INFO | Validating sidecar at: http://localhost:8787/health
2025-09-17 01:40:15,079 | httpx | INFO | HTTP Request: GET http://localhost:8787/health "HTTP/1.1 200 OK"
2025-09-17 01:40:15,080 | libs.sidecar_validator | INFO | Sidecar mode: forward
2025-09-17 01:40:15,081 | libs.sidecar_validator | INFO | Forward base: https://swift.drift.trade
2025-09-17 01:40:15,081 | libs.sidecar_validator | INFO | Upstream Swift service healthy: status=200 (143ms)
2025-09-17 01:40:15,082 | libs.sidecar_validator | WARNING | Circuit breaker OPEN: 3/3 consecutive failures
2025-09-17 01:40:15,082 | libs.sidecar_validator | WARNING | Sidecar will return 503 for new orders
2025-09-17 01:40:15,082 | libs.sidecar_validator | INFO | Sidecar validation passed
2025-09-17 01:40:15,226 | httpx | INFO | HTTP Request: GET http://localhost:8787/health "HTTP/1.1 200 OK"
2025-09-17 01:40:15,227 | libs.drift.drivers.swift | INFO | Swift driver initialized: http://localhost:8787, retries=3, auction=True
2025-09-17 01:40:15,502 | httpx | INFO | HTTP Request: POST https://devnet.helius-rpc.com/?api-key=2728d54b-ce26-4696-bb4d-dc8170fcd494 "HTTP/1.1 200 OK"
2025-09-17 01:40:15,675 | httpx | INFO | HTTP Request: POST https://devnet.helius-rpc.com/?api-key=2728d54b-ce26-4696-bb4d-dc8170fcd494 "HTTP/1.1 200 OK"
2025-09-17 01:40:15,750 | httpx | INFO | HTTP Request: POST https://devnet.helius-rpc.com/?api-key=2728d54b-ce26-4696-bb4d-dc8170fcd494 "HTTP/1.1 200 OK"
2025-09-17 01:40:16,788 | libs.sidecar_validator | INFO | Validating sidecar at: http://localhost:8787/health
2025-09-17 01:40:17,527 | httpx | INFO | HTTP Request: GET http://localhost:8787/health "HTTP/1.1 200 OK"
2025-09-17 01:40:17,528 | libs.sidecar_validator | INFO | Sidecar mode: forward
2025-09-17 01:40:17,528 | libs.sidecar_validator | INFO | Forward base: https://swift.drift.trade
2025-09-17 01:40:17,528 | libs.sidecar_validator | INFO | Upstream Swift service healthy: status=200 (333ms)
2025-09-17 01:40:17,528 | libs.sidecar_validator | WARNING | Circuit breaker OPEN: 3/3 consecutive failures
2025-09-17 01:40:17,529 | libs.sidecar_validator | WARNING | Sidecar will return 503 for new orders
2025-09-17 01:40:17,529 | libs.sidecar_validator | INFO | Sidecar validation passed
2025-09-17 01:40:17,682 | httpx | INFO | HTTP Request: GET http://localhost:8787/health "HTTP/1.1 200 OK"
2025-09-17 01:40:17,684 | libs.drift.drivers.swift | INFO | Swift driver initialized: http://localhost:8787, retries=3, auction=True
2025-09-17 01:40:17,799 | httpx | INFO | HTTP Request: POST https://devnet.helius-rpc.com/?api-key=2728d54b-ce26-4696-bb4d-dc8170fcd494 "HTTP/1.1 200 OK"
2025-09-17 01:40:17,910 | httpx | INFO | HTTP Request: POST https://devnet.helius-rpc.com/?api-key=2728d54b-ce26-4696-bb4d-dc8170fcd494 "HTTP/1.1 200 OK"
2025-09-17 01:40:18,026 | httpx | INFO | HTTP Request: POST https://devnet.helius-rpc.com/?api-key=2728d54b-ce26-4696-bb4d-dc8170fcd494 "HTTP/1.1 200 OK"
2025-09-17 01:40:19,613 | libs.sidecar_validator | INFO | Validating sidecar at: http://localhost:8787/health
2025-09-17 01:40:20,360 | httpx | INFO | HTTP Request: GET http://localhost:8787/health "HTTP/1.1 200 OK"
2025-09-17 01:40:20,361 | libs.sidecar_validator | INFO | Sidecar mode: forward
2025-09-17 01:40:20,361 | libs.sidecar_validator | INFO | Forward base: https://swift.drift.trade
2025-09-17 01:40:20,362 | libs.sidecar_validator | INFO | Upstream Swift service healthy: status=200 (329ms)
2025-09-17 01:40:20,362 | libs.sidecar_validator | WARNING | Circuit breaker OPEN: 3/3 consecutive failures
2025-09-17 01:40:20,362 | libs.sidecar_validator | WARNING | Sidecar will return 503 for new orders
2025-09-17 01:40:20,363 | libs.sidecar_validator | INFO | Sidecar validation passed
2025-09-17 01:40:20,745 | httpx | INFO | HTTP Request: GET http://localhost:8787/health "HTTP/1.1 200 OK"
2025-09-17 01:40:20,747 | libs.drift.drivers.swift | INFO | Swift driver initialized: http://localhost:8787, retries=3, auction=True
2025-09-17 01:40:20,914 | httpx | INFO | HTTP Request: POST https://devnet.helius-rpc.com/?api-key=2728d54b-ce26-4696-bb4d-dc8170fcd494 "HTTP/1.1 200 OK"
2025-09-17 01:40:21,076 | httpx | INFO | HTTP Request: POST https://devnet.helius-rpc.com/?api-key=2728d54b-ce26-4696-bb4d-dc8170fcd494 "HTTP/1.1 200 OK"
2025-09-17 01:40:21,231 | httpx | INFO | HTTP Request: POST https://devnet.helius-rpc.com/?api-key=2728d54b-ce26-4696-bb4d-dc8170fcd494 "HTTP/1.1 200 OK"
2025-09-17 01:40:22,269 | libs.sidecar_validator | INFO | Validating sidecar at: http://localhost:8787/health
2025-09-17 01:40:23,033 | httpx | INFO | HTTP Request: GET http://localhost:8787/health "HTTP/1.1 200 OK"
2025-09-17 01:40:23,033 | libs.sidecar_validator | INFO | Sidecar mode: forward
2025-09-17 01:40:23,034 | libs.sidecar_validator | INFO | Forward base: https://swift.drift.trade
2025-09-17 01:40:23,034 | libs.sidecar_validator | INFO | Upstream Swift service healthy: status=200 (330ms)
2025-09-17 01:40:23,034 | libs.sidecar_validator | WARNING | Circuit breaker OPEN: 3/3 consecutive failures
2025-09-17 01:40:23,034 | libs.sidecar_validator | WARNING | Sidecar will return 503 for new orders
2025-09-17 01:40:23,034 | libs.sidecar_validator | INFO | Sidecar validation passed
2025-09-17 01:40:23,179 | httpx | INFO | HTTP Request: GET http://localhost:8787/health "HTTP/1.1 200 OK"
2025-09-17 01:40:23,182 | libs.drift.drivers.swift | INFO | Swift driver initialized: http://localhost:8787, retries=3, auction=True
2025-09-17 01:40:23,359 | httpx | INFO | HTTP Request: POST https://devnet.helius-rpc.com/?api-key=2728d54b-ce26-4696-bb4d-dc8170fcd494 "HTTP/1.1 200 OK"
2025-09-17 01:40:23,621 | httpx | INFO | HTTP Request: POST https://devnet.helius-rpc.com/?api-key=2728d54b-ce26-4696-bb4d-dc8170fcd494 "HTTP/1.1 200 OK"
2025-09-17 01:40:23,775 | httpx | INFO | HTTP Request: POST https://devnet.helius-rpc.com/?api-key=2728d54b-ce26-4696-bb4d-dc8170fcd494 "HTTP/1.1 200 OK"
2025-09-17 01:40:25,435 | libs.sidecar_validator | INFO | Validating sidecar at: http://localhost:8787/health
2025-09-17 01:40:26,176 | httpx | INFO | HTTP Request: GET http://localhost:8787/health "HTTP/1.1 200 OK"
2025-09-17 01:40:26,177 | libs.sidecar_validator | INFO | Sidecar mode: forward
2025-09-17 01:40:26,177 | libs.sidecar_validator | INFO | Forward base: https://swift.drift.trade
2025-09-17 01:40:26,178 | libs.sidecar_validator | INFO | Upstream Swift service healthy: status=200 (329ms)
2025-09-17 01:40:26,178 | libs.sidecar_validator | WARNING | Circuit breaker OPEN: 3/3 consecutive failures
2025-09-17 01:40:26,178 | libs.sidecar_validator | WARNING | Sidecar will return 503 for new orders
2025-09-17 01:40:26,179 | libs.sidecar_validator | INFO | Sidecar validation passed
2025-09-17 01:40:26,518 | httpx | INFO | HTTP Request: GET http://localhost:8787/health "HTTP/1.1 200 OK"
2025-09-17 01:40:26,519 | libs.drift.drivers.swift | INFO | Swift driver initialized: http://localhost:8787, retries=3, auction=True
2025-09-17 01:40:26,810 | httpx | INFO | HTTP Request: POST https://devnet.helius-rpc.com/?api-key=2728d54b-ce26-4696-bb4d-dc8170fcd494 "HTTP/1.1 200 OK"
2025-09-17 01:40:26,971 | httpx | INFO | HTTP Request: POST https://devnet.helius-rpc.com/?api-key=2728d54b-ce26-4696-bb4d-dc8170fcd494 "HTTP/1.1 200 OK"
2025-09-17 01:40:27,118 | httpx | INFO | HTTP Request: POST https://devnet.helius-rpc.com/?api-key=2728d54b-ce26-4696-bb4d-dc8170fcd494 "HTTP/1.1 200 OK"
2025-09-17 01:40:28,149 | libs.sidecar_validator | INFO | Validating sidecar at: http://localhost:8787/health
2025-09-17 01:40:28,975 | httpx | INFO | HTTP Request: GET http://localhost:8787/health "HTTP/1.1 200 OK"
2025-09-17 01:40:28,976 | libs.sidecar_validator | INFO | Sidecar mode: forward
2025-09-17 01:40:28,976 | libs.sidecar_validator | INFO | Forward base: https://swift.drift.trade
2025-09-17 01:40:28,977 | libs.sidecar_validator | INFO | Upstream Swift service healthy: status=200 (325ms)
2025-09-17 01:40:28,977 | libs.sidecar_validator | WARNING | Circuit breaker OPEN: 3/3 consecutive failures
2025-09-17 01:40:28,977 | libs.sidecar_validator | WARNING | Sidecar will return 503 for new orders
2025-09-17 01:40:28,977 | libs.sidecar_validator | INFO | Sidecar validation passed
2025-09-17 01:40:29,128 | httpx | INFO | HTTP Request: GET http://localhost:8787/health "HTTP/1.1 200 OK"
2025-09-17 01:40:29,131 | libs.drift.drivers.swift | INFO | Swift driver initialized: http://localhost:8787, retries=3, auction=True
2025-09-17 01:40:29,227 | httpx | INFO | HTTP Request: POST https://devnet.helius-rpc.com/?api-key=2728d54b-ce26-4696-bb4d-dc8170fcd494 "HTTP/1.1 200 OK"
2025-09-17 01:40:29,380 | httpx | INFO | HTTP Request: POST https://devnet.helius-rpc.com/?api-key=2728d54b-ce26-4696-bb4d-dc8170fcd494 "HTTP/1.1 200 OK"
2025-09-17 01:40:29,535 | httpx | INFO | HTTP Request: POST https://devnet.helius-rpc.com/?api-key=2728d54b-ce26-4696-bb4d-dc8170fcd494 "HTTP/1.1 200 OK"
2025-09-17 01:40:30,539 | libs.sidecar_validator | INFO | Validating sidecar at: http://localhost:8787/health
2025-09-17 01:40:31,124 | httpx | INFO | HTTP Request: GET http://localhost:8787/health "HTTP/1.1 200 OK"
2025-09-17 01:40:31,125 | libs.sidecar_validator | INFO | Sidecar mode: forward
2025-09-17 01:40:31,125 | libs.sidecar_validator | INFO | Forward base: https://swift.drift.trade
2025-09-17 01:40:31,126 | libs.sidecar_validator | INFO | Upstream Swift service healthy: status=200 (142ms)
2025-09-17 01:40:31,126 | libs.sidecar_validator | WARNING | Circuit breaker OPEN: 3/3 consecutive failures
2025-09-17 01:40:31,126 | libs.sidecar_validator | WARNING | Sidecar will return 503 for new orders
2025-09-17 01:40:31,127 | libs.sidecar_validator | INFO | Sidecar validation passed
2025-09-17 01:40:31,278 | httpx | INFO | HTTP Request: GET http://localhost:8787/health "HTTP/1.1 200 OK"
2025-09-17 01:40:31,279 | libs.drift.drivers.swift | INFO | Swift driver initialized: http://localhost:8787, retries=3, auction=True
2025-09-17 01:40:31,348 | httpx | INFO | HTTP Request: POST https://devnet.helius-rpc.com/?api-key=2728d54b-ce26-4696-bb4d-dc8170fcd494 "HTTP/1.1 200 OK"
2025-09-17 01:40:31,445 | httpx | INFO | HTTP Request: POST https://devnet.helius-rpc.com/?api-key=2728d54b-ce26-4696-bb4d-dc8170fcd494 "HTTP/1.1 200 OK"
2025-09-17 01:40:31,600 | httpx | INFO | HTTP Request: POST https://devnet.helius-rpc.com/?api-key=2728d54b-ce26-4696-bb4d-dc8170fcd494 "HTTP/1.1 200 OK"
2025-09-17 01:40:32,650 | libs.sidecar_validator | INFO | Validating sidecar at: http://localhost:8787/health
2025-09-17 01:40:33,416 | httpx | INFO | HTTP Request: GET http://localhost:8787/health "HTTP/1.1 200 OK"
2025-09-17 01:40:33,417 | libs.sidecar_validator | INFO | Sidecar mode: forward
2025-09-17 01:40:33,417 | libs.sidecar_validator | INFO | Forward base: https://swift.drift.trade
2025-09-17 01:40:33,418 | libs.sidecar_validator | INFO | Upstream Swift service healthy: status=200 (344ms)
2025-09-17 01:40:33,418 | libs.sidecar_validator | WARNING | Circuit breaker OPEN: 3/3 consecutive failures
2025-09-17 01:40:33,418 | libs.sidecar_validator | WARNING | Sidecar will return 503 for new orders
2025-09-17 01:40:33,419 | libs.sidecar_validator | INFO | Sidecar validation passed
2025-09-17 01:40:33,576 | httpx | INFO | HTTP Request: GET http://localhost:8787/health "HTTP/1.1 200 OK"
2025-09-17 01:40:33,578 | libs.drift.drivers.swift | INFO | Swift driver initialized: http://localhost:8787, retries=3, auction=True
2025-09-17 01:40:33,654 | httpx | INFO | HTTP Request: POST https://devnet.helius-rpc.com/?api-key=2728d54b-ce26-4696-bb4d-dc8170fcd494 "HTTP/1.1 200 OK"
2025-09-17 01:40:33,799 | httpx | INFO | HTTP Request: POST https://devnet.helius-rpc.com/?api-key=2728d54b-ce26-4696-bb4d-dc8170fcd494 "HTTP/1.1 200 OK"
2025-09-17 01:40:33,952 | httpx | INFO | HTTP Request: POST https://devnet.helius-rpc.com/?api-key=2728d54b-ce26-4696-bb4d-dc8170fcd494 "HTTP/1.1 200 OK"
2025-09-17 01:40:35,003 | libs.sidecar_validator | INFO | Validating sidecar at: http://localhost:8787/health
2025-09-17 01:40:35,765 | httpx | INFO | HTTP Request: GET http://localhost:8787/health "HTTP/1.1 200 OK"
2025-09-17 01:40:35,766 | libs.sidecar_validator | INFO | Sidecar mode: forward
2025-09-17 01:40:35,766 | libs.sidecar_validator | INFO | Forward base: https://swift.drift.trade
2025-09-17 01:40:35,767 | libs.sidecar_validator | INFO | Upstream Swift service healthy: status=200 (154ms)
2025-09-17 01:40:35,768 | libs.sidecar_validator | WARNING | Circuit breaker OPEN: 3/3 consecutive failures
2025-09-17 01:40:35,768 | libs.sidecar_validator | WARNING | Sidecar will return 503 for new orders
2025-09-17 01:40:35,768 | libs.sidecar_validator | INFO | Sidecar validation passed
2025-09-17 01:40:35,914 | httpx | INFO | HTTP Request: GET http://localhost:8787/health "HTTP/1.1 200 OK"
2025-09-17 01:40:35,916 | libs.drift.drivers.swift | INFO | Swift driver initialized: http://localhost:8787, retries=3, auction=True
2025-09-17 01:40:36,031 | httpx | INFO | HTTP Request: POST https://devnet.helius-rpc.com/?api-key=2728d54b-ce26-4696-bb4d-dc8170fcd494 "HTTP/1.1 200 OK"
2025-09-17 01:40:36,122 | httpx | INFO | HTTP Request: POST https://devnet.helius-rpc.com/?api-key=2728d54b-ce26-4696-bb4d-dc8170fcd494 "HTTP/1.1 200 OK"
2025-09-17 01:40:36,202 | httpx | INFO | HTTP Request: POST https://devnet.helius-rpc.com/?api-key=2728d54b-ce26-4696-bb4d-dc8170fcd494 "HTTP/1.1 200 OK"
2025-09-17 01:40:37,252 | libs.sidecar_validator | INFO | Validating sidecar at: http://localhost:8787/health
2025-09-17 01:40:37,846 | httpx | INFO | HTTP Request: GET http://localhost:8787/health "HTTP/1.1 200 OK"
2025-09-17 01:40:37,846 | libs.sidecar_validator | INFO | Sidecar mode: forward
2025-09-17 01:40:37,847 | libs.sidecar_validator | INFO | Forward base: https://swift.drift.trade
2025-09-17 01:40:37,848 | libs.sidecar_validator | INFO | Upstream Swift service healthy: status=200 (145ms)
2025-09-17 01:40:37,848 | libs.sidecar_validator | WARNING | Circuit breaker OPEN: 3/3 consecutive failures
2025-09-17 01:40:37,848 | libs.sidecar_validator | WARNING | Sidecar will return 503 for new orders
2025-09-17 01:40:37,848 | libs.sidecar_validator | INFO | Sidecar validation passed
2025-09-17 01:40:38,193 | httpx | INFO | HTTP Request: GET http://localhost:8787/health "HTTP/1.1 200 OK"
2025-09-17 01:40:38,195 | libs.drift.drivers.swift | INFO | Swift driver initialized: http://localhost:8787, retries=3, auction=True
2025-09-17 01:40:38,306 | httpx | INFO | HTTP Request: POST https://devnet.helius-rpc.com/?api-key=2728d54b-ce26-4696-bb4d-dc8170fcd494 "HTTP/1.1 200 OK"
2025-09-17 01:40:38,402 | httpx | INFO | HTTP Request: POST https://devnet.helius-rpc.com/?api-key=2728d54b-ce26-4696-bb4d-dc8170fcd494 "HTTP/1.1 200 OK"
2025-09-17 01:40:38,509 | httpx | INFO | HTTP Request: POST https://devnet.helius-rpc.com/?api-key=2728d54b-ce26-4696-bb4d-dc8170fcd494 "HTTP/1.1 200 OK"
2025-09-17 01:40:42,055 | libs.sidecar_validator | INFO | Validating sidecar at: http://localhost:8787/health
2025-09-17 01:40:42,656 | httpx | INFO | HTTP Request: GET http://localhost:8787/health "HTTP/1.1 200 OK"
2025-09-17 01:40:42,657 | libs.sidecar_validator | INFO | Sidecar mode: forward
2025-09-17 01:40:42,658 | libs.sidecar_validator | INFO | Forward base: https://swift.drift.trade
2025-09-17 01:40:42,658 | libs.sidecar_validator | INFO | Upstream Swift service healthy: status=200 (161ms)
2025-09-17 01:40:42,658 | libs.sidecar_validator | WARNING | Circuit breaker OPEN: 3/3 consecutive failures
2025-09-17 01:40:42,659 | libs.sidecar_validator | WARNING | Sidecar will return 503 for new orders
2025-09-17 01:40:42,659 | libs.sidecar_validator | INFO | Sidecar validation passed
2025-09-17 01:40:43,010 | httpx | INFO | HTTP Request: GET http://localhost:8787/health "HTTP/1.1 200 OK"
2025-09-17 01:40:43,012 | libs.drift.drivers.swift | INFO | Swift driver initialized: http://localhost:8787, retries=3, auction=True
2025-09-17 01:40:43,245 | httpx | INFO | HTTP Request: POST https://devnet.helius-rpc.com/?api-key=2728d54b-ce26-4696-bb4d-dc8170fcd494 "HTTP/1.1 200 OK"
2025-09-17 01:40:43,342 | httpx | INFO | HTTP Request: POST https://devnet.helius-rpc.com/?api-key=2728d54b-ce26-4696-bb4d-dc8170fcd494 "HTTP/1.1 200 OK"
2025-09-17 01:40:43,452 | httpx | INFO | HTTP Request: POST https://devnet.helius-rpc.com/?api-key=2728d54b-ce26-4696-bb4d-dc8170fcd494 "HTTP/1.1 200 OK"
2025-09-17 01:40:44,488 | libs.sidecar_validator | INFO | Validating sidecar at: http://localhost:8787/health
2025-09-17 01:40:45,127 | httpx | INFO | HTTP Request: GET http://localhost:8787/health "HTTP/1.1 200 OK"
2025-09-17 01:40:45,130 | libs.sidecar_validator | INFO | Sidecar mode: forward
2025-09-17 01:40:45,130 | libs.sidecar_validator | INFO | Forward base: https://swift.drift.trade
2025-09-17 01:40:45,130 | libs.sidecar_validator | INFO | Upstream Swift service healthy: status=200 (144ms)
2025-09-17 01:40:45,131 | libs.sidecar_validator | WARNING | Circuit breaker OPEN: 3/3 consecutive failures
2025-09-17 01:40:45,131 | libs.sidecar_validator | WARNING | Sidecar will return 503 for new orders
2025-09-17 01:40:45,131 | libs.sidecar_validator | INFO | Sidecar validation passed
2025-09-17 01:40:45,290 | httpx | INFO | HTTP Request: GET http://localhost:8787/health "HTTP/1.1 200 OK"
2025-09-17 01:40:45,292 | libs.drift.drivers.swift | INFO | Swift driver initialized: http://localhost:8787, retries=3, auction=True
2025-09-17 01:40:45,365 | httpx | INFO | HTTP Request: POST https://devnet.helius-rpc.com/?api-key=2728d54b-ce26-4696-bb4d-dc8170fcd494 "HTTP/1.1 200 OK"
2025-09-17 01:40:45,472 | httpx | INFO | HTTP Request: POST https://devnet.helius-rpc.com/?api-key=2728d54b-ce26-4696-bb4d-dc8170fcd494 "HTTP/1.1 200 OK"
2025-09-17 01:40:45,577 | httpx | INFO | HTTP Request: POST https://devnet.helius-rpc.com/?api-key=2728d54b-ce26-4696-bb4d-dc8170fcd494 "HTTP/1.1 200 OK"
2025-09-17 01:40:46,624 | libs.sidecar_validator | INFO | Validating sidecar at: http://localhost:8787/health
2025-09-17 01:40:47,199 | httpx | INFO | HTTP Request: GET http://localhost:8787/health "HTTP/1.1 200 OK"
2025-09-17 01:40:47,201 | libs.sidecar_validator | INFO | Sidecar mode: forward
2025-09-17 01:40:47,201 | libs.sidecar_validator | INFO | Forward base: https://swift.drift.trade
2025-09-17 01:40:47,201 | libs.sidecar_validator | INFO | Upstream Swift service healthy: status=200 (159ms)
2025-09-17 01:40:47,201 | libs.sidecar_validator | WARNING | Circuit breaker OPEN: 3/3 consecutive failures
2025-09-17 01:40:47,202 | libs.sidecar_validator | WARNING | Sidecar will return 503 for new orders
2025-09-17 01:40:47,202 | libs.sidecar_validator | INFO | Sidecar validation passed
2025-09-17 01:40:47,362 | httpx | INFO | HTTP Request: GET http://localhost:8787/health "HTTP/1.1 200 OK"
2025-09-17 01:40:47,364 | libs.drift.drivers.swift | INFO | Swift driver initialized: http://localhost:8787, retries=3, auction=True
2025-09-17 01:40:47,480 | httpx | INFO | HTTP Request: POST https://devnet.helius-rpc.com/?api-key=2728d54b-ce26-4696-bb4d-dc8170fcd494 "HTTP/1.1 200 OK"
2025-09-17 01:40:47,591 | httpx | INFO | HTTP Request: POST https://devnet.helius-rpc.com/?api-key=2728d54b-ce26-4696-bb4d-dc8170fcd494 "HTTP/1.1 200 OK"
2025-09-17 01:40:47,699 | httpx | INFO | HTTP Request: POST https://devnet.helius-rpc.com/?api-key=2728d54b-ce26-4696-bb4d-dc8170fcd494 "HTTP/1.1 200 OK"
2025-09-17 01:40:48,974 | libs.sidecar_validator | INFO | Validating sidecar at: http://localhost:8787/health
2025-09-17 01:40:49,737 | httpx | INFO | HTTP Request: GET http://localhost:8787/health "HTTP/1.1 200 OK"
2025-09-17 01:40:49,738 | libs.sidecar_validator | INFO | Sidecar mode: forward
2025-09-17 01:40:49,738 | libs.sidecar_validator | INFO | Forward base: https://swift.drift.trade
2025-09-17 01:40:49,739 | libs.sidecar_validator | INFO | Upstream Swift service healthy: status=200 (344ms)
2025-09-17 01:40:49,739 | libs.sidecar_validator | WARNING | Circuit breaker OPEN: 3/3 consecutive failures
2025-09-17 01:40:49,739 | libs.sidecar_validator | WARNING | Sidecar will return 503 for new orders
2025-09-17 01:40:49,739 | libs.sidecar_validator | INFO | Sidecar validation passed
2025-09-17 01:40:50,075 | httpx | INFO | HTTP Request: GET http://localhost:8787/health "HTTP/1.1 200 OK"
2025-09-17 01:40:50,077 | libs.drift.drivers.swift | INFO | Swift driver initialized: http://localhost:8787, retries=3, auction=True
2025-09-17 01:40:50,202 | httpx | INFO | HTTP Request: POST https://devnet.helius-rpc.com/?api-key=2728d54b-ce26-4696-bb4d-dc8170fcd494 "HTTP/1.1 200 OK"
2025-09-17 01:40:50,300 | httpx | INFO | HTTP Request: POST https://devnet.helius-rpc.com/?api-key=2728d54b-ce26-4696-bb4d-dc8170fcd494 "HTTP/1.1 200 OK"
2025-09-17 01:40:50,422 | httpx | INFO | HTTP Request: POST https://devnet.helius-rpc.com/?api-key=2728d54b-ce26-4696-bb4d-dc8170fcd494 "HTTP/1.1 200 OK"
2025-09-17 01:40:51,469 | libs.sidecar_validator | INFO | Validating sidecar at: http://localhost:8787/health
2025-09-17 01:40:52,113 | httpx | INFO | HTTP Request: GET http://localhost:8787/health "HTTP/1.1 200 OK"
2025-09-17 01:40:52,113 | libs.sidecar_validator | INFO | Sidecar mode: forward
2025-09-17 01:40:52,114 | libs.sidecar_validator | INFO | Forward base: https://swift.drift.trade
2025-09-17 01:40:52,114 | libs.sidecar_validator | INFO | Upstream Swift service healthy: status=200 (228ms)
2025-09-17 01:40:52,114 | libs.sidecar_validator | WARNING | Circuit breaker OPEN: 3/3 consecutive failures
2025-09-17 01:40:52,115 | libs.sidecar_validator | WARNING | Sidecar will return 503 for new orders
2025-09-17 01:40:52,115 | libs.sidecar_validator | INFO | Sidecar validation passed
2025-09-17 01:40:52,262 | httpx | INFO | HTTP Request: GET http://localhost:8787/health "HTTP/1.1 200 OK"
2025-09-17 01:40:52,264 | libs.drift.drivers.swift | INFO | Swift driver initialized: http://localhost:8787, retries=3, auction=True
2025-09-17 01:40:52,341 | httpx | INFO | HTTP Request: POST https://devnet.helius-rpc.com/?api-key=2728d54b-ce26-4696-bb4d-dc8170fcd494 "HTTP/1.1 200 OK"
2025-09-17 01:40:52,404 | httpx | INFO | HTTP Request: POST https://devnet.helius-rpc.com/?api-key=2728d54b-ce26-4696-bb4d-dc8170fcd494 "HTTP/1.1 200 OK"
2025-09-17 01:40:52,510 | httpx | INFO | HTTP Request: POST https://devnet.helius-rpc.com/?api-key=2728d54b-ce26-4696-bb4d-dc8170fcd494 "HTTP/1.1 200 OK"
2025-09-17 01:40:53,553 | libs.sidecar_validator | INFO | Validating sidecar at: http://localhost:8787/health
2025-09-17 01:40:54,110 | httpx | INFO | HTTP Request: GET http://localhost:8787/health "HTTP/1.1 200 OK"
2025-09-17 01:40:54,111 | libs.sidecar_validator | INFO | Sidecar mode: forward
2025-09-17 01:40:54,111 | libs.sidecar_validator | INFO | Forward base: https://swift.drift.trade
2025-09-17 01:40:54,112 | libs.sidecar_validator | INFO | Upstream Swift service healthy: status=200 (144ms)
2025-09-17 01:40:54,112 | libs.sidecar_validator | WARNING | Circuit breaker OPEN: 3/3 consecutive failures
2025-09-17 01:40:54,112 | libs.sidecar_validator | WARNING | Sidecar will return 503 for new orders
2025-09-17 01:40:54,113 | libs.sidecar_validator | INFO | Sidecar validation passed
2025-09-17 01:40:54,271 | httpx | INFO | HTTP Request: GET http://localhost:8787/health "HTTP/1.1 200 OK"
2025-09-17 01:40:54,274 | libs.drift.drivers.swift | INFO | Swift driver initialized: http://localhost:8787, retries=3, auction=True
2025-09-17 01:40:54,369 | httpx | INFO | HTTP Request: POST https://devnet.helius-rpc.com/?api-key=2728d54b-ce26-4696-bb4d-dc8170fcd494 "HTTP/1.1 200 OK"
2025-09-17 01:40:54,471 | httpx | INFO | HTTP Request: POST https://devnet.helius-rpc.com/?api-key=2728d54b-ce26-4696-bb4d-dc8170fcd494 "HTTP/1.1 200 OK"
2025-09-17 01:40:54,580 | httpx | INFO | HTTP Request: POST https://devnet.helius-rpc.com/?api-key=2728d54b-ce26-4696-bb4d-dc8170fcd494 "HTTP/1.1 200 OK"
2025-09-17 01:40:55,637 | libs.sidecar_validator | INFO | Validating sidecar at: http://localhost:8787/health
2025-09-17 01:40:56,204 | httpx | INFO | HTTP Request: GET http://localhost:8787/health "HTTP/1.1 200 OK"
2025-09-17 01:40:56,206 | libs.sidecar_validator | INFO | Sidecar mode: forward
2025-09-17 01:40:56,206 | libs.sidecar_validator | INFO | Forward base: https://swift.drift.trade
2025-09-17 01:40:56,206 | libs.sidecar_validator | INFO | Upstream Swift service healthy: status=200 (155ms)
2025-09-17 01:40:56,207 | libs.sidecar_validator | WARNING | Circuit breaker OPEN: 3/3 consecutive failures
2025-09-17 01:40:56,207 | libs.sidecar_validator | WARNING | Sidecar will return 503 for new orders
2025-09-17 01:40:56,207 | libs.sidecar_validator | INFO | Sidecar validation passed
2025-09-17 01:40:56,360 | httpx | INFO | HTTP Request: GET http://localhost:8787/health "HTTP/1.1 200 OK"
2025-09-17 01:40:56,361 | libs.drift.drivers.swift | INFO | Swift driver initialized: http://localhost:8787, retries=3, auction=True
2025-09-17 01:40:56,525 | httpx | INFO | HTTP Request: POST https://devnet.helius-rpc.com/?api-key=2728d54b-ce26-4696-bb4d-dc8170fcd494 "HTTP/1.1 200 OK"
2025-09-17 01:40:56,634 | httpx | INFO | HTTP Request: POST https://devnet.helius-rpc.com/?api-key=2728d54b-ce26-4696-bb4d-dc8170fcd494 "HTTP/1.1 200 OK"
2025-09-17 01:40:56,716 | httpx | INFO | HTTP Request: POST https://devnet.helius-rpc.com/?api-key=2728d54b-ce26-4696-bb4d-dc8170fcd494 "HTTP/1.1 200 OK"
2025-09-17 01:40:57,751 | libs.sidecar_validator | INFO | Validating sidecar at: http://localhost:8787/health
2025-09-17 01:40:58,302 | httpx | INFO | HTTP Request: GET http://localhost:8787/health "HTTP/1.1 200 OK"
2025-09-17 01:40:58,304 | libs.sidecar_validator | INFO | Sidecar mode: forward
2025-09-17 01:40:58,304 | libs.sidecar_validator | INFO | Forward base: https://swift.drift.trade
2025-09-17 01:40:58,305 | libs.sidecar_validator | INFO | Upstream Swift service healthy: status=200 (157ms)
2025-09-17 01:40:58,305 | libs.sidecar_validator | WARNING | Circuit breaker OPEN: 3/3 consecutive failures
2025-09-17 01:40:58,306 | libs.sidecar_validator | WARNING | Sidecar will return 503 for new orders
2025-09-17 01:40:58,306 | libs.sidecar_validator | INFO | Sidecar validation passed
2025-09-17 01:40:58,685 | httpx | INFO | HTTP Request: GET http://localhost:8787/health "HTTP/1.1 200 OK"
2025-09-17 01:40:58,687 | libs.drift.drivers.swift | INFO | Swift driver initialized: http://localhost:8787, retries=3, auction=True
2025-09-17 01:40:58,789 | httpx | INFO | HTTP Request: POST https://devnet.helius-rpc.com/?api-key=2728d54b-ce26-4696-bb4d-dc8170fcd494 "HTTP/1.1 200 OK"
2025-09-17 01:40:58,946 | httpx | INFO | HTTP Request: POST https://devnet.helius-rpc.com/?api-key=2728d54b-ce26-4696-bb4d-dc8170fcd494 "HTTP/1.1 200 OK"
2025-09-17 01:40:59,051 | httpx | INFO | HTTP Request: POST https://devnet.helius-rpc.com/?api-key=2728d54b-ce26-4696-bb4d-dc8170fcd494 "HTTP/1.1 200 OK"
2025-09-17 01:41:00,097 | libs.sidecar_validator | INFO | Validating sidecar at: http://localhost:8787/health
2025-09-17 01:41:00,826 | httpx | INFO | HTTP Request: GET http://localhost:8787/health "HTTP/1.1 200 OK"
2025-09-17 01:41:00,827 | libs.sidecar_validator | INFO | Sidecar mode: forward
2025-09-17 01:41:00,827 | libs.sidecar_validator | INFO | Forward base: https://swift.drift.trade
2025-09-17 01:41:00,828 | libs.sidecar_validator | INFO | Upstream Swift service healthy: status=200 (327ms)
2025-09-17 01:41:00,829 | libs.sidecar_validator | WARNING | Circuit breaker OPEN: 3/3 consecutive failures
2025-09-17 01:41:00,830 | libs.sidecar_validator | WARNING | Sidecar will return 503 for new orders
2025-09-17 01:41:00,830 | libs.sidecar_validator | INFO | Sidecar validation passed
2025-09-17 01:41:01,226 | httpx | INFO | HTTP Request: GET http://localhost:8787/health "HTTP/1.1 200 OK"
2025-09-17 01:41:01,228 | libs.drift.drivers.swift | INFO | Swift driver initialized: http://localhost:8787, retries=3, auction=True
2025-09-17 01:41:01,369 | httpx | INFO | HTTP Request: POST https://devnet.helius-rpc.com/?api-key=2728d54b-ce26-4696-bb4d-dc8170fcd494 "HTTP/1.1 200 OK"
2025-09-17 01:41:01,518 | httpx | INFO | HTTP Request: POST https://devnet.helius-rpc.com/?api-key=2728d54b-ce26-4696-bb4d-dc8170fcd494 "HTTP/1.1 200 OK"
2025-09-17 01:41:01,676 | httpx | INFO | HTTP Request: POST https://devnet.helius-rpc.com/?api-key=2728d54b-ce26-4696-bb4d-dc8170fcd494 "HTTP/1.1 200 OK"
2025-09-17 01:41:03,665 | libs.sidecar_validator | INFO | Validating sidecar at: http://localhost:8787/health
2025-09-17 01:41:04,213 | httpx | INFO | HTTP Request: GET http://localhost:8787/health "HTTP/1.1 200 OK"
2025-09-17 01:41:04,214 | libs.sidecar_validator | INFO | Sidecar mode: forward
2025-09-17 01:41:04,215 | libs.sidecar_validator | INFO | Forward base: https://swift.drift.trade
2025-09-17 01:41:04,215 | libs.sidecar_validator | INFO | Upstream Swift service healthy: status=200 (144ms)
2025-09-17 01:41:04,215 | libs.sidecar_validator | WARNING | Circuit breaker OPEN: 3/3 consecutive failures
2025-09-17 01:41:04,216 | libs.sidecar_validator | WARNING | Sidecar will return 503 for new orders
2025-09-17 01:41:04,216 | libs.sidecar_validator | INFO | Sidecar validation passed
2025-09-17 01:41:04,568 | httpx | INFO | HTTP Request: GET http://localhost:8787/health "HTTP/1.1 200 OK"
2025-09-17 01:41:04,569 | libs.drift.drivers.swift | INFO | Swift driver initialized: http://localhost:8787, retries=3, auction=True
2025-09-17 01:41:04,648 | httpx | INFO | HTTP Request: POST https://devnet.helius-rpc.com/?api-key=2728d54b-ce26-4696-bb4d-dc8170fcd494 "HTTP/1.1 200 OK"
2025-09-17 01:41:04,773 | httpx | INFO | HTTP Request: POST https://devnet.helius-rpc.com/?api-key=2728d54b-ce26-4696-bb4d-dc8170fcd494 "HTTP/1.1 200 OK"
2025-09-17 01:41:04,843 | httpx | INFO | HTTP Request: POST https://devnet.helius-rpc.com/?api-key=2728d54b-ce26-4696-bb4d-dc8170fcd494 "HTTP/1.1 200 OK"
2025-09-17 01:41:06,735 | libs.sidecar_validator | INFO | Validating sidecar at: http://localhost:8787/health
2025-09-17 01:41:07,520 | httpx | INFO | HTTP Request: GET http://localhost:8787/health "HTTP/1.1 200 OK"
2025-09-17 01:41:07,521 | libs.sidecar_validator | INFO | Sidecar mode: forward
2025-09-17 01:41:07,521 | libs.sidecar_validator | INFO | Forward base: https://swift.drift.trade
2025-09-17 01:41:07,522 | libs.sidecar_validator | INFO | Upstream Swift service healthy: status=200 (326ms)
2025-09-17 01:41:07,522 | libs.sidecar_validator | WARNING | Circuit breaker OPEN: 3/3 consecutive failures
2025-09-17 01:41:07,522 | libs.sidecar_validator | WARNING | Sidecar will return 503 for new orders
2025-09-17 01:41:07,523 | libs.sidecar_validator | INFO | Sidecar validation passed
2025-09-17 01:41:07,668 | httpx | INFO | HTTP Request: GET http://localhost:8787/health "HTTP/1.1 200 OK"
2025-09-17 01:41:07,670 | libs.drift.drivers.swift | INFO | Swift driver initialized: http://localhost:8787, retries=3, auction=True
2025-09-17 01:41:07,744 | httpx | INFO | HTTP Request: POST https://devnet.helius-rpc.com/?api-key=2728d54b-ce26-4696-bb4d-dc8170fcd494 "HTTP/1.1 200 OK"
2025-09-17 01:41:07,809 | httpx | INFO | HTTP Request: POST https://devnet.helius-rpc.com/?api-key=2728d54b-ce26-4696-bb4d-dc8170fcd494 "HTTP/1.1 200 OK"
2025-09-17 01:41:07,874 | httpx | INFO | HTTP Request: POST https://devnet.helius-rpc.com/?api-key=2728d54b-ce26-4696-bb4d-dc8170fcd494 "HTTP/1.1 200 OK"
2025-09-17 01:41:08,913 | libs.sidecar_validator | INFO | Validating sidecar at: http://localhost:8787/health
2025-09-17 01:41:09,477 | httpx | INFO | HTTP Request: GET http://localhost:8787/health "HTTP/1.1 200 OK"
2025-09-17 01:41:09,477 | libs.sidecar_validator | INFO | Sidecar mode: forward
2025-09-17 01:41:09,477 | libs.sidecar_validator | INFO | Forward base: https://swift.drift.trade
2025-09-17 01:41:09,478 | libs.sidecar_validator | INFO | Upstream Swift service healthy: status=200 (167ms)
2025-09-17 01:41:09,478 | libs.sidecar_validator | WARNING | Circuit breaker OPEN: 3/3 consecutive failures
2025-09-17 01:41:09,478 | libs.sidecar_validator | WARNING | Sidecar will return 503 for new orders
2025-09-17 01:41:09,479 | libs.sidecar_validator | INFO | Sidecar validation passed
2025-09-17 01:41:09,814 | httpx | INFO | HTTP Request: GET http://localhost:8787/health "HTTP/1.1 200 OK"
2025-09-17 01:41:09,815 | libs.drift.drivers.swift | INFO | Swift driver initialized: http://localhost:8787, retries=3, auction=True
2025-09-17 01:41:09,925 | httpx | INFO | HTTP Request: POST https://devnet.helius-rpc.com/?api-key=2728d54b-ce26-4696-bb4d-dc8170fcd494 "HTTP/1.1 200 OK"
2025-09-17 01:41:09,992 | httpx | INFO | HTTP Request: POST https://devnet.helius-rpc.com/?api-key=2728d54b-ce26-4696-bb4d-dc8170fcd494 "HTTP/1.1 200 OK"
2025-09-17 01:41:10,066 | httpx | INFO | HTTP Request: POST https://devnet.helius-rpc.com/?api-key=2728d54b-ce26-4696-bb4d-dc8170fcd494 "HTTP/1.1 200 OK"
2025-09-17 01:41:18,095 | libs.sidecar_validator | INFO | Validating sidecar at: http://localhost:8787/health
2025-09-17 01:41:18,964 | httpx | INFO | HTTP Request: GET http://localhost:8787/health "HTTP/1.1 200 OK"
2025-09-17 01:41:18,965 | libs.sidecar_validator | INFO | Sidecar mode: forward
2025-09-17 01:41:18,965 | libs.sidecar_validator | INFO | Forward base: https://swift.drift.trade
2025-09-17 01:41:18,966 | libs.sidecar_validator | INFO | Upstream Swift service healthy: status=200 (431ms)
2025-09-17 01:41:18,966 | libs.sidecar_validator | WARNING | Circuit breaker OPEN: 3/3 consecutive failures
2025-09-17 01:41:18,966 | libs.sidecar_validator | WARNING | Sidecar will return 503 for new orders
2025-09-17 01:41:18,966 | libs.sidecar_validator | INFO | Sidecar validation passed
2025-09-17 01:41:19,363 | httpx | INFO | HTTP Request: GET http://localhost:8787/health "HTTP/1.1 200 OK"
2025-09-17 01:41:19,365 | libs.drift.drivers.swift | INFO | Swift driver initialized: http://localhost:8787, retries=3, auction=True
2025-09-17 01:41:19,582 | httpx | INFO | HTTP Request: POST https://devnet.helius-rpc.com/?api-key=2728d54b-ce26-4696-bb4d-dc8170fcd494 "HTTP/1.1 200 OK"
2025-09-17 01:41:19,766 | httpx | INFO | HTTP Request: POST https://devnet.helius-rpc.com/?api-key=2728d54b-ce26-4696-bb4d-dc8170fcd494 "HTTP/1.1 200 OK"
2025-09-17 01:41:20,043 | httpx | INFO | HTTP Request: POST https://devnet.helius-rpc.com/?api-key=2728d54b-ce26-4696-bb4d-dc8170fcd494 "HTTP/1.1 200 OK"
2025-09-17 01:41:21,064 | libs.sidecar_validator | INFO | Validating sidecar at: http://localhost:8787/health
2025-09-17 01:41:21,811 | httpx | INFO | HTTP Request: GET http://localhost:8787/health "HTTP/1.1 200 OK"
2025-09-17 01:41:21,812 | libs.sidecar_validator | INFO | Sidecar mode: forward
2025-09-17 01:41:21,813 | libs.sidecar_validator | INFO | Forward base: https://swift.drift.trade
2025-09-17 01:41:21,813 | libs.sidecar_validator | INFO | Upstream Swift service healthy: status=200 (333ms)
2025-09-17 01:41:21,813 | libs.sidecar_validator | WARNING | Circuit breaker OPEN: 3/3 consecutive failures
2025-09-17 01:41:21,813 | libs.sidecar_validator | WARNING | Sidecar will return 503 for new orders
2025-09-17 01:41:21,814 | libs.sidecar_validator | INFO | Sidecar validation passed
2025-09-17 01:41:21,979 | httpx | INFO | HTTP Request: GET http://localhost:8787/health "HTTP/1.1 200 OK"
2025-09-17 01:41:21,981 | libs.drift.drivers.swift | INFO | Swift driver initialized: http://localhost:8787, retries=3, auction=True
2025-09-17 01:41:22,116 | httpx | INFO | HTTP Request: POST https://devnet.helius-rpc.com/?api-key=2728d54b-ce26-4696-bb4d-dc8170fcd494 "HTTP/1.1 200 OK"
2025-09-17 01:41:22,389 | httpx | INFO | HTTP Request: POST https://devnet.helius-rpc.com/?api-key=2728d54b-ce26-4696-bb4d-dc8170fcd494 "HTTP/1.1 200 OK"
2025-09-17 01:41:22,495 | httpx | INFO | HTTP Request: POST https://devnet.helius-rpc.com/?api-key=2728d54b-ce26-4696-bb4d-dc8170fcd494 "HTTP/1.1 200 OK"
2025-09-17 01:41:23,538 | libs.sidecar_validator | INFO | Validating sidecar at: http://localhost:8787/health
2025-09-17 01:41:24,084 | httpx | INFO | HTTP Request: GET http://localhost:8787/health "HTTP/1.1 200 OK"
2025-09-17 01:41:24,085 | libs.sidecar_validator | INFO | Sidecar mode: forward
2025-09-17 01:41:24,085 | libs.sidecar_validator | INFO | Forward base: https://swift.drift.trade
2025-09-17 01:41:24,085 | libs.sidecar_validator | INFO | Upstream Swift service healthy: status=200 (145ms)
2025-09-17 01:41:24,086 | libs.sidecar_validator | WARNING | Circuit breaker OPEN: 3/3 consecutive failures
2025-09-17 01:41:24,086 | libs.sidecar_validator | WARNING | Sidecar will return 503 for new orders
2025-09-17 01:41:24,086 | libs.sidecar_validator | INFO | Sidecar validation passed
2025-09-17 01:41:24,420 | httpx | INFO | HTTP Request: GET http://localhost:8787/health "HTTP/1.1 200 OK"
2025-09-17 01:41:24,422 | libs.drift.drivers.swift | INFO | Swift driver initialized: http://localhost:8787, retries=3, auction=True
2025-09-17 01:41:24,502 | httpx | INFO | HTTP Request: POST https://devnet.helius-rpc.com/?api-key=2728d54b-ce26-4696-bb4d-dc8170fcd494 "HTTP/1.1 200 OK"
2025-09-17 01:41:24,668 | httpx | INFO | HTTP Request: POST https://devnet.helius-rpc.com/?api-key=2728d54b-ce26-4696-bb4d-dc8170fcd494 "HTTP/1.1 200 OK"
2025-09-17 01:41:24,748 | httpx | INFO | HTTP Request: POST https://devnet.helius-rpc.com/?api-key=2728d54b-ce26-4696-bb4d-dc8170fcd494 "HTTP/1.1 200 OK"
2025-09-17 01:41:26,483 | libs.sidecar_validator | INFO | Validating sidecar at: http://localhost:8787/health
2025-09-17 01:41:27,021 | httpx | INFO | HTTP Request: GET http://localhost:8787/health "HTTP/1.1 200 OK"
2025-09-17 01:41:27,022 | libs.sidecar_validator | INFO | Sidecar mode: forward
2025-09-17 01:41:27,023 | libs.sidecar_validator | INFO | Forward base: https://swift.drift.trade
2025-09-17 01:41:27,023 | libs.sidecar_validator | INFO | Upstream Swift service healthy: status=200 (139ms)
2025-09-17 01:41:27,023 | libs.sidecar_validator | WARNING | Circuit breaker OPEN: 3/3 consecutive failures
2025-09-17 01:41:27,024 | libs.sidecar_validator | WARNING | Sidecar will return 503 for new orders
2025-09-17 01:41:27,024 | libs.sidecar_validator | INFO | Sidecar validation passed
2025-09-17 01:41:27,171 | httpx | INFO | HTTP Request: GET http://localhost:8787/health "HTTP/1.1 200 OK"
2025-09-17 01:41:27,173 | libs.drift.drivers.swift | INFO | Swift driver initialized: http://localhost:8787, retries=3, auction=True
2025-09-17 01:41:27,446 | httpx | INFO | HTTP Request: POST https://devnet.helius-rpc.com/?api-key=2728d54b-ce26-4696-bb4d-dc8170fcd494 "HTTP/1.1 200 OK"
2025-09-17 01:41:27,612 | httpx | INFO | HTTP Request: POST https://devnet.helius-rpc.com/?api-key=2728d54b-ce26-4696-bb4d-dc8170fcd494 "HTTP/1.1 200 OK"
2025-09-17 01:41:27,780 | httpx | INFO | HTTP Request: POST https://devnet.helius-rpc.com/?api-key=2728d54b-ce26-4696-bb4d-dc8170fcd494 "HTTP/1.1 200 OK"
2025-09-17 01:41:30,987 | libs.sidecar_validator | INFO | Validating sidecar at: http://localhost:8787/health
2025-09-17 01:41:31,774 | httpx | INFO | HTTP Request: GET http://localhost:8787/health "HTTP/1.1 200 OK"
2025-09-17 01:41:31,775 | libs.sidecar_validator | INFO | Sidecar mode: forward
2025-09-17 01:41:31,775 | libs.sidecar_validator | INFO | Forward base: https://swift.drift.trade
2025-09-17 01:41:31,776 | libs.sidecar_validator | INFO | Upstream Swift service healthy: status=200 (331ms)
2025-09-17 01:41:31,776 | libs.sidecar_validator | WARNING | Circuit breaker OPEN: 3/3 consecutive failures
2025-09-17 01:41:31,776 | libs.sidecar_validator | WARNING | Sidecar will return 503 for new orders
2025-09-17 01:41:31,776 | libs.sidecar_validator | INFO | Sidecar validation passed
2025-09-17 01:41:31,927 | httpx | INFO | HTTP Request: GET http://localhost:8787/health "HTTP/1.1 200 OK"
2025-09-17 01:41:31,929 | libs.drift.drivers.swift | INFO | Swift driver initialized: http://localhost:8787, retries=3, auction=True
2025-09-17 01:41:32,153 | httpx | INFO | HTTP Request: POST https://devnet.helius-rpc.com/?api-key=2728d54b-ce26-4696-bb4d-dc8170fcd494 "HTTP/1.1 200 OK"
2025-09-17 01:41:32,265 | httpx | INFO | HTTP Request: POST https://devnet.helius-rpc.com/?api-key=2728d54b-ce26-4696-bb4d-dc8170fcd494 "HTTP/1.1 200 OK"
2025-09-17 01:41:32,400 | httpx | INFO | HTTP Request: POST https://devnet.helius-rpc.com/?api-key=2728d54b-ce26-4696-bb4d-dc8170fcd494 "HTTP/1.1 200 OK"
2025-09-17 01:41:33,443 | libs.sidecar_validator | INFO | Validating sidecar at: http://localhost:8787/health
2025-09-17 01:41:34,015 | httpx | INFO | HTTP Request: GET http://localhost:8787/health "HTTP/1.1 200 OK"
2025-09-17 01:41:34,016 | libs.sidecar_validator | INFO | Sidecar mode: forward
2025-09-17 01:41:34,016 | libs.sidecar_validator | INFO | Forward base: https://swift.drift.trade
2025-09-17 01:41:34,016 | libs.sidecar_validator | INFO | Upstream Swift service healthy: status=200 (160ms)
2025-09-17 01:41:34,017 | libs.sidecar_validator | WARNING | Circuit breaker OPEN: 3/3 consecutive failures
2025-09-17 01:41:34,018 | libs.sidecar_validator | WARNING | Sidecar will return 503 for new orders
2025-09-17 01:41:34,018 | libs.sidecar_validator | INFO | Sidecar validation passed
2025-09-17 01:41:34,164 | httpx | INFO | HTTP Request: GET http://localhost:8787/health "HTTP/1.1 200 OK"
2025-09-17 01:41:34,165 | libs.drift.drivers.swift | INFO | Swift driver initialized: http://localhost:8787, retries=3, auction=True
2025-09-17 01:41:34,316 | httpx | INFO | HTTP Request: POST https://devnet.helius-rpc.com/?api-key=2728d54b-ce26-4696-bb4d-dc8170fcd494 "HTTP/1.1 200 OK"
2025-09-17 01:41:34,443 | httpx | INFO | HTTP Request: POST https://devnet.helius-rpc.com/?api-key=2728d54b-ce26-4696-bb4d-dc8170fcd494 "HTTP/1.1 200 OK"
2025-09-17 01:41:34,554 | httpx | INFO | HTTP Request: POST https://devnet.helius-rpc.com/?api-key=2728d54b-ce26-4696-bb4d-dc8170fcd494 "HTTP/1.1 200 OK"
2025-09-17 01:41:35,759 | libs.sidecar_validator | INFO | Validating sidecar at: http://localhost:8787/health
2025-09-17 01:41:36,531 | httpx | INFO | HTTP Request: GET http://localhost:8787/health "HTTP/1.1 200 OK"
2025-09-17 01:41:36,535 | libs.sidecar_validator | INFO | Sidecar mode: forward
2025-09-17 01:41:36,535 | libs.sidecar_validator | INFO | Forward base: https://swift.drift.trade
2025-09-17 01:41:36,535 | libs.sidecar_validator | INFO | Upstream Swift service healthy: status=200 (331ms)
2025-09-17 01:41:36,535 | libs.sidecar_validator | WARNING | Circuit breaker OPEN: 3/3 consecutive failures
2025-09-17 01:41:36,536 | libs.sidecar_validator | WARNING | Sidecar will return 503 for new orders
2025-09-17 01:41:36,536 | libs.sidecar_validator | INFO | Sidecar validation passed
2025-09-17 01:41:36,700 | httpx | INFO | HTTP Request: GET http://localhost:8787/health "HTTP/1.1 200 OK"
2025-09-17 01:41:36,702 | libs.drift.drivers.swift | INFO | Swift driver initialized: http://localhost:8787, retries=3, auction=True
2025-09-17 01:41:39,134 | httpx | INFO | HTTP Request: POST https://devnet.helius-rpc.com/?api-key=2728d54b-ce26-4696-bb4d-dc8170fcd494 "HTTP/1.1 200 OK"
2025-09-17 01:41:39,409 | httpx | INFO | HTTP Request: POST https://devnet.helius-rpc.com/?api-key=2728d54b-ce26-4696-bb4d-dc8170fcd494 "HTTP/1.1 200 OK"
2025-09-17 01:41:39,493 | httpx | INFO | HTTP Request: POST https://devnet.helius-rpc.com/?api-key=2728d54b-ce26-4696-bb4d-dc8170fcd494 "HTTP/1.1 200 OK"
2025-09-17 01:41:40,490 | libs.sidecar_validator | INFO | Validating sidecar at: http://localhost:8787/health
2025-09-17 01:41:41,102 | httpx | INFO | HTTP Request: GET http://localhost:8787/health "HTTP/1.1 200 OK"
2025-09-17 01:41:41,102 | libs.sidecar_validator | INFO | Sidecar mode: forward
2025-09-17 01:41:41,103 | libs.sidecar_validator | INFO | Forward base: https://swift.drift.trade
2025-09-17 01:41:41,103 | libs.sidecar_validator | INFO | Upstream Swift service healthy: status=200 (145ms)
2025-09-17 01:41:41,104 | libs.sidecar_validator | WARNING | Circuit breaker OPEN: 3/3 consecutive failures
2025-09-17 01:41:41,104 | libs.sidecar_validator | WARNING | Sidecar will return 503 for new orders
2025-09-17 01:41:41,104 | libs.sidecar_validator | INFO | Sidecar validation passed
2025-09-17 01:41:41,282 | httpx | INFO | HTTP Request: GET http://localhost:8787/health "HTTP/1.1 200 OK"
2025-09-17 01:41:41,283 | libs.drift.drivers.swift | INFO | Swift driver initialized: http://localhost:8787, retries=3, auction=True
2025-09-17 01:41:43,061 | httpx | INFO | HTTP Request: POST https://devnet.helius-rpc.com/?api-key=2728d54b-ce26-4696-bb4d-dc8170fcd494 "HTTP/1.1 200 OK"
2025-09-17 01:41:43,223 | httpx | INFO | HTTP Request: POST https://devnet.helius-rpc.com/?api-key=2728d54b-ce26-4696-bb4d-dc8170fcd494 "HTTP/1.1 200 OK"
2025-09-17 01:41:43,337 | httpx | INFO | HTTP Request: POST https://devnet.helius-rpc.com/?api-key=2728d54b-ce26-4696-bb4d-dc8170fcd494 "HTTP/1.1 200 OK"
2025-09-17 01:41:44,362 | libs.sidecar_validator | INFO | Validating sidecar at: http://localhost:8787/health
2025-09-17 01:41:45,099 | httpx | INFO | HTTP Request: GET http://localhost:8787/health "HTTP/1.1 200 OK"
2025-09-17 01:41:45,100 | libs.sidecar_validator | INFO | Sidecar mode: forward
2025-09-17 01:41:45,101 | libs.sidecar_validator | INFO | Forward base: https://swift.drift.trade
2025-09-17 01:41:45,102 | libs.sidecar_validator | INFO | Upstream Swift service healthy: status=200 (343ms)
2025-09-17 01:41:45,102 | libs.sidecar_validator | WARNING | Circuit breaker OPEN: 3/3 consecutive failures
2025-09-17 01:41:45,103 | libs.sidecar_validator | WARNING | Sidecar will return 503 for new orders
2025-09-17 01:41:45,103 | libs.sidecar_validator | INFO | Sidecar validation passed
2025-09-17 01:41:45,270 | httpx | INFO | HTTP Request: GET http://localhost:8787/health "HTTP/1.1 200 OK"
2025-09-17 01:41:45,272 | libs.drift.drivers.swift | INFO | Swift driver initialized: http://localhost:8787, retries=3, auction=True
2025-09-17 01:41:45,502 | httpx | INFO | HTTP Request: POST https://devnet.helius-rpc.com/?api-key=2728d54b-ce26-4696-bb4d-dc8170fcd494 "HTTP/1.1 200 OK"
2025-09-17 01:41:45,735 | httpx | INFO | HTTP Request: POST https://devnet.helius-rpc.com/?api-key=2728d54b-ce26-4696-bb4d-dc8170fcd494 "HTTP/1.1 200 OK"
2025-09-17 01:41:45,808 | httpx | INFO | HTTP Request: POST https://devnet.helius-rpc.com/?api-key=2728d54b-ce26-4696-bb4d-dc8170fcd494 "HTTP/1.1 200 OK"
2025-09-17 01:41:46,897 | libs.sidecar_validator | INFO | Validating sidecar at: http://localhost:8787/health
2025-09-17 01:41:47,663 | httpx | INFO | HTTP Request: GET http://localhost:8787/health "HTTP/1.1 200 OK"
2025-09-17 01:41:47,665 | libs.sidecar_validator | INFO | Sidecar mode: forward
2025-09-17 01:41:47,665 | libs.sidecar_validator | INFO | Forward base: https://swift.drift.trade
2025-09-17 01:41:47,666 | libs.sidecar_validator | INFO | Upstream Swift service healthy: status=200 (350ms)
2025-09-17 01:41:47,666 | libs.sidecar_validator | WARNING | Circuit breaker OPEN: 3/3 consecutive failures
2025-09-17 01:41:47,666 | libs.sidecar_validator | WARNING | Sidecar will return 503 for new orders
2025-09-17 01:41:47,666 | libs.sidecar_validator | INFO | Sidecar validation passed
2025-09-17 01:41:47,810 | httpx | INFO | HTTP Request: GET http://localhost:8787/health "HTTP/1.1 200 OK"
2025-09-17 01:41:47,811 | libs.drift.drivers.swift | INFO | Swift driver initialized: http://localhost:8787, retries=3, auction=True
2025-09-17 01:41:47,925 | httpx | INFO | HTTP Request: POST https://devnet.helius-rpc.com/?api-key=2728d54b-ce26-4696-bb4d-dc8170fcd494 "HTTP/1.1 200 OK"
2025-09-17 01:41:48,167 | httpx | INFO | HTTP Request: POST https://devnet.helius-rpc.com/?api-key=2728d54b-ce26-4696-bb4d-dc8170fcd494 "HTTP/1.1 200 OK"
2025-09-17 01:41:48,246 | httpx | INFO | HTTP Request: POST https://devnet.helius-rpc.com/?api-key=2728d54b-ce26-4696-bb4d-dc8170fcd494 "HTTP/1.1 200 OK"
2025-09-17 01:41:49,284 | libs.sidecar_validator | INFO | Validating sidecar at: http://localhost:8787/health
2025-09-17 01:41:49,874 | httpx | INFO | HTTP Request: GET http://localhost:8787/health "HTTP/1.1 200 OK"
2025-09-17 01:41:49,875 | libs.sidecar_validator | INFO | Sidecar mode: forward
2025-09-17 01:41:49,875 | libs.sidecar_validator | INFO | Forward base: https://swift.drift.trade
2025-09-17 01:41:49,876 | libs.sidecar_validator | INFO | Upstream Swift service healthy: status=200 (154ms)
2025-09-17 01:41:49,877 | libs.sidecar_validator | WARNING | Circuit breaker OPEN: 3/3 consecutive failures
2025-09-17 01:41:49,877 | libs.sidecar_validator | WARNING | Sidecar will return 503 for new orders
2025-09-17 01:41:49,877 | libs.sidecar_validator | INFO | Sidecar validation passed
2025-09-17 01:41:50,025 | httpx | INFO | HTTP Request: GET http://localhost:8787/health "HTTP/1.1 200 OK"
2025-09-17 01:41:50,027 | libs.drift.drivers.swift | INFO | Swift driver initialized: http://localhost:8787, retries=3, auction=True
2025-09-17 01:41:50,202 | httpx | INFO | HTTP Request: POST https://devnet.helius-rpc.com/?api-key=2728d54b-ce26-4696-bb4d-dc8170fcd494 "HTTP/1.1 200 OK"
2025-09-17 01:41:50,291 | httpx | INFO | HTTP Request: POST https://devnet.helius-rpc.com/?api-key=2728d54b-ce26-4696-bb4d-dc8170fcd494 "HTTP/1.1 200 OK"
2025-09-17 01:41:50,414 | httpx | INFO | HTTP Request: POST https://devnet.helius-rpc.com/?api-key=2728d54b-ce26-4696-bb4d-dc8170fcd494 "HTTP/1.1 200 OK"
2025-09-17 01:41:51,452 | libs.sidecar_validator | INFO | Validating sidecar at: http://localhost:8787/health
2025-09-17 01:41:52,005 | httpx | INFO | HTTP Request: GET http://localhost:8787/health "HTTP/1.1 200 OK"
2025-09-17 01:41:52,006 | libs.sidecar_validator | INFO | Sidecar mode: forward
2025-09-17 01:41:52,006 | libs.sidecar_validator | INFO | Forward base: https://swift.drift.trade
2025-09-17 01:41:52,006 | libs.sidecar_validator | INFO | Upstream Swift service healthy: status=200 (154ms)
2025-09-17 01:41:52,007 | libs.sidecar_validator | WARNING | Circuit breaker OPEN: 3/3 consecutive failures
2025-09-17 01:41:52,007 | libs.sidecar_validator | WARNING | Sidecar will return 503 for new orders
2025-09-17 01:41:52,007 | libs.sidecar_validator | INFO | Sidecar validation passed
2025-09-17 01:41:52,340 | httpx | INFO | HTTP Request: GET http://localhost:8787/health "HTTP/1.1 200 OK"
2025-09-17 01:41:52,342 | libs.drift.drivers.swift | INFO | Swift driver initialized: http://localhost:8787, retries=3, auction=True
2025-09-17 01:41:52,505 | httpx | INFO | HTTP Request: POST https://devnet.helius-rpc.com/?api-key=2728d54b-ce26-4696-bb4d-dc8170fcd494 "HTTP/1.1 200 OK"
2025-09-17 01:41:52,619 | httpx | INFO | HTTP Request: POST https://devnet.helius-rpc.com/?api-key=2728d54b-ce26-4696-bb4d-dc8170fcd494 "HTTP/1.1 200 OK"
2025-09-17 01:41:52,697 | httpx | INFO | HTTP Request: POST https://devnet.helius-rpc.com/?api-key=2728d54b-ce26-4696-bb4d-dc8170fcd494 "HTTP/1.1 200 OK"
2025-09-17 01:41:53,723 | libs.sidecar_validator | INFO | Validating sidecar at: http://localhost:8787/health
2025-09-17 01:41:54,251 | httpx | INFO | HTTP Request: GET http://localhost:8787/health "HTTP/1.1 200 OK"
2025-09-17 01:41:54,252 | libs.sidecar_validator | INFO | Sidecar mode: forward
2025-09-17 01:41:54,252 | libs.sidecar_validator | INFO | Forward base: https://swift.drift.trade
2025-09-17 01:41:54,252 | libs.sidecar_validator | INFO | Upstream Swift service healthy: status=200 (142ms)
2025-09-17 01:41:54,253 | libs.sidecar_validator | WARNING | Circuit breaker OPEN: 3/3 consecutive failures
2025-09-17 01:41:54,253 | libs.sidecar_validator | WARNING | Sidecar will return 503 for new orders
2025-09-17 01:41:54,253 | libs.sidecar_validator | INFO | Sidecar validation passed
2025-09-17 01:41:54,398 | httpx | INFO | HTTP Request: GET http://localhost:8787/health "HTTP/1.1 200 OK"
2025-09-17 01:41:54,400 | libs.drift.drivers.swift | INFO | Swift driver initialized: http://localhost:8787, retries=3, auction=True
2025-09-17 01:41:54,495 | httpx | INFO | HTTP Request: POST https://devnet.helius-rpc.com/?api-key=2728d54b-ce26-4696-bb4d-dc8170fcd494 "HTTP/1.1 200 OK"
2025-09-17 01:41:54,663 | httpx | INFO | HTTP Request: POST https://devnet.helius-rpc.com/?api-key=2728d54b-ce26-4696-bb4d-dc8170fcd494 "HTTP/1.1 200 OK"
2025-09-17 01:41:54,796 | httpx | INFO | HTTP Request: POST https://devnet.helius-rpc.com/?api-key=2728d54b-ce26-4696-bb4d-dc8170fcd494 "HTTP/1.1 200 OK"
2025-09-17 01:41:59,648 | libs.sidecar_validator | INFO | Validating sidecar at: http://localhost:8787/health
2025-09-17 01:42:00,485 | httpx | INFO | HTTP Request: GET http://localhost:8787/health "HTTP/1.1 200 OK"
2025-09-17 01:42:00,486 | libs.sidecar_validator | INFO | Sidecar mode: forward
2025-09-17 01:42:00,487 | libs.sidecar_validator | INFO | Forward base: https://swift.drift.trade
2025-09-17 01:42:00,488 | libs.sidecar_validator | INFO | Upstream Swift service healthy: status=200 (442ms)
2025-09-17 01:42:00,488 | libs.sidecar_validator | WARNING | Circuit breaker OPEN: 3/3 consecutive failures
2025-09-17 01:42:00,489 | libs.sidecar_validator | WARNING | Sidecar will return 503 for new orders
2025-09-17 01:42:00,489 | libs.sidecar_validator | INFO | Sidecar validation passed
2025-09-17 01:42:00,671 | httpx | INFO | HTTP Request: GET http://localhost:8787/health "HTTP/1.1 200 OK"
2025-09-17 01:42:00,672 | libs.drift.drivers.swift | INFO | Swift driver initialized: http://localhost:8787, retries=3, auction=True
2025-09-17 01:42:01,154 | httpx | INFO | HTTP Request: POST https://devnet.helius-rpc.com/?api-key=2728d54b-ce26-4696-bb4d-dc8170fcd494 "HTTP/1.1 200 OK"
2025-09-17 01:42:01,235 | httpx | INFO | HTTP Request: POST https://devnet.helius-rpc.com/?api-key=2728d54b-ce26-4696-bb4d-dc8170fcd494 "HTTP/1.1 200 OK"
2025-09-17 01:42:01,363 | httpx | INFO | HTTP Request: POST https://devnet.helius-rpc.com/?api-key=2728d54b-ce26-4696-bb4d-dc8170fcd494 "HTTP/1.1 200 OK"
2025-09-17 01:42:02,406 | libs.sidecar_validator | INFO | Validating sidecar at: http://localhost:8787/health
2025-09-17 01:42:02,981 | httpx | INFO | HTTP Request: GET http://localhost:8787/health "HTTP/1.1 200 OK"
2025-09-17 01:42:02,982 | libs.sidecar_validator | INFO | Sidecar mode: forward
2025-09-17 01:42:02,983 | libs.sidecar_validator | INFO | Forward base: https://swift.drift.trade
2025-09-17 01:42:02,983 | libs.sidecar_validator | INFO | Upstream Swift service healthy: status=200 (151ms)
2025-09-17 01:42:02,984 | libs.sidecar_validator | WARNING | Circuit breaker OPEN: 3/3 consecutive failures
2025-09-17 01:42:02,984 | libs.sidecar_validator | WARNING | Sidecar will return 503 for new orders
2025-09-17 01:42:02,984 | libs.sidecar_validator | INFO | Sidecar validation passed
2025-09-17 01:42:03,328 | httpx | INFO | HTTP Request: GET http://localhost:8787/health "HTTP/1.1 200 OK"
2025-09-17 01:42:03,330 | libs.drift.drivers.swift | INFO | Swift driver initialized: http://localhost:8787, retries=3, auction=True
2025-09-17 01:42:03,477 | httpx | INFO | HTTP Request: POST https://devnet.helius-rpc.com/?api-key=2728d54b-ce26-4696-bb4d-dc8170fcd494 "HTTP/1.1 200 OK"
2025-09-17 01:42:03,594 | httpx | INFO | HTTP Request: POST https://devnet.helius-rpc.com/?api-key=2728d54b-ce26-4696-bb4d-dc8170fcd494 "HTTP/1.1 200 OK"
2025-09-17 01:42:03,705 | httpx | INFO | HTTP Request: POST https://devnet.helius-rpc.com/?api-key=2728d54b-ce26-4696-bb4d-dc8170fcd494 "HTTP/1.1 200 OK"
2025-09-17 01:42:04,728 | libs.sidecar_validator | INFO | Validating sidecar at: http://localhost:8787/health
2025-09-17 01:42:05,254 | httpx | INFO | HTTP Request: GET http://localhost:8787/health "HTTP/1.1 200 OK"
2025-09-17 01:42:05,254 | libs.sidecar_validator | INFO | Sidecar mode: forward
2025-09-17 01:42:05,255 | libs.sidecar_validator | INFO | Forward base: https://swift.drift.trade
2025-09-17 01:42:05,255 | libs.sidecar_validator | INFO | Upstream Swift service healthy: status=200 (144ms)
2025-09-17 01:42:05,256 | libs.sidecar_validator | WARNING | Circuit breaker OPEN: 3/3 consecutive failures
2025-09-17 01:42:05,256 | libs.sidecar_validator | WARNING | Sidecar will return 503 for new orders
2025-09-17 01:42:05,256 | libs.sidecar_validator | INFO | Sidecar validation passed
2025-09-17 01:42:05,587 | httpx | INFO | HTTP Request: GET http://localhost:8787/health "HTTP/1.1 200 OK"
2025-09-17 01:42:05,589 | libs.drift.drivers.swift | INFO | Swift driver initialized: http://localhost:8787, retries=3, auction=True
2025-09-17 01:42:05,679 | httpx | INFO | HTTP Request: POST https://devnet.helius-rpc.com/?api-key=2728d54b-ce26-4696-bb4d-dc8170fcd494 "HTTP/1.1 200 OK"
2025-09-17 01:42:05,813 | httpx | INFO | HTTP Request: POST https://devnet.helius-rpc.com/?api-key=2728d54b-ce26-4696-bb4d-dc8170fcd494 "HTTP/1.1 200 OK"
2025-09-17 01:42:05,949 | httpx | INFO | HTTP Request: POST https://devnet.helius-rpc.com/?api-key=2728d54b-ce26-4696-bb4d-dc8170fcd494 "HTTP/1.1 200 OK"
2025-09-17 01:42:06,953 | libs.sidecar_validator | INFO | Validating sidecar at: http://localhost:8787/health
2025-09-17 01:42:07,521 | httpx | INFO | HTTP Request: GET http://localhost:8787/health "HTTP/1.1 200 OK"
2025-09-17 01:42:07,522 | libs.sidecar_validator | INFO | Sidecar mode: forward
2025-09-17 01:42:07,522 | libs.sidecar_validator | INFO | Forward base: https://swift.drift.trade
2025-09-17 01:42:07,523 | libs.sidecar_validator | INFO | Upstream Swift service healthy: status=200 (144ms)
2025-09-17 01:42:07,524 | libs.sidecar_validator | WARNING | Circuit breaker OPEN: 3/3 consecutive failures
2025-09-17 01:42:07,524 | libs.sidecar_validator | WARNING | Sidecar will return 503 for new orders
2025-09-17 01:42:07,525 | libs.sidecar_validator | INFO | Sidecar validation passed
2025-09-17 01:42:07,878 | httpx | INFO | HTTP Request: GET http://localhost:8787/health "HTTP/1.1 200 OK"
2025-09-17 01:42:07,880 | libs.drift.drivers.swift | INFO | Swift driver initialized: http://localhost:8787, retries=3, auction=True
2025-09-17 01:42:08,033 | httpx | INFO | HTTP Request: POST https://devnet.helius-rpc.com/?api-key=2728d54b-ce26-4696-bb4d-dc8170fcd494 "HTTP/1.1 200 OK"
2025-09-17 01:42:08,168 | httpx | INFO | HTTP Request: POST https://devnet.helius-rpc.com/?api-key=2728d54b-ce26-4696-bb4d-dc8170fcd494 "HTTP/1.1 200 OK"
2025-09-17 01:42:08,300 | httpx | INFO | HTTP Request: POST https://devnet.helius-rpc.com/?api-key=2728d54b-ce26-4696-bb4d-dc8170fcd494 "HTTP/1.1 200 OK"
2025-09-17 01:42:09,360 | libs.sidecar_validator | INFO | Validating sidecar at: http://localhost:8787/health
2025-09-17 01:42:10,118 | httpx | INFO | HTTP Request: GET http://localhost:8787/health "HTTP/1.1 200 OK"
2025-09-17 01:42:10,119 | libs.sidecar_validator | INFO | Sidecar mode: forward
2025-09-17 01:42:10,119 | libs.sidecar_validator | INFO | Forward base: https://swift.drift.trade
2025-09-17 01:42:10,120 | libs.sidecar_validator | INFO | Upstream Swift service healthy: status=200 (342ms)
2025-09-17 01:42:10,121 | libs.sidecar_validator | WARNING | Circuit breaker OPEN: 3/3 consecutive failures
2025-09-17 01:42:10,121 | libs.sidecar_validator | WARNING | Sidecar will return 503 for new orders
2025-09-17 01:42:10,121 | libs.sidecar_validator | INFO | Sidecar validation passed
2025-09-17 01:42:10,266 | httpx | INFO | HTTP Request: GET http://localhost:8787/health "HTTP/1.1 200 OK"
2025-09-17 01:42:10,267 | libs.drift.drivers.swift | INFO | Swift driver initialized: http://localhost:8787, retries=3, auction=True
2025-09-17 01:42:10,377 | httpx | INFO | HTTP Request: POST https://devnet.helius-rpc.com/?api-key=2728d54b-ce26-4696-bb4d-dc8170fcd494 "HTTP/1.1 200 OK"
2025-09-17 01:42:10,511 | httpx | INFO | HTTP Request: POST https://devnet.helius-rpc.com/?api-key=2728d54b-ce26-4696-bb4d-dc8170fcd494 "HTTP/1.1 200 OK"
2025-09-17 01:42:10,614 | httpx | INFO | HTTP Request: POST https://devnet.helius-rpc.com/?api-key=2728d54b-ce26-4696-bb4d-dc8170fcd494 "HTTP/1.1 200 OK"
2025-09-17 01:42:20,149 | libs.sidecar_validator | INFO | Validating sidecar at: http://localhost:8787/health
2025-09-17 01:42:21,096 | httpx | INFO | HTTP Request: GET http://localhost:8787/health "HTTP/1.1 200 OK"
2025-09-17 01:42:21,097 | libs.sidecar_validator | INFO | Sidecar mode: forward
2025-09-17 01:42:21,097 | libs.sidecar_validator | INFO | Forward base: https://swift.drift.trade
2025-09-17 01:42:21,097 | libs.sidecar_validator | INFO | Upstream Swift service healthy: status=200 (423ms)
2025-09-17 01:42:21,098 | libs.sidecar_validator | WARNING | Circuit breaker OPEN: 3/3 consecutive failures
2025-09-17 01:42:21,098 | libs.sidecar_validator | WARNING | Sidecar will return 503 for new orders
2025-09-17 01:42:21,098 | libs.sidecar_validator | INFO | Sidecar validation passed
2025-09-17 01:42:21,447 | httpx | INFO | HTTP Request: GET http://localhost:8787/health "HTTP/1.1 200 OK"
2025-09-17 01:42:21,449 | libs.drift.drivers.swift | INFO | Swift driver initialized: http://localhost:8787, retries=3, auction=True
2025-09-17 01:42:21,944 | httpx | INFO | HTTP Request: POST https://devnet.helius-rpc.com/?api-key=2728d54b-ce26-4696-bb4d-dc8170fcd494 "HTTP/1.1 200 OK"
2025-09-17 01:42:22,041 | httpx | INFO | HTTP Request: POST https://devnet.helius-rpc.com/?api-key=2728d54b-ce26-4696-bb4d-dc8170fcd494 "HTTP/1.1 200 OK"
2025-09-17 01:42:22,158 | httpx | INFO | HTTP Request: POST https://devnet.helius-rpc.com/?api-key=2728d54b-ce26-4696-bb4d-dc8170fcd494 "HTTP/1.1 200 OK"
2025-09-17 01:42:25,378 | __main__ | INFO | STARTING JIT Market-Making Bot in Sniper Mode...
2025-09-17 01:42:25,379 | __main__ | INFO |    Mode: Selective high-quality fills with larger clips
2025-09-17 01:42:25,379 | __main__ | INFO |    Strategy: 30% participation rate, 2-5 SOL clips
2025-09-17 01:42:25,380 | __main__ | ERROR | ERROR: Failed to start sniper bot: No module named 'run_swift_mm_complete'
2025-09-17 01:42:28,015 | libs.sidecar_validator | INFO | Validating sidecar at: http://localhost:8787/health
2025-09-17 01:42:28,936 | httpx | INFO | HTTP Request: GET http://localhost:8787/health "HTTP/1.1 200 OK"
2025-09-17 01:42:28,937 | libs.sidecar_validator | INFO | Sidecar mode: forward
2025-09-17 01:42:28,937 | libs.sidecar_validator | INFO | Forward base: https://swift.drift.trade
2025-09-17 01:42:28,938 | libs.sidecar_validator | INFO | Upstream Swift service healthy: status=200 (396ms)
2025-09-17 01:42:28,938 | libs.sidecar_validator | WARNING | Circuit breaker OPEN: 3/3 consecutive failures
2025-09-17 01:42:28,938 | libs.sidecar_validator | WARNING | Sidecar will return 503 for new orders
2025-09-17 01:42:28,938 | libs.sidecar_validator | INFO | Sidecar validation passed
2025-09-17 01:42:29,303 | httpx | INFO | HTTP Request: GET http://localhost:8787/health "HTTP/1.1 200 OK"
2025-09-17 01:42:29,305 | libs.drift.drivers.swift | INFO | Swift driver initialized: http://localhost:8787, retries=3, auction=True
2025-09-17 01:42:29,640 | httpx | INFO | HTTP Request: POST https://devnet.helius-rpc.com/?api-key=2728d54b-ce26-4696-bb4d-dc8170fcd494 "HTTP/1.1 200 OK"
2025-09-17 01:42:29,775 | httpx | INFO | HTTP Request: POST https://devnet.helius-rpc.com/?api-key=2728d54b-ce26-4696-bb4d-dc8170fcd494 "HTTP/1.1 200 OK"
2025-09-17 01:42:30,051 | httpx | INFO | HTTP Request: POST https://devnet.helius-rpc.com/?api-key=2728d54b-ce26-4696-bb4d-dc8170fcd494 "HTTP/1.1 200 OK"
2025-09-17 01:42:31,093 | libs.sidecar_validator | INFO | Validating sidecar at: http://localhost:8787/health
2025-09-17 01:42:31,643 | httpx | INFO | HTTP Request: GET http://localhost:8787/health "HTTP/1.1 200 OK"
2025-09-17 01:42:31,644 | libs.sidecar_validator | INFO | Sidecar mode: forward
2025-09-17 01:42:31,644 | libs.sidecar_validator | INFO | Forward base: https://swift.drift.trade
2025-09-17 01:42:31,644 | libs.sidecar_validator | INFO | Upstream Swift service healthy: status=200 (144ms)
2025-09-17 01:42:31,645 | libs.sidecar_validator | WARNING | Circuit breaker OPEN: 3/3 consecutive failures
2025-09-17 01:42:31,645 | libs.sidecar_validator | WARNING | Sidecar will return 503 for new orders
2025-09-17 01:42:31,645 | libs.sidecar_validator | INFO | Sidecar validation passed
2025-09-17 01:42:31,793 | httpx | INFO | HTTP Request: GET http://localhost:8787/health "HTTP/1.1 200 OK"
2025-09-17 01:42:31,794 | libs.drift.drivers.swift | INFO | Swift driver initialized: http://localhost:8787, retries=3, auction=True
2025-09-17 01:42:31,999 | httpx | INFO | HTTP Request: POST https://devnet.helius-rpc.com/?api-key=2728d54b-ce26-4696-bb4d-dc8170fcd494 "HTTP/1.1 200 OK"
2025-09-17 01:42:32,138 | httpx | INFO | HTTP Request: POST https://devnet.helius-rpc.com/?api-key=2728d54b-ce26-4696-bb4d-dc8170fcd494 "HTTP/1.1 200 OK"
2025-09-17 01:42:32,371 | httpx | INFO | HTTP Request: POST https://devnet.helius-rpc.com/?api-key=2728d54b-ce26-4696-bb4d-dc8170fcd494 "HTTP/1.1 200 OK"
2025-09-17 01:42:33,417 | libs.sidecar_validator | INFO | Validating sidecar at: http://localhost:8787/health
2025-09-17 01:42:33,945 | httpx | INFO | HTTP Request: GET http://localhost:8787/health "HTTP/1.1 200 OK"
2025-09-17 01:42:33,945 | libs.sidecar_validator | INFO | Sidecar mode: forward
2025-09-17 01:42:33,946 | libs.sidecar_validator | INFO | Forward base: https://swift.drift.trade
2025-09-17 01:42:33,946 | libs.sidecar_validator | INFO | Upstream Swift service healthy: status=200 (147ms)
2025-09-17 01:42:33,947 | libs.sidecar_validator | WARNING | Circuit breaker OPEN: 3/3 consecutive failures
2025-09-17 01:42:33,947 | libs.sidecar_validator | WARNING | Sidecar will return 503 for new orders
2025-09-17 01:42:33,948 | libs.sidecar_validator | INFO | Sidecar validation passed
2025-09-17 01:42:34,100 | httpx | INFO | HTTP Request: GET http://localhost:8787/health "HTTP/1.1 200 OK"
2025-09-17 01:42:34,101 | libs.drift.drivers.swift | INFO | Swift driver initialized: http://localhost:8787, retries=3, auction=True
2025-09-17 01:42:34,201 | httpx | INFO | HTTP Request: POST https://devnet.helius-rpc.com/?api-key=2728d54b-ce26-4696-bb4d-dc8170fcd494 "HTTP/1.1 200 OK"
2025-09-17 01:42:34,304 | httpx | INFO | HTTP Request: POST https://devnet.helius-rpc.com/?api-key=2728d54b-ce26-4696-bb4d-dc8170fcd494 "HTTP/1.1 200 OK"
2025-09-17 01:42:34,464 | httpx | INFO | HTTP Request: POST https://devnet.helius-rpc.com/?api-key=2728d54b-ce26-4696-bb4d-dc8170fcd494 "HTTP/1.1 200 OK"
2025-09-17 01:42:37,128 | libs.sidecar_validator | INFO | Validating sidecar at: http://localhost:8787/health
2025-09-17 01:42:37,681 | httpx | INFO | HTTP Request: GET http://localhost:8787/health "HTTP/1.1 200 OK"
2025-09-17 01:42:37,682 | libs.sidecar_validator | INFO | Sidecar mode: forward
2025-09-17 01:42:37,683 | libs.sidecar_validator | INFO | Forward base: https://swift.drift.trade
2025-09-17 01:42:37,683 | libs.sidecar_validator | INFO | Upstream Swift service healthy: status=200 (142ms)
2025-09-17 01:42:37,683 | libs.sidecar_validator | WARNING | Circuit breaker OPEN: 3/3 consecutive failures
2025-09-17 01:42:37,684 | libs.sidecar_validator | WARNING | Sidecar will return 503 for new orders
2025-09-17 01:42:37,685 | libs.sidecar_validator | INFO | Sidecar validation passed
2025-09-17 01:42:37,845 | httpx | INFO | HTTP Request: GET http://localhost:8787/health "HTTP/1.1 200 OK"
2025-09-17 01:42:37,846 | libs.drift.drivers.swift | INFO | Swift driver initialized: http://localhost:8787, retries=3, auction=True
2025-09-17 01:42:38,094 | httpx | INFO | HTTP Request: POST https://devnet.helius-rpc.com/?api-key=2728d54b-ce26-4696-bb4d-dc8170fcd494 "HTTP/1.1 200 OK"
2025-09-17 01:42:38,191 | httpx | INFO | HTTP Request: POST https://devnet.helius-rpc.com/?api-key=2728d54b-ce26-4696-bb4d-dc8170fcd494 "HTTP/1.1 200 OK"
2025-09-17 01:42:38,356 | httpx | INFO | HTTP Request: POST https://devnet.helius-rpc.com/?api-key=2728d54b-ce26-4696-bb4d-dc8170fcd494 "HTTP/1.1 200 OK"
2025-09-17 01:42:39,404 | libs.sidecar_validator | INFO | Validating sidecar at: http://localhost:8787/health
2025-09-17 01:42:39,984 | httpx | INFO | HTTP Request: GET http://localhost:8787/health "HTTP/1.1 200 OK"
2025-09-17 01:42:39,986 | libs.sidecar_validator | INFO | Sidecar mode: forward
2025-09-17 01:42:39,986 | libs.sidecar_validator | INFO | Forward base: https://swift.drift.trade
2025-09-17 01:42:39,986 | libs.sidecar_validator | INFO | Upstream Swift service healthy: status=200 (144ms)
2025-09-17 01:42:39,987 | libs.sidecar_validator | WARNING | Circuit breaker OPEN: 3/3 consecutive failures
2025-09-17 01:42:39,987 | libs.sidecar_validator | WARNING | Sidecar will return 503 for new orders
2025-09-17 01:42:39,987 | libs.sidecar_validator | INFO | Sidecar validation passed
2025-09-17 01:42:40,143 | httpx | INFO | HTTP Request: GET http://localhost:8787/health "HTTP/1.1 200 OK"
2025-09-17 01:42:40,145 | libs.drift.drivers.swift | INFO | Swift driver initialized: http://localhost:8787, retries=3, auction=True
2025-09-17 01:42:40,254 | httpx | INFO | HTTP Request: POST https://devnet.helius-rpc.com/?api-key=2728d54b-ce26-4696-bb4d-dc8170fcd494 "HTTP/1.1 200 OK"
2025-09-17 01:42:40,334 | httpx | INFO | HTTP Request: POST https://devnet.helius-rpc.com/?api-key=2728d54b-ce26-4696-bb4d-dc8170fcd494 "HTTP/1.1 200 OK"
2025-09-17 01:42:40,613 | httpx | INFO | HTTP Request: POST https://devnet.helius-rpc.com/?api-key=2728d54b-ce26-4696-bb4d-dc8170fcd494 "HTTP/1.1 200 OK"
2025-09-17 01:42:41,636 | libs.sidecar_validator | INFO | Validating sidecar at: http://localhost:8787/health
2025-09-17 01:42:42,440 | httpx | INFO | HTTP Request: GET http://localhost:8787/health "HTTP/1.1 200 OK"
2025-09-17 01:42:42,440 | libs.sidecar_validator | INFO | Sidecar mode: forward
2025-09-17 01:42:42,441 | libs.sidecar_validator | INFO | Forward base: https://swift.drift.trade
2025-09-17 01:42:42,441 | libs.sidecar_validator | INFO | Upstream Swift service healthy: status=200 (343ms)
2025-09-17 01:42:42,441 | libs.sidecar_validator | WARNING | Circuit breaker OPEN: 3/3 consecutive failures
2025-09-17 01:42:42,442 | libs.sidecar_validator | WARNING | Sidecar will return 503 for new orders
2025-09-17 01:42:42,442 | libs.sidecar_validator | INFO | Sidecar validation passed
2025-09-17 01:42:42,822 | httpx | INFO | HTTP Request: GET http://localhost:8787/health "HTTP/1.1 200 OK"
2025-09-17 01:42:42,824 | libs.drift.drivers.swift | INFO | Swift driver initialized: http://localhost:8787, retries=3, auction=True
2025-09-17 01:42:42,939 | httpx | INFO | HTTP Request: POST https://devnet.helius-rpc.com/?api-key=2728d54b-ce26-4696-bb4d-dc8170fcd494 "HTTP/1.1 200 OK"
2025-09-17 01:42:43,057 | httpx | INFO | HTTP Request: POST https://devnet.helius-rpc.com/?api-key=2728d54b-ce26-4696-bb4d-dc8170fcd494 "HTTP/1.1 200 OK"
2025-09-17 01:42:43,256 | httpx | INFO | HTTP Request: POST https://devnet.helius-rpc.com/?api-key=2728d54b-ce26-4696-bb4d-dc8170fcd494 "HTTP/1.1 200 OK"
2025-09-17 01:42:44,314 | libs.sidecar_validator | INFO | Validating sidecar at: http://localhost:8787/health
2025-09-17 01:42:44,865 | httpx | INFO | HTTP Request: GET http://localhost:8787/health "HTTP/1.1 200 OK"
2025-09-17 01:42:44,866 | libs.sidecar_validator | INFO | Sidecar mode: forward
2025-09-17 01:42:44,866 | libs.sidecar_validator | INFO | Forward base: https://swift.drift.trade
2025-09-17 01:42:44,866 | libs.sidecar_validator | INFO | Upstream Swift service healthy: status=200 (159ms)
2025-09-17 01:42:44,866 | libs.sidecar_validator | WARNING | Circuit breaker OPEN: 3/3 consecutive failures
2025-09-17 01:42:44,867 | libs.sidecar_validator | WARNING | Sidecar will return 503 for new orders
2025-09-17 01:42:44,868 | libs.sidecar_validator | INFO | Sidecar validation passed
2025-09-17 01:42:45,214 | httpx | INFO | HTTP Request: GET http://localhost:8787/health "HTTP/1.1 200 OK"
2025-09-17 01:42:45,216 | libs.drift.drivers.swift | INFO | Swift driver initialized: http://localhost:8787, retries=3, auction=True
2025-09-17 01:42:45,360 | httpx | INFO | HTTP Request: POST https://devnet.helius-rpc.com/?api-key=2728d54b-ce26-4696-bb4d-dc8170fcd494 "HTTP/1.1 200 OK"
2025-09-17 01:42:45,563 | httpx | INFO | HTTP Request: POST https://devnet.helius-rpc.com/?api-key=2728d54b-ce26-4696-bb4d-dc8170fcd494 "HTTP/1.1 200 OK"
2025-09-17 01:42:45,658 | httpx | INFO | HTTP Request: POST https://devnet.helius-rpc.com/?api-key=2728d54b-ce26-4696-bb4d-dc8170fcd494 "HTTP/1.1 200 OK"
2025-09-17 01:42:46,693 | libs.sidecar_validator | INFO | Validating sidecar at: http://localhost:8787/health
2025-09-17 01:42:47,447 | httpx | INFO | HTTP Request: GET http://localhost:8787/health "HTTP/1.1 200 OK"
2025-09-17 01:42:47,448 | libs.sidecar_validator | INFO | Sidecar mode: forward
2025-09-17 01:42:47,448 | libs.sidecar_validator | INFO | Forward base: https://swift.drift.trade
2025-09-17 01:42:47,448 | libs.sidecar_validator | INFO | Upstream Swift service healthy: status=200 (335ms)
2025-09-17 01:42:47,449 | libs.sidecar_validator | WARNING | Circuit breaker OPEN: 3/3 consecutive failures
2025-09-17 01:42:47,449 | libs.sidecar_validator | WARNING | Sidecar will return 503 for new orders
2025-09-17 01:42:47,450 | libs.sidecar_validator | INFO | Sidecar validation passed
2025-09-17 01:42:47,611 | httpx | INFO | HTTP Request: GET http://localhost:8787/health "HTTP/1.1 200 OK"
2025-09-17 01:42:47,612 | libs.drift.drivers.swift | INFO | Swift driver initialized: http://localhost:8787, retries=3, auction=True
2025-09-17 01:42:47,687 | httpx | INFO | HTTP Request: POST https://devnet.helius-rpc.com/?api-key=2728d54b-ce26-4696-bb4d-dc8170fcd494 "HTTP/1.1 200 OK"
2025-09-17 01:42:47,829 | httpx | INFO | HTTP Request: POST https://devnet.helius-rpc.com/?api-key=2728d54b-ce26-4696-bb4d-dc8170fcd494 "HTTP/1.1 200 OK"
2025-09-17 01:42:47,911 | httpx | INFO | HTTP Request: POST https://devnet.helius-rpc.com/?api-key=2728d54b-ce26-4696-bb4d-dc8170fcd494 "HTTP/1.1 200 OK"
2025-09-17 01:42:48,947 | libs.sidecar_validator | INFO | Validating sidecar at: http://localhost:8787/health
2025-09-17 01:42:49,546 | httpx | INFO | HTTP Request: GET http://localhost:8787/health "HTTP/1.1 200 OK"
2025-09-17 01:42:49,547 | libs.sidecar_validator | INFO | Sidecar mode: forward
2025-09-17 01:42:49,547 | libs.sidecar_validator | INFO | Forward base: https://swift.drift.trade
2025-09-17 01:42:49,548 | libs.sidecar_validator | INFO | Upstream Swift service healthy: status=200 (155ms)
2025-09-17 01:42:49,548 | libs.sidecar_validator | WARNING | Circuit breaker OPEN: 3/3 consecutive failures
2025-09-17 01:42:49,548 | libs.sidecar_validator | WARNING | Sidecar will return 503 for new orders
2025-09-17 01:42:49,548 | libs.sidecar_validator | INFO | Sidecar validation passed
2025-09-17 01:42:49,703 | httpx | INFO | HTTP Request: GET http://localhost:8787/health "HTTP/1.1 200 OK"
2025-09-17 01:42:49,706 | libs.drift.drivers.swift | INFO | Swift driver initialized: http://localhost:8787, retries=3, auction=True
2025-09-17 01:42:49,782 | httpx | INFO | HTTP Request: POST https://devnet.helius-rpc.com/?api-key=2728d54b-ce26-4696-bb4d-dc8170fcd494 "HTTP/1.1 200 OK"
2025-09-17 01:42:49,989 | httpx | INFO | HTTP Request: POST https://devnet.helius-rpc.com/?api-key=2728d54b-ce26-4696-bb4d-dc8170fcd494 "HTTP/1.1 200 OK"
2025-09-17 01:42:50,117 | httpx | INFO | HTTP Request: POST https://devnet.helius-rpc.com/?api-key=2728d54b-ce26-4696-bb4d-dc8170fcd494 "HTTP/1.1 200 OK"
2025-09-17 01:42:51,137 | libs.sidecar_validator | INFO | Validating sidecar at: http://localhost:8787/health
2025-09-17 01:42:51,716 | httpx | INFO | HTTP Request: GET http://localhost:8787/health "HTTP/1.1 200 OK"
2025-09-17 01:42:51,718 | libs.sidecar_validator | INFO | Sidecar mode: forward
2025-09-17 01:42:51,718 | libs.sidecar_validator | INFO | Forward base: https://swift.drift.trade
2025-09-17 01:42:51,718 | libs.sidecar_validator | INFO | Upstream Swift service healthy: status=200 (162ms)
2025-09-17 01:42:51,719 | libs.sidecar_validator | WARNING | Circuit breaker OPEN: 3/3 consecutive failures
2025-09-17 01:42:51,719 | libs.sidecar_validator | WARNING | Sidecar will return 503 for new orders
2025-09-17 01:42:51,719 | libs.sidecar_validator | INFO | Sidecar validation passed
2025-09-17 01:42:51,866 | httpx | INFO | HTTP Request: GET http://localhost:8787/health "HTTP/1.1 200 OK"
2025-09-17 01:42:51,868 | libs.drift.drivers.swift | INFO | Swift driver initialized: http://localhost:8787, retries=3, auction=True
2025-09-17 01:42:51,969 | httpx | INFO | HTTP Request: POST https://devnet.helius-rpc.com/?api-key=2728d54b-ce26-4696-bb4d-dc8170fcd494 "HTTP/1.1 200 OK"
2025-09-17 01:42:52,190 | httpx | INFO | HTTP Request: POST https://devnet.helius-rpc.com/?api-key=2728d54b-ce26-4696-bb4d-dc8170fcd494 "HTTP/1.1 200 OK"
2025-09-17 01:42:52,391 | httpx | INFO | HTTP Request: POST https://devnet.helius-rpc.com/?api-key=2728d54b-ce26-4696-bb4d-dc8170fcd494 "HTTP/1.1 200 OK"
2025-09-17 01:42:53,435 | libs.sidecar_validator | INFO | Validating sidecar at: http://localhost:8787/health
2025-09-17 01:42:54,013 | httpx | INFO | HTTP Request: GET http://localhost:8787/health "HTTP/1.1 200 OK"
2025-09-17 01:42:54,013 | libs.sidecar_validator | INFO | Sidecar mode: forward
2025-09-17 01:42:54,015 | libs.sidecar_validator | INFO | Forward base: https://swift.drift.trade
2025-09-17 01:42:54,015 | libs.sidecar_validator | INFO | Upstream Swift service healthy: status=200 (155ms)
2025-09-17 01:42:54,016 | libs.sidecar_validator | WARNING | Circuit breaker OPEN: 3/3 consecutive failures
2025-09-17 01:42:54,017 | libs.sidecar_validator | WARNING | Sidecar will return 503 for new orders
2025-09-17 01:42:54,017 | libs.sidecar_validator | INFO | Sidecar validation passed
2025-09-17 01:42:54,186 | httpx | INFO | HTTP Request: GET http://localhost:8787/health "HTTP/1.1 200 OK"
2025-09-17 01:42:54,187 | libs.drift.drivers.swift | INFO | Swift driver initialized: http://localhost:8787, retries=3, auction=True
2025-09-17 01:42:54,431 | httpx | INFO | HTTP Request: POST https://devnet.helius-rpc.com/?api-key=2728d54b-ce26-4696-bb4d-dc8170fcd494 "HTTP/1.1 200 OK"
2025-09-17 01:42:54,673 | httpx | INFO | HTTP Request: POST https://devnet.helius-rpc.com/?api-key=2728d54b-ce26-4696-bb4d-dc8170fcd494 "HTTP/1.1 200 OK"
2025-09-17 01:42:54,743 | httpx | INFO | HTTP Request: POST https://devnet.helius-rpc.com/?api-key=2728d54b-ce26-4696-bb4d-dc8170fcd494 "HTTP/1.1 200 OK"
2025-09-17 01:42:55,805 | libs.sidecar_validator | INFO | Validating sidecar at: http://localhost:8787/health
2025-09-17 01:42:56,368 | httpx | INFO | HTTP Request: GET http://localhost:8787/health "HTTP/1.1 200 OK"
2025-09-17 01:42:56,369 | libs.sidecar_validator | INFO | Sidecar mode: forward
2025-09-17 01:42:56,369 | libs.sidecar_validator | INFO | Forward base: https://swift.drift.trade
2025-09-17 01:42:56,370 | libs.sidecar_validator | INFO | Upstream Swift service healthy: status=200 (144ms)
2025-09-17 01:42:56,370 | libs.sidecar_validator | WARNING | Circuit breaker OPEN: 3/3 consecutive failures
2025-09-17 01:42:56,370 | libs.sidecar_validator | WARNING | Sidecar will return 503 for new orders
2025-09-17 01:42:56,370 | libs.sidecar_validator | INFO | Sidecar validation passed
2025-09-17 01:42:56,518 | httpx | INFO | HTTP Request: GET http://localhost:8787/health "HTTP/1.1 200 OK"
2025-09-17 01:42:56,520 | libs.drift.drivers.swift | INFO | Swift driver initialized: http://localhost:8787, retries=3, auction=True
2025-09-17 01:42:56,673 | httpx | INFO | HTTP Request: POST https://devnet.helius-rpc.com/?api-key=2728d54b-ce26-4696-bb4d-dc8170fcd494 "HTTP/1.1 200 OK"
2025-09-17 01:42:56,746 | httpx | INFO | HTTP Request: POST https://devnet.helius-rpc.com/?api-key=2728d54b-ce26-4696-bb4d-dc8170fcd494 "HTTP/1.1 200 OK"
2025-09-17 01:42:56,891 | httpx | INFO | HTTP Request: POST https://devnet.helius-rpc.com/?api-key=2728d54b-ce26-4696-bb4d-dc8170fcd494 "HTTP/1.1 200 OK"
2025-09-17 01:42:57,947 | libs.sidecar_validator | INFO | Validating sidecar at: http://localhost:8787/health
2025-09-17 01:42:58,504 | httpx | INFO | HTTP Request: GET http://localhost:8787/health "HTTP/1.1 200 OK"
2025-09-17 01:42:58,505 | libs.sidecar_validator | INFO | Sidecar mode: forward
2025-09-17 01:42:58,505 | libs.sidecar_validator | INFO | Forward base: https://swift.drift.trade
2025-09-17 01:42:58,506 | libs.sidecar_validator | INFO | Upstream Swift service healthy: status=200 (147ms)
2025-09-17 01:42:58,506 | libs.sidecar_validator | WARNING | Circuit breaker OPEN: 3/3 consecutive failures
2025-09-17 01:42:58,506 | libs.sidecar_validator | WARNING | Sidecar will return 503 for new orders
2025-09-17 01:42:58,506 | libs.sidecar_validator | INFO | Sidecar validation passed
2025-09-17 01:42:58,654 | httpx | INFO | HTTP Request: GET http://localhost:8787/health "HTTP/1.1 200 OK"
2025-09-17 01:42:58,655 | libs.drift.drivers.swift | INFO | Swift driver initialized: http://localhost:8787, retries=3, auction=True
2025-09-17 01:42:58,804 | httpx | INFO | HTTP Request: POST https://devnet.helius-rpc.com/?api-key=2728d54b-ce26-4696-bb4d-dc8170fcd494 "HTTP/1.1 200 OK"
2025-09-17 01:42:59,001 | httpx | INFO | HTTP Request: POST https://devnet.helius-rpc.com/?api-key=2728d54b-ce26-4696-bb4d-dc8170fcd494 "HTTP/1.1 200 OK"
2025-09-17 01:42:59,076 | httpx | INFO | HTTP Request: POST https://devnet.helius-rpc.com/?api-key=2728d54b-ce26-4696-bb4d-dc8170fcd494 "HTTP/1.1 200 OK"
2025-09-17 01:43:00,158 | libs.sidecar_validator | INFO | Validating sidecar at: http://localhost:8787/health
2025-09-17 01:43:00,762 | httpx | INFO | HTTP Request: GET http://localhost:8787/health "HTTP/1.1 200 OK"
2025-09-17 01:43:00,763 | libs.sidecar_validator | INFO | Sidecar mode: forward
2025-09-17 01:43:00,765 | libs.sidecar_validator | INFO | Forward base: https://swift.drift.trade
2025-09-17 01:43:00,765 | libs.sidecar_validator | INFO | Upstream Swift service healthy: status=200 (160ms)
2025-09-17 01:43:00,765 | libs.sidecar_validator | WARNING | Circuit breaker OPEN: 3/3 consecutive failures
2025-09-17 01:43:00,766 | libs.sidecar_validator | WARNING | Sidecar will return 503 for new orders
2025-09-17 01:43:00,766 | libs.sidecar_validator | INFO | Sidecar validation passed
2025-09-17 01:43:00,917 | httpx | INFO | HTTP Request: GET http://localhost:8787/health "HTTP/1.1 200 OK"
2025-09-17 01:43:00,919 | libs.drift.drivers.swift | INFO | Swift driver initialized: http://localhost:8787, retries=3, auction=True
2025-09-17 01:43:01,018 | httpx | INFO | HTTP Request: POST https://devnet.helius-rpc.com/?api-key=2728d54b-ce26-4696-bb4d-dc8170fcd494 "HTTP/1.1 200 OK"
2025-09-17 01:43:01,211 | httpx | INFO | HTTP Request: POST https://devnet.helius-rpc.com/?api-key=2728d54b-ce26-4696-bb4d-dc8170fcd494 "HTTP/1.1 200 OK"
2025-09-17 01:43:01,342 | httpx | INFO | HTTP Request: POST https://devnet.helius-rpc.com/?api-key=2728d54b-ce26-4696-bb4d-dc8170fcd494 "HTTP/1.1 200 OK"
2025-09-17 01:43:02,414 | libs.sidecar_validator | INFO | Validating sidecar at: http://localhost:8787/health
2025-09-17 01:43:02,995 | httpx | INFO | HTTP Request: GET http://localhost:8787/health "HTTP/1.1 200 OK"
2025-09-17 01:43:02,995 | libs.sidecar_validator | INFO | Sidecar mode: forward
2025-09-17 01:43:02,996 | libs.sidecar_validator | INFO | Forward base: https://swift.drift.trade
2025-09-17 01:43:02,996 | libs.sidecar_validator | INFO | Upstream Swift service healthy: status=200 (153ms)
2025-09-17 01:43:02,996 | libs.sidecar_validator | WARNING | Circuit breaker OPEN: 3/3 consecutive failures
2025-09-17 01:43:02,996 | libs.sidecar_validator | WARNING | Sidecar will return 503 for new orders
2025-09-17 01:43:02,997 | libs.sidecar_validator | INFO | Sidecar validation passed
2025-09-17 01:43:03,350 | httpx | INFO | HTTP Request: GET http://localhost:8787/health "HTTP/1.1 200 OK"
2025-09-17 01:43:03,352 | libs.drift.drivers.swift | INFO | Swift driver initialized: http://localhost:8787, retries=3, auction=True
2025-09-17 01:43:03,484 | httpx | INFO | HTTP Request: POST https://devnet.helius-rpc.com/?api-key=2728d54b-ce26-4696-bb4d-dc8170fcd494 "HTTP/1.1 200 OK"
2025-09-17 01:43:03,607 | httpx | INFO | HTTP Request: POST https://devnet.helius-rpc.com/?api-key=2728d54b-ce26-4696-bb4d-dc8170fcd494 "HTTP/1.1 200 OK"
2025-09-17 01:43:03,745 | httpx | INFO | HTTP Request: POST https://devnet.helius-rpc.com/?api-key=2728d54b-ce26-4696-bb4d-dc8170fcd494 "HTTP/1.1 200 OK"
2025-09-17 01:43:08,591 | libs.sidecar_validator | INFO | Validating sidecar at: http://localhost:8787/health
2025-09-17 01:43:09,728 | httpx | INFO | HTTP Request: GET http://localhost:8787/health "HTTP/1.1 200 OK"
2025-09-17 01:43:09,729 | libs.sidecar_validator | INFO | Sidecar mode: forward
2025-09-17 01:43:09,729 | libs.sidecar_validator | INFO | Forward base: https://swift.drift.trade
2025-09-17 01:43:09,729 | libs.sidecar_validator | INFO | Upstream Swift service healthy: status=200 (673ms)
2025-09-17 01:43:09,730 | libs.sidecar_validator | WARNING | Circuit breaker OPEN: 3/3 consecutive failures
2025-09-17 01:43:09,730 | libs.sidecar_validator | WARNING | Sidecar will return 503 for new orders
2025-09-17 01:43:09,730 | libs.sidecar_validator | INFO | Sidecar validation passed
2025-09-17 01:43:10,079 | httpx | INFO | HTTP Request: GET http://localhost:8787/health "HTTP/1.1 200 OK"
2025-09-17 01:43:10,080 | libs.drift.drivers.swift | INFO | Swift driver initialized: http://localhost:8787, retries=3, auction=True
2025-09-17 01:43:10,433 | httpx | INFO | HTTP Request: POST https://devnet.helius-rpc.com/?api-key=2728d54b-ce26-4696-bb4d-dc8170fcd494 "HTTP/1.1 200 OK"
2025-09-17 01:43:10,572 | httpx | INFO | HTTP Request: POST https://devnet.helius-rpc.com/?api-key=2728d54b-ce26-4696-bb4d-dc8170fcd494 "HTTP/1.1 200 OK"
2025-09-17 01:43:10,699 | httpx | INFO | HTTP Request: POST https://devnet.helius-rpc.com/?api-key=2728d54b-ce26-4696-bb4d-dc8170fcd494 "HTTP/1.1 200 OK"
2025-09-17 01:43:11,708 | libs.sidecar_validator | INFO | Validating sidecar at: http://localhost:8787/health
2025-09-17 01:43:12,245 | httpx | INFO | HTTP Request: GET http://localhost:8787/health "HTTP/1.1 200 OK"
2025-09-17 01:43:12,246 | libs.sidecar_validator | INFO | Sidecar mode: forward
2025-09-17 01:43:12,246 | libs.sidecar_validator | INFO | Forward base: https://swift.drift.trade
2025-09-17 01:43:12,247 | libs.sidecar_validator | INFO | Upstream Swift service healthy: status=200 (140ms)
2025-09-17 01:43:12,247 | libs.sidecar_validator | WARNING | Circuit breaker OPEN: 3/3 consecutive failures
2025-09-17 01:43:12,247 | libs.sidecar_validator | WARNING | Sidecar will return 503 for new orders
2025-09-17 01:43:12,247 | libs.sidecar_validator | INFO | Sidecar validation passed
2025-09-17 01:43:12,404 | httpx | INFO | HTTP Request: GET http://localhost:8787/health "HTTP/1.1 200 OK"
2025-09-17 01:43:12,406 | libs.drift.drivers.swift | INFO | Swift driver initialized: http://localhost:8787, retries=3, auction=True
2025-09-17 01:43:12,581 | httpx | INFO | HTTP Request: POST https://devnet.helius-rpc.com/?api-key=2728d54b-ce26-4696-bb4d-dc8170fcd494 "HTTP/1.1 200 OK"
2025-09-17 01:43:12,709 | httpx | INFO | HTTP Request: POST https://devnet.helius-rpc.com/?api-key=2728d54b-ce26-4696-bb4d-dc8170fcd494 "HTTP/1.1 200 OK"
2025-09-17 01:43:12,782 | httpx | INFO | HTTP Request: POST https://devnet.helius-rpc.com/?api-key=2728d54b-ce26-4696-bb4d-dc8170fcd494 "HTTP/1.1 200 OK"
2025-09-17 01:43:13,840 | libs.sidecar_validator | INFO | Validating sidecar at: http://localhost:8787/health
2025-09-17 01:43:14,619 | httpx | INFO | HTTP Request: GET http://localhost:8787/health "HTTP/1.1 200 OK"
2025-09-17 01:43:14,619 | libs.sidecar_validator | INFO | Sidecar mode: forward
2025-09-17 01:43:14,620 | libs.sidecar_validator | INFO | Forward base: https://swift.drift.trade
2025-09-17 01:43:14,620 | libs.sidecar_validator | INFO | Upstream Swift service healthy: status=200 (342ms)
2025-09-17 01:43:14,620 | libs.sidecar_validator | WARNING | Circuit breaker OPEN: 3/3 consecutive failures
2025-09-17 01:43:14,620 | libs.sidecar_validator | WARNING | Sidecar will return 503 for new orders
2025-09-17 01:43:14,621 | libs.sidecar_validator | INFO | Sidecar validation passed
2025-09-17 01:43:14,955 | httpx | INFO | HTTP Request: GET http://localhost:8787/health "HTTP/1.1 200 OK"
2025-09-17 01:43:14,956 | libs.drift.drivers.swift | INFO | Swift driver initialized: http://localhost:8787, retries=3, auction=True
2025-09-17 01:43:15,109 | httpx | INFO | HTTP Request: POST https://devnet.helius-rpc.com/?api-key=2728d54b-ce26-4696-bb4d-dc8170fcd494 "HTTP/1.1 200 OK"
2025-09-17 01:43:15,345 | httpx | INFO | HTTP Request: POST https://devnet.helius-rpc.com/?api-key=2728d54b-ce26-4696-bb4d-dc8170fcd494 "HTTP/1.1 200 OK"
2025-09-17 01:43:15,422 | httpx | INFO | HTTP Request: POST https://devnet.helius-rpc.com/?api-key=2728d54b-ce26-4696-bb4d-dc8170fcd494 "HTTP/1.1 200 OK"
2025-09-17 01:43:16,452 | libs.sidecar_validator | INFO | Validating sidecar at: http://localhost:8787/health
2025-09-17 01:43:17,048 | httpx | INFO | HTTP Request: GET http://localhost:8787/health "HTTP/1.1 200 OK"
2025-09-17 01:43:17,049 | libs.sidecar_validator | INFO | Sidecar mode: forward
2025-09-17 01:43:17,049 | libs.sidecar_validator | INFO | Forward base: https://swift.drift.trade
2025-09-17 01:43:17,050 | libs.sidecar_validator | INFO | Upstream Swift service healthy: status=200 (157ms)
2025-09-17 01:43:17,050 | libs.sidecar_validator | WARNING | Circuit breaker OPEN: 3/3 consecutive failures
2025-09-17 01:43:17,050 | libs.sidecar_validator | WARNING | Sidecar will return 503 for new orders
2025-09-17 01:43:17,051 | libs.sidecar_validator | INFO | Sidecar validation passed
2025-09-17 01:43:17,217 | httpx | INFO | HTTP Request: GET http://localhost:8787/health "HTTP/1.1 200 OK"
2025-09-17 01:43:17,218 | libs.drift.drivers.swift | INFO | Swift driver initialized: http://localhost:8787, retries=3, auction=True
2025-09-17 01:43:17,381 | httpx | INFO | HTTP Request: POST https://devnet.helius-rpc.com/?api-key=2728d54b-ce26-4696-bb4d-dc8170fcd494 "HTTP/1.1 200 OK"
2025-09-17 01:43:17,456 | httpx | INFO | HTTP Request: POST https://devnet.helius-rpc.com/?api-key=2728d54b-ce26-4696-bb4d-dc8170fcd494 "HTTP/1.1 200 OK"
2025-09-17 01:43:17,685 | httpx | INFO | HTTP Request: POST https://devnet.helius-rpc.com/?api-key=2728d54b-ce26-4696-bb4d-dc8170fcd494 "HTTP/1.1 200 OK"
2025-09-17 01:43:18,692 | libs.sidecar_validator | INFO | Validating sidecar at: http://localhost:8787/health
2025-09-17 01:43:19,418 | httpx | INFO | HTTP Request: GET http://localhost:8787/health "HTTP/1.1 200 OK"
2025-09-17 01:43:19,419 | libs.sidecar_validator | INFO | Sidecar mode: forward
2025-09-17 01:43:19,419 | libs.sidecar_validator | INFO | Forward base: https://swift.drift.trade
2025-09-17 01:43:19,420 | libs.sidecar_validator | INFO | Upstream Swift service healthy: status=200 (140ms)
2025-09-17 01:43:19,420 | libs.sidecar_validator | WARNING | Circuit breaker OPEN: 3/3 consecutive failures
2025-09-17 01:43:19,420 | libs.sidecar_validator | WARNING | Sidecar will return 503 for new orders
2025-09-17 01:43:19,421 | libs.sidecar_validator | INFO | Sidecar validation passed
2025-09-17 01:43:19,579 | httpx | INFO | HTTP Request: GET http://localhost:8787/health "HTTP/1.1 200 OK"
2025-09-17 01:43:19,582 | libs.drift.drivers.swift | INFO | Swift driver initialized: http://localhost:8787, retries=3, auction=True
2025-09-17 01:43:19,663 | httpx | INFO | HTTP Request: POST https://devnet.helius-rpc.com/?api-key=2728d54b-ce26-4696-bb4d-dc8170fcd494 "HTTP/1.1 200 OK"
2025-09-17 01:43:19,894 | httpx | INFO | HTTP Request: POST https://devnet.helius-rpc.com/?api-key=2728d54b-ce26-4696-bb4d-dc8170fcd494 "HTTP/1.1 200 OK"
2025-09-17 01:43:19,970 | httpx | INFO | HTTP Request: POST https://devnet.helius-rpc.com/?api-key=2728d54b-ce26-4696-bb4d-dc8170fcd494 "HTTP/1.1 200 OK"
2025-09-17 01:43:21,026 | libs.sidecar_validator | INFO | Validating sidecar at: http://localhost:8787/health
2025-09-17 01:43:21,636 | httpx | INFO | HTTP Request: GET http://localhost:8787/health "HTTP/1.1 200 OK"
2025-09-17 01:43:21,637 | libs.sidecar_validator | INFO | Sidecar mode: forward
2025-09-17 01:43:21,637 | libs.sidecar_validator | INFO | Forward base: https://swift.drift.trade
2025-09-17 01:43:21,637 | libs.sidecar_validator | INFO | Upstream Swift service healthy: status=200 (159ms)
2025-09-17 01:43:21,638 | libs.sidecar_validator | WARNING | Circuit breaker OPEN: 3/3 consecutive failures
2025-09-17 01:43:21,638 | libs.sidecar_validator | WARNING | Sidecar will return 503 for new orders
2025-09-17 01:43:21,638 | libs.sidecar_validator | INFO | Sidecar validation passed
2025-09-17 01:43:21,983 | httpx | INFO | HTTP Request: GET http://localhost:8787/health "HTTP/1.1 200 OK"
2025-09-17 01:43:21,984 | libs.drift.drivers.swift | INFO | Swift driver initialized: http://localhost:8787, retries=3, auction=True
2025-09-17 01:43:22,058 | httpx | INFO | HTTP Request: POST https://devnet.helius-rpc.com/?api-key=2728d54b-ce26-4696-bb4d-dc8170fcd494 "HTTP/1.1 200 OK"
2025-09-17 01:43:22,133 | httpx | INFO | HTTP Request: POST https://devnet.helius-rpc.com/?api-key=2728d54b-ce26-4696-bb4d-dc8170fcd494 "HTTP/1.1 200 OK"
2025-09-17 01:43:22,272 | httpx | INFO | HTTP Request: POST https://devnet.helius-rpc.com/?api-key=2728d54b-ce26-4696-bb4d-dc8170fcd494 "HTTP/1.1 200 OK"
2025-09-17 01:43:24,527 | libs.sidecar_validator | INFO | Validating sidecar at: http://localhost:8787/health
2025-09-17 01:43:25,306 | httpx | INFO | HTTP Request: GET http://localhost:8787/health "HTTP/1.1 200 OK"
2025-09-17 01:43:25,310 | libs.sidecar_validator | INFO | Sidecar mode: forward
2025-09-17 01:43:25,311 | libs.sidecar_validator | INFO | Forward base: https://swift.drift.trade
2025-09-17 01:43:25,314 | libs.sidecar_validator | INFO | Upstream Swift service healthy: status=200 (330ms)
2025-09-17 01:43:25,314 | libs.sidecar_validator | WARNING | Circuit breaker OPEN: 3/3 consecutive failures
2025-09-17 01:43:25,315 | libs.sidecar_validator | WARNING | Sidecar will return 503 for new orders
2025-09-17 01:43:25,317 | libs.sidecar_validator | INFO | Sidecar validation passed
2025-09-17 01:43:25,482 | httpx | INFO | HTTP Request: GET http://localhost:8787/health "HTTP/1.1 200 OK"
2025-09-17 01:43:25,484 | libs.drift.drivers.swift | INFO | Swift driver initialized: http://localhost:8787, retries=3, auction=True
2025-09-17 01:43:25,616 | httpx | INFO | HTTP Request: POST https://devnet.helius-rpc.com/?api-key=2728d54b-ce26-4696-bb4d-dc8170fcd494 "HTTP/1.1 200 OK"
2025-09-17 01:43:25,686 | httpx | INFO | HTTP Request: POST https://devnet.helius-rpc.com/?api-key=2728d54b-ce26-4696-bb4d-dc8170fcd494 "HTTP/1.1 200 OK"
2025-09-17 01:43:25,883 | httpx | INFO | HTTP Request: POST https://devnet.helius-rpc.com/?api-key=2728d54b-ce26-4696-bb4d-dc8170fcd494 "HTTP/1.1 200 OK"
2025-09-17 01:43:26,912 | libs.sidecar_validator | INFO | Validating sidecar at: http://localhost:8787/health
2025-09-17 01:43:27,510 | httpx | INFO | HTTP Request: GET http://localhost:8787/health "HTTP/1.1 200 OK"
2025-09-17 01:43:27,511 | libs.sidecar_validator | INFO | Sidecar mode: forward
2025-09-17 01:43:27,511 | libs.sidecar_validator | INFO | Forward base: https://swift.drift.trade
2025-09-17 01:43:27,511 | libs.sidecar_validator | INFO | Upstream Swift service healthy: status=200 (141ms)
2025-09-17 01:43:27,511 | libs.sidecar_validator | WARNING | Circuit breaker OPEN: 3/3 consecutive failures
2025-09-17 01:43:27,512 | libs.sidecar_validator | WARNING | Sidecar will return 503 for new orders
2025-09-17 01:43:27,512 | libs.sidecar_validator | INFO | Sidecar validation passed
2025-09-17 01:43:27,662 | httpx | INFO | HTTP Request: GET http://localhost:8787/health "HTTP/1.1 200 OK"
2025-09-17 01:43:27,664 | libs.drift.drivers.swift | INFO | Swift driver initialized: http://localhost:8787, retries=3, auction=True
2025-09-17 01:43:27,762 | httpx | INFO | HTTP Request: POST https://devnet.helius-rpc.com/?api-key=2728d54b-ce26-4696-bb4d-dc8170fcd494 "HTTP/1.1 200 OK"
2025-09-17 01:43:27,837 | httpx | INFO | HTTP Request: POST https://devnet.helius-rpc.com/?api-key=2728d54b-ce26-4696-bb4d-dc8170fcd494 "HTTP/1.1 200 OK"
2025-09-17 01:43:27,996 | httpx | INFO | HTTP Request: POST https://devnet.helius-rpc.com/?api-key=2728d54b-ce26-4696-bb4d-dc8170fcd494 "HTTP/1.1 200 OK"
2025-09-17 01:43:30,747 | libs.sidecar_validator | INFO | Validating sidecar at: http://localhost:8787/health
2025-09-17 01:43:31,345 | httpx | INFO | HTTP Request: GET http://localhost:8787/health "HTTP/1.1 200 OK"
2025-09-17 01:43:31,346 | libs.sidecar_validator | INFO | Sidecar mode: forward
2025-09-17 01:43:31,346 | libs.sidecar_validator | INFO | Forward base: https://swift.drift.trade
2025-09-17 01:43:31,347 | libs.sidecar_validator | INFO | Upstream Swift service healthy: status=200 (142ms)
2025-09-17 01:43:31,347 | libs.sidecar_validator | WARNING | Circuit breaker OPEN: 3/3 consecutive failures
2025-09-17 01:43:31,347 | libs.sidecar_validator | WARNING | Sidecar will return 503 for new orders
2025-09-17 01:43:31,347 | libs.sidecar_validator | INFO | Sidecar validation passed
2025-09-17 01:43:31,511 | httpx | INFO | HTTP Request: GET http://localhost:8787/health "HTTP/1.1 200 OK"
2025-09-17 01:43:31,513 | libs.drift.drivers.swift | INFO | Swift driver initialized: http://localhost:8787, retries=3, auction=True
2025-09-17 01:43:31,619 | httpx | INFO | HTTP Request: POST https://devnet.helius-rpc.com/?api-key=2728d54b-ce26-4696-bb4d-dc8170fcd494 "HTTP/1.1 200 OK"
2025-09-17 01:43:31,738 | httpx | INFO | HTTP Request: POST https://devnet.helius-rpc.com/?api-key=2728d54b-ce26-4696-bb4d-dc8170fcd494 "HTTP/1.1 200 OK"
2025-09-17 01:43:31,807 | httpx | INFO | HTTP Request: POST https://devnet.helius-rpc.com/?api-key=2728d54b-ce26-4696-bb4d-dc8170fcd494 "HTTP/1.1 200 OK"
2025-09-17 01:43:32,831 | libs.sidecar_validator | INFO | Validating sidecar at: http://localhost:8787/health
2025-09-17 01:43:33,469 | httpx | INFO | HTTP Request: GET http://localhost:8787/health "HTTP/1.1 200 OK"
2025-09-17 01:43:33,470 | libs.sidecar_validator | INFO | Sidecar mode: forward
2025-09-17 01:43:33,470 | libs.sidecar_validator | INFO | Forward base: https://swift.drift.trade
2025-09-17 01:43:33,471 | libs.sidecar_validator | INFO | Upstream Swift service healthy: status=200 (196ms)
2025-09-17 01:43:33,471 | libs.sidecar_validator | WARNING | Circuit breaker OPEN: 3/3 consecutive failures
2025-09-17 01:43:33,472 | libs.sidecar_validator | WARNING | Sidecar will return 503 for new orders
2025-09-17 01:43:33,472 | libs.sidecar_validator | INFO | Sidecar validation passed
2025-09-17 01:43:33,808 | httpx | INFO | HTTP Request: GET http://localhost:8787/health "HTTP/1.1 200 OK"
2025-09-17 01:43:33,810 | libs.drift.drivers.swift | INFO | Swift driver initialized: http://localhost:8787, retries=3, auction=True
2025-09-17 01:43:33,939 | httpx | INFO | HTTP Request: POST https://devnet.helius-rpc.com/?api-key=2728d54b-ce26-4696-bb4d-dc8170fcd494 "HTTP/1.1 200 OK"
2025-09-17 01:43:34,078 | httpx | INFO | HTTP Request: POST https://devnet.helius-rpc.com/?api-key=2728d54b-ce26-4696-bb4d-dc8170fcd494 "HTTP/1.1 200 OK"
2025-09-17 01:43:34,307 | httpx | INFO | HTTP Request: POST https://devnet.helius-rpc.com/?api-key=2728d54b-ce26-4696-bb4d-dc8170fcd494 "HTTP/1.1 200 OK"
2025-09-17 01:43:35,330 | libs.sidecar_validator | INFO | Validating sidecar at: http://localhost:8787/health
2025-09-17 01:43:36,105 | httpx | INFO | HTTP Request: GET http://localhost:8787/health "HTTP/1.1 200 OK"
2025-09-17 01:43:36,106 | libs.sidecar_validator | INFO | Sidecar mode: forward
2025-09-17 01:43:36,107 | libs.sidecar_validator | INFO | Forward base: https://swift.drift.trade
2025-09-17 01:43:36,107 | libs.sidecar_validator | INFO | Upstream Swift service healthy: status=200 (340ms)
2025-09-17 01:43:36,108 | libs.sidecar_validator | WARNING | Circuit breaker OPEN: 3/3 consecutive failures
2025-09-17 01:43:36,108 | libs.sidecar_validator | WARNING | Sidecar will return 503 for new orders
2025-09-17 01:43:36,108 | libs.sidecar_validator | INFO | Sidecar validation passed
2025-09-17 01:43:36,255 | httpx | INFO | HTTP Request: GET http://localhost:8787/health "HTTP/1.1 200 OK"
2025-09-17 01:43:36,257 | libs.drift.drivers.swift | INFO | Swift driver initialized: http://localhost:8787, retries=3, auction=True
2025-09-17 01:43:36,349 | httpx | INFO | HTTP Request: POST https://devnet.helius-rpc.com/?api-key=2728d54b-ce26-4696-bb4d-dc8170fcd494 "HTTP/1.1 200 OK"
2025-09-17 01:43:36,423 | httpx | INFO | HTTP Request: POST https://devnet.helius-rpc.com/?api-key=2728d54b-ce26-4696-bb4d-dc8170fcd494 "HTTP/1.1 200 OK"
2025-09-17 01:43:36,517 | httpx | INFO | HTTP Request: POST https://devnet.helius-rpc.com/?api-key=2728d54b-ce26-4696-bb4d-dc8170fcd494 "HTTP/1.1 200 OK"
2025-09-17 01:43:37,577 | libs.sidecar_validator | INFO | Validating sidecar at: http://localhost:8787/health
2025-09-17 01:43:38,221 | httpx | INFO | HTTP Request: GET http://localhost:8787/health "HTTP/1.1 200 OK"
2025-09-17 01:43:38,222 | libs.sidecar_validator | INFO | Sidecar mode: forward
2025-09-17 01:43:38,222 | libs.sidecar_validator | INFO | Forward base: https://swift.drift.trade
2025-09-17 01:43:38,222 | libs.sidecar_validator | INFO | Upstream Swift service healthy: status=200 (143ms)
2025-09-17 01:43:38,222 | libs.sidecar_validator | WARNING | Circuit breaker OPEN: 3/3 consecutive failures
2025-09-17 01:43:38,223 | libs.sidecar_validator | WARNING | Sidecar will return 503 for new orders
2025-09-17 01:43:38,223 | libs.sidecar_validator | INFO | Sidecar validation passed
2025-09-17 01:43:38,387 | httpx | INFO | HTTP Request: GET http://localhost:8787/health "HTTP/1.1 200 OK"
2025-09-17 01:43:38,388 | libs.drift.drivers.swift | INFO | Swift driver initialized: http://localhost:8787, retries=3, auction=True
2025-09-17 01:43:38,519 | httpx | INFO | HTTP Request: POST https://devnet.helius-rpc.com/?api-key=2728d54b-ce26-4696-bb4d-dc8170fcd494 "HTTP/1.1 200 OK"
2025-09-17 01:43:38,654 | httpx | INFO | HTTP Request: POST https://devnet.helius-rpc.com/?api-key=2728d54b-ce26-4696-bb4d-dc8170fcd494 "HTTP/1.1 200 OK"
2025-09-17 01:43:38,743 | httpx | INFO | HTTP Request: POST https://devnet.helius-rpc.com/?api-key=2728d54b-ce26-4696-bb4d-dc8170fcd494 "HTTP/1.1 200 OK"
2025-09-17 01:43:40,376 | libs.sidecar_validator | INFO | Validating sidecar at: http://localhost:8787/health
2025-09-17 01:43:41,051 | httpx | INFO | HTTP Request: GET http://localhost:8787/health "HTTP/1.1 200 OK"
2025-09-17 01:43:41,052 | libs.sidecar_validator | INFO | Sidecar mode: forward
2025-09-17 01:43:41,053 | libs.sidecar_validator | INFO | Forward base: https://swift.drift.trade
2025-09-17 01:43:41,054 | libs.sidecar_validator | INFO | Upstream Swift service healthy: status=200 (158ms)
2025-09-17 01:43:41,054 | libs.sidecar_validator | WARNING | Circuit breaker OPEN: 3/3 consecutive failures
2025-09-17 01:43:41,054 | libs.sidecar_validator | WARNING | Sidecar will return 503 for new orders
2025-09-17 01:43:41,055 | libs.sidecar_validator | INFO | Sidecar validation passed
2025-09-17 01:43:41,210 | httpx | INFO | HTTP Request: GET http://localhost:8787/health "HTTP/1.1 200 OK"
2025-09-17 01:43:41,212 | libs.drift.drivers.swift | INFO | Swift driver initialized: http://localhost:8787, retries=3, auction=True
2025-09-17 01:43:41,387 | httpx | INFO | HTTP Request: POST https://devnet.helius-rpc.com/?api-key=2728d54b-ce26-4696-bb4d-dc8170fcd494 "HTTP/1.1 200 OK"
2025-09-17 01:43:41,468 | httpx | INFO | HTTP Request: POST https://devnet.helius-rpc.com/?api-key=2728d54b-ce26-4696-bb4d-dc8170fcd494 "HTTP/1.1 200 OK"
2025-09-17 01:43:41,605 | httpx | INFO | HTTP Request: POST https://devnet.helius-rpc.com/?api-key=2728d54b-ce26-4696-bb4d-dc8170fcd494 "HTTP/1.1 200 OK"
2025-09-17 01:43:44,332 | libs.sidecar_validator | INFO | Validating sidecar at: http://localhost:8787/health
2025-09-17 01:43:44,884 | httpx | INFO | HTTP Request: GET http://localhost:8787/health "HTTP/1.1 200 OK"
2025-09-17 01:43:44,886 | libs.sidecar_validator | INFO | Sidecar mode: forward
2025-09-17 01:43:44,886 | libs.sidecar_validator | INFO | Forward base: https://swift.drift.trade
2025-09-17 01:43:44,886 | libs.sidecar_validator | INFO | Upstream Swift service healthy: status=200 (142ms)
2025-09-17 01:43:44,886 | libs.sidecar_validator | WARNING | Circuit breaker OPEN: 3/3 consecutive failures
2025-09-17 01:43:44,887 | libs.sidecar_validator | WARNING | Sidecar will return 503 for new orders
2025-09-17 01:43:44,887 | libs.sidecar_validator | INFO | Sidecar validation passed
2025-09-17 01:43:45,046 | httpx | INFO | HTTP Request: GET http://localhost:8787/health "HTTP/1.1 200 OK"
2025-09-17 01:43:45,048 | libs.drift.drivers.swift | INFO | Swift driver initialized: http://localhost:8787, retries=3, auction=True
2025-09-17 01:43:45,145 | httpx | INFO | HTTP Request: POST https://devnet.helius-rpc.com/?api-key=2728d54b-ce26-4696-bb4d-dc8170fcd494 "HTTP/1.1 200 OK"
2025-09-17 01:43:45,233 | httpx | INFO | HTTP Request: POST https://devnet.helius-rpc.com/?api-key=2728d54b-ce26-4696-bb4d-dc8170fcd494 "HTTP/1.1 200 OK"
2025-09-17 01:43:45,461 | httpx | INFO | HTTP Request: POST https://devnet.helius-rpc.com/?api-key=2728d54b-ce26-4696-bb4d-dc8170fcd494 "HTTP/1.1 200 OK"
2025-09-17 01:43:46,508 | libs.sidecar_validator | INFO | Validating sidecar at: http://localhost:8787/health
2025-09-17 01:43:47,282 | httpx | INFO | HTTP Request: GET http://localhost:8787/health "HTTP/1.1 200 OK"
2025-09-17 01:43:47,283 | libs.sidecar_validator | INFO | Sidecar mode: forward
2025-09-17 01:43:47,283 | libs.sidecar_validator | INFO | Forward base: https://swift.drift.trade
2025-09-17 01:43:47,283 | libs.sidecar_validator | INFO | Upstream Swift service healthy: status=200 (347ms)
2025-09-17 01:43:47,284 | libs.sidecar_validator | WARNING | Circuit breaker OPEN: 3/3 consecutive failures
2025-09-17 01:43:47,284 | libs.sidecar_validator | WARNING | Sidecar will return 503 for new orders
2025-09-17 01:43:47,285 | libs.sidecar_validator | INFO | Sidecar validation passed
2025-09-17 01:43:47,621 | httpx | INFO | HTTP Request: GET http://localhost:8787/health "HTTP/1.1 200 OK"
2025-09-17 01:43:47,622 | libs.drift.drivers.swift | INFO | Swift driver initialized: http://localhost:8787, retries=3, auction=True
2025-09-17 01:43:47,826 | httpx | INFO | HTTP Request: POST https://devnet.helius-rpc.com/?api-key=2728d54b-ce26-4696-bb4d-dc8170fcd494 "HTTP/1.1 200 OK"
2025-09-17 01:43:47,926 | httpx | INFO | HTTP Request: POST https://devnet.helius-rpc.com/?api-key=2728d54b-ce26-4696-bb4d-dc8170fcd494 "HTTP/1.1 200 OK"
2025-09-17 01:43:47,995 | httpx | INFO | HTTP Request: POST https://devnet.helius-rpc.com/?api-key=2728d54b-ce26-4696-bb4d-dc8170fcd494 "HTTP/1.1 200 OK"
2025-09-17 01:43:51,285 | libs.sidecar_validator | INFO | Validating sidecar at: http://localhost:8787/health
2025-09-17 01:43:52,032 | httpx | INFO | HTTP Request: GET http://localhost:8787/health "HTTP/1.1 200 OK"
2025-09-17 01:43:52,032 | libs.sidecar_validator | INFO | Sidecar mode: forward
2025-09-17 01:43:52,033 | libs.sidecar_validator | INFO | Forward base: https://swift.drift.trade
2025-09-17 01:43:52,033 | libs.sidecar_validator | INFO | Upstream Swift service healthy: status=200 (341ms)
2025-09-17 01:43:52,033 | libs.sidecar_validator | WARNING | Circuit breaker OPEN: 3/3 consecutive failures
2025-09-17 01:43:52,034 | libs.sidecar_validator | WARNING | Sidecar will return 503 for new orders
2025-09-17 01:43:52,034 | libs.sidecar_validator | INFO | Sidecar validation passed
2025-09-17 01:43:52,178 | httpx | INFO | HTTP Request: GET http://localhost:8787/health "HTTP/1.1 200 OK"
2025-09-17 01:43:52,180 | libs.drift.drivers.swift | INFO | Swift driver initialized: http://localhost:8787, retries=3, auction=True
2025-09-17 01:43:52,367 | httpx | INFO | HTTP Request: POST https://devnet.helius-rpc.com/?api-key=2728d54b-ce26-4696-bb4d-dc8170fcd494 "HTTP/1.1 200 OK"
2025-09-17 01:43:52,500 | httpx | INFO | HTTP Request: POST https://devnet.helius-rpc.com/?api-key=2728d54b-ce26-4696-bb4d-dc8170fcd494 "HTTP/1.1 200 OK"
2025-09-17 01:43:52,742 | httpx | INFO | HTTP Request: POST https://devnet.helius-rpc.com/?api-key=2728d54b-ce26-4696-bb4d-dc8170fcd494 "HTTP/1.1 200 OK"
2025-09-17 01:44:00,805 | libs.sidecar_validator | INFO | Validating sidecar at: http://localhost:8787/health
2025-09-17 01:44:01,609 | httpx | INFO | HTTP Request: GET http://localhost:8787/health "HTTP/1.1 200 OK"
2025-09-17 01:44:01,609 | libs.sidecar_validator | INFO | Sidecar mode: forward
2025-09-17 01:44:01,610 | libs.sidecar_validator | INFO | Forward base: https://swift.drift.trade
2025-09-17 01:44:01,610 | libs.sidecar_validator | INFO | Upstream Swift service healthy: status=200 (389ms)
2025-09-17 01:44:01,610 | libs.sidecar_validator | WARNING | Circuit breaker OPEN: 3/3 consecutive failures
2025-09-17 01:44:01,610 | libs.sidecar_validator | WARNING | Sidecar will return 503 for new orders
2025-09-17 01:44:01,611 | libs.sidecar_validator | INFO | Sidecar validation passed
2025-09-17 01:44:01,967 | httpx | INFO | HTTP Request: GET http://localhost:8787/health "HTTP/1.1 200 OK"
2025-09-17 01:44:01,970 | libs.drift.drivers.swift | INFO | Swift driver initialized: http://localhost:8787, retries=3, auction=True
2025-09-17 01:44:02,828 | httpx | INFO | HTTP Request: POST https://devnet.helius-rpc.com/?api-key=2728d54b-ce26-4696-bb4d-dc8170fcd494 "HTTP/1.1 200 OK"
2025-09-17 01:44:03,071 | httpx | INFO | HTTP Request: POST https://devnet.helius-rpc.com/?api-key=2728d54b-ce26-4696-bb4d-dc8170fcd494 "HTTP/1.1 200 OK"
2025-09-17 01:44:03,263 | httpx | INFO | HTTP Request: POST https://devnet.helius-rpc.com/?api-key=2728d54b-ce26-4696-bb4d-dc8170fcd494 "HTTP/1.1 200 OK"
2025-09-17 01:44:04,288 | libs.sidecar_validator | INFO | Validating sidecar at: http://localhost:8787/health
2025-09-17 01:44:04,882 | httpx | INFO | HTTP Request: GET http://localhost:8787/health "HTTP/1.1 200 OK"
2025-09-17 01:44:04,883 | libs.sidecar_validator | INFO | Sidecar mode: forward
2025-09-17 01:44:04,883 | libs.sidecar_validator | INFO | Forward base: https://swift.drift.trade
2025-09-17 01:44:04,884 | libs.sidecar_validator | INFO | Upstream Swift service healthy: status=200 (155ms)
2025-09-17 01:44:04,884 | libs.sidecar_validator | WARNING | Circuit breaker OPEN: 3/3 consecutive failures
2025-09-17 01:44:04,884 | libs.sidecar_validator | WARNING | Sidecar will return 503 for new orders
2025-09-17 01:44:04,884 | libs.sidecar_validator | INFO | Sidecar validation passed
2025-09-17 01:44:05,044 | httpx | INFO | HTTP Request: GET http://localhost:8787/health "HTTP/1.1 200 OK"
2025-09-17 01:44:05,045 | libs.drift.drivers.swift | INFO | Swift driver initialized: http://localhost:8787, retries=3, auction=True
2025-09-17 01:44:05,234 | httpx | INFO | HTTP Request: POST https://devnet.helius-rpc.com/?api-key=2728d54b-ce26-4696-bb4d-dc8170fcd494 "HTTP/1.1 200 OK"
2025-09-17 01:44:05,373 | httpx | INFO | HTTP Request: POST https://devnet.helius-rpc.com/?api-key=2728d54b-ce26-4696-bb4d-dc8170fcd494 "HTTP/1.1 200 OK"
2025-09-17 01:44:05,444 | httpx | INFO | HTTP Request: POST https://devnet.helius-rpc.com/?api-key=2728d54b-ce26-4696-bb4d-dc8170fcd494 "HTTP/1.1 200 OK"
2025-09-17 01:44:06,487 | libs.sidecar_validator | INFO | Validating sidecar at: http://localhost:8787/health
2025-09-17 01:44:07,042 | httpx | INFO | HTTP Request: GET http://localhost:8787/health "HTTP/1.1 200 OK"
2025-09-17 01:44:07,043 | libs.sidecar_validator | INFO | Sidecar mode: forward
2025-09-17 01:44:07,043 | libs.sidecar_validator | INFO | Forward base: https://swift.drift.trade
2025-09-17 01:44:07,044 | libs.sidecar_validator | INFO | Upstream Swift service healthy: status=200 (156ms)
2025-09-17 01:44:07,044 | libs.sidecar_validator | WARNING | Circuit breaker OPEN: 3/3 consecutive failures
2025-09-17 01:44:07,044 | libs.sidecar_validator | WARNING | Sidecar will return 503 for new orders
2025-09-17 01:44:07,044 | libs.sidecar_validator | INFO | Sidecar validation passed
2025-09-17 01:44:07,203 | httpx | INFO | HTTP Request: GET http://localhost:8787/health "HTTP/1.1 200 OK"
2025-09-17 01:44:07,206 | libs.drift.drivers.swift | INFO | Swift driver initialized: http://localhost:8787, retries=3, auction=True
2025-09-17 01:44:07,283 | httpx | INFO | HTTP Request: POST https://devnet.helius-rpc.com/?api-key=2728d54b-ce26-4696-bb4d-dc8170fcd494 "HTTP/1.1 200 OK"
2025-09-17 01:44:07,426 | httpx | INFO | HTTP Request: POST https://devnet.helius-rpc.com/?api-key=2728d54b-ce26-4696-bb4d-dc8170fcd494 "HTTP/1.1 200 OK"
2025-09-17 01:44:07,531 | httpx | INFO | HTTP Request: POST https://devnet.helius-rpc.com/?api-key=2728d54b-ce26-4696-bb4d-dc8170fcd494 "HTTP/1.1 200 OK"
2025-09-17 01:44:08,574 | libs.sidecar_validator | INFO | Validating sidecar at: http://localhost:8787/health
2025-09-17 01:44:09,324 | httpx | INFO | HTTP Request: GET http://localhost:8787/health "HTTP/1.1 200 OK"
2025-09-17 01:44:09,326 | libs.sidecar_validator | INFO | Sidecar mode: forward
2025-09-17 01:44:09,326 | libs.sidecar_validator | INFO | Forward base: https://swift.drift.trade
2025-09-17 01:44:09,327 | libs.sidecar_validator | INFO | Upstream Swift service healthy: status=200 (334ms)
2025-09-17 01:44:09,327 | libs.sidecar_validator | WARNING | Circuit breaker OPEN: 3/3 consecutive failures
2025-09-17 01:44:09,327 | libs.sidecar_validator | WARNING | Sidecar will return 503 for new orders
2025-09-17 01:44:09,328 | libs.sidecar_validator | INFO | Sidecar validation passed
2025-09-17 01:44:09,477 | httpx | INFO | HTTP Request: GET http://localhost:8787/health "HTTP/1.1 200 OK"
2025-09-17 01:44:09,478 | libs.drift.drivers.swift | INFO | Swift driver initialized: http://localhost:8787, retries=3, auction=True
2025-09-17 01:44:09,594 | httpx | INFO | HTTP Request: POST https://devnet.helius-rpc.com/?api-key=2728d54b-ce26-4696-bb4d-dc8170fcd494 "HTTP/1.1 200 OK"
2025-09-17 01:44:09,779 | httpx | INFO | HTTP Request: POST https://devnet.helius-rpc.com/?api-key=2728d54b-ce26-4696-bb4d-dc8170fcd494 "HTTP/1.1 200 OK"
2025-09-17 01:44:09,910 | httpx | INFO | HTTP Request: POST https://devnet.helius-rpc.com/?api-key=2728d54b-ce26-4696-bb4d-dc8170fcd494 "HTTP/1.1 200 OK"
2025-09-17 01:44:10,941 | libs.sidecar_validator | INFO | Validating sidecar at: http://localhost:8787/health
2025-09-17 01:44:11,652 | httpx | INFO | HTTP Request: GET http://localhost:8787/health "HTTP/1.1 200 OK"
2025-09-17 01:44:11,653 | libs.sidecar_validator | INFO | Sidecar mode: forward
2025-09-17 01:44:11,653 | libs.sidecar_validator | INFO | Forward base: https://swift.drift.trade
2025-09-17 01:44:11,654 | libs.sidecar_validator | INFO | Upstream Swift service healthy: status=200 (334ms)
2025-09-17 01:44:11,655 | libs.sidecar_validator | WARNING | Circuit breaker OPEN: 3/3 consecutive failures
2025-09-17 01:44:11,655 | libs.sidecar_validator | WARNING | Sidecar will return 503 for new orders
2025-09-17 01:44:11,655 | libs.sidecar_validator | INFO | Sidecar validation passed
2025-09-17 01:44:11,805 | httpx | INFO | HTTP Request: GET http://localhost:8787/health "HTTP/1.1 200 OK"
2025-09-17 01:44:11,806 | libs.drift.drivers.swift | INFO | Swift driver initialized: http://localhost:8787, retries=3, auction=True
2025-09-17 01:44:12,017 | httpx | INFO | HTTP Request: POST https://devnet.helius-rpc.com/?api-key=2728d54b-ce26-4696-bb4d-dc8170fcd494 "HTTP/1.1 200 OK"
2025-09-17 01:44:12,256 | httpx | INFO | HTTP Request: POST https://devnet.helius-rpc.com/?api-key=2728d54b-ce26-4696-bb4d-dc8170fcd494 "HTTP/1.1 200 OK"
2025-09-17 01:44:12,429 | httpx | INFO | HTTP Request: POST https://devnet.helius-rpc.com/?api-key=2728d54b-ce26-4696-bb4d-dc8170fcd494 "HTTP/1.1 200 OK"
2025-09-17 01:44:14,988 | libs.sidecar_validator | INFO | Validating sidecar at: http://localhost:8787/health
2025-09-17 01:44:15,731 | httpx | INFO | HTTP Request: GET http://localhost:8787/health "HTTP/1.1 200 OK"
2025-09-17 01:44:15,732 | libs.sidecar_validator | INFO | Sidecar mode: forward
2025-09-17 01:44:15,732 | libs.sidecar_validator | INFO | Forward base: https://swift.drift.trade
2025-09-17 01:44:15,733 | libs.sidecar_validator | INFO | Upstream Swift service healthy: status=200 (335ms)
2025-09-17 01:44:15,733 | libs.sidecar_validator | WARNING | Circuit breaker OPEN: 3/3 consecutive failures
2025-09-17 01:44:15,733 | libs.sidecar_validator | WARNING | Sidecar will return 503 for new orders
2025-09-17 01:44:15,733 | libs.sidecar_validator | INFO | Sidecar validation passed
2025-09-17 01:44:15,885 | httpx | INFO | HTTP Request: GET http://localhost:8787/health "HTTP/1.1 200 OK"
2025-09-17 01:44:15,887 | libs.drift.drivers.swift | INFO | Swift driver initialized: http://localhost:8787, retries=3, auction=True
2025-09-17 01:44:15,972 | httpx | INFO | HTTP Request: POST https://devnet.helius-rpc.com/?api-key=2728d54b-ce26-4696-bb4d-dc8170fcd494 "HTTP/1.1 200 OK"
2025-09-17 01:44:16,067 | httpx | INFO | HTTP Request: POST https://devnet.helius-rpc.com/?api-key=2728d54b-ce26-4696-bb4d-dc8170fcd494 "HTTP/1.1 200 OK"
2025-09-17 01:44:16,147 | httpx | INFO | HTTP Request: POST https://devnet.helius-rpc.com/?api-key=2728d54b-ce26-4696-bb4d-dc8170fcd494 "HTTP/1.1 200 OK"
2025-09-17 01:44:17,566 | libs.sidecar_validator | INFO | Validating sidecar at: http://localhost:8787/health
2025-09-17 01:44:18,103 | httpx | INFO | HTTP Request: GET http://localhost:8787/health "HTTP/1.1 200 OK"
2025-09-17 01:44:18,103 | libs.sidecar_validator | INFO | Sidecar mode: forward
2025-09-17 01:44:18,104 | libs.sidecar_validator | INFO | Forward base: https://swift.drift.trade
2025-09-17 01:44:18,104 | libs.sidecar_validator | INFO | Upstream Swift service healthy: status=200 (145ms)
2025-09-17 01:44:18,104 | libs.sidecar_validator | WARNING | Circuit breaker OPEN: 3/3 consecutive failures
2025-09-17 01:44:18,105 | libs.sidecar_validator | WARNING | Sidecar will return 503 for new orders
2025-09-17 01:44:18,105 | libs.sidecar_validator | INFO | Sidecar validation passed
2025-09-17 01:44:18,453 | httpx | INFO | HTTP Request: GET http://localhost:8787/health "HTTP/1.1 200 OK"
2025-09-17 01:44:18,454 | libs.drift.drivers.swift | INFO | Swift driver initialized: http://localhost:8787, retries=3, auction=True
2025-09-17 01:44:18,709 | httpx | INFO | HTTP Request: POST https://devnet.helius-rpc.com/?api-key=2728d54b-ce26-4696-bb4d-dc8170fcd494 "HTTP/1.1 200 OK"
2025-09-17 01:44:18,783 | httpx | INFO | HTTP Request: POST https://devnet.helius-rpc.com/?api-key=2728d54b-ce26-4696-bb4d-dc8170fcd494 "HTTP/1.1 200 OK"
2025-09-17 01:44:18,877 | httpx | INFO | HTTP Request: POST https://devnet.helius-rpc.com/?api-key=2728d54b-ce26-4696-bb4d-dc8170fcd494 "HTTP/1.1 200 OK"
2025-09-17 01:44:19,921 | libs.sidecar_validator | INFO | Validating sidecar at: http://localhost:8787/health
2025-09-17 01:44:20,472 | httpx | INFO | HTTP Request: GET http://localhost:8787/health "HTTP/1.1 200 OK"
2025-09-17 01:44:20,474 | libs.sidecar_validator | INFO | Sidecar mode: forward
2025-09-17 01:44:20,474 | libs.sidecar_validator | INFO | Forward base: https://swift.drift.trade
2025-09-17 01:44:20,474 | libs.sidecar_validator | INFO | Upstream Swift service healthy: status=200 (144ms)
2025-09-17 01:44:20,475 | libs.sidecar_validator | WARNING | Circuit breaker OPEN: 3/3 consecutive failures
2025-09-17 01:44:20,475 | libs.sidecar_validator | WARNING | Sidecar will return 503 for new orders
2025-09-17 01:44:20,475 | libs.sidecar_validator | INFO | Sidecar validation passed
2025-09-17 01:44:20,822 | httpx | INFO | HTTP Request: GET http://localhost:8787/health "HTTP/1.1 200 OK"
2025-09-17 01:44:20,824 | libs.drift.drivers.swift | INFO | Swift driver initialized: http://localhost:8787, retries=3, auction=True
2025-09-17 01:44:21,081 | httpx | INFO | HTTP Request: POST https://devnet.helius-rpc.com/?api-key=2728d54b-ce26-4696-bb4d-dc8170fcd494 "HTTP/1.1 200 OK"
2025-09-17 01:44:21,163 | httpx | INFO | HTTP Request: POST https://devnet.helius-rpc.com/?api-key=2728d54b-ce26-4696-bb4d-dc8170fcd494 "HTTP/1.1 200 OK"
2025-09-17 01:44:21,240 | httpx | INFO | HTTP Request: POST https://devnet.helius-rpc.com/?api-key=2728d54b-ce26-4696-bb4d-dc8170fcd494 "HTTP/1.1 200 OK"
2025-09-17 01:44:22,251 | libs.sidecar_validator | INFO | Validating sidecar at: http://localhost:8787/health
2025-09-17 01:44:22,823 | httpx | INFO | HTTP Request: GET http://localhost:8787/health "HTTP/1.1 200 OK"
2025-09-17 01:44:22,824 | libs.sidecar_validator | INFO | Sidecar mode: forward
2025-09-17 01:44:22,824 | libs.sidecar_validator | INFO | Forward base: https://swift.drift.trade
2025-09-17 01:44:22,825 | libs.sidecar_validator | INFO | Upstream Swift service healthy: status=200 (160ms)
2025-09-17 01:44:22,825 | libs.sidecar_validator | WARNING | Circuit breaker OPEN: 3/3 consecutive failures
2025-09-17 01:44:22,825 | libs.sidecar_validator | WARNING | Sidecar will return 503 for new orders
2025-09-17 01:44:22,826 | libs.sidecar_validator | INFO | Sidecar validation passed
2025-09-17 01:44:22,983 | httpx | INFO | HTTP Request: GET http://localhost:8787/health "HTTP/1.1 200 OK"
2025-09-17 01:44:22,984 | libs.drift.drivers.swift | INFO | Swift driver initialized: http://localhost:8787, retries=3, auction=True
2025-09-17 01:44:23,102 | httpx | INFO | HTTP Request: POST https://devnet.helius-rpc.com/?api-key=2728d54b-ce26-4696-bb4d-dc8170fcd494 "HTTP/1.1 200 OK"
2025-09-17 01:44:23,312 | httpx | INFO | HTTP Request: POST https://devnet.helius-rpc.com/?api-key=2728d54b-ce26-4696-bb4d-dc8170fcd494 "HTTP/1.1 200 OK"
2025-09-17 01:44:23,448 | httpx | INFO | HTTP Request: POST https://devnet.helius-rpc.com/?api-key=2728d54b-ce26-4696-bb4d-dc8170fcd494 "HTTP/1.1 200 OK"
2025-09-17 01:44:24,462 | libs.sidecar_validator | INFO | Validating sidecar at: http://localhost:8787/health
2025-09-17 01:44:24,999 | httpx | INFO | HTTP Request: GET http://localhost:8787/health "HTTP/1.1 200 OK"
2025-09-17 01:44:25,000 | libs.sidecar_validator | INFO | Sidecar mode: forward
2025-09-17 01:44:25,000 | libs.sidecar_validator | INFO | Forward base: https://swift.drift.trade
2025-09-17 01:44:25,001 | libs.sidecar_validator | INFO | Upstream Swift service healthy: status=200 (143ms)
2025-09-17 01:44:25,002 | libs.sidecar_validator | WARNING | Circuit breaker OPEN: 3/3 consecutive failures
2025-09-17 01:44:25,002 | libs.sidecar_validator | WARNING | Sidecar will return 503 for new orders
2025-09-17 01:44:25,002 | libs.sidecar_validator | INFO | Sidecar validation passed
2025-09-17 01:44:25,336 | httpx | INFO | HTTP Request: GET http://localhost:8787/health "HTTP/1.1 200 OK"
2025-09-17 01:44:25,337 | libs.drift.drivers.swift | INFO | Swift driver initialized: http://localhost:8787, retries=3, auction=True
2025-09-17 01:44:25,490 | httpx | INFO | HTTP Request: POST https://devnet.helius-rpc.com/?api-key=2728d54b-ce26-4696-bb4d-dc8170fcd494 "HTTP/1.1 200 OK"
2025-09-17 01:44:25,579 | httpx | INFO | HTTP Request: POST https://devnet.helius-rpc.com/?api-key=2728d54b-ce26-4696-bb4d-dc8170fcd494 "HTTP/1.1 200 OK"
2025-09-17 01:44:25,710 | httpx | INFO | HTTP Request: POST https://devnet.helius-rpc.com/?api-key=2728d54b-ce26-4696-bb4d-dc8170fcd494 "HTTP/1.1 200 OK"
2025-09-17 01:44:26,737 | libs.sidecar_validator | INFO | Validating sidecar at: http://localhost:8787/health
2025-09-17 01:44:27,295 | httpx | INFO | HTTP Request: GET http://localhost:8787/health "HTTP/1.1 200 OK"
2025-09-17 01:44:27,296 | libs.sidecar_validator | INFO | Sidecar mode: forward
2025-09-17 01:44:27,296 | libs.sidecar_validator | INFO | Forward base: https://swift.drift.trade
2025-09-17 01:44:27,297 | libs.sidecar_validator | INFO | Upstream Swift service healthy: status=200 (160ms)
2025-09-17 01:44:27,297 | libs.sidecar_validator | WARNING | Circuit breaker OPEN: 3/3 consecutive failures
2025-09-17 01:44:27,297 | libs.sidecar_validator | WARNING | Sidecar will return 503 for new orders
2025-09-17 01:44:27,298 | libs.sidecar_validator | INFO | Sidecar validation passed
2025-09-17 01:44:27,654 | httpx | INFO | HTTP Request: GET http://localhost:8787/health "HTTP/1.1 200 OK"
2025-09-17 01:44:27,656 | libs.drift.drivers.swift | INFO | Swift driver initialized: http://localhost:8787, retries=3, auction=True
2025-09-17 01:44:27,737 | httpx | INFO | HTTP Request: POST https://devnet.helius-rpc.com/?api-key=2728d54b-ce26-4696-bb4d-dc8170fcd494 "HTTP/1.1 200 OK"
2025-09-17 01:44:27,965 | httpx | INFO | HTTP Request: POST https://devnet.helius-rpc.com/?api-key=2728d54b-ce26-4696-bb4d-dc8170fcd494 "HTTP/1.1 200 OK"
2025-09-17 01:44:28,095 | httpx | INFO | HTTP Request: POST https://devnet.helius-rpc.com/?api-key=2728d54b-ce26-4696-bb4d-dc8170fcd494 "HTTP/1.1 200 OK"
2025-09-17 01:44:29,122 | libs.sidecar_validator | INFO | Validating sidecar at: http://localhost:8787/health
2025-09-17 01:44:29,663 | httpx | INFO | HTTP Request: GET http://localhost:8787/health "HTTP/1.1 200 OK"
2025-09-17 01:44:29,664 | libs.sidecar_validator | INFO | Sidecar mode: forward
2025-09-17 01:44:29,665 | libs.sidecar_validator | INFO | Forward base: https://swift.drift.trade
2025-09-17 01:44:29,666 | libs.sidecar_validator | INFO | Upstream Swift service healthy: status=200 (143ms)
2025-09-17 01:44:29,667 | libs.sidecar_validator | WARNING | Circuit breaker OPEN: 3/3 consecutive failures
2025-09-17 01:44:29,667 | libs.sidecar_validator | WARNING | Sidecar will return 503 for new orders
2025-09-17 01:44:29,668 | libs.sidecar_validator | INFO | Sidecar validation passed
2025-09-17 01:44:29,829 | httpx | INFO | HTTP Request: GET http://localhost:8787/health "HTTP/1.1 200 OK"
2025-09-17 01:44:29,831 | libs.drift.drivers.swift | INFO | Swift driver initialized: http://localhost:8787, retries=3, auction=True
2025-09-17 01:44:29,936 | httpx | INFO | HTTP Request: POST https://devnet.helius-rpc.com/?api-key=2728d54b-ce26-4696-bb4d-dc8170fcd494 "HTTP/1.1 200 OK"
2025-09-17 01:44:30,068 | httpx | INFO | HTTP Request: POST https://devnet.helius-rpc.com/?api-key=2728d54b-ce26-4696-bb4d-dc8170fcd494 "HTTP/1.1 200 OK"
2025-09-17 01:44:30,140 | httpx | INFO | HTTP Request: POST https://devnet.helius-rpc.com/?api-key=2728d54b-ce26-4696-bb4d-dc8170fcd494 "HTTP/1.1 200 OK"
2025-09-17 01:44:31,195 | libs.sidecar_validator | INFO | Validating sidecar at: http://localhost:8787/health
2025-09-17 01:44:31,947 | httpx | INFO | HTTP Request: GET http://localhost:8787/health "HTTP/1.1 200 OK"
2025-09-17 01:44:31,948 | libs.sidecar_validator | INFO | Sidecar mode: forward
2025-09-17 01:44:31,948 | libs.sidecar_validator | INFO | Forward base: https://swift.drift.trade
2025-09-17 01:44:31,949 | libs.sidecar_validator | INFO | Upstream Swift service healthy: status=200 (341ms)
2025-09-17 01:44:31,950 | libs.sidecar_validator | WARNING | Circuit breaker OPEN: 3/3 consecutive failures
2025-09-17 01:44:31,950 | libs.sidecar_validator | WARNING | Sidecar will return 503 for new orders
2025-09-17 01:44:31,950 | libs.sidecar_validator | INFO | Sidecar validation passed
2025-09-17 01:44:32,110 | httpx | INFO | HTTP Request: GET http://localhost:8787/health "HTTP/1.1 200 OK"
2025-09-17 01:44:32,111 | libs.drift.drivers.swift | INFO | Swift driver initialized: http://localhost:8787, retries=3, auction=True
2025-09-17 01:44:32,382 | httpx | INFO | HTTP Request: POST https://devnet.helius-rpc.com/?api-key=2728d54b-ce26-4696-bb4d-dc8170fcd494 "HTTP/1.1 200 OK"
2025-09-17 01:44:32,476 | httpx | INFO | HTTP Request: POST https://devnet.helius-rpc.com/?api-key=2728d54b-ce26-4696-bb4d-dc8170fcd494 "HTTP/1.1 200 OK"
2025-09-17 01:44:32,567 | httpx | INFO | HTTP Request: POST https://devnet.helius-rpc.com/?api-key=2728d54b-ce26-4696-bb4d-dc8170fcd494 "HTTP/1.1 200 OK"
2025-09-17 01:44:33,578 | libs.sidecar_validator | INFO | Validating sidecar at: http://localhost:8787/health
2025-09-17 01:44:34,112 | httpx | INFO | HTTP Request: GET http://localhost:8787/health "HTTP/1.1 200 OK"
2025-09-17 01:44:34,112 | libs.sidecar_validator | INFO | Sidecar mode: forward
2025-09-17 01:44:34,113 | libs.sidecar_validator | INFO | Forward base: https://swift.drift.trade
2025-09-17 01:44:34,114 | libs.sidecar_validator | INFO | Upstream Swift service healthy: status=200 (153ms)
2025-09-17 01:44:34,114 | libs.sidecar_validator | WARNING | Circuit breaker OPEN: 3/3 consecutive failures
2025-09-17 01:44:34,115 | libs.sidecar_validator | WARNING | Sidecar will return 503 for new orders
2025-09-17 01:44:34,115 | libs.sidecar_validator | INFO | Sidecar validation passed
2025-09-17 01:44:34,268 | httpx | INFO | HTTP Request: GET http://localhost:8787/health "HTTP/1.1 200 OK"
2025-09-17 01:44:34,270 | libs.drift.drivers.swift | INFO | Swift driver initialized: http://localhost:8787, retries=3, auction=True
2025-09-17 01:44:34,364 | httpx | INFO | HTTP Request: POST https://devnet.helius-rpc.com/?api-key=2728d54b-ce26-4696-bb4d-dc8170fcd494 "HTTP/1.1 200 OK"
2025-09-17 01:44:34,451 | httpx | INFO | HTTP Request: POST https://devnet.helius-rpc.com/?api-key=2728d54b-ce26-4696-bb4d-dc8170fcd494 "HTTP/1.1 200 OK"
2025-09-17 01:44:34,524 | httpx | INFO | HTTP Request: POST https://devnet.helius-rpc.com/?api-key=2728d54b-ce26-4696-bb4d-dc8170fcd494 "HTTP/1.1 200 OK"
2025-09-17 01:44:35,579 | libs.sidecar_validator | INFO | Validating sidecar at: http://localhost:8787/health
2025-09-17 01:44:36,320 | httpx | INFO | HTTP Request: GET http://localhost:8787/health "HTTP/1.1 200 OK"
2025-09-17 01:44:36,321 | libs.sidecar_validator | INFO | Sidecar mode: forward
2025-09-17 01:44:36,321 | libs.sidecar_validator | INFO | Forward base: https://swift.drift.trade
2025-09-17 01:44:36,322 | libs.sidecar_validator | INFO | Upstream Swift service healthy: status=200 (331ms)
2025-09-17 01:44:36,322 | libs.sidecar_validator | WARNING | Circuit breaker OPEN: 3/3 consecutive failures
2025-09-17 01:44:36,323 | libs.sidecar_validator | WARNING | Sidecar will return 503 for new orders
2025-09-17 01:44:36,323 | libs.sidecar_validator | INFO | Sidecar validation passed
2025-09-17 01:44:36,467 | httpx | INFO | HTTP Request: GET http://localhost:8787/health "HTTP/1.1 200 OK"
2025-09-17 01:44:36,468 | libs.drift.drivers.swift | INFO | Swift driver initialized: http://localhost:8787, retries=3, auction=True
2025-09-17 01:44:36,579 | httpx | INFO | HTTP Request: POST https://devnet.helius-rpc.com/?api-key=2728d54b-ce26-4696-bb4d-dc8170fcd494 "HTTP/1.1 200 OK"
2025-09-17 01:44:36,683 | httpx | INFO | HTTP Request: POST https://devnet.helius-rpc.com/?api-key=2728d54b-ce26-4696-bb4d-dc8170fcd494 "HTTP/1.1 200 OK"
2025-09-17 01:44:36,822 | httpx | INFO | HTTP Request: POST https://devnet.helius-rpc.com/?api-key=2728d54b-ce26-4696-bb4d-dc8170fcd494 "HTTP/1.1 200 OK"
2025-09-17 01:44:37,851 | libs.sidecar_validator | INFO | Validating sidecar at: http://localhost:8787/health
2025-09-17 01:44:38,412 | httpx | INFO | HTTP Request: GET http://localhost:8787/health "HTTP/1.1 200 OK"
2025-09-17 01:44:38,413 | libs.sidecar_validator | INFO | Sidecar mode: forward
2025-09-17 01:44:38,414 | libs.sidecar_validator | INFO | Forward base: https://swift.drift.trade
2025-09-17 01:44:38,414 | libs.sidecar_validator | INFO | Upstream Swift service healthy: status=200 (142ms)
2025-09-17 01:44:38,414 | libs.sidecar_validator | WARNING | Circuit breaker OPEN: 3/3 consecutive failures
2025-09-17 01:44:38,415 | libs.sidecar_validator | WARNING | Sidecar will return 503 for new orders
2025-09-17 01:44:38,415 | libs.sidecar_validator | INFO | Sidecar validation passed
2025-09-17 01:44:38,748 | httpx | INFO | HTTP Request: GET http://localhost:8787/health "HTTP/1.1 200 OK"
2025-09-17 01:44:38,750 | libs.drift.drivers.swift | INFO | Swift driver initialized: http://localhost:8787, retries=3, auction=True
2025-09-17 01:44:38,939 | httpx | INFO | HTTP Request: POST https://devnet.helius-rpc.com/?api-key=2728d54b-ce26-4696-bb4d-dc8170fcd494 "HTTP/1.1 200 OK"
2025-09-17 01:44:39,059 | httpx | INFO | HTTP Request: POST https://devnet.helius-rpc.com/?api-key=2728d54b-ce26-4696-bb4d-dc8170fcd494 "HTTP/1.1 200 OK"
2025-09-17 01:44:39,281 | httpx | INFO | HTTP Request: POST https://devnet.helius-rpc.com/?api-key=2728d54b-ce26-4696-bb4d-dc8170fcd494 "HTTP/1.1 200 OK"
2025-09-17 01:44:40,314 | libs.sidecar_validator | INFO | Validating sidecar at: http://localhost:8787/health
2025-09-17 01:44:40,957 | httpx | INFO | HTTP Request: GET http://localhost:8787/health "HTTP/1.1 200 OK"
2025-09-17 01:44:40,958 | libs.sidecar_validator | INFO | Sidecar mode: forward
2025-09-17 01:44:40,959 | libs.sidecar_validator | INFO | Forward base: https://swift.drift.trade
2025-09-17 01:44:40,959 | libs.sidecar_validator | INFO | Upstream Swift service healthy: status=200 (142ms)
2025-09-17 01:44:40,960 | libs.sidecar_validator | WARNING | Circuit breaker OPEN: 3/3 consecutive failures
2025-09-17 01:44:40,960 | libs.sidecar_validator | WARNING | Sidecar will return 503 for new orders
2025-09-17 01:44:40,960 | libs.sidecar_validator | INFO | Sidecar validation passed
2025-09-17 01:44:41,306 | httpx | INFO | HTTP Request: GET http://localhost:8787/health "HTTP/1.1 200 OK"
2025-09-17 01:44:41,308 | libs.drift.drivers.swift | INFO | Swift driver initialized: http://localhost:8787, retries=3, auction=True
2025-09-17 01:44:41,457 | httpx | INFO | HTTP Request: POST https://devnet.helius-rpc.com/?api-key=2728d54b-ce26-4696-bb4d-dc8170fcd494 "HTTP/1.1 200 OK"
2025-09-17 01:44:41,553 | httpx | INFO | HTTP Request: POST https://devnet.helius-rpc.com/?api-key=2728d54b-ce26-4696-bb4d-dc8170fcd494 "HTTP/1.1 200 OK"
2025-09-17 01:44:41,626 | httpx | INFO | HTTP Request: POST https://devnet.helius-rpc.com/?api-key=2728d54b-ce26-4696-bb4d-dc8170fcd494 "HTTP/1.1 200 OK"
2025-09-17 01:44:42,673 | libs.sidecar_validator | INFO | Validating sidecar at: http://localhost:8787/health
2025-09-17 01:44:43,222 | httpx | INFO | HTTP Request: GET http://localhost:8787/health "HTTP/1.1 200 OK"
2025-09-17 01:44:43,223 | libs.sidecar_validator | INFO | Sidecar mode: forward
2025-09-17 01:44:43,224 | libs.sidecar_validator | INFO | Forward base: https://swift.drift.trade
2025-09-17 01:44:43,224 | libs.sidecar_validator | INFO | Upstream Swift service healthy: status=200 (145ms)
2025-09-17 01:44:43,225 | libs.sidecar_validator | WARNING | Circuit breaker OPEN: 3/3 consecutive failures
2025-09-17 01:44:43,225 | libs.sidecar_validator | WARNING | Sidecar will return 503 for new orders
2025-09-17 01:44:43,225 | libs.sidecar_validator | INFO | Sidecar validation passed
2025-09-17 01:44:43,372 | httpx | INFO | HTTP Request: GET http://localhost:8787/health "HTTP/1.1 200 OK"
2025-09-17 01:44:43,373 | libs.drift.drivers.swift | INFO | Swift driver initialized: http://localhost:8787, retries=3, auction=True
2025-09-17 01:44:43,655 | httpx | INFO | HTTP Request: POST https://devnet.helius-rpc.com/?api-key=2728d54b-ce26-4696-bb4d-dc8170fcd494 "HTTP/1.1 200 OK"
2025-09-17 01:44:43,779 | httpx | INFO | HTTP Request: POST https://devnet.helius-rpc.com/?api-key=2728d54b-ce26-4696-bb4d-dc8170fcd494 "HTTP/1.1 200 OK"
2025-09-17 01:44:43,908 | httpx | INFO | HTTP Request: POST https://devnet.helius-rpc.com/?api-key=2728d54b-ce26-4696-bb4d-dc8170fcd494 "HTTP/1.1 200 OK"
2025-09-17 01:44:44,943 | libs.sidecar_validator | INFO | Validating sidecar at: http://localhost:8787/health
2025-09-17 01:44:45,737 | httpx | INFO | HTTP Request: GET http://localhost:8787/health "HTTP/1.1 200 OK"
2025-09-17 01:44:45,738 | libs.sidecar_validator | INFO | Sidecar mode: forward
2025-09-17 01:44:45,738 | libs.sidecar_validator | INFO | Forward base: https://swift.drift.trade
2025-09-17 01:44:45,739 | libs.sidecar_validator | INFO | Upstream Swift service healthy: status=200 (334ms)
2025-09-17 01:44:45,739 | libs.sidecar_validator | WARNING | Circuit breaker OPEN: 3/3 consecutive failures
2025-09-17 01:44:45,739 | libs.sidecar_validator | WARNING | Sidecar will return 503 for new orders
2025-09-17 01:44:45,739 | libs.sidecar_validator | INFO | Sidecar validation passed
2025-09-17 01:44:45,900 | httpx | INFO | HTTP Request: GET http://localhost:8787/health "HTTP/1.1 200 OK"
2025-09-17 01:44:45,902 | libs.drift.drivers.swift | INFO | Swift driver initialized: http://localhost:8787, retries=3, auction=True
2025-09-17 01:44:46,001 | httpx | INFO | HTTP Request: POST https://devnet.helius-rpc.com/?api-key=2728d54b-ce26-4696-bb4d-dc8170fcd494 "HTTP/1.1 200 OK"
2025-09-17 01:44:46,131 | httpx | INFO | HTTP Request: POST https://devnet.helius-rpc.com/?api-key=2728d54b-ce26-4696-bb4d-dc8170fcd494 "HTTP/1.1 200 OK"
2025-09-17 01:44:46,200 | httpx | INFO | HTTP Request: POST https://devnet.helius-rpc.com/?api-key=2728d54b-ce26-4696-bb4d-dc8170fcd494 "HTTP/1.1 200 OK"
2025-09-17 01:44:47,247 | libs.sidecar_validator | INFO | Validating sidecar at: http://localhost:8787/health
2025-09-17 01:44:47,800 | httpx | INFO | HTTP Request: GET http://localhost:8787/health "HTTP/1.1 200 OK"
2025-09-17 01:44:47,801 | libs.sidecar_validator | INFO | Sidecar mode: forward
2025-09-17 01:44:47,801 | libs.sidecar_validator | INFO | Forward base: https://swift.drift.trade
2025-09-17 01:44:47,801 | libs.sidecar_validator | INFO | Upstream Swift service healthy: status=200 (155ms)
2025-09-17 01:44:47,801 | libs.sidecar_validator | WARNING | Circuit breaker OPEN: 3/3 consecutive failures
2025-09-17 01:44:47,802 | libs.sidecar_validator | WARNING | Sidecar will return 503 for new orders
2025-09-17 01:44:47,802 | libs.sidecar_validator | INFO | Sidecar validation passed
2025-09-17 01:44:47,962 | httpx | INFO | HTTP Request: GET http://localhost:8787/health "HTTP/1.1 200 OK"
2025-09-17 01:44:47,964 | libs.drift.drivers.swift | INFO | Swift driver initialized: http://localhost:8787, retries=3, auction=True
2025-09-17 01:44:48,067 | httpx | INFO | HTTP Request: POST https://devnet.helius-rpc.com/?api-key=2728d54b-ce26-4696-bb4d-dc8170fcd494 "HTTP/1.1 200 OK"
2025-09-17 01:44:48,158 | httpx | INFO | HTTP Request: POST https://devnet.helius-rpc.com/?api-key=2728d54b-ce26-4696-bb4d-dc8170fcd494 "HTTP/1.1 200 OK"
2025-09-17 01:44:48,243 | httpx | INFO | HTTP Request: POST https://devnet.helius-rpc.com/?api-key=2728d54b-ce26-4696-bb4d-dc8170fcd494 "HTTP/1.1 200 OK"
2025-09-17 01:44:49,264 | libs.sidecar_validator | INFO | Validating sidecar at: http://localhost:8787/health
2025-09-17 01:44:49,835 | httpx | INFO | HTTP Request: GET http://localhost:8787/health "HTTP/1.1 200 OK"
2025-09-17 01:44:49,836 | libs.sidecar_validator | INFO | Sidecar mode: forward
2025-09-17 01:44:49,836 | libs.sidecar_validator | INFO | Forward base: https://swift.drift.trade
2025-09-17 01:44:49,836 | libs.sidecar_validator | INFO | Upstream Swift service healthy: status=200 (152ms)
2025-09-17 01:44:49,836 | libs.sidecar_validator | WARNING | Circuit breaker OPEN: 3/3 consecutive failures
2025-09-17 01:44:49,837 | libs.sidecar_validator | WARNING | Sidecar will return 503 for new orders
2025-09-17 01:44:49,837 | libs.sidecar_validator | INFO | Sidecar validation passed
2025-09-17 01:44:50,002 | httpx | INFO | HTTP Request: GET http://localhost:8787/health "HTTP/1.1 200 OK"
2025-09-17 01:44:50,003 | libs.drift.drivers.swift | INFO | Swift driver initialized: http://localhost:8787, retries=3, auction=True
2025-09-17 01:44:50,111 | httpx | INFO | HTTP Request: POST https://devnet.helius-rpc.com/?api-key=2728d54b-ce26-4696-bb4d-dc8170fcd494 "HTTP/1.1 200 OK"
2025-09-17 01:44:50,217 | httpx | INFO | HTTP Request: POST https://devnet.helius-rpc.com/?api-key=2728d54b-ce26-4696-bb4d-dc8170fcd494 "HTTP/1.1 200 OK"
2025-09-17 01:44:50,388 | httpx | INFO | HTTP Request: POST https://devnet.helius-rpc.com/?api-key=2728d54b-ce26-4696-bb4d-dc8170fcd494 "HTTP/1.1 200 OK"
2025-09-17 01:44:59,758 | libs.sidecar_validator | INFO | Validating sidecar at: http://localhost:8787/health
2025-09-17 01:45:00,744 | httpx | INFO | HTTP Request: GET http://localhost:8787/health "HTTP/1.1 200 OK"
2025-09-17 01:45:00,745 | libs.sidecar_validator | INFO | Sidecar mode: forward
2025-09-17 01:45:00,746 | libs.sidecar_validator | INFO | Forward base: https://swift.drift.trade
2025-09-17 01:45:00,746 | libs.sidecar_validator | INFO | Upstream Swift service healthy: status=200 (556ms)
2025-09-17 01:45:00,746 | libs.sidecar_validator | WARNING | Circuit breaker OPEN: 3/3 consecutive failures
2025-09-17 01:45:00,747 | libs.sidecar_validator | WARNING | Sidecar will return 503 for new orders
2025-09-17 01:45:00,747 | libs.sidecar_validator | INFO | Sidecar validation passed
2025-09-17 01:45:01,101 | httpx | INFO | HTTP Request: GET http://localhost:8787/health "HTTP/1.1 200 OK"
2025-09-17 01:45:01,103 | libs.drift.drivers.swift | INFO | Swift driver initialized: http://localhost:8787, retries=3, auction=True
2025-09-17 01:45:01,355 | httpx | INFO | HTTP Request: POST https://devnet.helius-rpc.com/?api-key=2728d54b-ce26-4696-bb4d-dc8170fcd494 "HTTP/1.1 200 OK"
2025-09-17 01:45:01,459 | httpx | INFO | HTTP Request: POST https://devnet.helius-rpc.com/?api-key=2728d54b-ce26-4696-bb4d-dc8170fcd494 "HTTP/1.1 200 OK"
2025-09-17 01:45:01,689 | httpx | INFO | HTTP Request: POST https://devnet.helius-rpc.com/?api-key=2728d54b-ce26-4696-bb4d-dc8170fcd494 "HTTP/1.1 200 OK"
2025-09-17 01:45:02,739 | libs.sidecar_validator | INFO | Validating sidecar at: http://localhost:8787/health
2025-09-17 01:45:03,496 | httpx | INFO | HTTP Request: GET http://localhost:8787/health "HTTP/1.1 200 OK"
2025-09-17 01:45:03,497 | libs.sidecar_validator | INFO | Sidecar mode: forward
2025-09-17 01:45:03,498 | libs.sidecar_validator | INFO | Forward base: https://swift.drift.trade
2025-09-17 01:45:03,498 | libs.sidecar_validator | INFO | Upstream Swift service healthy: status=200 (330ms)
2025-09-17 01:45:03,499 | libs.sidecar_validator | WARNING | Circuit breaker OPEN: 3/3 consecutive failures
2025-09-17 01:45:03,499 | libs.sidecar_validator | WARNING | Sidecar will return 503 for new orders
2025-09-17 01:45:03,499 | libs.sidecar_validator | INFO | Sidecar validation passed
2025-09-17 01:45:03,646 | httpx | INFO | HTTP Request: GET http://localhost:8787/health "HTTP/1.1 200 OK"
2025-09-17 01:45:03,648 | libs.drift.drivers.swift | INFO | Swift driver initialized: http://localhost:8787, retries=3, auction=True
2025-09-17 01:45:03,797 | httpx | INFO | HTTP Request: POST https://devnet.helius-rpc.com/?api-key=2728d54b-ce26-4696-bb4d-dc8170fcd494 "HTTP/1.1 200 OK"
2025-09-17 01:45:03,976 | httpx | INFO | HTTP Request: POST https://devnet.helius-rpc.com/?api-key=2728d54b-ce26-4696-bb4d-dc8170fcd494 "HTTP/1.1 200 OK"
2025-09-17 01:45:04,106 | httpx | INFO | HTTP Request: POST https://devnet.helius-rpc.com/?api-key=2728d54b-ce26-4696-bb4d-dc8170fcd494 "HTTP/1.1 200 OK"
2025-09-17 01:45:05,875 | libs.sidecar_validator | INFO | Validating sidecar at: http://localhost:8787/health
2025-09-17 01:45:06,467 | httpx | INFO | HTTP Request: GET http://localhost:8787/health "HTTP/1.1 200 OK"
2025-09-17 01:45:06,467 | libs.sidecar_validator | INFO | Sidecar mode: forward
2025-09-17 01:45:06,468 | libs.sidecar_validator | INFO | Forward base: https://swift.drift.trade
2025-09-17 01:45:06,468 | libs.sidecar_validator | INFO | Upstream Swift service healthy: status=200 (161ms)
2025-09-17 01:45:06,468 | libs.sidecar_validator | WARNING | Circuit breaker OPEN: 3/3 consecutive failures
2025-09-17 01:45:06,468 | libs.sidecar_validator | WARNING | Sidecar will return 503 for new orders
2025-09-17 01:45:06,469 | libs.sidecar_validator | INFO | Sidecar validation passed
2025-09-17 01:45:06,633 | httpx | INFO | HTTP Request: GET http://localhost:8787/health "HTTP/1.1 200 OK"
2025-09-17 01:45:06,634 | libs.drift.drivers.swift | INFO | Swift driver initialized: http://localhost:8787, retries=3, auction=True
2025-09-17 01:45:06,906 | httpx | INFO | HTTP Request: POST https://devnet.helius-rpc.com/?api-key=2728d54b-ce26-4696-bb4d-dc8170fcd494 "HTTP/1.1 200 OK"
2025-09-17 01:45:07,050 | httpx | INFO | HTTP Request: POST https://devnet.helius-rpc.com/?api-key=2728d54b-ce26-4696-bb4d-dc8170fcd494 "HTTP/1.1 200 OK"
2025-09-17 01:45:07,281 | httpx | INFO | HTTP Request: POST https://devnet.helius-rpc.com/?api-key=2728d54b-ce26-4696-bb4d-dc8170fcd494 "HTTP/1.1 200 OK"
2025-09-17 01:45:08,314 | libs.sidecar_validator | INFO | Validating sidecar at: http://localhost:8787/health
2025-09-17 01:45:08,925 | httpx | INFO | HTTP Request: GET http://localhost:8787/health "HTTP/1.1 200 OK"
2025-09-17 01:45:08,926 | libs.sidecar_validator | INFO | Sidecar mode: forward
2025-09-17 01:45:08,926 | libs.sidecar_validator | INFO | Forward base: https://swift.drift.trade
2025-09-17 01:45:08,927 | libs.sidecar_validator | INFO | Upstream Swift service healthy: status=200 (147ms)
2025-09-17 01:45:08,927 | libs.sidecar_validator | WARNING | Circuit breaker OPEN: 3/3 consecutive failures
2025-09-17 01:45:08,927 | libs.sidecar_validator | WARNING | Sidecar will return 503 for new orders
2025-09-17 01:45:08,927 | libs.sidecar_validator | INFO | Sidecar validation passed
2025-09-17 01:45:09,092 | httpx | INFO | HTTP Request: GET http://localhost:8787/health "HTTP/1.1 200 OK"
2025-09-17 01:45:09,093 | libs.drift.drivers.swift | INFO | Swift driver initialized: http://localhost:8787, retries=3, auction=True
2025-09-17 01:45:09,275 | httpx | INFO | HTTP Request: POST https://devnet.helius-rpc.com/?api-key=2728d54b-ce26-4696-bb4d-dc8170fcd494 "HTTP/1.1 200 OK"
2025-09-17 01:45:09,366 | httpx | INFO | HTTP Request: POST https://devnet.helius-rpc.com/?api-key=2728d54b-ce26-4696-bb4d-dc8170fcd494 "HTTP/1.1 200 OK"
2025-09-17 01:45:09,450 | httpx | INFO | HTTP Request: POST https://devnet.helius-rpc.com/?api-key=2728d54b-ce26-4696-bb4d-dc8170fcd494 "HTTP/1.1 200 OK"
2025-09-17 01:45:15,870 | libs.sidecar_validator | INFO | Validating sidecar at: http://localhost:8787/health
2025-09-17 01:45:16,681 | httpx | INFO | HTTP Request: GET http://localhost:8787/health "HTTP/1.1 200 OK"
2025-09-17 01:45:16,681 | libs.sidecar_validator | INFO | Sidecar mode: forward
2025-09-17 01:45:16,682 | libs.sidecar_validator | INFO | Forward base: https://swift.drift.trade
2025-09-17 01:45:16,682 | libs.sidecar_validator | INFO | Upstream Swift service healthy: status=200 (419ms)
2025-09-17 01:45:16,683 | libs.sidecar_validator | WARNING | Circuit breaker OPEN: 3/3 consecutive failures
2025-09-17 01:45:16,683 | libs.sidecar_validator | WARNING | Sidecar will return 503 for new orders
2025-09-17 01:45:16,683 | libs.sidecar_validator | INFO | Sidecar validation passed
2025-09-17 01:45:17,031 | httpx | INFO | HTTP Request: GET http://localhost:8787/health "HTTP/1.1 200 OK"
2025-09-17 01:45:17,033 | libs.drift.drivers.swift | INFO | Swift driver initialized: http://localhost:8787, retries=3, auction=True
2025-09-17 01:45:17,845 | httpx | INFO | HTTP Request: POST https://devnet.helius-rpc.com/?api-key=2728d54b-ce26-4696-bb4d-dc8170fcd494 "HTTP/1.1 200 OK"
2025-09-17 01:45:17,939 | httpx | INFO | HTTP Request: POST https://devnet.helius-rpc.com/?api-key=2728d54b-ce26-4696-bb4d-dc8170fcd494 "HTTP/1.1 200 OK"
2025-09-17 01:45:18,064 | httpx | INFO | HTTP Request: POST https://devnet.helius-rpc.com/?api-key=2728d54b-ce26-4696-bb4d-dc8170fcd494 "HTTP/1.1 200 OK"
2025-09-17 01:45:21,078 | libs.sidecar_validator | INFO | Validating sidecar at: http://localhost:8787/health
2025-09-17 01:45:21,678 | httpx | INFO | HTTP Request: GET http://localhost:8787/health "HTTP/1.1 200 OK"
2025-09-17 01:45:21,680 | libs.sidecar_validator | INFO | Sidecar mode: forward
2025-09-17 01:45:21,680 | libs.sidecar_validator | INFO | Forward base: https://swift.drift.trade
2025-09-17 01:45:21,681 | libs.sidecar_validator | INFO | Upstream Swift service healthy: status=200 (143ms)
2025-09-17 01:45:21,681 | libs.sidecar_validator | WARNING | Circuit breaker OPEN: 3/3 consecutive failures
2025-09-17 01:45:21,681 | libs.sidecar_validator | WARNING | Sidecar will return 503 for new orders
2025-09-17 01:45:21,681 | libs.sidecar_validator | INFO | Sidecar validation passed
2025-09-17 01:45:21,828 | httpx | INFO | HTTP Request: GET http://localhost:8787/health "HTTP/1.1 200 OK"
2025-09-17 01:45:21,830 | libs.drift.drivers.swift | INFO | Swift driver initialized: http://localhost:8787, retries=3, auction=True
2025-09-17 01:45:21,918 | httpx | INFO | HTTP Request: POST https://devnet.helius-rpc.com/?api-key=2728d54b-ce26-4696-bb4d-dc8170fcd494 "HTTP/1.1 200 OK"
2025-09-17 01:45:21,997 | httpx | INFO | HTTP Request: POST https://devnet.helius-rpc.com/?api-key=2728d54b-ce26-4696-bb4d-dc8170fcd494 "HTTP/1.1 200 OK"
2025-09-17 01:45:22,103 | httpx | INFO | HTTP Request: POST https://devnet.helius-rpc.com/?api-key=2728d54b-ce26-4696-bb4d-dc8170fcd494 "HTTP/1.1 200 OK"
2025-09-17 01:45:25,214 | libs.sidecar_validator | INFO | Validating sidecar at: http://localhost:8787/health
2025-09-17 01:45:25,966 | httpx | INFO | HTTP Request: GET http://localhost:8787/health "HTTP/1.1 200 OK"
2025-09-17 01:45:25,967 | libs.sidecar_validator | INFO | Sidecar mode: forward
2025-09-17 01:45:25,967 | libs.sidecar_validator | INFO | Forward base: https://swift.drift.trade
2025-09-17 01:45:25,968 | libs.sidecar_validator | INFO | Upstream Swift service healthy: status=200 (348ms)
2025-09-17 01:45:25,968 | libs.sidecar_validator | WARNING | Circuit breaker OPEN: 3/3 consecutive failures
2025-09-17 01:45:25,968 | libs.sidecar_validator | WARNING | Sidecar will return 503 for new orders
2025-09-17 01:45:25,969 | libs.sidecar_validator | INFO | Sidecar validation passed
2025-09-17 01:45:26,132 | httpx | INFO | HTTP Request: GET http://localhost:8787/health "HTTP/1.1 200 OK"
2025-09-17 01:45:26,133 | libs.drift.drivers.swift | INFO | Swift driver initialized: http://localhost:8787, retries=3, auction=True
2025-09-17 01:45:26,301 | httpx | INFO | HTTP Request: POST https://devnet.helius-rpc.com/?api-key=2728d54b-ce26-4696-bb4d-dc8170fcd494 "HTTP/1.1 200 OK"
2025-09-17 01:45:26,430 | httpx | INFO | HTTP Request: POST https://devnet.helius-rpc.com/?api-key=2728d54b-ce26-4696-bb4d-dc8170fcd494 "HTTP/1.1 200 OK"
2025-09-17 01:45:26,584 | httpx | INFO | HTTP Request: POST https://devnet.helius-rpc.com/?api-key=2728d54b-ce26-4696-bb4d-dc8170fcd494 "HTTP/1.1 200 OK"
2025-09-17 01:45:27,608 | libs.sidecar_validator | INFO | Validating sidecar at: http://localhost:8787/health
2025-09-17 01:45:28,352 | httpx | INFO | HTTP Request: GET http://localhost:8787/health "HTTP/1.1 200 OK"
2025-09-17 01:45:28,353 | libs.sidecar_validator | INFO | Sidecar mode: forward
2025-09-17 01:45:28,353 | libs.sidecar_validator | INFO | Forward base: https://swift.drift.trade
2025-09-17 01:45:28,354 | libs.sidecar_validator | INFO | Upstream Swift service healthy: status=200 (341ms)
2025-09-17 01:45:28,354 | libs.sidecar_validator | WARNING | Circuit breaker OPEN: 3/3 consecutive failures
2025-09-17 01:45:28,354 | libs.sidecar_validator | WARNING | Sidecar will return 503 for new orders
2025-09-17 01:45:28,355 | libs.sidecar_validator | INFO | Sidecar validation passed
2025-09-17 01:45:28,699 | httpx | INFO | HTTP Request: GET http://localhost:8787/health "HTTP/1.1 200 OK"
2025-09-17 01:45:28,701 | libs.drift.drivers.swift | INFO | Swift driver initialized: http://localhost:8787, retries=3, auction=True
2025-09-17 01:45:28,831 | httpx | INFO | HTTP Request: POST https://devnet.helius-rpc.com/?api-key=2728d54b-ce26-4696-bb4d-dc8170fcd494 "HTTP/1.1 200 OK"
2025-09-17 01:45:28,951 | httpx | INFO | HTTP Request: POST https://devnet.helius-rpc.com/?api-key=2728d54b-ce26-4696-bb4d-dc8170fcd494 "HTTP/1.1 200 OK"
2025-09-17 01:45:29,067 | httpx | INFO | HTTP Request: POST https://devnet.helius-rpc.com/?api-key=2728d54b-ce26-4696-bb4d-dc8170fcd494 "HTTP/1.1 200 OK"
2025-09-17 01:45:30,103 | libs.sidecar_validator | INFO | Validating sidecar at: http://localhost:8787/health
2025-09-17 01:45:30,665 | httpx | INFO | HTTP Request: GET http://localhost:8787/health "HTTP/1.1 200 OK"
2025-09-17 01:45:30,666 | libs.sidecar_validator | INFO | Sidecar mode: forward
2025-09-17 01:45:30,666 | libs.sidecar_validator | INFO | Forward base: https://swift.drift.trade
2025-09-17 01:45:30,667 | libs.sidecar_validator | INFO | Upstream Swift service healthy: status=200 (147ms)
2025-09-17 01:45:30,667 | libs.sidecar_validator | WARNING | Circuit breaker OPEN: 3/3 consecutive failures
2025-09-17 01:45:30,667 | libs.sidecar_validator | WARNING | Sidecar will return 503 for new orders
2025-09-17 01:45:30,668 | libs.sidecar_validator | INFO | Sidecar validation passed
2025-09-17 01:45:30,810 | httpx | INFO | HTTP Request: GET http://localhost:8787/health "HTTP/1.1 200 OK"
2025-09-17 01:45:30,813 | libs.drift.drivers.swift | INFO | Swift driver initialized: http://localhost:8787, retries=3, auction=True
2025-09-17 01:45:30,929 | httpx | INFO | HTTP Request: POST https://devnet.helius-rpc.com/?api-key=2728d54b-ce26-4696-bb4d-dc8170fcd494 "HTTP/1.1 200 OK"
2025-09-17 01:45:31,039 | httpx | INFO | HTTP Request: POST https://devnet.helius-rpc.com/?api-key=2728d54b-ce26-4696-bb4d-dc8170fcd494 "HTTP/1.1 200 OK"
2025-09-17 01:45:31,147 | httpx | INFO | HTTP Request: POST https://devnet.helius-rpc.com/?api-key=2728d54b-ce26-4696-bb4d-dc8170fcd494 "HTTP/1.1 200 OK"
2025-09-17 01:45:32,186 | libs.sidecar_validator | INFO | Validating sidecar at: http://localhost:8787/health
2025-09-17 01:45:32,956 | httpx | INFO | HTTP Request: GET http://localhost:8787/health "HTTP/1.1 200 OK"
2025-09-17 01:45:32,958 | libs.sidecar_validator | INFO | Sidecar mode: forward
2025-09-17 01:45:32,958 | libs.sidecar_validator | INFO | Forward base: https://swift.drift.trade
2025-09-17 01:45:32,959 | libs.sidecar_validator | INFO | Upstream Swift service healthy: status=200 (339ms)
2025-09-17 01:45:32,959 | libs.sidecar_validator | WARNING | Circuit breaker OPEN: 3/3 consecutive failures
2025-09-17 01:45:32,959 | libs.sidecar_validator | WARNING | Sidecar will return 503 for new orders
2025-09-17 01:45:32,960 | libs.sidecar_validator | INFO | Sidecar validation passed
2025-09-17 01:45:33,126 | httpx | INFO | HTTP Request: GET http://localhost:8787/health "HTTP/1.1 200 OK"
2025-09-17 01:45:33,128 | libs.drift.drivers.swift | INFO | Swift driver initialized: http://localhost:8787, retries=3, auction=True
2025-09-17 01:45:33,254 | httpx | INFO | HTTP Request: POST https://devnet.helius-rpc.com/?api-key=2728d54b-ce26-4696-bb4d-dc8170fcd494 "HTTP/1.1 200 OK"
2025-09-17 01:45:33,362 | httpx | INFO | HTTP Request: POST https://devnet.helius-rpc.com/?api-key=2728d54b-ce26-4696-bb4d-dc8170fcd494 "HTTP/1.1 200 OK"
2025-09-17 01:45:33,449 | httpx | INFO | HTTP Request: POST https://devnet.helius-rpc.com/?api-key=2728d54b-ce26-4696-bb4d-dc8170fcd494 "HTTP/1.1 200 OK"
2025-09-17 01:45:34,504 | libs.sidecar_validator | INFO | Validating sidecar at: http://localhost:8787/health
2025-09-17 01:45:35,054 | httpx | INFO | HTTP Request: GET http://localhost:8787/health "HTTP/1.1 200 OK"
2025-09-17 01:45:35,055 | libs.sidecar_validator | INFO | Sidecar mode: forward
2025-09-17 01:45:35,055 | libs.sidecar_validator | INFO | Forward base: https://swift.drift.trade
2025-09-17 01:45:35,055 | libs.sidecar_validator | INFO | Upstream Swift service healthy: status=200 (156ms)
2025-09-17 01:45:35,056 | libs.sidecar_validator | WARNING | Circuit breaker OPEN: 3/3 consecutive failures
2025-09-17 01:45:35,056 | libs.sidecar_validator | WARNING | Sidecar will return 503 for new orders
2025-09-17 01:45:35,057 | libs.sidecar_validator | INFO | Sidecar validation passed
2025-09-17 01:45:35,216 | httpx | INFO | HTTP Request: GET http://localhost:8787/health "HTTP/1.1 200 OK"
2025-09-17 01:45:35,218 | libs.drift.drivers.swift | INFO | Swift driver initialized: http://localhost:8787, retries=3, auction=True
2025-09-17 01:45:35,316 | httpx | INFO | HTTP Request: POST https://devnet.helius-rpc.com/?api-key=2728d54b-ce26-4696-bb4d-dc8170fcd494 "HTTP/1.1 200 OK"
2025-09-17 01:45:35,462 | httpx | INFO | HTTP Request: POST https://devnet.helius-rpc.com/?api-key=2728d54b-ce26-4696-bb4d-dc8170fcd494 "HTTP/1.1 200 OK"
2025-09-17 01:45:35,599 | httpx | INFO | HTTP Request: POST https://devnet.helius-rpc.com/?api-key=2728d54b-ce26-4696-bb4d-dc8170fcd494 "HTTP/1.1 200 OK"
2025-09-17 01:45:36,617 | libs.sidecar_validator | INFO | Validating sidecar at: http://localhost:8787/health
2025-09-17 01:45:37,365 | httpx | INFO | HTTP Request: GET http://localhost:8787/health "HTTP/1.1 200 OK"
2025-09-17 01:45:37,366 | libs.sidecar_validator | INFO | Sidecar mode: forward
2025-09-17 01:45:37,366 | libs.sidecar_validator | INFO | Forward base: https://swift.drift.trade
2025-09-17 01:45:37,367 | libs.sidecar_validator | INFO | Upstream Swift service healthy: status=200 (343ms)
2025-09-17 01:45:37,367 | libs.sidecar_validator | WARNING | Circuit breaker OPEN: 3/3 consecutive failures
2025-09-17 01:45:37,367 | libs.sidecar_validator | WARNING | Sidecar will return 503 for new orders
2025-09-17 01:45:37,367 | libs.sidecar_validator | INFO | Sidecar validation passed
2025-09-17 01:45:37,527 | httpx | INFO | HTTP Request: GET http://localhost:8787/health "HTTP/1.1 200 OK"
2025-09-17 01:45:37,529 | libs.drift.drivers.swift | INFO | Swift driver initialized: http://localhost:8787, retries=3, auction=True
2025-09-17 01:45:37,648 | httpx | INFO | HTTP Request: POST https://devnet.helius-rpc.com/?api-key=2728d54b-ce26-4696-bb4d-dc8170fcd494 "HTTP/1.1 200 OK"
2025-09-17 01:45:37,765 | httpx | INFO | HTTP Request: POST https://devnet.helius-rpc.com/?api-key=2728d54b-ce26-4696-bb4d-dc8170fcd494 "HTTP/1.1 200 OK"
2025-09-17 01:45:37,882 | httpx | INFO | HTTP Request: POST https://devnet.helius-rpc.com/?api-key=2728d54b-ce26-4696-bb4d-dc8170fcd494 "HTTP/1.1 200 OK"
2025-09-17 01:45:38,920 | libs.sidecar_validator | INFO | Validating sidecar at: http://localhost:8787/health
2025-09-17 01:45:39,489 | httpx | INFO | HTTP Request: GET http://localhost:8787/health "HTTP/1.1 200 OK"
2025-09-17 01:45:39,489 | libs.sidecar_validator | INFO | Sidecar mode: forward
2025-09-17 01:45:39,490 | libs.sidecar_validator | INFO | Forward base: https://swift.drift.trade
2025-09-17 01:45:39,490 | libs.sidecar_validator | INFO | Upstream Swift service healthy: status=200 (153ms)
2025-09-17 01:45:39,490 | libs.sidecar_validator | WARNING | Circuit breaker OPEN: 3/3 consecutive failures
2025-09-17 01:45:39,491 | libs.sidecar_validator | WARNING | Sidecar will return 503 for new orders
2025-09-17 01:45:39,491 | libs.sidecar_validator | INFO | Sidecar validation passed
2025-09-17 01:45:39,640 | httpx | INFO | HTTP Request: GET http://localhost:8787/health "HTTP/1.1 200 OK"
2025-09-17 01:45:39,642 | libs.drift.drivers.swift | INFO | Swift driver initialized: http://localhost:8787, retries=3, auction=True
2025-09-17 01:45:39,758 | httpx | INFO | HTTP Request: POST https://devnet.helius-rpc.com/?api-key=2728d54b-ce26-4696-bb4d-dc8170fcd494 "HTTP/1.1 200 OK"
2025-09-17 01:45:39,897 | httpx | INFO | HTTP Request: POST https://devnet.helius-rpc.com/?api-key=2728d54b-ce26-4696-bb4d-dc8170fcd494 "HTTP/1.1 200 OK"
2025-09-17 01:45:40,009 | httpx | INFO | HTTP Request: POST https://devnet.helius-rpc.com/?api-key=2728d54b-ce26-4696-bb4d-dc8170fcd494 "HTTP/1.1 200 OK"
2025-09-17 01:45:41,050 | libs.sidecar_validator | INFO | Validating sidecar at: http://localhost:8787/health
2025-09-17 01:45:41,601 | httpx | INFO | HTTP Request: GET http://localhost:8787/health "HTTP/1.1 200 OK"
2025-09-17 01:45:41,602 | libs.sidecar_validator | INFO | Sidecar mode: forward
2025-09-17 01:45:41,602 | libs.sidecar_validator | INFO | Forward base: https://swift.drift.trade
2025-09-17 01:45:41,603 | libs.sidecar_validator | INFO | Upstream Swift service healthy: status=200 (145ms)
2025-09-17 01:45:41,603 | libs.sidecar_validator | WARNING | Circuit breaker OPEN: 3/3 consecutive failures
2025-09-17 01:45:41,603 | libs.sidecar_validator | WARNING | Sidecar will return 503 for new orders
2025-09-17 01:45:41,604 | libs.sidecar_validator | INFO | Sidecar validation passed
2025-09-17 01:45:41,755 | httpx | INFO | HTTP Request: GET http://localhost:8787/health "HTTP/1.1 200 OK"
2025-09-17 01:45:41,757 | libs.drift.drivers.swift | INFO | Swift driver initialized: http://localhost:8787, retries=3, auction=True
2025-09-17 01:45:41,872 | httpx | INFO | HTTP Request: POST https://devnet.helius-rpc.com/?api-key=2728d54b-ce26-4696-bb4d-dc8170fcd494 "HTTP/1.1 200 OK"
2025-09-17 01:45:41,946 | httpx | INFO | HTTP Request: POST https://devnet.helius-rpc.com/?api-key=2728d54b-ce26-4696-bb4d-dc8170fcd494 "HTTP/1.1 200 OK"
2025-09-17 01:45:42,058 | httpx | INFO | HTTP Request: POST https://devnet.helius-rpc.com/?api-key=2728d54b-ce26-4696-bb4d-dc8170fcd494 "HTTP/1.1 200 OK"
2025-09-17 01:45:43,089 | libs.sidecar_validator | INFO | Validating sidecar at: http://localhost:8787/health
2025-09-17 01:45:43,651 | httpx | INFO | HTTP Request: GET http://localhost:8787/health "HTTP/1.1 200 OK"
2025-09-17 01:45:43,655 | libs.sidecar_validator | INFO | Sidecar mode: forward
2025-09-17 01:45:43,655 | libs.sidecar_validator | INFO | Forward base: https://swift.drift.trade
2025-09-17 01:45:43,656 | libs.sidecar_validator | INFO | Upstream Swift service healthy: status=200 (155ms)
2025-09-17 01:45:43,656 | libs.sidecar_validator | WARNING | Circuit breaker OPEN: 3/3 consecutive failures
2025-09-17 01:45:43,657 | libs.sidecar_validator | WARNING | Sidecar will return 503 for new orders
2025-09-17 01:45:43,657 | libs.sidecar_validator | INFO | Sidecar validation passed
2025-09-17 01:45:43,990 | httpx | INFO | HTTP Request: GET http://localhost:8787/health "HTTP/1.1 200 OK"
2025-09-17 01:45:43,992 | libs.drift.drivers.swift | INFO | Swift driver initialized: http://localhost:8787, retries=3, auction=True
2025-09-17 01:45:44,082 | httpx | INFO | HTTP Request: POST https://devnet.helius-rpc.com/?api-key=2728d54b-ce26-4696-bb4d-dc8170fcd494 "HTTP/1.1 200 OK"
2025-09-17 01:45:44,156 | httpx | INFO | HTTP Request: POST https://devnet.helius-rpc.com/?api-key=2728d54b-ce26-4696-bb4d-dc8170fcd494 "HTTP/1.1 200 OK"
2025-09-17 01:45:44,221 | httpx | INFO | HTTP Request: POST https://devnet.helius-rpc.com/?api-key=2728d54b-ce26-4696-bb4d-dc8170fcd494 "HTTP/1.1 200 OK"
2025-09-17 01:45:45,270 | libs.sidecar_validator | INFO | Validating sidecar at: http://localhost:8787/health
2025-09-17 01:45:46,036 | httpx | INFO | HTTP Request: GET http://localhost:8787/health "HTTP/1.1 200 OK"
2025-09-17 01:45:46,037 | libs.sidecar_validator | INFO | Sidecar mode: forward
2025-09-17 01:45:46,037 | libs.sidecar_validator | INFO | Forward base: https://swift.drift.trade
2025-09-17 01:45:46,037 | libs.sidecar_validator | INFO | Upstream Swift service healthy: status=200 (383ms)
2025-09-17 01:45:46,038 | libs.sidecar_validator | WARNING | Circuit breaker OPEN: 3/3 consecutive failures
2025-09-17 01:45:46,038 | libs.sidecar_validator | WARNING | Sidecar will return 503 for new orders
2025-09-17 01:45:46,038 | libs.sidecar_validator | INFO | Sidecar validation passed
2025-09-17 01:45:46,182 | httpx | INFO | HTTP Request: GET http://localhost:8787/health "HTTP/1.1 200 OK"
2025-09-17 01:45:46,183 | libs.drift.drivers.swift | INFO | Swift driver initialized: http://localhost:8787, retries=3, auction=True
2025-09-17 01:45:46,304 | httpx | INFO | HTTP Request: POST https://devnet.helius-rpc.com/?api-key=2728d54b-ce26-4696-bb4d-dc8170fcd494 "HTTP/1.1 200 OK"
2025-09-17 01:45:46,407 | httpx | INFO | HTTP Request: POST https://devnet.helius-rpc.com/?api-key=2728d54b-ce26-4696-bb4d-dc8170fcd494 "HTTP/1.1 200 OK"
2025-09-17 01:45:46,517 | httpx | INFO | HTTP Request: POST https://devnet.helius-rpc.com/?api-key=2728d54b-ce26-4696-bb4d-dc8170fcd494 "HTTP/1.1 200 OK"
2025-09-17 01:45:47,539 | libs.sidecar_validator | INFO | Validating sidecar at: http://localhost:8787/health
2025-09-17 01:45:48,161 | httpx | INFO | HTTP Request: GET http://localhost:8787/health "HTTP/1.1 200 OK"
2025-09-17 01:45:48,166 | libs.sidecar_validator | INFO | Sidecar mode: forward
2025-09-17 01:45:48,166 | libs.sidecar_validator | INFO | Forward base: https://swift.drift.trade
2025-09-17 01:45:48,167 | libs.sidecar_validator | INFO | Upstream Swift service healthy: status=200 (155ms)
2025-09-17 01:45:48,167 | libs.sidecar_validator | WARNING | Circuit breaker OPEN: 3/3 consecutive failures
2025-09-17 01:45:48,167 | libs.sidecar_validator | WARNING | Sidecar will return 503 for new orders
2025-09-17 01:45:48,168 | libs.sidecar_validator | INFO | Sidecar validation passed
2025-09-17 01:45:48,328 | httpx | INFO | HTTP Request: GET http://localhost:8787/health "HTTP/1.1 200 OK"
2025-09-17 01:45:48,330 | libs.drift.drivers.swift | INFO | Swift driver initialized: http://localhost:8787, retries=3, auction=True
2025-09-17 01:45:48,491 | httpx | INFO | HTTP Request: POST https://devnet.helius-rpc.com/?api-key=2728d54b-ce26-4696-bb4d-dc8170fcd494 "HTTP/1.1 200 OK"
2025-09-17 01:45:48,565 | httpx | INFO | HTTP Request: POST https://devnet.helius-rpc.com/?api-key=2728d54b-ce26-4696-bb4d-dc8170fcd494 "HTTP/1.1 200 OK"
2025-09-17 01:45:48,716 | httpx | INFO | HTTP Request: POST https://devnet.helius-rpc.com/?api-key=2728d54b-ce26-4696-bb4d-dc8170fcd494 "HTTP/1.1 200 OK"
2025-09-17 01:45:49,726 | libs.sidecar_validator | INFO | Validating sidecar at: http://localhost:8787/health
2025-09-17 01:45:50,282 | httpx | INFO | HTTP Request: GET http://localhost:8787/health "HTTP/1.1 200 OK"
2025-09-17 01:45:50,283 | libs.sidecar_validator | INFO | Sidecar mode: forward
2025-09-17 01:45:50,283 | libs.sidecar_validator | INFO | Forward base: https://swift.drift.trade
2025-09-17 01:45:50,284 | libs.sidecar_validator | INFO | Upstream Swift service healthy: status=200 (144ms)
2025-09-17 01:45:50,284 | libs.sidecar_validator | WARNING | Circuit breaker OPEN: 3/3 consecutive failures
2025-09-17 01:45:50,284 | libs.sidecar_validator | WARNING | Sidecar will return 503 for new orders
2025-09-17 01:45:50,284 | libs.sidecar_validator | INFO | Sidecar validation passed
2025-09-17 01:45:50,433 | httpx | INFO | HTTP Request: GET http://localhost:8787/health "HTTP/1.1 200 OK"
2025-09-17 01:45:50,435 | libs.drift.drivers.swift | INFO | Swift driver initialized: http://localhost:8787, retries=3, auction=True
2025-09-17 01:45:50,560 | httpx | INFO | HTTP Request: POST https://devnet.helius-rpc.com/?api-key=2728d54b-ce26-4696-bb4d-dc8170fcd494 "HTTP/1.1 200 OK"
2025-09-17 01:45:50,668 | httpx | INFO | HTTP Request: POST https://devnet.helius-rpc.com/?api-key=2728d54b-ce26-4696-bb4d-dc8170fcd494 "HTTP/1.1 200 OK"
2025-09-17 01:45:50,782 | httpx | INFO | HTTP Request: POST https://devnet.helius-rpc.com/?api-key=2728d54b-ce26-4696-bb4d-dc8170fcd494 "HTTP/1.1 200 OK"
2025-09-17 01:45:51,801 | libs.sidecar_validator | INFO | Validating sidecar at: http://localhost:8787/health
2025-09-17 01:45:52,448 | httpx | INFO | HTTP Request: GET http://localhost:8787/health "HTTP/1.1 200 OK"
2025-09-17 01:45:52,449 | libs.sidecar_validator | INFO | Sidecar mode: forward
2025-09-17 01:45:52,449 | libs.sidecar_validator | INFO | Forward base: https://swift.drift.trade
2025-09-17 01:45:52,450 | libs.sidecar_validator | INFO | Upstream Swift service healthy: status=200 (247ms)
2025-09-17 01:45:52,450 | libs.sidecar_validator | WARNING | Circuit breaker OPEN: 3/3 consecutive failures
2025-09-17 01:45:52,450 | libs.sidecar_validator | WARNING | Sidecar will return 503 for new orders
2025-09-17 01:45:52,450 | libs.sidecar_validator | INFO | Sidecar validation passed
2025-09-17 01:45:52,594 | httpx | INFO | HTTP Request: GET http://localhost:8787/health "HTTP/1.1 200 OK"
2025-09-17 01:45:52,595 | libs.drift.drivers.swift | INFO | Swift driver initialized: http://localhost:8787, retries=3, auction=True
2025-09-17 01:45:52,741 | httpx | INFO | HTTP Request: POST https://devnet.helius-rpc.com/?api-key=2728d54b-ce26-4696-bb4d-dc8170fcd494 "HTTP/1.1 200 OK"
2025-09-17 01:45:52,823 | httpx | INFO | HTTP Request: POST https://devnet.helius-rpc.com/?api-key=2728d54b-ce26-4696-bb4d-dc8170fcd494 "HTTP/1.1 200 OK"
2025-09-17 01:45:52,897 | httpx | INFO | HTTP Request: POST https://devnet.helius-rpc.com/?api-key=2728d54b-ce26-4696-bb4d-dc8170fcd494 "HTTP/1.1 200 OK"
2025-09-17 01:45:53,949 | libs.sidecar_validator | INFO | Validating sidecar at: http://localhost:8787/health
2025-09-17 01:45:54,532 | httpx | INFO | HTTP Request: GET http://localhost:8787/health "HTTP/1.1 200 OK"
2025-09-17 01:45:54,533 | libs.sidecar_validator | INFO | Sidecar mode: forward
2025-09-17 01:45:54,533 | libs.sidecar_validator | INFO | Forward base: https://swift.drift.trade
2025-09-17 01:45:54,533 | libs.sidecar_validator | INFO | Upstream Swift service healthy: status=200 (140ms)
2025-09-17 01:45:54,534 | libs.sidecar_validator | WARNING | Circuit breaker OPEN: 3/3 consecutive failures
2025-09-17 01:45:54,534 | libs.sidecar_validator | WARNING | Sidecar will return 503 for new orders
2025-09-17 01:45:54,534 | libs.sidecar_validator | INFO | Sidecar validation passed
2025-09-17 01:45:54,878 | httpx | INFO | HTTP Request: GET http://localhost:8787/health "HTTP/1.1 200 OK"
2025-09-17 01:45:54,879 | libs.drift.drivers.swift | INFO | Swift driver initialized: http://localhost:8787, retries=3, auction=True
2025-09-17 01:45:54,997 | httpx | INFO | HTTP Request: POST https://devnet.helius-rpc.com/?api-key=2728d54b-ce26-4696-bb4d-dc8170fcd494 "HTTP/1.1 200 OK"
2025-09-17 01:45:55,102 | httpx | INFO | HTTP Request: POST https://devnet.helius-rpc.com/?api-key=2728d54b-ce26-4696-bb4d-dc8170fcd494 "HTTP/1.1 200 OK"
2025-09-17 01:45:55,211 | httpx | INFO | HTTP Request: POST https://devnet.helius-rpc.com/?api-key=2728d54b-ce26-4696-bb4d-dc8170fcd494 "HTTP/1.1 200 OK"
2025-09-17 01:45:56,251 | libs.sidecar_validator | INFO | Validating sidecar at: http://localhost:8787/health
2025-09-17 01:45:56,786 | httpx | INFO | HTTP Request: GET http://localhost:8787/health "HTTP/1.1 200 OK"
2025-09-17 01:45:56,788 | libs.sidecar_validator | INFO | Sidecar mode: forward
2025-09-17 01:45:56,788 | libs.sidecar_validator | INFO | Forward base: https://swift.drift.trade
2025-09-17 01:45:56,788 | libs.sidecar_validator | INFO | Upstream Swift service healthy: status=200 (139ms)
2025-09-17 01:45:56,788 | libs.sidecar_validator | WARNING | Circuit breaker OPEN: 3/3 consecutive failures
2025-09-17 01:45:56,789 | libs.sidecar_validator | WARNING | Sidecar will return 503 for new orders
2025-09-17 01:45:56,789 | libs.sidecar_validator | INFO | Sidecar validation passed
2025-09-17 01:45:56,947 | httpx | INFO | HTTP Request: GET http://localhost:8787/health "HTTP/1.1 200 OK"
2025-09-17 01:45:56,949 | libs.drift.drivers.swift | INFO | Swift driver initialized: http://localhost:8787, retries=3, auction=True
2025-09-17 01:45:57,028 | httpx | INFO | HTTP Request: POST https://devnet.helius-rpc.com/?api-key=2728d54b-ce26-4696-bb4d-dc8170fcd494 "HTTP/1.1 200 OK"
2025-09-17 01:45:57,097 | httpx | INFO | HTTP Request: POST https://devnet.helius-rpc.com/?api-key=2728d54b-ce26-4696-bb4d-dc8170fcd494 "HTTP/1.1 200 OK"
2025-09-17 01:45:57,210 | httpx | INFO | HTTP Request: POST https://devnet.helius-rpc.com/?api-key=2728d54b-ce26-4696-bb4d-dc8170fcd494 "HTTP/1.1 200 OK"
2025-09-17 01:45:58,912 | libs.sidecar_validator | INFO | Validating sidecar at: http://localhost:8787/health
2025-09-17 01:45:59,462 | httpx | INFO | HTTP Request: GET http://localhost:8787/health "HTTP/1.1 200 OK"
2025-09-17 01:45:59,462 | libs.sidecar_validator | INFO | Sidecar mode: forward
2025-09-17 01:45:59,463 | libs.sidecar_validator | INFO | Forward base: https://swift.drift.trade
2025-09-17 01:45:59,463 | libs.sidecar_validator | INFO | Upstream Swift service healthy: status=200 (143ms)
2025-09-17 01:45:59,464 | libs.sidecar_validator | WARNING | Circuit breaker OPEN: 3/3 consecutive failures
2025-09-17 01:45:59,464 | libs.sidecar_validator | WARNING | Sidecar will return 503 for new orders
2025-09-17 01:45:59,465 | libs.sidecar_validator | INFO | Sidecar validation passed
2025-09-17 01:45:59,610 | httpx | INFO | HTTP Request: GET http://localhost:8787/health "HTTP/1.1 200 OK"
2025-09-17 01:45:59,612 | libs.drift.drivers.swift | INFO | Swift driver initialized: http://localhost:8787, retries=3, auction=True
2025-09-17 01:45:59,689 | httpx | INFO | HTTP Request: POST https://devnet.helius-rpc.com/?api-key=2728d54b-ce26-4696-bb4d-dc8170fcd494 "HTTP/1.1 200 OK"
2025-09-17 01:45:59,795 | httpx | INFO | HTTP Request: POST https://devnet.helius-rpc.com/?api-key=2728d54b-ce26-4696-bb4d-dc8170fcd494 "HTTP/1.1 200 OK"
2025-09-17 01:45:59,889 | httpx | INFO | HTTP Request: POST https://devnet.helius-rpc.com/?api-key=2728d54b-ce26-4696-bb4d-dc8170fcd494 "HTTP/1.1 200 OK"
2025-09-17 01:46:00,910 | libs.sidecar_validator | INFO | Validating sidecar at: http://localhost:8787/health
2025-09-17 01:46:01,699 | httpx | INFO | HTTP Request: GET http://localhost:8787/health "HTTP/1.1 200 OK"
2025-09-17 01:46:01,700 | libs.sidecar_validator | INFO | Sidecar mode: forward
2025-09-17 01:46:01,701 | libs.sidecar_validator | INFO | Forward base: https://swift.drift.trade
2025-09-17 01:46:01,701 | libs.sidecar_validator | INFO | Upstream Swift service healthy: status=200 (343ms)
2025-09-17 01:46:01,702 | libs.sidecar_validator | WARNING | Circuit breaker OPEN: 3/3 consecutive failures
2025-09-17 01:46:01,702 | libs.sidecar_validator | WARNING | Sidecar will return 503 for new orders
2025-09-17 01:46:01,702 | libs.sidecar_validator | INFO | Sidecar validation passed
2025-09-17 01:46:01,855 | httpx | INFO | HTTP Request: GET http://localhost:8787/health "HTTP/1.1 200 OK"
2025-09-17 01:46:01,857 | libs.drift.drivers.swift | INFO | Swift driver initialized: http://localhost:8787, retries=3, auction=True
2025-09-17 01:46:01,953 | httpx | INFO | HTTP Request: POST https://devnet.helius-rpc.com/?api-key=2728d54b-ce26-4696-bb4d-dc8170fcd494 "HTTP/1.1 200 OK"
2025-09-17 01:46:02,039 | httpx | INFO | HTTP Request: POST https://devnet.helius-rpc.com/?api-key=2728d54b-ce26-4696-bb4d-dc8170fcd494 "HTTP/1.1 200 OK"
2025-09-17 01:46:02,127 | httpx | INFO | HTTP Request: POST https://devnet.helius-rpc.com/?api-key=2728d54b-ce26-4696-bb4d-dc8170fcd494 "HTTP/1.1 200 OK"
2025-09-17 01:46:03,141 | libs.sidecar_validator | INFO | Validating sidecar at: http://localhost:8787/health
2025-09-17 01:46:03,720 | httpx | INFO | HTTP Request: GET http://localhost:8787/health "HTTP/1.1 200 OK"
2025-09-17 01:46:03,722 | libs.sidecar_validator | INFO | Sidecar mode: forward
2025-09-17 01:46:03,722 | libs.sidecar_validator | INFO | Forward base: https://swift.drift.trade
2025-09-17 01:46:03,723 | libs.sidecar_validator | INFO | Upstream Swift service healthy: status=200 (157ms)
2025-09-17 01:46:03,723 | libs.sidecar_validator | WARNING | Circuit breaker OPEN: 3/3 consecutive failures
2025-09-17 01:46:03,724 | libs.sidecar_validator | WARNING | Sidecar will return 503 for new orders
2025-09-17 01:46:03,724 | libs.sidecar_validator | INFO | Sidecar validation passed
2025-09-17 01:46:03,879 | httpx | INFO | HTTP Request: GET http://localhost:8787/health "HTTP/1.1 200 OK"
2025-09-17 01:46:03,881 | libs.drift.drivers.swift | INFO | Swift driver initialized: http://localhost:8787, retries=3, auction=True
2025-09-17 01:46:03,964 | httpx | INFO | HTTP Request: POST https://devnet.helius-rpc.com/?api-key=2728d54b-ce26-4696-bb4d-dc8170fcd494 "HTTP/1.1 200 OK"
2025-09-17 01:46:04,034 | httpx | INFO | HTTP Request: POST https://devnet.helius-rpc.com/?api-key=2728d54b-ce26-4696-bb4d-dc8170fcd494 "HTTP/1.1 200 OK"
2025-09-17 01:46:04,109 | httpx | INFO | HTTP Request: POST https://devnet.helius-rpc.com/?api-key=2728d54b-ce26-4696-bb4d-dc8170fcd494 "HTTP/1.1 200 OK"
2025-09-17 01:46:05,141 | libs.sidecar_validator | INFO | Validating sidecar at: http://localhost:8787/health
2025-09-17 01:46:05,735 | httpx | INFO | HTTP Request: GET http://localhost:8787/health "HTTP/1.1 200 OK"
2025-09-17 01:46:05,736 | libs.sidecar_validator | INFO | Sidecar mode: forward
2025-09-17 01:46:05,736 | libs.sidecar_validator | INFO | Forward base: https://swift.drift.trade
2025-09-17 01:46:05,737 | libs.sidecar_validator | INFO | Upstream Swift service healthy: status=200 (155ms)
2025-09-17 01:46:05,737 | libs.sidecar_validator | WARNING | Circuit breaker OPEN: 3/3 consecutive failures
2025-09-17 01:46:05,737 | libs.sidecar_validator | WARNING | Sidecar will return 503 for new orders
2025-09-17 01:46:05,738 | libs.sidecar_validator | INFO | Sidecar validation passed
2025-09-17 01:46:05,885 | httpx | INFO | HTTP Request: GET http://localhost:8787/health "HTTP/1.1 200 OK"
2025-09-17 01:46:05,886 | libs.drift.drivers.swift | INFO | Swift driver initialized: http://localhost:8787, retries=3, auction=True
2025-09-17 01:46:06,040 | httpx | INFO | HTTP Request: POST https://devnet.helius-rpc.com/?api-key=2728d54b-ce26-4696-bb4d-dc8170fcd494 "HTTP/1.1 200 OK"
2025-09-17 01:46:06,114 | httpx | INFO | HTTP Request: POST https://devnet.helius-rpc.com/?api-key=2728d54b-ce26-4696-bb4d-dc8170fcd494 "HTTP/1.1 200 OK"
2025-09-17 01:46:06,184 | httpx | INFO | HTTP Request: POST https://devnet.helius-rpc.com/?api-key=2728d54b-ce26-4696-bb4d-dc8170fcd494 "HTTP/1.1 200 OK"
2025-09-17 01:46:07,240 | libs.sidecar_validator | INFO | Validating sidecar at: http://localhost:8787/health
2025-09-17 01:46:07,974 | httpx | INFO | HTTP Request: GET http://localhost:8787/health "HTTP/1.1 200 OK"
2025-09-17 01:46:07,975 | libs.sidecar_validator | INFO | Sidecar mode: forward
2025-09-17 01:46:07,975 | libs.sidecar_validator | INFO | Forward base: https://swift.drift.trade
2025-09-17 01:46:07,975 | libs.sidecar_validator | INFO | Upstream Swift service healthy: status=200 (331ms)
2025-09-17 01:46:07,975 | libs.sidecar_validator | WARNING | Circuit breaker OPEN: 3/3 consecutive failures
2025-09-17 01:46:07,976 | libs.sidecar_validator | WARNING | Sidecar will return 503 for new orders
2025-09-17 01:46:07,977 | libs.sidecar_validator | INFO | Sidecar validation passed
2025-09-17 01:46:08,308 | httpx | INFO | HTTP Request: GET http://localhost:8787/health "HTTP/1.1 200 OK"
2025-09-17 01:46:08,309 | libs.drift.drivers.swift | INFO | Swift driver initialized: http://localhost:8787, retries=3, auction=True
2025-09-17 01:46:08,396 | httpx | INFO | HTTP Request: POST https://devnet.helius-rpc.com/?api-key=2728d54b-ce26-4696-bb4d-dc8170fcd494 "HTTP/1.1 200 OK"
2025-09-17 01:46:08,469 | httpx | INFO | HTTP Request: POST https://devnet.helius-rpc.com/?api-key=2728d54b-ce26-4696-bb4d-dc8170fcd494 "HTTP/1.1 200 OK"
2025-09-17 01:46:08,622 | httpx | INFO | HTTP Request: POST https://devnet.helius-rpc.com/?api-key=2728d54b-ce26-4696-bb4d-dc8170fcd494 "HTTP/1.1 200 OK"
2025-09-17 01:46:12,537 | libs.sidecar_validator | INFO | Validating sidecar at: http://localhost:8787/health
2025-09-17 01:46:13,263 | httpx | INFO | HTTP Request: GET http://localhost:8787/health "HTTP/1.1 200 OK"
2025-09-17 01:46:13,263 | libs.sidecar_validator | INFO | Sidecar mode: forward
2025-09-17 01:46:13,263 | libs.sidecar_validator | INFO | Forward base: https://swift.drift.trade
2025-09-17 01:46:13,264 | libs.sidecar_validator | INFO | Upstream Swift service healthy: status=200 (331ms)
2025-09-17 01:46:13,264 | libs.sidecar_validator | WARNING | Circuit breaker OPEN: 3/3 consecutive failures
2025-09-17 01:46:13,264 | libs.sidecar_validator | WARNING | Sidecar will return 503 for new orders
2025-09-17 01:46:13,264 | libs.sidecar_validator | INFO | Sidecar validation passed
2025-09-17 01:46:13,428 | httpx | INFO | HTTP Request: GET http://localhost:8787/health "HTTP/1.1 200 OK"
2025-09-17 01:46:13,430 | libs.drift.drivers.swift | INFO | Swift driver initialized: http://localhost:8787, retries=3, auction=True
2025-09-17 01:46:13,566 | httpx | INFO | HTTP Request: POST https://devnet.helius-rpc.com/?api-key=2728d54b-ce26-4696-bb4d-dc8170fcd494 "HTTP/1.1 200 OK"
2025-09-17 01:46:13,646 | httpx | INFO | HTTP Request: POST https://devnet.helius-rpc.com/?api-key=2728d54b-ce26-4696-bb4d-dc8170fcd494 "HTTP/1.1 200 OK"
2025-09-17 01:46:13,827 | httpx | INFO | HTTP Request: POST https://devnet.helius-rpc.com/?api-key=2728d54b-ce26-4696-bb4d-dc8170fcd494 "HTTP/1.1 200 OK"
2025-09-17 01:46:19,014 | libs.sidecar_validator | INFO | Validating sidecar at: http://localhost:8787/health
2025-09-17 01:46:20,109 | httpx | INFO | HTTP Request: GET http://localhost:8787/health "HTTP/1.1 200 OK"
2025-09-17 01:46:20,109 | libs.sidecar_validator | INFO | Sidecar mode: forward
2025-09-17 01:46:20,110 | libs.sidecar_validator | INFO | Forward base: https://swift.drift.trade
2025-09-17 01:46:20,110 | libs.sidecar_validator | INFO | Upstream Swift service healthy: status=200 (708ms)
2025-09-17 01:46:20,110 | libs.sidecar_validator | WARNING | Circuit breaker OPEN: 3/3 consecutive failures
2025-09-17 01:46:20,111 | libs.sidecar_validator | WARNING | Sidecar will return 503 for new orders
2025-09-17 01:46:20,111 | libs.sidecar_validator | INFO | Sidecar validation passed
2025-09-17 01:46:20,479 | httpx | INFO | HTTP Request: GET http://localhost:8787/health "HTTP/1.1 200 OK"
2025-09-17 01:46:20,482 | libs.drift.drivers.swift | INFO | Swift driver initialized: http://localhost:8787, retries=3, auction=True
2025-09-17 01:46:20,916 | httpx | INFO | HTTP Request: POST https://devnet.helius-rpc.com/?api-key=2728d54b-ce26-4696-bb4d-dc8170fcd494 "HTTP/1.1 200 OK"
2025-09-17 01:46:21,069 | httpx | INFO | HTTP Request: POST https://devnet.helius-rpc.com/?api-key=2728d54b-ce26-4696-bb4d-dc8170fcd494 "HTTP/1.1 200 OK"
2025-09-17 01:46:21,218 | httpx | INFO | HTTP Request: POST https://devnet.helius-rpc.com/?api-key=2728d54b-ce26-4696-bb4d-dc8170fcd494 "HTTP/1.1 200 OK"
2025-09-17 01:46:24,077 | libs.sidecar_validator | INFO | Validating sidecar at: http://localhost:8787/health
2025-09-17 01:46:24,683 | httpx | INFO | HTTP Request: GET http://localhost:8787/health "HTTP/1.1 200 OK"
2025-09-17 01:46:24,684 | libs.sidecar_validator | INFO | Sidecar mode: forward
2025-09-17 01:46:24,684 | libs.sidecar_validator | INFO | Forward base: https://swift.drift.trade
2025-09-17 01:46:24,684 | libs.sidecar_validator | INFO | Upstream Swift service healthy: status=200 (163ms)
2025-09-17 01:46:24,685 | libs.sidecar_validator | WARNING | Circuit breaker OPEN: 3/3 consecutive failures
2025-09-17 01:46:24,685 | libs.sidecar_validator | WARNING | Sidecar will return 503 for new orders
2025-09-17 01:46:24,686 | libs.sidecar_validator | INFO | Sidecar validation passed
2025-09-17 01:46:25,039 | httpx | INFO | HTTP Request: GET http://localhost:8787/health "HTTP/1.1 200 OK"
2025-09-17 01:46:25,040 | libs.drift.drivers.swift | INFO | Swift driver initialized: http://localhost:8787, retries=3, auction=True
2025-09-17 01:46:25,141 | httpx | INFO | HTTP Request: POST https://devnet.helius-rpc.com/?api-key=2728d54b-ce26-4696-bb4d-dc8170fcd494 "HTTP/1.1 200 OK"
2025-09-17 01:46:25,272 | httpx | INFO | HTTP Request: POST https://devnet.helius-rpc.com/?api-key=2728d54b-ce26-4696-bb4d-dc8170fcd494 "HTTP/1.1 200 OK"
2025-09-17 01:46:25,504 | httpx | INFO | HTTP Request: POST https://devnet.helius-rpc.com/?api-key=2728d54b-ce26-4696-bb4d-dc8170fcd494 "HTTP/1.1 200 OK"
2025-09-17 01:46:26,553 | libs.sidecar_validator | INFO | Validating sidecar at: http://localhost:8787/health
2025-09-17 01:46:27,183 | httpx | INFO | HTTP Request: GET http://localhost:8787/health "HTTP/1.1 200 OK"
2025-09-17 01:46:27,184 | libs.sidecar_validator | INFO | Sidecar mode: forward
2025-09-17 01:46:27,186 | libs.sidecar_validator | INFO | Forward base: https://swift.drift.trade
2025-09-17 01:46:27,186 | libs.sidecar_validator | INFO | Upstream Swift service healthy: status=200 (142ms)
2025-09-17 01:46:27,186 | libs.sidecar_validator | WARNING | Circuit breaker OPEN: 3/3 consecutive failures
2025-09-17 01:46:27,187 | libs.sidecar_validator | WARNING | Sidecar will return 503 for new orders
2025-09-17 01:46:27,187 | libs.sidecar_validator | INFO | Sidecar validation passed
2025-09-17 01:46:27,535 | httpx | INFO | HTTP Request: GET http://localhost:8787/health "HTTP/1.1 200 OK"
2025-09-17 01:46:27,538 | libs.drift.drivers.swift | INFO | Swift driver initialized: http://localhost:8787, retries=3, auction=True
2025-09-17 01:46:27,691 | httpx | INFO | HTTP Request: POST https://devnet.helius-rpc.com/?api-key=2728d54b-ce26-4696-bb4d-dc8170fcd494 "HTTP/1.1 200 OK"
2025-09-17 01:46:27,869 | httpx | INFO | HTTP Request: POST https://devnet.helius-rpc.com/?api-key=2728d54b-ce26-4696-bb4d-dc8170fcd494 "HTTP/1.1 200 OK"
2025-09-17 01:46:28,045 | httpx | INFO | HTTP Request: POST https://devnet.helius-rpc.com/?api-key=2728d54b-ce26-4696-bb4d-dc8170fcd494 "HTTP/1.1 200 OK"
2025-09-17 01:46:29,985 | libs.sidecar_validator | INFO | Validating sidecar at: http://localhost:8787/health
2025-09-17 01:46:30,556 | httpx | INFO | HTTP Request: GET http://localhost:8787/health "HTTP/1.1 200 OK"
2025-09-17 01:46:30,557 | libs.sidecar_validator | INFO | Sidecar mode: forward
2025-09-17 01:46:30,557 | libs.sidecar_validator | INFO | Forward base: https://swift.drift.trade
2025-09-17 01:46:30,557 | libs.sidecar_validator | INFO | Upstream Swift service healthy: status=200 (141ms)
2025-09-17 01:46:30,558 | libs.sidecar_validator | WARNING | Circuit breaker OPEN: 3/3 consecutive failures
2025-09-17 01:46:30,558 | libs.sidecar_validator | WARNING | Sidecar will return 503 for new orders
2025-09-17 01:46:30,559 | libs.sidecar_validator | INFO | Sidecar validation passed
2025-09-17 01:46:30,904 | httpx | INFO | HTTP Request: GET http://localhost:8787/health "HTTP/1.1 200 OK"
2025-09-17 01:46:30,906 | libs.drift.drivers.swift | INFO | Swift driver initialized: http://localhost:8787, retries=3, auction=True
2025-09-17 01:46:31,047 | httpx | INFO | HTTP Request: POST https://devnet.helius-rpc.com/?api-key=2728d54b-ce26-4696-bb4d-dc8170fcd494 "HTTP/1.1 200 OK"
2025-09-17 01:46:31,225 | httpx | INFO | HTTP Request: POST https://devnet.helius-rpc.com/?api-key=2728d54b-ce26-4696-bb4d-dc8170fcd494 "HTTP/1.1 200 OK"
2025-09-17 01:46:31,318 | httpx | INFO | HTTP Request: POST https://devnet.helius-rpc.com/?api-key=2728d54b-ce26-4696-bb4d-dc8170fcd494 "HTTP/1.1 200 OK"
2025-09-17 01:46:32,365 | libs.sidecar_validator | INFO | Validating sidecar at: http://localhost:8787/health
2025-09-17 01:46:32,926 | httpx | INFO | HTTP Request: GET http://localhost:8787/health "HTTP/1.1 200 OK"
2025-09-17 01:46:32,927 | libs.sidecar_validator | INFO | Sidecar mode: forward
2025-09-17 01:46:32,928 | libs.sidecar_validator | INFO | Forward base: https://swift.drift.trade
2025-09-17 01:46:32,929 | libs.sidecar_validator | INFO | Upstream Swift service healthy: status=200 (141ms)
2025-09-17 01:46:32,929 | libs.sidecar_validator | WARNING | Circuit breaker OPEN: 3/3 consecutive failures
2025-09-17 01:46:32,929 | libs.sidecar_validator | WARNING | Sidecar will return 503 for new orders
2025-09-17 01:46:32,929 | libs.sidecar_validator | INFO | Sidecar validation passed
2025-09-17 01:46:33,086 | httpx | INFO | HTTP Request: GET http://localhost:8787/health "HTTP/1.1 200 OK"
2025-09-17 01:46:33,088 | libs.drift.drivers.swift | INFO | Swift driver initialized: http://localhost:8787, retries=3, auction=True
2025-09-17 01:46:33,234 | httpx | INFO | HTTP Request: POST https://devnet.helius-rpc.com/?api-key=2728d54b-ce26-4696-bb4d-dc8170fcd494 "HTTP/1.1 200 OK"
2025-09-17 01:46:33,410 | httpx | INFO | HTTP Request: POST https://devnet.helius-rpc.com/?api-key=2728d54b-ce26-4696-bb4d-dc8170fcd494 "HTTP/1.1 200 OK"
2025-09-17 01:46:33,576 | httpx | INFO | HTTP Request: POST https://devnet.helius-rpc.com/?api-key=2728d54b-ce26-4696-bb4d-dc8170fcd494 "HTTP/1.1 200 OK"
2025-09-17 01:46:34,606 | libs.sidecar_validator | INFO | Validating sidecar at: http://localhost:8787/health
2025-09-17 01:46:35,158 | httpx | INFO | HTTP Request: GET http://localhost:8787/health "HTTP/1.1 200 OK"
2025-09-17 01:46:35,158 | libs.sidecar_validator | INFO | Sidecar mode: forward
2025-09-17 01:46:35,159 | libs.sidecar_validator | INFO | Forward base: https://swift.drift.trade
2025-09-17 01:46:35,159 | libs.sidecar_validator | INFO | Upstream Swift service healthy: status=200 (159ms)
2025-09-17 01:46:35,159 | libs.sidecar_validator | WARNING | Circuit breaker OPEN: 3/3 consecutive failures
2025-09-17 01:46:35,160 | libs.sidecar_validator | WARNING | Sidecar will return 503 for new orders
2025-09-17 01:46:35,160 | libs.sidecar_validator | INFO | Sidecar validation passed
2025-09-17 01:46:35,493 | httpx | INFO | HTTP Request: GET http://localhost:8787/health "HTTP/1.1 200 OK"
2025-09-17 01:46:35,495 | libs.drift.drivers.swift | INFO | Swift driver initialized: http://localhost:8787, retries=3, auction=True
2025-09-17 01:46:35,594 | httpx | INFO | HTTP Request: POST https://devnet.helius-rpc.com/?api-key=2728d54b-ce26-4696-bb4d-dc8170fcd494 "HTTP/1.1 200 OK"
2025-09-17 01:46:35,736 | httpx | INFO | HTTP Request: POST https://devnet.helius-rpc.com/?api-key=2728d54b-ce26-4696-bb4d-dc8170fcd494 "HTTP/1.1 200 OK"
2025-09-17 01:46:35,912 | httpx | INFO | HTTP Request: POST https://devnet.helius-rpc.com/?api-key=2728d54b-ce26-4696-bb4d-dc8170fcd494 "HTTP/1.1 200 OK"
2025-09-17 01:46:36,978 | libs.sidecar_validator | INFO | Validating sidecar at: http://localhost:8787/health
2025-09-17 01:46:37,524 | httpx | INFO | HTTP Request: GET http://localhost:8787/health "HTTP/1.1 200 OK"
2025-09-17 01:46:37,524 | libs.sidecar_validator | INFO | Sidecar mode: forward
2025-09-17 01:46:37,525 | libs.sidecar_validator | INFO | Forward base: https://swift.drift.trade
2025-09-17 01:46:37,525 | libs.sidecar_validator | INFO | Upstream Swift service healthy: status=200 (143ms)
2025-09-17 01:46:37,525 | libs.sidecar_validator | WARNING | Circuit breaker OPEN: 3/3 consecutive failures
2025-09-17 01:46:37,526 | libs.sidecar_validator | WARNING | Sidecar will return 503 for new orders
2025-09-17 01:46:37,526 | libs.sidecar_validator | INFO | Sidecar validation passed
2025-09-17 01:46:37,677 | httpx | INFO | HTTP Request: GET http://localhost:8787/health "HTTP/1.1 200 OK"
2025-09-17 01:46:37,678 | libs.drift.drivers.swift | INFO | Swift driver initialized: http://localhost:8787, retries=3, auction=True
2025-09-17 01:46:37,859 | httpx | INFO | HTTP Request: POST https://devnet.helius-rpc.com/?api-key=2728d54b-ce26-4696-bb4d-dc8170fcd494 "HTTP/1.1 200 OK"
2025-09-17 01:46:37,950 | httpx | INFO | HTTP Request: POST https://devnet.helius-rpc.com/?api-key=2728d54b-ce26-4696-bb4d-dc8170fcd494 "HTTP/1.1 200 OK"
2025-09-17 01:46:38,043 | httpx | INFO | HTTP Request: POST https://devnet.helius-rpc.com/?api-key=2728d54b-ce26-4696-bb4d-dc8170fcd494 "HTTP/1.1 200 OK"
2025-09-17 01:46:39,069 | libs.sidecar_validator | INFO | Validating sidecar at: http://localhost:8787/health
2025-09-17 01:46:39,830 | httpx | INFO | HTTP Request: GET http://localhost:8787/health "HTTP/1.1 200 OK"
2025-09-17 01:46:39,831 | libs.sidecar_validator | INFO | Sidecar mode: forward
2025-09-17 01:46:39,831 | libs.sidecar_validator | INFO | Forward base: https://swift.drift.trade
2025-09-17 01:46:39,832 | libs.sidecar_validator | INFO | Upstream Swift service healthy: status=200 (328ms)
2025-09-17 01:46:39,832 | libs.sidecar_validator | WARNING | Circuit breaker OPEN: 3/3 consecutive failures
2025-09-17 01:46:39,832 | libs.sidecar_validator | WARNING | Sidecar will return 503 for new orders
2025-09-17 01:46:39,832 | libs.sidecar_validator | INFO | Sidecar validation passed
2025-09-17 01:46:39,976 | httpx | INFO | HTTP Request: GET http://localhost:8787/health "HTTP/1.1 200 OK"
2025-09-17 01:46:39,978 | libs.drift.drivers.swift | INFO | Swift driver initialized: http://localhost:8787, retries=3, auction=True
2025-09-17 01:46:40,210 | httpx | INFO | HTTP Request: POST https://devnet.helius-rpc.com/?api-key=2728d54b-ce26-4696-bb4d-dc8170fcd494 "HTTP/1.1 200 OK"
2025-09-17 01:46:40,377 | httpx | INFO | HTTP Request: POST https://devnet.helius-rpc.com/?api-key=2728d54b-ce26-4696-bb4d-dc8170fcd494 "HTTP/1.1 200 OK"
2025-09-17 01:46:40,553 | httpx | INFO | HTTP Request: POST https://devnet.helius-rpc.com/?api-key=2728d54b-ce26-4696-bb4d-dc8170fcd494 "HTTP/1.1 200 OK"
2025-09-17 01:46:43,119 | libs.sidecar_validator | INFO | Validating sidecar at: http://localhost:8787/health
2025-09-17 01:46:43,692 | httpx | INFO | HTTP Request: GET http://localhost:8787/health "HTTP/1.1 200 OK"
2025-09-17 01:46:43,697 | libs.sidecar_validator | INFO | Sidecar mode: forward
2025-09-17 01:46:43,698 | libs.sidecar_validator | INFO | Forward base: https://swift.drift.trade
2025-09-17 01:46:43,699 | libs.sidecar_validator | INFO | Upstream Swift service healthy: status=200 (156ms)
2025-09-17 01:46:43,699 | libs.sidecar_validator | WARNING | Circuit breaker OPEN: 3/3 consecutive failures
2025-09-17 01:46:43,700 | libs.sidecar_validator | WARNING | Sidecar will return 503 for new orders
2025-09-17 01:46:43,700 | libs.sidecar_validator | INFO | Sidecar validation passed
2025-09-17 01:46:43,861 | httpx | INFO | HTTP Request: GET http://localhost:8787/health "HTTP/1.1 200 OK"
2025-09-17 01:46:43,863 | libs.drift.drivers.swift | INFO | Swift driver initialized: http://localhost:8787, retries=3, auction=True
2025-09-17 01:46:43,981 | httpx | INFO | HTTP Request: POST https://devnet.helius-rpc.com/?api-key=2728d54b-ce26-4696-bb4d-dc8170fcd494 "HTTP/1.1 200 OK"
2025-09-17 01:46:44,148 | httpx | INFO | HTTP Request: POST https://devnet.helius-rpc.com/?api-key=2728d54b-ce26-4696-bb4d-dc8170fcd494 "HTTP/1.1 200 OK"
2025-09-17 01:46:44,411 | httpx | INFO | HTTP Request: POST https://devnet.helius-rpc.com/?api-key=2728d54b-ce26-4696-bb4d-dc8170fcd494 "HTTP/1.1 200 OK"
2025-09-17 01:46:45,591 | libs.sidecar_validator | INFO | Validating sidecar at: http://localhost:8787/health
2025-09-17 01:46:46,163 | httpx | INFO | HTTP Request: GET http://localhost:8787/health "HTTP/1.1 200 OK"
2025-09-17 01:46:46,164 | libs.sidecar_validator | INFO | Sidecar mode: forward
2025-09-17 01:46:46,164 | libs.sidecar_validator | INFO | Forward base: https://swift.drift.trade
2025-09-17 01:46:46,164 | libs.sidecar_validator | INFO | Upstream Swift service healthy: status=200 (156ms)
2025-09-17 01:46:46,165 | libs.sidecar_validator | WARNING | Circuit breaker OPEN: 3/3 consecutive failures
2025-09-17 01:46:46,165 | libs.sidecar_validator | WARNING | Sidecar will return 503 for new orders
2025-09-17 01:46:46,165 | libs.sidecar_validator | INFO | Sidecar validation passed
2025-09-17 01:46:46,310 | httpx | INFO | HTTP Request: GET http://localhost:8787/health "HTTP/1.1 200 OK"
2025-09-17 01:46:46,313 | libs.drift.drivers.swift | INFO | Swift driver initialized: http://localhost:8787, retries=3, auction=True
2025-09-17 01:46:46,410 | httpx | INFO | HTTP Request: POST https://devnet.helius-rpc.com/?api-key=2728d54b-ce26-4696-bb4d-dc8170fcd494 "HTTP/1.1 200 OK"
2025-09-17 01:46:46,639 | httpx | INFO | HTTP Request: POST https://devnet.helius-rpc.com/?api-key=2728d54b-ce26-4696-bb4d-dc8170fcd494 "HTTP/1.1 200 OK"
2025-09-17 01:46:46,744 | httpx | INFO | HTTP Request: POST https://devnet.helius-rpc.com/?api-key=2728d54b-ce26-4696-bb4d-dc8170fcd494 "HTTP/1.1 200 OK"
2025-09-17 01:46:47,777 | libs.sidecar_validator | INFO | Validating sidecar at: http://localhost:8787/health
2025-09-17 01:46:48,520 | httpx | INFO | HTTP Request: GET http://localhost:8787/health "HTTP/1.1 200 OK"
2025-09-17 01:46:48,521 | libs.sidecar_validator | INFO | Sidecar mode: forward
2025-09-17 01:46:48,522 | libs.sidecar_validator | INFO | Forward base: https://swift.drift.trade
2025-09-17 01:46:48,522 | libs.sidecar_validator | INFO | Upstream Swift service healthy: status=200 (335ms)
2025-09-17 01:46:48,522 | libs.sidecar_validator | WARNING | Circuit breaker OPEN: 3/3 consecutive failures
2025-09-17 01:46:48,523 | libs.sidecar_validator | WARNING | Sidecar will return 503 for new orders
2025-09-17 01:46:48,523 | libs.sidecar_validator | INFO | Sidecar validation passed
2025-09-17 01:46:48,685 | httpx | INFO | HTTP Request: GET http://localhost:8787/health "HTTP/1.1 200 OK"
2025-09-17 01:46:48,687 | libs.drift.drivers.swift | INFO | Swift driver initialized: http://localhost:8787, retries=3, auction=True
2025-09-17 01:46:48,831 | httpx | INFO | HTTP Request: POST https://devnet.helius-rpc.com/?api-key=2728d54b-ce26-4696-bb4d-dc8170fcd494 "HTTP/1.1 200 OK"
2025-09-17 01:46:48,911 | httpx | INFO | HTTP Request: POST https://devnet.helius-rpc.com/?api-key=2728d54b-ce26-4696-bb4d-dc8170fcd494 "HTTP/1.1 200 OK"
2025-09-17 01:46:49,047 | httpx | INFO | HTTP Request: POST https://devnet.helius-rpc.com/?api-key=2728d54b-ce26-4696-bb4d-dc8170fcd494 "HTTP/1.1 200 OK"
2025-09-17 01:46:50,077 | libs.sidecar_validator | INFO | Validating sidecar at: http://localhost:8787/health
2025-09-17 01:46:50,814 | httpx | INFO | HTTP Request: GET http://localhost:8787/health "HTTP/1.1 200 OK"
2025-09-17 01:46:50,814 | libs.sidecar_validator | INFO | Sidecar mode: forward
2025-09-17 01:46:50,814 | libs.sidecar_validator | INFO | Forward base: https://swift.drift.trade
2025-09-17 01:46:50,815 | libs.sidecar_validator | INFO | Upstream Swift service healthy: status=200 (337ms)
2025-09-17 01:46:50,815 | libs.sidecar_validator | WARNING | Circuit breaker OPEN: 3/3 consecutive failures
2025-09-17 01:46:50,815 | libs.sidecar_validator | WARNING | Sidecar will return 503 for new orders
2025-09-17 01:46:50,815 | libs.sidecar_validator | INFO | Sidecar validation passed
2025-09-17 01:46:50,973 | httpx | INFO | HTTP Request: GET http://localhost:8787/health "HTTP/1.1 200 OK"
2025-09-17 01:46:50,975 | libs.drift.drivers.swift | INFO | Swift driver initialized: http://localhost:8787, retries=3, auction=True
2025-09-17 01:46:51,063 | httpx | INFO | HTTP Request: POST https://devnet.helius-rpc.com/?api-key=2728d54b-ce26-4696-bb4d-dc8170fcd494 "HTTP/1.1 200 OK"
2025-09-17 01:46:51,128 | httpx | INFO | HTTP Request: POST https://devnet.helius-rpc.com/?api-key=2728d54b-ce26-4696-bb4d-dc8170fcd494 "HTTP/1.1 200 OK"
2025-09-17 01:46:51,278 | httpx | INFO | HTTP Request: POST https://devnet.helius-rpc.com/?api-key=2728d54b-ce26-4696-bb4d-dc8170fcd494 "HTTP/1.1 200 OK"
2025-09-17 01:46:52,305 | libs.sidecar_validator | INFO | Validating sidecar at: http://localhost:8787/health
2025-09-17 01:46:52,874 | httpx | INFO | HTTP Request: GET http://localhost:8787/health "HTTP/1.1 200 OK"
2025-09-17 01:46:52,874 | libs.sidecar_validator | INFO | Sidecar mode: forward
2025-09-17 01:46:52,875 | libs.sidecar_validator | INFO | Forward base: https://swift.drift.trade
2025-09-17 01:46:52,875 | libs.sidecar_validator | INFO | Upstream Swift service healthy: status=200 (142ms)
2025-09-17 01:46:52,876 | libs.sidecar_validator | WARNING | Circuit breaker OPEN: 3/3 consecutive failures
2025-09-17 01:46:52,877 | libs.sidecar_validator | WARNING | Sidecar will return 503 for new orders
2025-09-17 01:46:52,877 | libs.sidecar_validator | INFO | Sidecar validation passed
2025-09-17 01:46:53,029 | httpx | INFO | HTTP Request: GET http://localhost:8787/health "HTTP/1.1 200 OK"
2025-09-17 01:46:53,031 | libs.drift.drivers.swift | INFO | Swift driver initialized: http://localhost:8787, retries=3, auction=True
2025-09-17 01:46:53,316 | httpx | INFO | HTTP Request: POST https://devnet.helius-rpc.com/?api-key=2728d54b-ce26-4696-bb4d-dc8170fcd494 "HTTP/1.1 200 OK"
2025-09-17 01:46:53,490 | httpx | INFO | HTTP Request: POST https://devnet.helius-rpc.com/?api-key=2728d54b-ce26-4696-bb4d-dc8170fcd494 "HTTP/1.1 200 OK"
2025-09-17 01:46:53,655 | httpx | INFO | HTTP Request: POST https://devnet.helius-rpc.com/?api-key=2728d54b-ce26-4696-bb4d-dc8170fcd494 "HTTP/1.1 200 OK"
2025-09-17 01:46:54,692 | libs.sidecar_validator | INFO | Validating sidecar at: http://localhost:8787/health
2025-09-17 01:46:55,240 | httpx | INFO | HTTP Request: GET http://localhost:8787/health "HTTP/1.1 200 OK"
2025-09-17 01:46:55,241 | libs.sidecar_validator | INFO | Sidecar mode: forward
2025-09-17 01:46:55,242 | libs.sidecar_validator | INFO | Forward base: https://swift.drift.trade
2025-09-17 01:46:55,242 | libs.sidecar_validator | INFO | Upstream Swift service healthy: status=200 (144ms)
2025-09-17 01:46:55,242 | libs.sidecar_validator | WARNING | Circuit breaker OPEN: 3/3 consecutive failures
2025-09-17 01:46:55,243 | libs.sidecar_validator | WARNING | Sidecar will return 503 for new orders
2025-09-17 01:46:55,243 | libs.sidecar_validator | INFO | Sidecar validation passed
2025-09-17 01:46:55,579 | httpx | INFO | HTTP Request: GET http://localhost:8787/health "HTTP/1.1 200 OK"
2025-09-17 01:46:55,581 | libs.drift.drivers.swift | INFO | Swift driver initialized: http://localhost:8787, retries=3, auction=True
2025-09-17 01:46:55,762 | httpx | INFO | HTTP Request: POST https://devnet.helius-rpc.com/?api-key=2728d54b-ce26-4696-bb4d-dc8170fcd494 "HTTP/1.1 200 OK"
2025-09-17 01:46:55,878 | httpx | INFO | HTTP Request: POST https://devnet.helius-rpc.com/?api-key=2728d54b-ce26-4696-bb4d-dc8170fcd494 "HTTP/1.1 200 OK"
2025-09-17 01:46:55,955 | httpx | INFO | HTTP Request: POST https://devnet.helius-rpc.com/?api-key=2728d54b-ce26-4696-bb4d-dc8170fcd494 "HTTP/1.1 200 OK"
2025-09-17 01:46:56,994 | libs.sidecar_validator | INFO | Validating sidecar at: http://localhost:8787/health
2025-09-17 01:46:57,538 | httpx | INFO | HTTP Request: GET http://localhost:8787/health "HTTP/1.1 200 OK"
2025-09-17 01:46:57,539 | libs.sidecar_validator | INFO | Sidecar mode: forward
2025-09-17 01:46:57,540 | libs.sidecar_validator | INFO | Forward base: https://swift.drift.trade
2025-09-17 01:46:57,540 | libs.sidecar_validator | INFO | Upstream Swift service healthy: status=200 (145ms)
2025-09-17 01:46:57,541 | libs.sidecar_validator | WARNING | Circuit breaker OPEN: 3/3 consecutive failures
2025-09-17 01:46:57,541 | libs.sidecar_validator | WARNING | Sidecar will return 503 for new orders
2025-09-17 01:46:57,542 | libs.sidecar_validator | INFO | Sidecar validation passed
2025-09-17 01:46:57,703 | httpx | INFO | HTTP Request: GET http://localhost:8787/health "HTTP/1.1 200 OK"
2025-09-17 01:46:57,704 | libs.drift.drivers.swift | INFO | Swift driver initialized: http://localhost:8787, retries=3, auction=True
2025-09-17 01:46:57,887 | httpx | INFO | HTTP Request: POST https://devnet.helius-rpc.com/?api-key=2728d54b-ce26-4696-bb4d-dc8170fcd494 "HTTP/1.1 200 OK"
2025-09-17 01:46:58,008 | httpx | INFO | HTTP Request: POST https://devnet.helius-rpc.com/?api-key=2728d54b-ce26-4696-bb4d-dc8170fcd494 "HTTP/1.1 200 OK"
2025-09-17 01:46:58,118 | httpx | INFO | HTTP Request: POST https://devnet.helius-rpc.com/?api-key=2728d54b-ce26-4696-bb4d-dc8170fcd494 "HTTP/1.1 200 OK"
2025-09-17 01:46:59,156 | libs.sidecar_validator | INFO | Validating sidecar at: http://localhost:8787/health
2025-09-17 01:46:59,904 | httpx | INFO | HTTP Request: GET http://localhost:8787/health "HTTP/1.1 200 OK"
2025-09-17 01:46:59,904 | libs.sidecar_validator | INFO | Sidecar mode: forward
2025-09-17 01:46:59,905 | libs.sidecar_validator | INFO | Forward base: https://swift.drift.trade
2025-09-17 01:46:59,905 | libs.sidecar_validator | INFO | Upstream Swift service healthy: status=200 (345ms)
2025-09-17 01:46:59,906 | libs.sidecar_validator | WARNING | Circuit breaker OPEN: 3/3 consecutive failures
2025-09-17 01:46:59,906 | libs.sidecar_validator | WARNING | Sidecar will return 503 for new orders
2025-09-17 01:46:59,906 | libs.sidecar_validator | INFO | Sidecar validation passed
2025-09-17 01:47:00,065 | httpx | INFO | HTTP Request: GET http://localhost:8787/health "HTTP/1.1 200 OK"
2025-09-17 01:47:00,067 | libs.drift.drivers.swift | INFO | Swift driver initialized: http://localhost:8787, retries=3, auction=True
2025-09-17 01:47:00,242 | httpx | INFO | HTTP Request: POST https://devnet.helius-rpc.com/?api-key=2728d54b-ce26-4696-bb4d-dc8170fcd494 "HTTP/1.1 200 OK"
2025-09-17 01:47:00,477 | httpx | INFO | HTTP Request: POST https://devnet.helius-rpc.com/?api-key=2728d54b-ce26-4696-bb4d-dc8170fcd494 "HTTP/1.1 200 OK"
2025-09-17 01:47:00,582 | httpx | INFO | HTTP Request: POST https://devnet.helius-rpc.com/?api-key=2728d54b-ce26-4696-bb4d-dc8170fcd494 "HTTP/1.1 200 OK"
2025-09-17 01:47:01,625 | libs.sidecar_validator | INFO | Validating sidecar at: http://localhost:8787/health
2025-09-17 01:47:02,171 | httpx | INFO | HTTP Request: GET http://localhost:8787/health "HTTP/1.1 200 OK"
2025-09-17 01:47:02,172 | libs.sidecar_validator | INFO | Sidecar mode: forward
2025-09-17 01:47:02,172 | libs.sidecar_validator | INFO | Forward base: https://swift.drift.trade
2025-09-17 01:47:02,173 | libs.sidecar_validator | INFO | Upstream Swift service healthy: status=200 (155ms)
2025-09-17 01:47:02,173 | libs.sidecar_validator | WARNING | Circuit breaker OPEN: 3/3 consecutive failures
2025-09-17 01:47:02,174 | libs.sidecar_validator | WARNING | Sidecar will return 503 for new orders
2025-09-17 01:47:02,174 | libs.sidecar_validator | INFO | Sidecar validation passed
2025-09-17 01:47:02,738 | httpx | INFO | HTTP Request: GET http://localhost:8787/health "HTTP/1.1 200 OK"
2025-09-17 01:47:02,739 | libs.drift.drivers.swift | INFO | Swift driver initialized: http://localhost:8787, retries=3, auction=True
2025-09-17 01:47:02,881 | httpx | INFO | HTTP Request: POST https://devnet.helius-rpc.com/?api-key=2728d54b-ce26-4696-bb4d-dc8170fcd494 "HTTP/1.1 200 OK"
2025-09-17 01:47:02,996 | httpx | INFO | HTTP Request: POST https://devnet.helius-rpc.com/?api-key=2728d54b-ce26-4696-bb4d-dc8170fcd494 "HTTP/1.1 200 OK"
2025-09-17 01:47:03,134 | httpx | INFO | HTTP Request: POST https://devnet.helius-rpc.com/?api-key=2728d54b-ce26-4696-bb4d-dc8170fcd494 "HTTP/1.1 200 OK"
2025-09-17 01:47:04,202 | libs.sidecar_validator | INFO | Validating sidecar at: http://localhost:8787/health
2025-09-17 01:47:04,953 | httpx | INFO | HTTP Request: GET http://localhost:8787/health "HTTP/1.1 200 OK"
2025-09-17 01:47:04,954 | libs.sidecar_validator | INFO | Sidecar mode: forward
2025-09-17 01:47:04,954 | libs.sidecar_validator | INFO | Forward base: https://swift.drift.trade
2025-09-17 01:47:04,954 | libs.sidecar_validator | INFO | Upstream Swift service healthy: status=200 (358ms)
2025-09-17 01:47:04,955 | libs.sidecar_validator | WARNING | Circuit breaker OPEN: 3/3 consecutive failures
2025-09-17 01:47:04,955 | libs.sidecar_validator | WARNING | Sidecar will return 503 for new orders
2025-09-17 01:47:04,956 | libs.sidecar_validator | INFO | Sidecar validation passed
2025-09-17 01:47:05,346 | httpx | INFO | HTTP Request: GET http://localhost:8787/health "HTTP/1.1 200 OK"
2025-09-17 01:47:05,347 | libs.drift.drivers.swift | INFO | Swift driver initialized: http://localhost:8787, retries=3, auction=True
2025-09-17 01:47:05,426 | httpx | INFO | HTTP Request: POST https://devnet.helius-rpc.com/?api-key=2728d54b-ce26-4696-bb4d-dc8170fcd494 "HTTP/1.1 200 OK"
2025-09-17 01:47:05,500 | httpx | INFO | HTTP Request: POST https://devnet.helius-rpc.com/?api-key=2728d54b-ce26-4696-bb4d-dc8170fcd494 "HTTP/1.1 200 OK"
2025-09-17 01:47:05,632 | httpx | INFO | HTTP Request: POST https://devnet.helius-rpc.com/?api-key=2728d54b-ce26-4696-bb4d-dc8170fcd494 "HTTP/1.1 200 OK"
2025-09-17 01:47:10,753 | libs.sidecar_validator | INFO | Validating sidecar at: http://localhost:8787/health
2025-09-17 01:47:11,574 | httpx | INFO | HTTP Request: GET http://localhost:8787/health "HTTP/1.1 200 OK"
2025-09-17 01:47:11,575 | libs.sidecar_validator | INFO | Sidecar mode: forward
2025-09-17 01:47:11,576 | libs.sidecar_validator | INFO | Forward base: https://swift.drift.trade
2025-09-17 01:47:11,576 | libs.sidecar_validator | INFO | Upstream Swift service healthy: status=200 (417ms)
2025-09-17 01:47:11,576 | libs.sidecar_validator | WARNING | Circuit breaker OPEN: 3/3 consecutive failures
2025-09-17 01:47:11,577 | libs.sidecar_validator | WARNING | Sidecar will return 503 for new orders
2025-09-17 01:47:11,577 | libs.sidecar_validator | INFO | Sidecar validation passed
2025-09-17 01:47:11,926 | httpx | INFO | HTTP Request: GET http://localhost:8787/health "HTTP/1.1 200 OK"
2025-09-17 01:47:11,927 | libs.drift.drivers.swift | INFO | Swift driver initialized: http://localhost:8787, retries=3, auction=True
2025-09-17 01:47:12,187 | httpx | INFO | HTTP Request: POST https://devnet.helius-rpc.com/?api-key=2728d54b-ce26-4696-bb4d-dc8170fcd494 "HTTP/1.1 200 OK"
2025-09-17 01:47:12,273 | httpx | INFO | HTTP Request: POST https://devnet.helius-rpc.com/?api-key=2728d54b-ce26-4696-bb4d-dc8170fcd494 "HTTP/1.1 200 OK"
2025-09-17 01:47:12,435 | httpx | INFO | HTTP Request: POST https://devnet.helius-rpc.com/?api-key=2728d54b-ce26-4696-bb4d-dc8170fcd494 "HTTP/1.1 200 OK"
2025-09-17 01:47:13,467 | libs.sidecar_validator | INFO | Validating sidecar at: http://localhost:8787/health
2025-09-17 01:47:14,017 | httpx | INFO | HTTP Request: GET http://localhost:8787/health "HTTP/1.1 200 OK"
2025-09-17 01:47:14,018 | libs.sidecar_validator | INFO | Sidecar mode: forward
2025-09-17 01:47:14,019 | libs.sidecar_validator | INFO | Forward base: https://swift.drift.trade
2025-09-17 01:47:14,019 | libs.sidecar_validator | INFO | Upstream Swift service healthy: status=200 (143ms)
2025-09-17 01:47:14,019 | libs.sidecar_validator | WARNING | Circuit breaker OPEN: 3/3 consecutive failures
2025-09-17 01:47:14,020 | libs.sidecar_validator | WARNING | Sidecar will return 503 for new orders
2025-09-17 01:47:14,020 | libs.sidecar_validator | INFO | Sidecar validation passed
2025-09-17 01:47:14,168 | httpx | INFO | HTTP Request: GET http://localhost:8787/health "HTTP/1.1 200 OK"
2025-09-17 01:47:14,170 | libs.drift.drivers.swift | INFO | Swift driver initialized: http://localhost:8787, retries=3, auction=True
2025-09-17 01:47:14,343 | httpx | INFO | HTTP Request: POST https://devnet.helius-rpc.com/?api-key=2728d54b-ce26-4696-bb4d-dc8170fcd494 "HTTP/1.1 200 OK"
2025-09-17 01:47:14,445 | httpx | INFO | HTTP Request: POST https://devnet.helius-rpc.com/?api-key=2728d54b-ce26-4696-bb4d-dc8170fcd494 "HTTP/1.1 200 OK"
2025-09-17 01:47:14,544 | httpx | INFO | HTTP Request: POST https://devnet.helius-rpc.com/?api-key=2728d54b-ce26-4696-bb4d-dc8170fcd494 "HTTP/1.1 200 OK"
2025-09-17 01:47:17,179 | libs.sidecar_validator | INFO | Validating sidecar at: http://localhost:8787/health
2025-09-17 01:47:17,773 | httpx | INFO | HTTP Request: GET http://localhost:8787/health "HTTP/1.1 200 OK"
2025-09-17 01:47:17,773 | libs.sidecar_validator | INFO | Sidecar mode: forward
2025-09-17 01:47:17,774 | libs.sidecar_validator | INFO | Forward base: https://swift.drift.trade
2025-09-17 01:47:17,774 | libs.sidecar_validator | INFO | Upstream Swift service healthy: status=200 (141ms)
2025-09-17 01:47:17,775 | libs.sidecar_validator | WARNING | Circuit breaker OPEN: 3/3 consecutive failures
2025-09-17 01:47:17,775 | libs.sidecar_validator | WARNING | Sidecar will return 503 for new orders
2025-09-17 01:47:17,775 | libs.sidecar_validator | INFO | Sidecar validation passed
2025-09-17 01:47:18,108 | httpx | INFO | HTTP Request: GET http://localhost:8787/health "HTTP/1.1 200 OK"
2025-09-17 01:47:18,110 | libs.drift.drivers.swift | INFO | Swift driver initialized: http://localhost:8787, retries=3, auction=True
2025-09-17 01:47:18,197 | httpx | INFO | HTTP Request: POST https://devnet.helius-rpc.com/?api-key=2728d54b-ce26-4696-bb4d-dc8170fcd494 "HTTP/1.1 200 OK"
2025-09-17 01:47:18,374 | httpx | INFO | HTTP Request: POST https://devnet.helius-rpc.com/?api-key=2728d54b-ce26-4696-bb4d-dc8170fcd494 "HTTP/1.1 200 OK"
2025-09-17 01:47:18,450 | httpx | INFO | HTTP Request: POST https://devnet.helius-rpc.com/?api-key=2728d54b-ce26-4696-bb4d-dc8170fcd494 "HTTP/1.1 200 OK"
2025-09-17 01:47:19,462 | libs.sidecar_validator | INFO | Validating sidecar at: http://localhost:8787/health
2025-09-17 01:47:20,022 | httpx | INFO | HTTP Request: GET http://localhost:8787/health "HTTP/1.1 200 OK"
2025-09-17 01:47:20,023 | libs.sidecar_validator | INFO | Sidecar mode: forward
2025-09-17 01:47:20,023 | libs.sidecar_validator | INFO | Forward base: https://swift.drift.trade
2025-09-17 01:47:20,024 | libs.sidecar_validator | INFO | Upstream Swift service healthy: status=200 (155ms)
2025-09-17 01:47:20,024 | libs.sidecar_validator | WARNING | Circuit breaker OPEN: 3/3 consecutive failures
2025-09-17 01:47:20,024 | libs.sidecar_validator | WARNING | Sidecar will return 503 for new orders
2025-09-17 01:47:20,025 | libs.sidecar_validator | INFO | Sidecar validation passed
2025-09-17 01:47:20,181 | httpx | INFO | HTTP Request: GET http://localhost:8787/health "HTTP/1.1 200 OK"
2025-09-17 01:47:20,183 | libs.drift.drivers.swift | INFO | Swift driver initialized: http://localhost:8787, retries=3, auction=True
2025-09-17 01:47:20,297 | httpx | INFO | HTTP Request: POST https://devnet.helius-rpc.com/?api-key=2728d54b-ce26-4696-bb4d-dc8170fcd494 "HTTP/1.1 200 OK"
2025-09-17 01:47:20,410 | httpx | INFO | HTTP Request: POST https://devnet.helius-rpc.com/?api-key=2728d54b-ce26-4696-bb4d-dc8170fcd494 "HTTP/1.1 200 OK"
2025-09-17 01:47:20,513 | httpx | INFO | HTTP Request: POST https://devnet.helius-rpc.com/?api-key=2728d54b-ce26-4696-bb4d-dc8170fcd494 "HTTP/1.1 200 OK"
2025-09-17 01:47:22,283 | libs.sidecar_validator | INFO | Validating sidecar at: http://localhost:8787/health
2025-09-17 01:47:23,060 | httpx | INFO | HTTP Request: GET http://localhost:8787/health "HTTP/1.1 200 OK"
2025-09-17 01:47:23,061 | libs.sidecar_validator | INFO | Sidecar mode: forward
2025-09-17 01:47:23,061 | libs.sidecar_validator | INFO | Forward base: https://swift.drift.trade
2025-09-17 01:47:23,061 | libs.sidecar_validator | INFO | Upstream Swift service healthy: status=200 (349ms)
2025-09-17 01:47:23,062 | libs.sidecar_validator | WARNING | Circuit breaker OPEN: 3/3 consecutive failures
2025-09-17 01:47:23,062 | libs.sidecar_validator | WARNING | Sidecar will return 503 for new orders
2025-09-17 01:47:23,062 | libs.sidecar_validator | INFO | Sidecar validation passed
2025-09-17 01:47:23,229 | httpx | INFO | HTTP Request: GET http://localhost:8787/health "HTTP/1.1 200 OK"
2025-09-17 01:47:23,231 | libs.drift.drivers.swift | INFO | Swift driver initialized: http://localhost:8787, retries=3, auction=True
2025-09-17 01:47:23,365 | httpx | INFO | HTTP Request: POST https://devnet.helius-rpc.com/?api-key=2728d54b-ce26-4696-bb4d-dc8170fcd494 "HTTP/1.1 200 OK"
2025-09-17 01:47:23,521 | httpx | INFO | HTTP Request: POST https://devnet.helius-rpc.com/?api-key=2728d54b-ce26-4696-bb4d-dc8170fcd494 "HTTP/1.1 200 OK"
2025-09-17 01:47:23,591 | httpx | INFO | HTTP Request: POST https://devnet.helius-rpc.com/?api-key=2728d54b-ce26-4696-bb4d-dc8170fcd494 "HTTP/1.1 200 OK"
2025-09-17 01:47:24,598 | libs.sidecar_validator | INFO | Validating sidecar at: http://localhost:8787/health
2025-09-17 01:47:25,180 | httpx | INFO | HTTP Request: GET http://localhost:8787/health "HTTP/1.1 200 OK"
2025-09-17 01:47:25,181 | libs.sidecar_validator | INFO | Sidecar mode: forward
2025-09-17 01:47:25,181 | libs.sidecar_validator | INFO | Forward base: https://swift.drift.trade
2025-09-17 01:47:25,182 | libs.sidecar_validator | INFO | Upstream Swift service healthy: status=200 (165ms)
2025-09-17 01:47:25,182 | libs.sidecar_validator | WARNING | Circuit breaker OPEN: 3/3 consecutive failures
2025-09-17 01:47:25,182 | libs.sidecar_validator | WARNING | Sidecar will return 503 for new orders
2025-09-17 01:47:25,183 | libs.sidecar_validator | INFO | Sidecar validation passed
2025-09-17 01:47:25,546 | httpx | INFO | HTTP Request: GET http://localhost:8787/health "HTTP/1.1 200 OK"
2025-09-17 01:47:25,548 | libs.drift.drivers.swift | INFO | Swift driver initialized: http://localhost:8787, retries=3, auction=True
2025-09-17 01:47:25,671 | httpx | INFO | HTTP Request: POST https://devnet.helius-rpc.com/?api-key=2728d54b-ce26-4696-bb4d-dc8170fcd494 "HTTP/1.1 200 OK"
2025-09-17 01:47:25,789 | httpx | INFO | HTTP Request: POST https://devnet.helius-rpc.com/?api-key=2728d54b-ce26-4696-bb4d-dc8170fcd494 "HTTP/1.1 200 OK"
2025-09-17 01:47:25,943 | httpx | INFO | HTTP Request: POST https://devnet.helius-rpc.com/?api-key=2728d54b-ce26-4696-bb4d-dc8170fcd494 "HTTP/1.1 200 OK"
2025-09-17 01:47:26,993 | libs.sidecar_validator | INFO | Validating sidecar at: http://localhost:8787/health
2025-09-17 01:47:27,563 | httpx | INFO | HTTP Request: GET http://localhost:8787/health "HTTP/1.1 200 OK"
2025-09-17 01:47:27,564 | libs.sidecar_validator | INFO | Sidecar mode: forward
2025-09-17 01:47:27,564 | libs.sidecar_validator | INFO | Forward base: https://swift.drift.trade
2025-09-17 01:47:27,565 | libs.sidecar_validator | INFO | Upstream Swift service healthy: status=200 (156ms)
2025-09-17 01:47:27,565 | libs.sidecar_validator | WARNING | Circuit breaker OPEN: 3/3 consecutive failures
2025-09-17 01:47:27,566 | libs.sidecar_validator | WARNING | Sidecar will return 503 for new orders
2025-09-17 01:47:27,567 | libs.sidecar_validator | INFO | Sidecar validation passed
2025-09-17 01:47:27,899 | httpx | INFO | HTTP Request: GET http://localhost:8787/health "HTTP/1.1 200 OK"
2025-09-17 01:47:27,903 | libs.drift.drivers.swift | INFO | Swift driver initialized: http://localhost:8787, retries=3, auction=True
2025-09-17 01:47:28,005 | httpx | INFO | HTTP Request: POST https://devnet.helius-rpc.com/?api-key=2728d54b-ce26-4696-bb4d-dc8170fcd494 "HTTP/1.1 200 OK"
2025-09-17 01:47:28,114 | httpx | INFO | HTTP Request: POST https://devnet.helius-rpc.com/?api-key=2728d54b-ce26-4696-bb4d-dc8170fcd494 "HTTP/1.1 200 OK"
2025-09-17 01:47:28,271 | httpx | INFO | HTTP Request: POST https://devnet.helius-rpc.com/?api-key=2728d54b-ce26-4696-bb4d-dc8170fcd494 "HTTP/1.1 200 OK"
2025-09-17 01:47:29,299 | libs.sidecar_validator | INFO | Validating sidecar at: http://localhost:8787/health
2025-09-17 01:47:29,862 | httpx | INFO | HTTP Request: GET http://localhost:8787/health "HTTP/1.1 200 OK"
2025-09-17 01:47:29,863 | libs.sidecar_validator | INFO | Sidecar mode: forward
2025-09-17 01:47:29,863 | libs.sidecar_validator | INFO | Forward base: https://swift.drift.trade
2025-09-17 01:47:29,863 | libs.sidecar_validator | INFO | Upstream Swift service healthy: status=200 (157ms)
2025-09-17 01:47:29,864 | libs.sidecar_validator | WARNING | Circuit breaker OPEN: 3/3 consecutive failures
2025-09-17 01:47:29,864 | libs.sidecar_validator | WARNING | Sidecar will return 503 for new orders
2025-09-17 01:47:29,864 | libs.sidecar_validator | INFO | Sidecar validation passed
2025-09-17 01:47:30,012 | httpx | INFO | HTTP Request: GET http://localhost:8787/health "HTTP/1.1 200 OK"
2025-09-17 01:47:30,018 | libs.drift.drivers.swift | INFO | Swift driver initialized: http://localhost:8787, retries=3, auction=True
2025-09-17 01:47:30,130 | httpx | INFO | HTTP Request: POST https://devnet.helius-rpc.com/?api-key=2728d54b-ce26-4696-bb4d-dc8170fcd494 "HTTP/1.1 200 OK"
2025-09-17 01:47:30,209 | httpx | INFO | HTTP Request: POST https://devnet.helius-rpc.com/?api-key=2728d54b-ce26-4696-bb4d-dc8170fcd494 "HTTP/1.1 200 OK"
2025-09-17 01:47:30,300 | httpx | INFO | HTTP Request: POST https://devnet.helius-rpc.com/?api-key=2728d54b-ce26-4696-bb4d-dc8170fcd494 "HTTP/1.1 200 OK"
2025-09-17 01:47:31,330 | libs.sidecar_validator | INFO | Validating sidecar at: http://localhost:8787/health
2025-09-17 01:47:31,873 | httpx | INFO | HTTP Request: GET http://localhost:8787/health "HTTP/1.1 200 OK"
2025-09-17 01:47:31,874 | libs.sidecar_validator | INFO | Sidecar mode: forward
2025-09-17 01:47:31,874 | libs.sidecar_validator | INFO | Forward base: https://swift.drift.trade
2025-09-17 01:47:31,875 | libs.sidecar_validator | INFO | Upstream Swift service healthy: status=200 (142ms)
2025-09-17 01:47:31,875 | libs.sidecar_validator | WARNING | Circuit breaker OPEN: 3/3 consecutive failures
2025-09-17 01:47:31,875 | libs.sidecar_validator | WARNING | Sidecar will return 503 for new orders
2025-09-17 01:47:31,875 | libs.sidecar_validator | INFO | Sidecar validation passed
2025-09-17 01:47:32,043 | httpx | INFO | HTTP Request: GET http://localhost:8787/health "HTTP/1.1 200 OK"
2025-09-17 01:47:32,045 | libs.drift.drivers.swift | INFO | Swift driver initialized: http://localhost:8787, retries=3, auction=True
2025-09-17 01:47:32,164 | httpx | INFO | HTTP Request: POST https://devnet.helius-rpc.com/?api-key=2728d54b-ce26-4696-bb4d-dc8170fcd494 "HTTP/1.1 200 OK"
2025-09-17 01:47:32,271 | httpx | INFO | HTTP Request: POST https://devnet.helius-rpc.com/?api-key=2728d54b-ce26-4696-bb4d-dc8170fcd494 "HTTP/1.1 200 OK"
2025-09-17 01:47:32,447 | httpx | INFO | HTTP Request: POST https://devnet.helius-rpc.com/?api-key=2728d54b-ce26-4696-bb4d-dc8170fcd494 "HTTP/1.1 200 OK"
2025-09-17 01:47:33,511 | libs.sidecar_validator | INFO | Validating sidecar at: http://localhost:8787/health
2025-09-17 01:47:34,062 | httpx | INFO | HTTP Request: GET http://localhost:8787/health "HTTP/1.1 200 OK"
2025-09-17 01:47:34,063 | libs.sidecar_validator | INFO | Sidecar mode: forward
2025-09-17 01:47:34,063 | libs.sidecar_validator | INFO | Forward base: https://swift.drift.trade
2025-09-17 01:47:34,064 | libs.sidecar_validator | INFO | Upstream Swift service healthy: status=200 (148ms)
2025-09-17 01:47:34,064 | libs.sidecar_validator | WARNING | Circuit breaker OPEN: 3/3 consecutive failures
2025-09-17 01:47:34,064 | libs.sidecar_validator | WARNING | Sidecar will return 503 for new orders
2025-09-17 01:47:34,064 | libs.sidecar_validator | INFO | Sidecar validation passed
2025-09-17 01:47:34,397 | httpx | INFO | HTTP Request: GET http://localhost:8787/health "HTTP/1.1 200 OK"
2025-09-17 01:47:34,399 | libs.drift.drivers.swift | INFO | Swift driver initialized: http://localhost:8787, retries=3, auction=True
2025-09-17 01:47:34,535 | httpx | INFO | HTTP Request: POST https://devnet.helius-rpc.com/?api-key=2728d54b-ce26-4696-bb4d-dc8170fcd494 "HTTP/1.1 200 OK"
2025-09-17 01:47:34,604 | httpx | INFO | HTTP Request: POST https://devnet.helius-rpc.com/?api-key=2728d54b-ce26-4696-bb4d-dc8170fcd494 "HTTP/1.1 200 OK"
2025-09-17 01:47:34,751 | httpx | INFO | HTTP Request: POST https://devnet.helius-rpc.com/?api-key=2728d54b-ce26-4696-bb4d-dc8170fcd494 "HTTP/1.1 200 OK"
2025-09-17 01:47:35,802 | libs.sidecar_validator | INFO | Validating sidecar at: http://localhost:8787/health
2025-09-17 01:47:36,388 | httpx | INFO | HTTP Request: GET http://localhost:8787/health "HTTP/1.1 200 OK"
2025-09-17 01:47:36,389 | libs.sidecar_validator | INFO | Sidecar mode: forward
2025-09-17 01:47:36,389 | libs.sidecar_validator | INFO | Forward base: https://swift.drift.trade
2025-09-17 01:47:36,389 | libs.sidecar_validator | INFO | Upstream Swift service healthy: status=200 (151ms)
2025-09-17 01:47:36,390 | libs.sidecar_validator | WARNING | Circuit breaker OPEN: 3/3 consecutive failures
2025-09-17 01:47:36,390 | libs.sidecar_validator | WARNING | Sidecar will return 503 for new orders
2025-09-17 01:47:36,391 | libs.sidecar_validator | INFO | Sidecar validation passed
2025-09-17 01:47:36,556 | httpx | INFO | HTTP Request: GET http://localhost:8787/health "HTTP/1.1 200 OK"
2025-09-17 01:47:36,557 | libs.drift.drivers.swift | INFO | Swift driver initialized: http://localhost:8787, retries=3, auction=True
2025-09-17 01:47:36,831 | httpx | INFO | HTTP Request: POST https://devnet.helius-rpc.com/?api-key=2728d54b-ce26-4696-bb4d-dc8170fcd494 "HTTP/1.1 200 OK"
2025-09-17 01:47:36,937 | httpx | INFO | HTTP Request: POST https://devnet.helius-rpc.com/?api-key=2728d54b-ce26-4696-bb4d-dc8170fcd494 "HTTP/1.1 200 OK"
2025-09-17 01:47:37,050 | httpx | INFO | HTTP Request: POST https://devnet.helius-rpc.com/?api-key=2728d54b-ce26-4696-bb4d-dc8170fcd494 "HTTP/1.1 200 OK"
2025-09-17 01:47:38,079 | libs.sidecar_validator | INFO | Validating sidecar at: http://localhost:8787/health
2025-09-17 01:47:38,630 | httpx | INFO | HTTP Request: GET http://localhost:8787/health "HTTP/1.1 200 OK"
2025-09-17 01:47:38,632 | libs.sidecar_validator | INFO | Sidecar mode: forward
2025-09-17 01:47:38,632 | libs.sidecar_validator | INFO | Forward base: https://swift.drift.trade
2025-09-17 01:47:38,632 | libs.sidecar_validator | INFO | Upstream Swift service healthy: status=200 (156ms)
2025-09-17 01:47:38,633 | libs.sidecar_validator | WARNING | Circuit breaker OPEN: 3/3 consecutive failures
2025-09-17 01:47:38,633 | libs.sidecar_validator | WARNING | Sidecar will return 503 for new orders
2025-09-17 01:47:38,633 | libs.sidecar_validator | INFO | Sidecar validation passed
2025-09-17 01:47:38,799 | httpx | INFO | HTTP Request: GET http://localhost:8787/health "HTTP/1.1 200 OK"
2025-09-17 01:47:38,801 | libs.drift.drivers.swift | INFO | Swift driver initialized: http://localhost:8787, retries=3, auction=True
2025-09-17 01:47:38,949 | httpx | INFO | HTTP Request: POST https://devnet.helius-rpc.com/?api-key=2728d54b-ce26-4696-bb4d-dc8170fcd494 "HTTP/1.1 200 OK"
2025-09-17 01:47:39,034 | httpx | INFO | HTTP Request: POST https://devnet.helius-rpc.com/?api-key=2728d54b-ce26-4696-bb4d-dc8170fcd494 "HTTP/1.1 200 OK"
2025-09-17 01:47:39,128 | httpx | INFO | HTTP Request: POST https://devnet.helius-rpc.com/?api-key=2728d54b-ce26-4696-bb4d-dc8170fcd494 "HTTP/1.1 200 OK"
2025-09-17 01:47:40,171 | libs.sidecar_validator | INFO | Validating sidecar at: http://localhost:8787/health
2025-09-17 01:47:40,734 | httpx | INFO | HTTP Request: GET http://localhost:8787/health "HTTP/1.1 200 OK"
2025-09-17 01:47:40,735 | libs.sidecar_validator | INFO | Sidecar mode: forward
2025-09-17 01:47:40,736 | libs.sidecar_validator | INFO | Forward base: https://swift.drift.trade
2025-09-17 01:47:40,736 | libs.sidecar_validator | INFO | Upstream Swift service healthy: status=200 (144ms)
2025-09-17 01:47:40,737 | libs.sidecar_validator | WARNING | Circuit breaker OPEN: 3/3 consecutive failures
2025-09-17 01:47:40,737 | libs.sidecar_validator | WARNING | Sidecar will return 503 for new orders
2025-09-17 01:47:40,737 | libs.sidecar_validator | INFO | Sidecar validation passed
2025-09-17 01:47:41,085 | httpx | INFO | HTTP Request: GET http://localhost:8787/health "HTTP/1.1 200 OK"
2025-09-17 01:47:41,086 | libs.drift.drivers.swift | INFO | Swift driver initialized: http://localhost:8787, retries=3, auction=True
2025-09-17 01:47:41,237 | httpx | INFO | HTTP Request: POST https://devnet.helius-rpc.com/?api-key=2728d54b-ce26-4696-bb4d-dc8170fcd494 "HTTP/1.1 200 OK"
2025-09-17 01:47:41,329 | httpx | INFO | HTTP Request: POST https://devnet.helius-rpc.com/?api-key=2728d54b-ce26-4696-bb4d-dc8170fcd494 "HTTP/1.1 200 OK"
2025-09-17 01:47:41,443 | httpx | INFO | HTTP Request: POST https://devnet.helius-rpc.com/?api-key=2728d54b-ce26-4696-bb4d-dc8170fcd494 "HTTP/1.1 200 OK"
2025-09-17 01:47:42,486 | libs.sidecar_validator | INFO | Validating sidecar at: http://localhost:8787/health
2025-09-17 01:47:43,269 | httpx | INFO | HTTP Request: GET http://localhost:8787/health "HTTP/1.1 200 OK"
2025-09-17 01:47:43,270 | libs.sidecar_validator | INFO | Sidecar mode: forward
2025-09-17 01:47:43,270 | libs.sidecar_validator | INFO | Forward base: https://swift.drift.trade
2025-09-17 01:47:43,271 | libs.sidecar_validator | INFO | Upstream Swift service healthy: status=200 (333ms)
2025-09-17 01:47:43,271 | libs.sidecar_validator | WARNING | Circuit breaker OPEN: 3/3 consecutive failures
2025-09-17 01:47:43,271 | libs.sidecar_validator | WARNING | Sidecar will return 503 for new orders
2025-09-17 01:47:43,271 | libs.sidecar_validator | INFO | Sidecar validation passed
2025-09-17 01:47:43,654 | httpx | INFO | HTTP Request: GET http://localhost:8787/health "HTTP/1.1 200 OK"
2025-09-17 01:47:43,655 | libs.drift.drivers.swift | INFO | Swift driver initialized: http://localhost:8787, retries=3, auction=True
2025-09-17 01:47:43,768 | httpx | INFO | HTTP Request: POST https://devnet.helius-rpc.com/?api-key=2728d54b-ce26-4696-bb4d-dc8170fcd494 "HTTP/1.1 200 OK"
2025-09-17 01:47:44,000 | httpx | INFO | HTTP Request: POST https://devnet.helius-rpc.com/?api-key=2728d54b-ce26-4696-bb4d-dc8170fcd494 "HTTP/1.1 200 OK"
2025-09-17 01:47:44,102 | httpx | INFO | HTTP Request: POST https://devnet.helius-rpc.com/?api-key=2728d54b-ce26-4696-bb4d-dc8170fcd494 "HTTP/1.1 200 OK"
2025-09-17 01:47:45,136 | libs.sidecar_validator | INFO | Validating sidecar at: http://localhost:8787/health
2025-09-17 01:47:45,719 | httpx | INFO | HTTP Request: GET http://localhost:8787/health "HTTP/1.1 200 OK"
2025-09-17 01:47:45,720 | libs.sidecar_validator | INFO | Sidecar mode: forward
2025-09-17 01:47:45,721 | libs.sidecar_validator | INFO | Forward base: https://swift.drift.trade
2025-09-17 01:47:45,721 | libs.sidecar_validator | INFO | Upstream Swift service healthy: status=200 (143ms)
2025-09-17 01:47:45,721 | libs.sidecar_validator | WARNING | Circuit breaker OPEN: 3/3 consecutive failures
2025-09-17 01:47:45,721 | libs.sidecar_validator | WARNING | Sidecar will return 503 for new orders
2025-09-17 01:47:45,722 | libs.sidecar_validator | INFO | Sidecar validation passed
2025-09-17 01:47:45,928 | httpx | INFO | HTTP Request: GET http://localhost:8787/health "HTTP/1.1 200 OK"
2025-09-17 01:47:45,929 | libs.drift.drivers.swift | INFO | Swift driver initialized: http://localhost:8787, retries=3, auction=True
2025-09-17 01:47:46,075 | httpx | INFO | HTTP Request: POST https://devnet.helius-rpc.com/?api-key=2728d54b-ce26-4696-bb4d-dc8170fcd494 "HTTP/1.1 200 OK"
2025-09-17 01:47:46,307 | httpx | INFO | HTTP Request: POST https://devnet.helius-rpc.com/?api-key=2728d54b-ce26-4696-bb4d-dc8170fcd494 "HTTP/1.1 200 OK"
2025-09-17 01:47:46,534 | httpx | INFO | HTTP Request: POST https://devnet.helius-rpc.com/?api-key=2728d54b-ce26-4696-bb4d-dc8170fcd494 "HTTP/1.1 200 OK"
2025-09-17 01:47:47,538 | libs.sidecar_validator | INFO | Validating sidecar at: http://localhost:8787/health
2025-09-17 01:47:48,185 | httpx | INFO | HTTP Request: GET http://localhost:8787/health "HTTP/1.1 200 OK"
2025-09-17 01:47:48,186 | libs.sidecar_validator | INFO | Sidecar mode: forward
2025-09-17 01:47:48,186 | libs.sidecar_validator | INFO | Forward base: https://swift.drift.trade
2025-09-17 01:47:48,187 | libs.sidecar_validator | INFO | Upstream Swift service healthy: status=200 (253ms)
2025-09-17 01:47:48,187 | libs.sidecar_validator | WARNING | Circuit breaker OPEN: 3/3 consecutive failures
2025-09-17 01:47:48,187 | libs.sidecar_validator | WARNING | Sidecar will return 503 for new orders
2025-09-17 01:47:48,188 | libs.sidecar_validator | INFO | Sidecar validation passed
2025-09-17 01:47:48,525 | httpx | INFO | HTTP Request: GET http://localhost:8787/health "HTTP/1.1 200 OK"
2025-09-17 01:47:48,527 | libs.drift.drivers.swift | INFO | Swift driver initialized: http://localhost:8787, retries=3, auction=True
2025-09-17 01:47:48,648 | httpx | INFO | HTTP Request: POST https://devnet.helius-rpc.com/?api-key=2728d54b-ce26-4696-bb4d-dc8170fcd494 "HTTP/1.1 200 OK"
2025-09-17 01:47:48,793 | httpx | INFO | HTTP Request: POST https://devnet.helius-rpc.com/?api-key=2728d54b-ce26-4696-bb4d-dc8170fcd494 "HTTP/1.1 200 OK"
2025-09-17 01:47:48,886 | httpx | INFO | HTTP Request: POST https://devnet.helius-rpc.com/?api-key=2728d54b-ce26-4696-bb4d-dc8170fcd494 "HTTP/1.1 200 OK"
2025-09-17 01:47:49,952 | libs.sidecar_validator | INFO | Validating sidecar at: http://localhost:8787/health
2025-09-17 01:47:50,692 | httpx | INFO | HTTP Request: GET http://localhost:8787/health "HTTP/1.1 200 OK"
2025-09-17 01:47:50,692 | libs.sidecar_validator | INFO | Sidecar mode: forward
2025-09-17 01:47:50,693 | libs.sidecar_validator | INFO | Forward base: https://swift.drift.trade
2025-09-17 01:47:50,694 | libs.sidecar_validator | INFO | Upstream Swift service healthy: status=200 (341ms)
2025-09-17 01:47:50,694 | libs.sidecar_validator | WARNING | Circuit breaker OPEN: 3/3 consecutive failures
2025-09-17 01:47:50,694 | libs.sidecar_validator | WARNING | Sidecar will return 503 for new orders
2025-09-17 01:47:50,694 | libs.sidecar_validator | INFO | Sidecar validation passed
2025-09-17 01:47:50,855 | httpx | INFO | HTTP Request: GET http://localhost:8787/health "HTTP/1.1 200 OK"
2025-09-17 01:47:50,856 | libs.drift.drivers.swift | INFO | Swift driver initialized: http://localhost:8787, retries=3, auction=True
2025-09-17 01:47:51,004 | httpx | INFO | HTTP Request: POST https://devnet.helius-rpc.com/?api-key=2728d54b-ce26-4696-bb4d-dc8170fcd494 "HTTP/1.1 200 OK"
2025-09-17 01:47:51,118 | httpx | INFO | HTTP Request: POST https://devnet.helius-rpc.com/?api-key=2728d54b-ce26-4696-bb4d-dc8170fcd494 "HTTP/1.1 200 OK"
2025-09-17 01:47:51,305 | httpx | INFO | HTTP Request: POST https://devnet.helius-rpc.com/?api-key=2728d54b-ce26-4696-bb4d-dc8170fcd494 "HTTP/1.1 200 OK"
2025-09-17 01:47:54,677 | libs.sidecar_validator | INFO | Validating sidecar at: http://localhost:8787/health
2025-09-17 01:47:55,463 | httpx | INFO | HTTP Request: GET http://localhost:8787/health "HTTP/1.1 200 OK"
2025-09-17 01:47:55,464 | libs.sidecar_validator | INFO | Sidecar mode: forward
2025-09-17 01:47:55,464 | libs.sidecar_validator | INFO | Forward base: https://swift.drift.trade
2025-09-17 01:47:55,465 | libs.sidecar_validator | INFO | Upstream Swift service healthy: status=200 (328ms)
2025-09-17 01:47:55,465 | libs.sidecar_validator | WARNING | Circuit breaker OPEN: 3/3 consecutive failures
2025-09-17 01:47:55,466 | libs.sidecar_validator | WARNING | Sidecar will return 503 for new orders
2025-09-17 01:47:55,466 | libs.sidecar_validator | INFO | Sidecar validation passed
2025-09-17 01:47:55,624 | httpx | INFO | HTTP Request: GET http://localhost:8787/health "HTTP/1.1 200 OK"
2025-09-17 01:47:55,626 | libs.drift.drivers.swift | INFO | Swift driver initialized: http://localhost:8787, retries=3, auction=True
2025-09-17 01:47:55,827 | httpx | INFO | HTTP Request: POST https://devnet.helius-rpc.com/?api-key=2728d54b-ce26-4696-bb4d-dc8170fcd494 "HTTP/1.1 200 OK"
2025-09-17 01:47:56,002 | httpx | INFO | HTTP Request: POST https://devnet.helius-rpc.com/?api-key=2728d54b-ce26-4696-bb4d-dc8170fcd494 "HTTP/1.1 200 OK"
2025-09-17 01:47:56,184 | httpx | INFO | HTTP Request: POST https://devnet.helius-rpc.com/?api-key=2728d54b-ce26-4696-bb4d-dc8170fcd494 "HTTP/1.1 200 OK"
2025-09-17 01:48:02,781 | libs.sidecar_validator | INFO | Validating sidecar at: http://localhost:8787/health
2025-09-17 01:48:03,785 | httpx | INFO | HTTP Request: GET http://localhost:8787/health "HTTP/1.1 200 OK"
2025-09-17 01:48:03,785 | libs.sidecar_validator | INFO | Sidecar mode: forward
2025-09-17 01:48:03,786 | libs.sidecar_validator | INFO | Forward base: https://swift.drift.trade
2025-09-17 01:48:03,786 | libs.sidecar_validator | INFO | Upstream Swift service healthy: status=200 (564ms)
2025-09-17 01:48:03,786 | libs.sidecar_validator | WARNING | Circuit breaker OPEN: 3/3 consecutive failures
2025-09-17 01:48:03,786 | libs.sidecar_validator | WARNING | Sidecar will return 503 for new orders
2025-09-17 01:48:03,787 | libs.sidecar_validator | INFO | Sidecar validation passed
2025-09-17 01:48:04,159 | httpx | INFO | HTTP Request: GET http://localhost:8787/health "HTTP/1.1 200 OK"
2025-09-17 01:48:04,160 | libs.drift.drivers.swift | INFO | Swift driver initialized: http://localhost:8787, retries=3, auction=True
2025-09-17 01:48:04,449 | httpx | INFO | HTTP Request: POST https://devnet.helius-rpc.com/?api-key=2728d54b-ce26-4696-bb4d-dc8170fcd494 "HTTP/1.1 200 OK"
2025-09-17 01:48:04,608 | httpx | INFO | HTTP Request: POST https://devnet.helius-rpc.com/?api-key=2728d54b-ce26-4696-bb4d-dc8170fcd494 "HTTP/1.1 200 OK"
2025-09-17 01:48:04,919 | httpx | INFO | HTTP Request: POST https://devnet.helius-rpc.com/?api-key=2728d54b-ce26-4696-bb4d-dc8170fcd494 "HTTP/1.1 200 OK"
2025-09-17 01:48:07,144 | libs.sidecar_validator | INFO | Validating sidecar at: http://localhost:8787/health
2025-09-17 01:48:07,691 | httpx | INFO | HTTP Request: GET http://localhost:8787/health "HTTP/1.1 200 OK"
2025-09-17 01:48:07,693 | libs.sidecar_validator | INFO | Sidecar mode: forward
2025-09-17 01:48:07,693 | libs.sidecar_validator | INFO | Forward base: https://swift.drift.trade
2025-09-17 01:48:07,693 | libs.sidecar_validator | INFO | Upstream Swift service healthy: status=200 (143ms)
2025-09-17 01:48:07,693 | libs.sidecar_validator | WARNING | Circuit breaker OPEN: 3/3 consecutive failures
2025-09-17 01:48:07,694 | libs.sidecar_validator | WARNING | Sidecar will return 503 for new orders
2025-09-17 01:48:07,694 | libs.sidecar_validator | INFO | Sidecar validation passed
2025-09-17 01:48:07,854 | httpx | INFO | HTTP Request: GET http://localhost:8787/health "HTTP/1.1 200 OK"
2025-09-17 01:48:07,856 | libs.drift.drivers.swift | INFO | Swift driver initialized: http://localhost:8787, retries=3, auction=True
2025-09-17 01:48:08,061 | httpx | INFO | HTTP Request: POST https://devnet.helius-rpc.com/?api-key=2728d54b-ce26-4696-bb4d-dc8170fcd494 "HTTP/1.1 200 OK"
2025-09-17 01:48:08,202 | httpx | INFO | HTTP Request: POST https://devnet.helius-rpc.com/?api-key=2728d54b-ce26-4696-bb4d-dc8170fcd494 "HTTP/1.1 200 OK"
2025-09-17 01:48:08,333 | httpx | INFO | HTTP Request: POST https://devnet.helius-rpc.com/?api-key=2728d54b-ce26-4696-bb4d-dc8170fcd494 "HTTP/1.1 200 OK"
2025-09-17 01:48:09,373 | libs.sidecar_validator | INFO | Validating sidecar at: http://localhost:8787/health
2025-09-17 01:48:10,064 | httpx | INFO | HTTP Request: GET http://localhost:8787/health "HTTP/1.1 200 OK"
2025-09-17 01:48:10,065 | libs.sidecar_validator | INFO | Sidecar mode: forward
2025-09-17 01:48:10,065 | libs.sidecar_validator | INFO | Forward base: https://swift.drift.trade
2025-09-17 01:48:10,065 | libs.sidecar_validator | INFO | Upstream Swift service healthy: status=200 (141ms)
2025-09-17 01:48:10,066 | libs.sidecar_validator | WARNING | Circuit breaker OPEN: 3/3 consecutive failures
2025-09-17 01:48:10,066 | libs.sidecar_validator | WARNING | Sidecar will return 503 for new orders
2025-09-17 01:48:10,067 | libs.sidecar_validator | INFO | Sidecar validation passed
2025-09-17 01:48:10,406 | httpx | INFO | HTTP Request: GET http://localhost:8787/health "HTTP/1.1 200 OK"
2025-09-17 01:48:10,408 | libs.drift.drivers.swift | INFO | Swift driver initialized: http://localhost:8787, retries=3, auction=True
2025-09-17 01:48:10,537 | httpx | INFO | HTTP Request: POST https://devnet.helius-rpc.com/?api-key=2728d54b-ce26-4696-bb4d-dc8170fcd494 "HTTP/1.1 200 OK"
2025-09-17 01:48:10,734 | httpx | INFO | HTTP Request: POST https://devnet.helius-rpc.com/?api-key=2728d54b-ce26-4696-bb4d-dc8170fcd494 "HTTP/1.1 200 OK"
2025-09-17 01:48:10,832 | httpx | INFO | HTTP Request: POST https://devnet.helius-rpc.com/?api-key=2728d54b-ce26-4696-bb4d-dc8170fcd494 "HTTP/1.1 200 OK"
2025-09-17 01:48:11,859 | libs.sidecar_validator | INFO | Validating sidecar at: http://localhost:8787/health
2025-09-17 01:48:12,401 | httpx | INFO | HTTP Request: GET http://localhost:8787/health "HTTP/1.1 200 OK"
2025-09-17 01:48:12,401 | libs.sidecar_validator | INFO | Sidecar mode: forward
2025-09-17 01:48:12,402 | libs.sidecar_validator | INFO | Forward base: https://swift.drift.trade
2025-09-17 01:48:12,402 | libs.sidecar_validator | INFO | Upstream Swift service healthy: status=200 (143ms)
2025-09-17 01:48:12,402 | libs.sidecar_validator | WARNING | Circuit breaker OPEN: 3/3 consecutive failures
2025-09-17 01:48:12,403 | libs.sidecar_validator | WARNING | Sidecar will return 503 for new orders
2025-09-17 01:48:12,403 | libs.sidecar_validator | INFO | Sidecar validation passed
2025-09-17 01:48:12,550 | httpx | INFO | HTTP Request: GET http://localhost:8787/health "HTTP/1.1 200 OK"
2025-09-17 01:48:12,552 | libs.drift.drivers.swift | INFO | Swift driver initialized: http://localhost:8787, retries=3, auction=True
2025-09-17 01:48:12,687 | httpx | INFO | HTTP Request: POST https://devnet.helius-rpc.com/?api-key=2728d54b-ce26-4696-bb4d-dc8170fcd494 "HTTP/1.1 200 OK"
2025-09-17 01:48:12,827 | httpx | INFO | HTTP Request: POST https://devnet.helius-rpc.com/?api-key=2728d54b-ce26-4696-bb4d-dc8170fcd494 "HTTP/1.1 200 OK"
2025-09-17 01:48:12,908 | httpx | INFO | HTTP Request: POST https://devnet.helius-rpc.com/?api-key=2728d54b-ce26-4696-bb4d-dc8170fcd494 "HTTP/1.1 200 OK"
2025-09-17 01:48:13,939 | libs.sidecar_validator | INFO | Validating sidecar at: http://localhost:8787/health
2025-09-17 01:48:14,566 | httpx | INFO | HTTP Request: GET http://localhost:8787/health "HTTP/1.1 200 OK"
2025-09-17 01:48:14,567 | libs.sidecar_validator | INFO | Sidecar mode: forward
2025-09-17 01:48:14,567 | libs.sidecar_validator | INFO | Forward base: https://swift.drift.trade
2025-09-17 01:48:14,567 | libs.sidecar_validator | INFO | Upstream Swift service healthy: status=200 (157ms)
2025-09-17 01:48:14,568 | libs.sidecar_validator | WARNING | Circuit breaker OPEN: 3/3 consecutive failures
2025-09-17 01:48:14,568 | libs.sidecar_validator | WARNING | Sidecar will return 503 for new orders
2025-09-17 01:48:14,568 | libs.sidecar_validator | INFO | Sidecar validation passed
2025-09-17 01:48:14,715 | httpx | INFO | HTTP Request: GET http://localhost:8787/health "HTTP/1.1 200 OK"
2025-09-17 01:48:14,716 | libs.drift.drivers.swift | INFO | Swift driver initialized: http://localhost:8787, retries=3, auction=True
2025-09-17 01:48:14,952 | httpx | INFO | HTTP Request: POST https://devnet.helius-rpc.com/?api-key=2728d54b-ce26-4696-bb4d-dc8170fcd494 "HTTP/1.1 200 OK"
2025-09-17 01:48:15,043 | httpx | INFO | HTTP Request: POST https://devnet.helius-rpc.com/?api-key=2728d54b-ce26-4696-bb4d-dc8170fcd494 "HTTP/1.1 200 OK"
2025-09-17 01:48:15,179 | httpx | INFO | HTTP Request: POST https://devnet.helius-rpc.com/?api-key=2728d54b-ce26-4696-bb4d-dc8170fcd494 "HTTP/1.1 200 OK"
2025-09-17 01:48:16,192 | libs.sidecar_validator | INFO | Validating sidecar at: http://localhost:8787/health
2025-09-17 01:48:16,968 | httpx | INFO | HTTP Request: GET http://localhost:8787/health "HTTP/1.1 200 OK"
2025-09-17 01:48:16,969 | libs.sidecar_validator | INFO | Sidecar mode: forward
2025-09-17 01:48:16,970 | libs.sidecar_validator | INFO | Forward base: https://swift.drift.trade
2025-09-17 01:48:16,970 | libs.sidecar_validator | INFO | Upstream Swift service healthy: status=200 (348ms)
2025-09-17 01:48:16,971 | libs.sidecar_validator | WARNING | Circuit breaker OPEN: 3/3 consecutive failures
2025-09-17 01:48:16,971 | libs.sidecar_validator | WARNING | Sidecar will return 503 for new orders
2025-09-17 01:48:16,971 | libs.sidecar_validator | INFO | Sidecar validation passed
2025-09-17 01:48:17,132 | httpx | INFO | HTTP Request: GET http://localhost:8787/health "HTTP/1.1 200 OK"
2025-09-17 01:48:17,133 | libs.drift.drivers.swift | INFO | Swift driver initialized: http://localhost:8787, retries=3, auction=True
2025-09-17 01:48:17,373 | httpx | INFO | HTTP Request: POST https://devnet.helius-rpc.com/?api-key=2728d54b-ce26-4696-bb4d-dc8170fcd494 "HTTP/1.1 200 OK"
2025-09-17 01:48:17,511 | httpx | INFO | HTTP Request: POST https://devnet.helius-rpc.com/?api-key=2728d54b-ce26-4696-bb4d-dc8170fcd494 "HTTP/1.1 200 OK"
2025-09-17 01:48:17,591 | httpx | INFO | HTTP Request: POST https://devnet.helius-rpc.com/?api-key=2728d54b-ce26-4696-bb4d-dc8170fcd494 "HTTP/1.1 200 OK"
2025-09-17 01:48:18,620 | libs.sidecar_validator | INFO | Validating sidecar at: http://localhost:8787/health
2025-09-17 01:48:19,258 | httpx | INFO | HTTP Request: GET http://localhost:8787/health "HTTP/1.1 200 OK"
2025-09-17 01:48:19,258 | libs.sidecar_validator | INFO | Sidecar mode: forward
2025-09-17 01:48:19,259 | libs.sidecar_validator | INFO | Forward base: https://swift.drift.trade
2025-09-17 01:48:19,259 | libs.sidecar_validator | INFO | Upstream Swift service healthy: status=200 (143ms)
2025-09-17 01:48:19,259 | libs.sidecar_validator | WARNING | Circuit breaker OPEN: 3/3 consecutive failures
2025-09-17 01:48:19,260 | libs.sidecar_validator | WARNING | Sidecar will return 503 for new orders
2025-09-17 01:48:19,260 | libs.sidecar_validator | INFO | Sidecar validation passed
2025-09-17 01:48:19,418 | httpx | INFO | HTTP Request: GET http://localhost:8787/health "HTTP/1.1 200 OK"
2025-09-17 01:48:19,419 | libs.drift.drivers.swift | INFO | Swift driver initialized: http://localhost:8787, retries=3, auction=True
2025-09-17 01:48:19,666 | httpx | INFO | HTTP Request: POST https://devnet.helius-rpc.com/?api-key=2728d54b-ce26-4696-bb4d-dc8170fcd494 "HTTP/1.1 200 OK"
2025-09-17 01:48:19,764 | httpx | INFO | HTTP Request: POST https://devnet.helius-rpc.com/?api-key=2728d54b-ce26-4696-bb4d-dc8170fcd494 "HTTP/1.1 200 OK"
2025-09-17 01:48:19,906 | httpx | INFO | HTTP Request: POST https://devnet.helius-rpc.com/?api-key=2728d54b-ce26-4696-bb4d-dc8170fcd494 "HTTP/1.1 200 OK"
2025-09-17 01:48:20,959 | libs.sidecar_validator | INFO | Validating sidecar at: http://localhost:8787/health
2025-09-17 01:48:21,485 | httpx | INFO | HTTP Request: GET http://localhost:8787/health "HTTP/1.1 200 OK"
2025-09-17 01:48:21,486 | libs.sidecar_validator | INFO | Sidecar mode: forward
2025-09-17 01:48:21,487 | libs.sidecar_validator | INFO | Forward base: https://swift.drift.trade
2025-09-17 01:48:21,487 | libs.sidecar_validator | INFO | Upstream Swift service healthy: status=200 (142ms)
2025-09-17 01:48:21,487 | libs.sidecar_validator | WARNING | Circuit breaker OPEN: 3/3 consecutive failures
2025-09-17 01:48:21,487 | libs.sidecar_validator | WARNING | Sidecar will return 503 for new orders
2025-09-17 01:48:21,488 | libs.sidecar_validator | INFO | Sidecar validation passed
2025-09-17 01:48:21,634 | httpx | INFO | HTTP Request: GET http://localhost:8787/health "HTTP/1.1 200 OK"
2025-09-17 01:48:21,636 | libs.drift.drivers.swift | INFO | Swift driver initialized: http://localhost:8787, retries=3, auction=True
2025-09-17 01:48:21,762 | httpx | INFO | HTTP Request: POST https://devnet.helius-rpc.com/?api-key=2728d54b-ce26-4696-bb4d-dc8170fcd494 "HTTP/1.1 200 OK"
2025-09-17 01:48:21,903 | httpx | INFO | HTTP Request: POST https://devnet.helius-rpc.com/?api-key=2728d54b-ce26-4696-bb4d-dc8170fcd494 "HTTP/1.1 200 OK"
2025-09-17 01:48:21,984 | httpx | INFO | HTTP Request: POST https://devnet.helius-rpc.com/?api-key=2728d54b-ce26-4696-bb4d-dc8170fcd494 "HTTP/1.1 200 OK"
2025-09-17 01:48:25,331 | libs.sidecar_validator | INFO | Validating sidecar at: http://localhost:8787/health
2025-09-17 01:48:25,903 | httpx | INFO | HTTP Request: GET http://localhost:8787/health "HTTP/1.1 200 OK"
2025-09-17 01:48:25,904 | libs.sidecar_validator | INFO | Sidecar mode: forward
2025-09-17 01:48:25,905 | libs.sidecar_validator | INFO | Forward base: https://swift.drift.trade
2025-09-17 01:48:25,906 | libs.sidecar_validator | INFO | Upstream Swift service healthy: status=200 (169ms)
2025-09-17 01:48:25,906 | libs.sidecar_validator | WARNING | Circuit breaker OPEN: 3/3 consecutive failures
2025-09-17 01:48:25,906 | libs.sidecar_validator | WARNING | Sidecar will return 503 for new orders
2025-09-17 01:48:25,907 | libs.sidecar_validator | INFO | Sidecar validation passed
2025-09-17 01:48:26,245 | httpx | INFO | HTTP Request: GET http://localhost:8787/health "HTTP/1.1 200 OK"
2025-09-17 01:48:26,247 | libs.drift.drivers.swift | INFO | Swift driver initialized: http://localhost:8787, retries=3, auction=True
2025-09-17 01:48:26,413 | httpx | INFO | HTTP Request: POST https://devnet.helius-rpc.com/?api-key=2728d54b-ce26-4696-bb4d-dc8170fcd494 "HTTP/1.1 200 OK"
2025-09-17 01:48:26,534 | httpx | INFO | HTTP Request: POST https://devnet.helius-rpc.com/?api-key=2728d54b-ce26-4696-bb4d-dc8170fcd494 "HTTP/1.1 200 OK"
2025-09-17 01:48:26,781 | httpx | INFO | HTTP Request: POST https://devnet.helius-rpc.com/?api-key=2728d54b-ce26-4696-bb4d-dc8170fcd494 "HTTP/1.1 200 OK"
2025-09-17 01:48:27,815 | libs.sidecar_validator | INFO | Validating sidecar at: http://localhost:8787/health
2025-09-17 01:48:28,668 | httpx | INFO | HTTP Request: GET http://localhost:8787/health "HTTP/1.1 200 OK"
2025-09-17 01:48:28,669 | libs.sidecar_validator | INFO | Sidecar mode: forward
2025-09-17 01:48:28,669 | libs.sidecar_validator | INFO | Forward base: https://swift.drift.trade
2025-09-17 01:48:28,670 | libs.sidecar_validator | INFO | Upstream Swift service healthy: status=200 (330ms)
2025-09-17 01:48:28,671 | libs.sidecar_validator | WARNING | Circuit breaker OPEN: 3/3 consecutive failures
2025-09-17 01:48:28,671 | libs.sidecar_validator | WARNING | Sidecar will return 503 for new orders
2025-09-17 01:48:28,671 | libs.sidecar_validator | INFO | Sidecar validation passed
2025-09-17 01:48:28,846 | httpx | INFO | HTTP Request: GET http://localhost:8787/health "HTTP/1.1 200 OK"
2025-09-17 01:48:28,847 | libs.drift.drivers.swift | INFO | Swift driver initialized: http://localhost:8787, retries=3, auction=True
2025-09-17 01:48:28,991 | httpx | INFO | HTTP Request: POST https://devnet.helius-rpc.com/?api-key=2728d54b-ce26-4696-bb4d-dc8170fcd494 "HTTP/1.1 200 OK"
2025-09-17 01:48:29,191 | httpx | INFO | HTTP Request: POST https://devnet.helius-rpc.com/?api-key=2728d54b-ce26-4696-bb4d-dc8170fcd494 "HTTP/1.1 200 OK"
2025-09-17 01:48:29,316 | httpx | INFO | HTTP Request: POST https://devnet.helius-rpc.com/?api-key=2728d54b-ce26-4696-bb4d-dc8170fcd494 "HTTP/1.1 200 OK"
2025-09-17 01:48:30,329 | libs.sidecar_validator | INFO | Validating sidecar at: http://localhost:8787/health
2025-09-17 01:48:30,897 | httpx | INFO | HTTP Request: GET http://localhost:8787/health "HTTP/1.1 200 OK"
2025-09-17 01:48:30,898 | libs.sidecar_validator | INFO | Sidecar mode: forward
2025-09-17 01:48:30,898 | libs.sidecar_validator | INFO | Forward base: https://swift.drift.trade
2025-09-17 01:48:30,898 | libs.sidecar_validator | INFO | Upstream Swift service healthy: status=200 (155ms)
2025-09-17 01:48:30,899 | libs.sidecar_validator | WARNING | Circuit breaker OPEN: 3/3 consecutive failures
2025-09-17 01:48:30,899 | libs.sidecar_validator | WARNING | Sidecar will return 503 for new orders
2025-09-17 01:48:30,899 | libs.sidecar_validator | INFO | Sidecar validation passed
2025-09-17 01:48:31,044 | httpx | INFO | HTTP Request: GET http://localhost:8787/health "HTTP/1.1 200 OK"
2025-09-17 01:48:31,046 | libs.drift.drivers.swift | INFO | Swift driver initialized: http://localhost:8787, retries=3, auction=True
2025-09-17 01:48:31,285 | httpx | INFO | HTTP Request: POST https://devnet.helius-rpc.com/?api-key=2728d54b-ce26-4696-bb4d-dc8170fcd494 "HTTP/1.1 200 OK"
2025-09-17 01:48:31,421 | httpx | INFO | HTTP Request: POST https://devnet.helius-rpc.com/?api-key=2728d54b-ce26-4696-bb4d-dc8170fcd494 "HTTP/1.1 200 OK"
2025-09-17 01:48:31,546 | httpx | INFO | HTTP Request: POST https://devnet.helius-rpc.com/?api-key=2728d54b-ce26-4696-bb4d-dc8170fcd494 "HTTP/1.1 200 OK"
2025-09-17 01:48:35,339 | libs.sidecar_validator | INFO | Validating sidecar at: http://localhost:8787/health
2025-09-17 01:48:35,903 | httpx | INFO | HTTP Request: GET http://localhost:8787/health "HTTP/1.1 200 OK"
2025-09-17 01:48:35,904 | libs.sidecar_validator | INFO | Sidecar mode: forward
2025-09-17 01:48:35,905 | libs.sidecar_validator | INFO | Forward base: https://swift.drift.trade
2025-09-17 01:48:35,905 | libs.sidecar_validator | INFO | Upstream Swift service healthy: status=200 (141ms)
2025-09-17 01:48:35,905 | libs.sidecar_validator | WARNING | Circuit breaker OPEN: 3/3 consecutive failures
2025-09-17 01:48:35,906 | libs.sidecar_validator | WARNING | Sidecar will return 503 for new orders
2025-09-17 01:48:35,906 | libs.sidecar_validator | INFO | Sidecar validation passed
2025-09-17 01:48:36,048 | httpx | INFO | HTTP Request: GET http://localhost:8787/health "HTTP/1.1 200 OK"
2025-09-17 01:48:36,051 | libs.drift.drivers.swift | INFO | Swift driver initialized: http://localhost:8787, retries=3, auction=True
2025-09-17 01:48:36,227 | httpx | INFO | HTTP Request: POST https://devnet.helius-rpc.com/?api-key=2728d54b-ce26-4696-bb4d-dc8170fcd494 "HTTP/1.1 200 OK"
2025-09-17 01:48:36,421 | httpx | INFO | HTTP Request: POST https://devnet.helius-rpc.com/?api-key=2728d54b-ce26-4696-bb4d-dc8170fcd494 "HTTP/1.1 200 OK"
2025-09-17 01:48:36,576 | httpx | INFO | HTTP Request: POST https://devnet.helius-rpc.com/?api-key=2728d54b-ce26-4696-bb4d-dc8170fcd494 "HTTP/1.1 200 OK"
2025-09-17 01:48:37,597 | libs.sidecar_validator | INFO | Validating sidecar at: http://localhost:8787/health
2025-09-17 01:48:38,167 | httpx | INFO | HTTP Request: GET http://localhost:8787/health "HTTP/1.1 200 OK"
2025-09-17 01:48:38,167 | libs.sidecar_validator | INFO | Sidecar mode: forward
2025-09-17 01:48:38,168 | libs.sidecar_validator | INFO | Forward base: https://swift.drift.trade
2025-09-17 01:48:38,168 | libs.sidecar_validator | INFO | Upstream Swift service healthy: status=200 (143ms)
2025-09-17 01:48:38,168 | libs.sidecar_validator | WARNING | Circuit breaker OPEN: 3/3 consecutive failures
2025-09-17 01:48:38,168 | libs.sidecar_validator | WARNING | Sidecar will return 503 for new orders
2025-09-17 01:48:38,169 | libs.sidecar_validator | INFO | Sidecar validation passed
2025-09-17 01:48:38,511 | httpx | INFO | HTTP Request: GET http://localhost:8787/health "HTTP/1.1 200 OK"
2025-09-17 01:48:38,513 | libs.drift.drivers.swift | INFO | Swift driver initialized: http://localhost:8787, retries=3, auction=True
2025-09-17 01:48:38,653 | httpx | INFO | HTTP Request: POST https://devnet.helius-rpc.com/?api-key=2728d54b-ce26-4696-bb4d-dc8170fcd494 "HTTP/1.1 200 OK"
2025-09-17 01:48:38,840 | httpx | INFO | HTTP Request: POST https://devnet.helius-rpc.com/?api-key=2728d54b-ce26-4696-bb4d-dc8170fcd494 "HTTP/1.1 200 OK"
2025-09-17 01:48:39,062 | httpx | INFO | HTTP Request: POST https://devnet.helius-rpc.com/?api-key=2728d54b-ce26-4696-bb4d-dc8170fcd494 "HTTP/1.1 200 OK"
2025-09-17 01:48:40,108 | libs.sidecar_validator | INFO | Validating sidecar at: http://localhost:8787/health
2025-09-17 01:48:40,652 | httpx | INFO | HTTP Request: GET http://localhost:8787/health "HTTP/1.1 200 OK"
2025-09-17 01:48:40,652 | libs.sidecar_validator | INFO | Sidecar mode: forward
2025-09-17 01:48:40,653 | libs.sidecar_validator | INFO | Forward base: https://swift.drift.trade
2025-09-17 01:48:40,653 | libs.sidecar_validator | INFO | Upstream Swift service healthy: status=200 (144ms)
2025-09-17 01:48:40,653 | libs.sidecar_validator | WARNING | Circuit breaker OPEN: 3/3 consecutive failures
2025-09-17 01:48:40,653 | libs.sidecar_validator | WARNING | Sidecar will return 503 for new orders
2025-09-17 01:48:40,654 | libs.sidecar_validator | INFO | Sidecar validation passed
2025-09-17 01:48:40,987 | httpx | INFO | HTTP Request: GET http://localhost:8787/health "HTTP/1.1 200 OK"
2025-09-17 01:48:40,989 | libs.drift.drivers.swift | INFO | Swift driver initialized: http://localhost:8787, retries=3, auction=True
2025-09-17 01:48:41,068 | httpx | INFO | HTTP Request: POST https://devnet.helius-rpc.com/?api-key=2728d54b-ce26-4696-bb4d-dc8170fcd494 "HTTP/1.1 200 OK"
2025-09-17 01:48:41,255 | httpx | INFO | HTTP Request: POST https://devnet.helius-rpc.com/?api-key=2728d54b-ce26-4696-bb4d-dc8170fcd494 "HTTP/1.1 200 OK"
2025-09-17 01:48:41,327 | httpx | INFO | HTTP Request: POST https://devnet.helius-rpc.com/?api-key=2728d54b-ce26-4696-bb4d-dc8170fcd494 "HTTP/1.1 200 OK"
2025-09-17 01:48:42,357 | libs.sidecar_validator | INFO | Validating sidecar at: http://localhost:8787/health
2025-09-17 01:48:42,934 | httpx | INFO | HTTP Request: GET http://localhost:8787/health "HTTP/1.1 200 OK"
2025-09-17 01:48:42,935 | libs.sidecar_validator | INFO | Sidecar mode: forward
2025-09-17 01:48:42,935 | libs.sidecar_validator | INFO | Forward base: https://swift.drift.trade
2025-09-17 01:48:42,940 | libs.sidecar_validator | INFO | Upstream Swift service healthy: status=200 (141ms)
2025-09-17 01:48:42,941 | libs.sidecar_validator | WARNING | Circuit breaker OPEN: 3/3 consecutive failures
2025-09-17 01:48:42,941 | libs.sidecar_validator | WARNING | Sidecar will return 503 for new orders
2025-09-17 01:48:42,942 | libs.sidecar_validator | INFO | Sidecar validation passed
2025-09-17 01:48:43,104 | httpx | INFO | HTTP Request: GET http://localhost:8787/health "HTTP/1.1 200 OK"
2025-09-17 01:48:43,107 | libs.drift.drivers.swift | INFO | Swift driver initialized: http://localhost:8787, retries=3, auction=True
2025-09-17 01:48:43,269 | httpx | INFO | HTTP Request: POST https://devnet.helius-rpc.com/?api-key=2728d54b-ce26-4696-bb4d-dc8170fcd494 "HTTP/1.1 200 OK"
2025-09-17 01:48:43,402 | httpx | INFO | HTTP Request: POST https://devnet.helius-rpc.com/?api-key=2728d54b-ce26-4696-bb4d-dc8170fcd494 "HTTP/1.1 200 OK"
2025-09-17 01:48:43,524 | httpx | INFO | HTTP Request: POST https://devnet.helius-rpc.com/?api-key=2728d54b-ce26-4696-bb4d-dc8170fcd494 "HTTP/1.1 200 OK"
2025-09-17 01:48:44,549 | libs.sidecar_validator | INFO | Validating sidecar at: http://localhost:8787/health
2025-09-17 01:48:45,110 | httpx | INFO | HTTP Request: GET http://localhost:8787/health "HTTP/1.1 200 OK"
2025-09-17 01:48:45,111 | libs.sidecar_validator | INFO | Sidecar mode: forward
2025-09-17 01:48:45,112 | libs.sidecar_validator | INFO | Forward base: https://swift.drift.trade
2025-09-17 01:48:45,112 | libs.sidecar_validator | INFO | Upstream Swift service healthy: status=200 (154ms)
2025-09-17 01:48:45,112 | libs.sidecar_validator | WARNING | Circuit breaker OPEN: 3/3 consecutive failures
2025-09-17 01:48:45,112 | libs.sidecar_validator | WARNING | Sidecar will return 503 for new orders
2025-09-17 01:48:45,113 | libs.sidecar_validator | INFO | Sidecar validation passed
2025-09-17 01:48:45,260 | httpx | INFO | HTTP Request: GET http://localhost:8787/health "HTTP/1.1 200 OK"
2025-09-17 01:48:45,262 | libs.drift.drivers.swift | INFO | Swift driver initialized: http://localhost:8787, retries=3, auction=True
2025-09-17 01:48:45,473 | httpx | INFO | HTTP Request: POST https://devnet.helius-rpc.com/?api-key=2728d54b-ce26-4696-bb4d-dc8170fcd494 "HTTP/1.1 200 OK"
2025-09-17 01:48:45,611 | httpx | INFO | HTTP Request: POST https://devnet.helius-rpc.com/?api-key=2728d54b-ce26-4696-bb4d-dc8170fcd494 "HTTP/1.1 200 OK"
2025-09-17 01:48:45,702 | httpx | INFO | HTTP Request: POST https://devnet.helius-rpc.com/?api-key=2728d54b-ce26-4696-bb4d-dc8170fcd494 "HTTP/1.1 200 OK"
2025-09-17 01:48:46,723 | libs.sidecar_validator | INFO | Validating sidecar at: http://localhost:8787/health
2025-09-17 01:48:47,266 | httpx | INFO | HTTP Request: GET http://localhost:8787/health "HTTP/1.1 200 OK"
2025-09-17 01:48:47,267 | libs.sidecar_validator | INFO | Sidecar mode: forward
2025-09-17 01:48:47,267 | libs.sidecar_validator | INFO | Forward base: https://swift.drift.trade
2025-09-17 01:48:47,267 | libs.sidecar_validator | INFO | Upstream Swift service healthy: status=200 (143ms)
2025-09-17 01:48:47,267 | libs.sidecar_validator | WARNING | Circuit breaker OPEN: 3/3 consecutive failures
2025-09-17 01:48:47,268 | libs.sidecar_validator | WARNING | Sidecar will return 503 for new orders
2025-09-17 01:48:47,268 | libs.sidecar_validator | INFO | Sidecar validation passed
2025-09-17 01:48:47,412 | httpx | INFO | HTTP Request: GET http://localhost:8787/health "HTTP/1.1 200 OK"
2025-09-17 01:48:47,413 | libs.drift.drivers.swift | INFO | Swift driver initialized: http://localhost:8787, retries=3, auction=True
2025-09-17 01:48:47,690 | httpx | INFO | HTTP Request: POST https://devnet.helius-rpc.com/?api-key=2728d54b-ce26-4696-bb4d-dc8170fcd494 "HTTP/1.1 200 OK"
2025-09-17 01:48:47,781 | httpx | INFO | HTTP Request: POST https://devnet.helius-rpc.com/?api-key=2728d54b-ce26-4696-bb4d-dc8170fcd494 "HTTP/1.1 200 OK"
2025-09-17 01:48:47,905 | httpx | INFO | HTTP Request: POST https://devnet.helius-rpc.com/?api-key=2728d54b-ce26-4696-bb4d-dc8170fcd494 "HTTP/1.1 200 OK"
2025-09-17 01:48:48,972 | libs.sidecar_validator | INFO | Validating sidecar at: http://localhost:8787/health
2025-09-17 01:48:49,545 | httpx | INFO | HTTP Request: GET http://localhost:8787/health "HTTP/1.1 200 OK"
2025-09-17 01:48:49,546 | libs.sidecar_validator | INFO | Sidecar mode: forward
2025-09-17 01:48:49,546 | libs.sidecar_validator | INFO | Forward base: https://swift.drift.trade
2025-09-17 01:48:49,547 | libs.sidecar_validator | INFO | Upstream Swift service healthy: status=200 (139ms)
2025-09-17 01:48:49,547 | libs.sidecar_validator | WARNING | Circuit breaker OPEN: 3/3 consecutive failures
2025-09-17 01:48:49,547 | libs.sidecar_validator | WARNING | Sidecar will return 503 for new orders
2025-09-17 01:48:49,547 | libs.sidecar_validator | INFO | Sidecar validation passed
2025-09-17 01:48:49,884 | httpx | INFO | HTTP Request: GET http://localhost:8787/health "HTTP/1.1 200 OK"
2025-09-17 01:48:49,885 | libs.drift.drivers.swift | INFO | Swift driver initialized: http://localhost:8787, retries=3, auction=True
2025-09-17 01:48:50,124 | httpx | INFO | HTTP Request: POST https://devnet.helius-rpc.com/?api-key=2728d54b-ce26-4696-bb4d-dc8170fcd494 "HTTP/1.1 200 OK"
2025-09-17 01:48:50,247 | httpx | INFO | HTTP Request: POST https://devnet.helius-rpc.com/?api-key=2728d54b-ce26-4696-bb4d-dc8170fcd494 "HTTP/1.1 200 OK"
2025-09-17 01:48:50,386 | httpx | INFO | HTTP Request: POST https://devnet.helius-rpc.com/?api-key=2728d54b-ce26-4696-bb4d-dc8170fcd494 "HTTP/1.1 200 OK"
2025-09-17 01:48:51,422 | libs.sidecar_validator | INFO | Validating sidecar at: http://localhost:8787/health
2025-09-17 01:48:52,175 | httpx | INFO | HTTP Request: GET http://localhost:8787/health "HTTP/1.1 200 OK"
2025-09-17 01:48:52,176 | libs.sidecar_validator | INFO | Sidecar mode: forward
2025-09-17 01:48:52,176 | libs.sidecar_validator | INFO | Forward base: https://swift.drift.trade
2025-09-17 01:48:52,177 | libs.sidecar_validator | INFO | Upstream Swift service healthy: status=200 (342ms)
2025-09-17 01:48:52,178 | libs.sidecar_validator | WARNING | Circuit breaker OPEN: 3/3 consecutive failures
2025-09-17 01:48:52,178 | libs.sidecar_validator | WARNING | Sidecar will return 503 for new orders
2025-09-17 01:48:52,178 | libs.sidecar_validator | INFO | Sidecar validation passed
2025-09-17 01:48:52,325 | httpx | INFO | HTTP Request: GET http://localhost:8787/health "HTTP/1.1 200 OK"
2025-09-17 01:48:52,326 | libs.drift.drivers.swift | INFO | Swift driver initialized: http://localhost:8787, retries=3, auction=True
2025-09-17 01:48:52,474 | httpx | INFO | HTTP Request: POST https://devnet.helius-rpc.com/?api-key=2728d54b-ce26-4696-bb4d-dc8170fcd494 "HTTP/1.1 200 OK"
2025-09-17 01:48:52,608 | httpx | INFO | HTTP Request: POST https://devnet.helius-rpc.com/?api-key=2728d54b-ce26-4696-bb4d-dc8170fcd494 "HTTP/1.1 200 OK"
2025-09-17 01:48:52,745 | httpx | INFO | HTTP Request: POST https://devnet.helius-rpc.com/?api-key=2728d54b-ce26-4696-bb4d-dc8170fcd494 "HTTP/1.1 200 OK"
2025-09-17 01:48:53,795 | libs.sidecar_validator | INFO | Validating sidecar at: http://localhost:8787/health
2025-09-17 01:48:54,314 | httpx | INFO | HTTP Request: GET http://localhost:8787/health "HTTP/1.1 200 OK"
2025-09-17 01:48:54,315 | libs.sidecar_validator | INFO | Sidecar mode: forward
2025-09-17 01:48:54,316 | libs.sidecar_validator | INFO | Forward base: https://swift.drift.trade
2025-09-17 01:48:54,316 | libs.sidecar_validator | INFO | Upstream Swift service healthy: status=200 (140ms)
2025-09-17 01:48:54,316 | libs.sidecar_validator | WARNING | Circuit breaker OPEN: 3/3 consecutive failures
2025-09-17 01:48:54,316 | libs.sidecar_validator | WARNING | Sidecar will return 503 for new orders
2025-09-17 01:48:54,317 | libs.sidecar_validator | INFO | Sidecar validation passed
2025-09-17 01:48:54,652 | httpx | INFO | HTTP Request: GET http://localhost:8787/health "HTTP/1.1 200 OK"
2025-09-17 01:48:54,654 | libs.drift.drivers.swift | INFO | Swift driver initialized: http://localhost:8787, retries=3, auction=True
2025-09-17 01:48:54,789 | httpx | INFO | HTTP Request: POST https://devnet.helius-rpc.com/?api-key=2728d54b-ce26-4696-bb4d-dc8170fcd494 "HTTP/1.1 200 OK"
2025-09-17 01:48:54,926 | httpx | INFO | HTTP Request: POST https://devnet.helius-rpc.com/?api-key=2728d54b-ce26-4696-bb4d-dc8170fcd494 "HTTP/1.1 200 OK"
2025-09-17 01:48:55,018 | httpx | INFO | HTTP Request: POST https://devnet.helius-rpc.com/?api-key=2728d54b-ce26-4696-bb4d-dc8170fcd494 "HTTP/1.1 200 OK"
2025-09-17 01:48:56,050 | libs.sidecar_validator | INFO | Validating sidecar at: http://localhost:8787/health
2025-09-17 01:48:56,799 | httpx | INFO | HTTP Request: GET http://localhost:8787/health "HTTP/1.1 200 OK"
2025-09-17 01:48:56,799 | libs.sidecar_validator | INFO | Sidecar mode: forward
2025-09-17 01:48:56,800 | libs.sidecar_validator | INFO | Forward base: https://swift.drift.trade
2025-09-17 01:48:56,800 | libs.sidecar_validator | INFO | Upstream Swift service healthy: status=200 (331ms)
2025-09-17 01:48:56,800 | libs.sidecar_validator | WARNING | Circuit breaker OPEN: 3/3 consecutive failures
2025-09-17 01:48:56,800 | libs.sidecar_validator | WARNING | Sidecar will return 503 for new orders
2025-09-17 01:48:56,800 | libs.sidecar_validator | INFO | Sidecar validation passed
2025-09-17 01:48:56,944 | httpx | INFO | HTTP Request: GET http://localhost:8787/health "HTTP/1.1 200 OK"
2025-09-17 01:48:56,946 | libs.drift.drivers.swift | INFO | Swift driver initialized: http://localhost:8787, retries=3, auction=True
2025-09-17 01:48:57,041 | httpx | INFO | HTTP Request: POST https://devnet.helius-rpc.com/?api-key=2728d54b-ce26-4696-bb4d-dc8170fcd494 "HTTP/1.1 200 OK"
2025-09-17 01:48:57,180 | httpx | INFO | HTTP Request: POST https://devnet.helius-rpc.com/?api-key=2728d54b-ce26-4696-bb4d-dc8170fcd494 "HTTP/1.1 200 OK"
2025-09-17 01:48:57,357 | httpx | INFO | HTTP Request: POST https://devnet.helius-rpc.com/?api-key=2728d54b-ce26-4696-bb4d-dc8170fcd494 "HTTP/1.1 200 OK"
2025-09-17 01:48:58,429 | libs.sidecar_validator | INFO | Validating sidecar at: http://localhost:8787/health
2025-09-17 01:48:59,057 | httpx | INFO | HTTP Request: GET http://localhost:8787/health "HTTP/1.1 200 OK"
2025-09-17 01:48:59,057 | libs.sidecar_validator | INFO | Sidecar mode: forward
2025-09-17 01:48:59,058 | libs.sidecar_validator | INFO | Forward base: https://swift.drift.trade
2025-09-17 01:48:59,058 | libs.sidecar_validator | INFO | Upstream Swift service healthy: status=200 (155ms)
2025-09-17 01:48:59,059 | libs.sidecar_validator | WARNING | Circuit breaker OPEN: 3/3 consecutive failures
2025-09-17 01:48:59,059 | libs.sidecar_validator | WARNING | Sidecar will return 503 for new orders
2025-09-17 01:48:59,059 | libs.sidecar_validator | INFO | Sidecar validation passed
2025-09-17 01:48:59,407 | httpx | INFO | HTTP Request: GET http://localhost:8787/health "HTTP/1.1 200 OK"
2025-09-17 01:48:59,408 | libs.drift.drivers.swift | INFO | Swift driver initialized: http://localhost:8787, retries=3, auction=True
2025-09-17 01:48:59,643 | httpx | INFO | HTTP Request: POST https://devnet.helius-rpc.com/?api-key=2728d54b-ce26-4696-bb4d-dc8170fcd494 "HTTP/1.1 200 OK"
2025-09-17 01:48:59,843 | httpx | INFO | HTTP Request: POST https://devnet.helius-rpc.com/?api-key=2728d54b-ce26-4696-bb4d-dc8170fcd494 "HTTP/1.1 200 OK"
2025-09-17 01:48:59,985 | httpx | INFO | HTTP Request: POST https://devnet.helius-rpc.com/?api-key=2728d54b-ce26-4696-bb4d-dc8170fcd494 "HTTP/1.1 200 OK"
2025-09-17 01:49:02,205 | libs.sidecar_validator | INFO | Validating sidecar at: http://localhost:8787/health
2025-09-17 01:49:02,747 | httpx | INFO | HTTP Request: GET http://localhost:8787/health "HTTP/1.1 200 OK"
2025-09-17 01:49:02,748 | libs.sidecar_validator | INFO | Sidecar mode: forward
2025-09-17 01:49:02,748 | libs.sidecar_validator | INFO | Forward base: https://swift.drift.trade
2025-09-17 01:49:02,749 | libs.sidecar_validator | INFO | Upstream Swift service healthy: status=200 (140ms)
2025-09-17 01:49:02,750 | libs.sidecar_validator | WARNING | Circuit breaker OPEN: 3/3 consecutive failures
2025-09-17 01:49:02,750 | libs.sidecar_validator | WARNING | Sidecar will return 503 for new orders
2025-09-17 01:49:02,751 | libs.sidecar_validator | INFO | Sidecar validation passed
2025-09-17 01:49:03,085 | httpx | INFO | HTTP Request: GET http://localhost:8787/health "HTTP/1.1 200 OK"
2025-09-17 01:49:03,087 | libs.drift.drivers.swift | INFO | Swift driver initialized: http://localhost:8787, retries=3, auction=True
2025-09-17 01:49:03,252 | httpx | INFO | HTTP Request: POST https://devnet.helius-rpc.com/?api-key=2728d54b-ce26-4696-bb4d-dc8170fcd494 "HTTP/1.1 200 OK"
2025-09-17 01:49:03,341 | httpx | INFO | HTTP Request: POST https://devnet.helius-rpc.com/?api-key=2728d54b-ce26-4696-bb4d-dc8170fcd494 "HTTP/1.1 200 OK"
2025-09-17 01:49:03,439 | httpx | INFO | HTTP Request: POST https://devnet.helius-rpc.com/?api-key=2728d54b-ce26-4696-bb4d-dc8170fcd494 "HTTP/1.1 200 OK"
2025-09-17 01:49:06,090 | libs.sidecar_validator | INFO | Validating sidecar at: http://localhost:8787/health
2025-09-17 01:49:06,828 | httpx | INFO | HTTP Request: GET http://localhost:8787/health "HTTP/1.1 200 OK"
2025-09-17 01:49:06,830 | libs.sidecar_validator | INFO | Sidecar mode: forward
2025-09-17 01:49:06,830 | libs.sidecar_validator | INFO | Forward base: https://swift.drift.trade
2025-09-17 01:49:06,830 | libs.sidecar_validator | INFO | Upstream Swift service healthy: status=200 (344ms)
2025-09-17 01:49:06,831 | libs.sidecar_validator | WARNING | Circuit breaker OPEN: 3/3 consecutive failures
2025-09-17 01:49:06,831 | libs.sidecar_validator | WARNING | Sidecar will return 503 for new orders
2025-09-17 01:49:06,831 | libs.sidecar_validator | INFO | Sidecar validation passed
2025-09-17 01:49:06,994 | httpx | INFO | HTTP Request: GET http://localhost:8787/health "HTTP/1.1 200 OK"
2025-09-17 01:49:06,995 | libs.drift.drivers.swift | INFO | Swift driver initialized: http://localhost:8787, retries=3, auction=True
2025-09-17 01:49:07,106 | httpx | INFO | HTTP Request: POST https://devnet.helius-rpc.com/?api-key=2728d54b-ce26-4696-bb4d-dc8170fcd494 "HTTP/1.1 200 OK"
2025-09-17 01:49:07,247 | httpx | INFO | HTTP Request: POST https://devnet.helius-rpc.com/?api-key=2728d54b-ce26-4696-bb4d-dc8170fcd494 "HTTP/1.1 200 OK"
2025-09-17 01:49:07,327 | httpx | INFO | HTTP Request: POST https://devnet.helius-rpc.com/?api-key=2728d54b-ce26-4696-bb4d-dc8170fcd494 "HTTP/1.1 200 OK"
2025-09-17 01:49:09,425 | libs.sidecar_validator | INFO | Validating sidecar at: http://localhost:8787/health
2025-09-17 01:49:10,206 | httpx | INFO | HTTP Request: GET http://localhost:8787/health "HTTP/1.1 200 OK"
2025-09-17 01:49:10,207 | libs.sidecar_validator | INFO | Sidecar mode: forward
2025-09-17 01:49:10,208 | libs.sidecar_validator | INFO | Forward base: https://swift.drift.trade
2025-09-17 01:49:10,208 | libs.sidecar_validator | INFO | Upstream Swift service healthy: status=200 (331ms)
2025-09-17 01:49:10,208 | libs.sidecar_validator | WARNING | Circuit breaker OPEN: 3/3 consecutive failures
2025-09-17 01:49:10,208 | libs.sidecar_validator | WARNING | Sidecar will return 503 for new orders
2025-09-17 01:49:10,209 | libs.sidecar_validator | INFO | Sidecar validation passed
2025-09-17 01:49:10,375 | httpx | INFO | HTTP Request: GET http://localhost:8787/health "HTTP/1.1 200 OK"
2025-09-17 01:49:10,376 | libs.drift.drivers.swift | INFO | Swift driver initialized: http://localhost:8787, retries=3, auction=True
2025-09-17 01:49:10,479 | httpx | INFO | HTTP Request: POST https://devnet.helius-rpc.com/?api-key=2728d54b-ce26-4696-bb4d-dc8170fcd494 "HTTP/1.1 200 OK"
2025-09-17 01:49:10,566 | httpx | INFO | HTTP Request: POST https://devnet.helius-rpc.com/?api-key=2728d54b-ce26-4696-bb4d-dc8170fcd494 "HTTP/1.1 200 OK"
2025-09-17 01:49:10,639 | httpx | INFO | HTTP Request: POST https://devnet.helius-rpc.com/?api-key=2728d54b-ce26-4696-bb4d-dc8170fcd494 "HTTP/1.1 200 OK"
2025-09-17 01:49:13,321 | libs.sidecar_validator | INFO | Validating sidecar at: http://localhost:8787/health
2025-09-17 01:49:14,103 | httpx | INFO | HTTP Request: GET http://localhost:8787/health "HTTP/1.1 200 OK"
2025-09-17 01:49:14,105 | libs.sidecar_validator | INFO | Sidecar mode: forward
2025-09-17 01:49:14,105 | libs.sidecar_validator | INFO | Forward base: https://swift.drift.trade
2025-09-17 01:49:14,106 | libs.sidecar_validator | INFO | Upstream Swift service healthy: status=200 (344ms)
2025-09-17 01:49:14,106 | libs.sidecar_validator | WARNING | Circuit breaker OPEN: 3/3 consecutive failures
2025-09-17 01:49:14,106 | libs.sidecar_validator | WARNING | Sidecar will return 503 for new orders
2025-09-17 01:49:14,106 | libs.sidecar_validator | INFO | Sidecar validation passed
2025-09-17 01:49:14,252 | httpx | INFO | HTTP Request: GET http://localhost:8787/health "HTTP/1.1 200 OK"
2025-09-17 01:49:14,254 | libs.drift.drivers.swift | INFO | Swift driver initialized: http://localhost:8787, retries=3, auction=True
2025-09-17 01:49:14,348 | httpx | INFO | HTTP Request: POST https://devnet.helius-rpc.com/?api-key=2728d54b-ce26-4696-bb4d-dc8170fcd494 "HTTP/1.1 200 OK"
2025-09-17 01:49:14,415 | httpx | INFO | HTTP Request: POST https://devnet.helius-rpc.com/?api-key=2728d54b-ce26-4696-bb4d-dc8170fcd494 "HTTP/1.1 200 OK"
2025-09-17 01:49:14,682 | httpx | INFO | HTTP Request: POST https://devnet.helius-rpc.com/?api-key=2728d54b-ce26-4696-bb4d-dc8170fcd494 "HTTP/1.1 200 OK"
2025-09-17 01:49:15,715 | libs.sidecar_validator | INFO | Validating sidecar at: http://localhost:8787/health
2025-09-17 01:49:16,294 | httpx | INFO | HTTP Request: GET http://localhost:8787/health "HTTP/1.1 200 OK"
2025-09-17 01:49:16,295 | libs.sidecar_validator | INFO | Sidecar mode: forward
2025-09-17 01:49:16,295 | libs.sidecar_validator | INFO | Forward base: https://swift.drift.trade
2025-09-17 01:49:16,295 | libs.sidecar_validator | INFO | Upstream Swift service healthy: status=200 (143ms)
2025-09-17 01:49:16,296 | libs.sidecar_validator | WARNING | Circuit breaker OPEN: 3/3 consecutive failures
2025-09-17 01:49:16,296 | libs.sidecar_validator | WARNING | Sidecar will return 503 for new orders
2025-09-17 01:49:16,296 | libs.sidecar_validator | INFO | Sidecar validation passed
2025-09-17 01:49:16,626 | httpx | INFO | HTTP Request: GET http://localhost:8787/health "HTTP/1.1 200 OK"
2025-09-17 01:49:16,628 | libs.drift.drivers.swift | INFO | Swift driver initialized: http://localhost:8787, retries=3, auction=True
2025-09-17 01:49:16,788 | httpx | INFO | HTTP Request: POST https://devnet.helius-rpc.com/?api-key=2728d54b-ce26-4696-bb4d-dc8170fcd494 "HTTP/1.1 200 OK"
2025-09-17 01:49:16,859 | httpx | INFO | HTTP Request: POST https://devnet.helius-rpc.com/?api-key=2728d54b-ce26-4696-bb4d-dc8170fcd494 "HTTP/1.1 200 OK"
2025-09-17 01:49:16,924 | httpx | INFO | HTTP Request: POST https://devnet.helius-rpc.com/?api-key=2728d54b-ce26-4696-bb4d-dc8170fcd494 "HTTP/1.1 200 OK"
2025-09-17 01:49:17,959 | libs.sidecar_validator | INFO | Validating sidecar at: http://localhost:8787/health
2025-09-17 01:49:18,507 | httpx | INFO | HTTP Request: GET http://localhost:8787/health "HTTP/1.1 200 OK"
2025-09-17 01:49:18,508 | libs.sidecar_validator | INFO | Sidecar mode: forward
2025-09-17 01:49:18,509 | libs.sidecar_validator | INFO | Forward base: https://swift.drift.trade
2025-09-17 01:49:18,509 | libs.sidecar_validator | INFO | Upstream Swift service healthy: status=200 (145ms)
2025-09-17 01:49:18,509 | libs.sidecar_validator | WARNING | Circuit breaker OPEN: 3/3 consecutive failures
2025-09-17 01:49:18,509 | libs.sidecar_validator | WARNING | Sidecar will return 503 for new orders
2025-09-17 01:49:18,510 | libs.sidecar_validator | INFO | Sidecar validation passed
2025-09-17 01:49:18,843 | httpx | INFO | HTTP Request: GET http://localhost:8787/health "HTTP/1.1 200 OK"
2025-09-17 01:49:18,844 | libs.drift.drivers.swift | INFO | Swift driver initialized: http://localhost:8787, retries=3, auction=True
2025-09-17 01:49:18,946 | httpx | INFO | HTTP Request: POST https://devnet.helius-rpc.com/?api-key=2728d54b-ce26-4696-bb4d-dc8170fcd494 "HTTP/1.1 200 OK"
2025-09-17 01:49:19,028 | httpx | INFO | HTTP Request: POST https://devnet.helius-rpc.com/?api-key=2728d54b-ce26-4696-bb4d-dc8170fcd494 "HTTP/1.1 200 OK"
2025-09-17 01:49:19,267 | httpx | INFO | HTTP Request: POST https://devnet.helius-rpc.com/?api-key=2728d54b-ce26-4696-bb4d-dc8170fcd494 "HTTP/1.1 200 OK"
2025-09-17 01:49:20,330 | libs.sidecar_validator | INFO | Validating sidecar at: http://localhost:8787/health
2025-09-17 01:49:20,889 | httpx | INFO | HTTP Request: GET http://localhost:8787/health "HTTP/1.1 200 OK"
2025-09-17 01:49:20,889 | libs.sidecar_validator | INFO | Sidecar mode: forward
2025-09-17 01:49:20,890 | libs.sidecar_validator | INFO | Forward base: https://swift.drift.trade
2025-09-17 01:49:20,890 | libs.sidecar_validator | INFO | Upstream Swift service healthy: status=200 (141ms)
2025-09-17 01:49:20,890 | libs.sidecar_validator | WARNING | Circuit breaker OPEN: 3/3 consecutive failures
2025-09-17 01:49:20,890 | libs.sidecar_validator | WARNING | Sidecar will return 503 for new orders
2025-09-17 01:49:20,891 | libs.sidecar_validator | INFO | Sidecar validation passed
2025-09-17 01:49:21,049 | httpx | INFO | HTTP Request: GET http://localhost:8787/health "HTTP/1.1 200 OK"
2025-09-17 01:49:21,051 | libs.drift.drivers.swift | INFO | Swift driver initialized: http://localhost:8787, retries=3, auction=True
2025-09-17 01:49:21,133 | httpx | INFO | HTTP Request: POST https://devnet.helius-rpc.com/?api-key=2728d54b-ce26-4696-bb4d-dc8170fcd494 "HTTP/1.1 200 OK"
2025-09-17 01:49:21,204 | httpx | INFO | HTTP Request: POST https://devnet.helius-rpc.com/?api-key=2728d54b-ce26-4696-bb4d-dc8170fcd494 "HTTP/1.1 200 OK"
2025-09-17 01:49:21,433 | httpx | INFO | HTTP Request: POST https://devnet.helius-rpc.com/?api-key=2728d54b-ce26-4696-bb4d-dc8170fcd494 "HTTP/1.1 200 OK"
2025-09-17 01:49:22,462 | libs.sidecar_validator | INFO | Validating sidecar at: http://localhost:8787/health
2025-09-17 01:49:23,002 | httpx | INFO | HTTP Request: GET http://localhost:8787/health "HTTP/1.1 200 OK"
2025-09-17 01:49:23,003 | libs.sidecar_validator | INFO | Sidecar mode: forward
2025-09-17 01:49:23,004 | libs.sidecar_validator | INFO | Forward base: https://swift.drift.trade
2025-09-17 01:49:23,004 | libs.sidecar_validator | INFO | Upstream Swift service healthy: status=200 (141ms)
2025-09-17 01:49:23,005 | libs.sidecar_validator | WARNING | Circuit breaker OPEN: 3/3 consecutive failures
2025-09-17 01:49:23,005 | libs.sidecar_validator | WARNING | Sidecar will return 503 for new orders
2025-09-17 01:49:23,005 | libs.sidecar_validator | INFO | Sidecar validation passed
2025-09-17 01:49:23,150 | httpx | INFO | HTTP Request: GET http://localhost:8787/health "HTTP/1.1 200 OK"
2025-09-17 01:49:23,152 | libs.drift.drivers.swift | INFO | Swift driver initialized: http://localhost:8787, retries=3, auction=True
2025-09-17 01:49:23,254 | httpx | INFO | HTTP Request: POST https://devnet.helius-rpc.com/?api-key=2728d54b-ce26-4696-bb4d-dc8170fcd494 "HTTP/1.1 200 OK"
2025-09-17 01:49:23,375 | httpx | INFO | HTTP Request: POST https://devnet.helius-rpc.com/?api-key=2728d54b-ce26-4696-bb4d-dc8170fcd494 "HTTP/1.1 200 OK"
2025-09-17 01:49:23,445 | httpx | INFO | HTTP Request: POST https://devnet.helius-rpc.com/?api-key=2728d54b-ce26-4696-bb4d-dc8170fcd494 "HTTP/1.1 200 OK"
2025-09-17 01:49:24,475 | libs.sidecar_validator | INFO | Validating sidecar at: http://localhost:8787/health
2025-09-17 01:49:25,266 | httpx | INFO | HTTP Request: GET http://localhost:8787/health "HTTP/1.1 200 OK"
2025-09-17 01:49:25,267 | libs.sidecar_validator | INFO | Sidecar mode: forward
2025-09-17 01:49:25,267 | libs.sidecar_validator | INFO | Forward base: https://swift.drift.trade
2025-09-17 01:49:25,268 | libs.sidecar_validator | INFO | Upstream Swift service healthy: status=200 (331ms)
2025-09-17 01:49:25,268 | libs.sidecar_validator | WARNING | Circuit breaker OPEN: 3/3 consecutive failures
2025-09-17 01:49:25,268 | libs.sidecar_validator | WARNING | Sidecar will return 503 for new orders
2025-09-17 01:49:25,269 | libs.sidecar_validator | INFO | Sidecar validation passed
2025-09-17 01:49:25,414 | httpx | INFO | HTTP Request: GET http://localhost:8787/health "HTTP/1.1 200 OK"
2025-09-17 01:49:25,416 | libs.drift.drivers.swift | INFO | Swift driver initialized: http://localhost:8787, retries=3, auction=True
2025-09-17 01:49:25,529 | httpx | INFO | HTTP Request: POST https://devnet.helius-rpc.com/?api-key=2728d54b-ce26-4696-bb4d-dc8170fcd494 "HTTP/1.1 200 OK"
2025-09-17 01:49:25,615 | httpx | INFO | HTTP Request: POST https://devnet.helius-rpc.com/?api-key=2728d54b-ce26-4696-bb4d-dc8170fcd494 "HTTP/1.1 200 OK"
2025-09-17 01:49:25,686 | httpx | INFO | HTTP Request: POST https://devnet.helius-rpc.com/?api-key=2728d54b-ce26-4696-bb4d-dc8170fcd494 "HTTP/1.1 200 OK"
2025-09-17 01:49:26,723 | libs.sidecar_validator | INFO | Validating sidecar at: http://localhost:8787/health
2025-09-17 01:49:27,484 | httpx | INFO | HTTP Request: GET http://localhost:8787/health "HTTP/1.1 200 OK"
2025-09-17 01:49:27,485 | libs.sidecar_validator | INFO | Sidecar mode: forward
2025-09-17 01:49:27,485 | libs.sidecar_validator | INFO | Forward base: https://swift.drift.trade
2025-09-17 01:49:27,486 | libs.sidecar_validator | INFO | Upstream Swift service healthy: status=200 (343ms)
2025-09-17 01:49:27,487 | libs.sidecar_validator | WARNING | Circuit breaker OPEN: 3/3 consecutive failures
2025-09-17 01:49:27,487 | libs.sidecar_validator | WARNING | Sidecar will return 503 for new orders
2025-09-17 01:49:27,487 | libs.sidecar_validator | INFO | Sidecar validation passed
2025-09-17 01:49:27,642 | httpx | INFO | HTTP Request: GET http://localhost:8787/health "HTTP/1.1 200 OK"
2025-09-17 01:49:27,644 | libs.drift.drivers.swift | INFO | Swift driver initialized: http://localhost:8787, retries=3, auction=True
2025-09-17 01:49:27,726 | httpx | INFO | HTTP Request: POST https://devnet.helius-rpc.com/?api-key=2728d54b-ce26-4696-bb4d-dc8170fcd494 "HTTP/1.1 200 OK"
2025-09-17 01:49:27,800 | httpx | INFO | HTTP Request: POST https://devnet.helius-rpc.com/?api-key=2728d54b-ce26-4696-bb4d-dc8170fcd494 "HTTP/1.1 200 OK"
2025-09-17 01:49:27,886 | httpx | INFO | HTTP Request: POST https://devnet.helius-rpc.com/?api-key=2728d54b-ce26-4696-bb4d-dc8170fcd494 "HTTP/1.1 200 OK"
2025-09-17 01:49:31,668 | libs.sidecar_validator | INFO | Validating sidecar at: http://localhost:8787/health
2025-09-17 01:49:32,420 | httpx | INFO | HTTP Request: GET http://localhost:8787/health "HTTP/1.1 200 OK"
2025-09-17 01:49:32,421 | libs.sidecar_validator | INFO | Sidecar mode: forward
2025-09-17 01:49:32,421 | libs.sidecar_validator | INFO | Forward base: https://swift.drift.trade
2025-09-17 01:49:32,422 | libs.sidecar_validator | INFO | Upstream Swift service healthy: status=200 (327ms)
2025-09-17 01:49:32,422 | libs.sidecar_validator | WARNING | Circuit breaker OPEN: 3/3 consecutive failures
2025-09-17 01:49:32,422 | libs.sidecar_validator | WARNING | Sidecar will return 503 for new orders
2025-09-17 01:49:32,422 | libs.sidecar_validator | INFO | Sidecar validation passed
2025-09-17 01:49:32,580 | httpx | INFO | HTTP Request: GET http://localhost:8787/health "HTTP/1.1 200 OK"
2025-09-17 01:49:32,582 | libs.drift.drivers.swift | INFO | Swift driver initialized: http://localhost:8787, retries=3, auction=True
2025-09-17 01:49:32,810 | httpx | INFO | HTTP Request: POST https://devnet.helius-rpc.com/?api-key=2728d54b-ce26-4696-bb4d-dc8170fcd494 "HTTP/1.1 200 OK"
2025-09-17 01:49:32,879 | httpx | INFO | HTTP Request: POST https://devnet.helius-rpc.com/?api-key=2728d54b-ce26-4696-bb4d-dc8170fcd494 "HTTP/1.1 200 OK"
2025-09-17 01:49:33,102 | httpx | INFO | HTTP Request: POST https://devnet.helius-rpc.com/?api-key=2728d54b-ce26-4696-bb4d-dc8170fcd494 "HTTP/1.1 200 OK"
2025-09-17 01:49:34,122 | libs.sidecar_validator | INFO | Validating sidecar at: http://localhost:8787/health
2025-09-17 01:49:34,668 | httpx | INFO | HTTP Request: GET http://localhost:8787/health "HTTP/1.1 200 OK"
2025-09-17 01:49:34,668 | libs.sidecar_validator | INFO | Sidecar mode: forward
2025-09-17 01:49:34,669 | libs.sidecar_validator | INFO | Forward base: https://swift.drift.trade
2025-09-17 01:49:34,670 | libs.sidecar_validator | INFO | Upstream Swift service healthy: status=200 (140ms)
2025-09-17 01:49:34,670 | libs.sidecar_validator | WARNING | Circuit breaker OPEN: 3/3 consecutive failures
2025-09-17 01:49:34,670 | libs.sidecar_validator | WARNING | Sidecar will return 503 for new orders
2025-09-17 01:49:34,670 | libs.sidecar_validator | INFO | Sidecar validation passed
2025-09-17 01:49:35,002 | httpx | INFO | HTTP Request: GET http://localhost:8787/health "HTTP/1.1 200 OK"
2025-09-17 01:49:35,004 | libs.drift.drivers.swift | INFO | Swift driver initialized: http://localhost:8787, retries=3, auction=True
2025-09-17 01:49:35,162 | httpx | INFO | HTTP Request: POST https://devnet.helius-rpc.com/?api-key=2728d54b-ce26-4696-bb4d-dc8170fcd494 "HTTP/1.1 200 OK"
2025-09-17 01:49:35,311 | httpx | INFO | HTTP Request: POST https://devnet.helius-rpc.com/?api-key=2728d54b-ce26-4696-bb4d-dc8170fcd494 "HTTP/1.1 200 OK"
2025-09-17 01:49:35,445 | httpx | INFO | HTTP Request: POST https://devnet.helius-rpc.com/?api-key=2728d54b-ce26-4696-bb4d-dc8170fcd494 "HTTP/1.1 200 OK"
2025-09-17 01:49:42,087 | libs.sidecar_validator | INFO | Validating sidecar at: http://localhost:8787/health
2025-09-17 01:49:42,909 | httpx | INFO | HTTP Request: GET http://localhost:8787/health "HTTP/1.1 200 OK"
2025-09-17 01:49:42,910 | libs.sidecar_validator | INFO | Sidecar mode: forward
2025-09-17 01:49:42,911 | libs.sidecar_validator | INFO | Forward base: https://swift.drift.trade
2025-09-17 01:49:42,911 | libs.sidecar_validator | INFO | Upstream Swift service healthy: status=200 (419ms)
2025-09-17 01:49:42,911 | libs.sidecar_validator | WARNING | Circuit breaker OPEN: 3/3 consecutive failures
2025-09-17 01:49:42,911 | libs.sidecar_validator | WARNING | Sidecar will return 503 for new orders
2025-09-17 01:49:42,912 | libs.sidecar_validator | INFO | Sidecar validation passed
2025-09-17 01:49:43,086 | httpx | INFO | HTTP Request: GET http://localhost:8787/health "HTTP/1.1 200 OK"
2025-09-17 01:49:43,088 | libs.drift.drivers.swift | INFO | Swift driver initialized: http://localhost:8787, retries=3, auction=True
2025-09-17 01:49:43,299 | httpx | INFO | HTTP Request: POST https://devnet.helius-rpc.com/?api-key=2728d54b-ce26-4696-bb4d-dc8170fcd494 "HTTP/1.1 200 OK"
2025-09-17 01:49:43,453 | httpx | INFO | HTTP Request: POST https://devnet.helius-rpc.com/?api-key=2728d54b-ce26-4696-bb4d-dc8170fcd494 "HTTP/1.1 200 OK"
2025-09-17 01:49:43,633 | httpx | INFO | HTTP Request: POST https://devnet.helius-rpc.com/?api-key=2728d54b-ce26-4696-bb4d-dc8170fcd494 "HTTP/1.1 200 OK"
2025-09-17 01:49:47,157 | libs.sidecar_validator | INFO | Validating sidecar at: http://localhost:8787/health
2025-09-17 01:49:47,721 | httpx | INFO | HTTP Request: GET http://localhost:8787/health "HTTP/1.1 200 OK"
2025-09-17 01:49:47,721 | libs.sidecar_validator | INFO | Sidecar mode: forward
2025-09-17 01:49:47,722 | libs.sidecar_validator | INFO | Forward base: https://swift.drift.trade
2025-09-17 01:49:47,722 | libs.sidecar_validator | INFO | Upstream Swift service healthy: status=200 (154ms)
2025-09-17 01:49:47,723 | libs.sidecar_validator | WARNING | Circuit breaker OPEN: 3/3 consecutive failures
2025-09-17 01:49:47,723 | libs.sidecar_validator | WARNING | Sidecar will return 503 for new orders
2025-09-17 01:49:47,723 | libs.sidecar_validator | INFO | Sidecar validation passed
2025-09-17 01:49:47,903 | httpx | INFO | HTTP Request: GET http://localhost:8787/health "HTTP/1.1 200 OK"
2025-09-17 01:49:47,905 | libs.drift.drivers.swift | INFO | Swift driver initialized: http://localhost:8787, retries=3, auction=True
2025-09-17 01:49:48,082 | httpx | INFO | HTTP Request: POST https://devnet.helius-rpc.com/?api-key=2728d54b-ce26-4696-bb4d-dc8170fcd494 "HTTP/1.1 200 OK"
2025-09-17 01:49:48,163 | httpx | INFO | HTTP Request: POST https://devnet.helius-rpc.com/?api-key=2728d54b-ce26-4696-bb4d-dc8170fcd494 "HTTP/1.1 200 OK"
2025-09-17 01:49:48,339 | httpx | INFO | HTTP Request: POST https://devnet.helius-rpc.com/?api-key=2728d54b-ce26-4696-bb4d-dc8170fcd494 "HTTP/1.1 200 OK"
2025-09-17 01:49:51,912 | libs.sidecar_validator | INFO | Validating sidecar at: http://localhost:8787/health
2025-09-17 01:49:52,496 | httpx | INFO | HTTP Request: GET http://localhost:8787/health "HTTP/1.1 200 OK"
2025-09-17 01:49:52,497 | libs.sidecar_validator | INFO | Sidecar mode: forward
2025-09-17 01:49:52,498 | libs.sidecar_validator | INFO | Forward base: https://swift.drift.trade
2025-09-17 01:49:52,498 | libs.sidecar_validator | INFO | Upstream Swift service healthy: status=200 (155ms)
2025-09-17 01:49:52,499 | libs.sidecar_validator | WARNING | Circuit breaker OPEN: 3/3 consecutive failures
2025-09-17 01:49:52,499 | libs.sidecar_validator | WARNING | Sidecar will return 503 for new orders
2025-09-17 01:49:52,499 | libs.sidecar_validator | INFO | Sidecar validation passed
2025-09-17 01:49:52,833 | httpx | INFO | HTTP Request: GET http://localhost:8787/health "HTTP/1.1 200 OK"
2025-09-17 01:49:52,834 | libs.drift.drivers.swift | INFO | Swift driver initialized: http://localhost:8787, retries=3, auction=True
2025-09-17 01:49:52,988 | httpx | INFO | HTTP Request: POST https://devnet.helius-rpc.com/?api-key=2728d54b-ce26-4696-bb4d-dc8170fcd494 "HTTP/1.1 200 OK"
2025-09-17 01:49:53,089 | httpx | INFO | HTTP Request: POST https://devnet.helius-rpc.com/?api-key=2728d54b-ce26-4696-bb4d-dc8170fcd494 "HTTP/1.1 200 OK"
2025-09-17 01:49:53,221 | httpx | INFO | HTTP Request: POST https://devnet.helius-rpc.com/?api-key=2728d54b-ce26-4696-bb4d-dc8170fcd494 "HTTP/1.1 200 OK"
2025-09-17 01:49:55,311 | libs.sidecar_validator | INFO | Validating sidecar at: http://localhost:8787/health
2025-09-17 01:49:55,974 | httpx | INFO | HTTP Request: GET http://localhost:8787/health "HTTP/1.1 200 OK"
2025-09-17 01:49:55,975 | libs.sidecar_validator | INFO | Sidecar mode: forward
2025-09-17 01:49:55,976 | libs.sidecar_validator | INFO | Forward base: https://swift.drift.trade
2025-09-17 01:49:55,976 | libs.sidecar_validator | INFO | Upstream Swift service healthy: status=200 (141ms)
2025-09-17 01:49:55,976 | libs.sidecar_validator | WARNING | Circuit breaker OPEN: 3/3 consecutive failures
2025-09-17 01:49:55,976 | libs.sidecar_validator | WARNING | Sidecar will return 503 for new orders
2025-09-17 01:49:55,977 | libs.sidecar_validator | INFO | Sidecar validation passed
2025-09-17 01:49:56,122 | httpx | INFO | HTTP Request: GET http://localhost:8787/health "HTTP/1.1 200 OK"
2025-09-17 01:49:56,124 | libs.drift.drivers.swift | INFO | Swift driver initialized: http://localhost:8787, retries=3, auction=True
2025-09-17 01:49:56,219 | httpx | INFO | HTTP Request: POST https://devnet.helius-rpc.com/?api-key=2728d54b-ce26-4696-bb4d-dc8170fcd494 "HTTP/1.1 200 OK"
2025-09-17 01:49:56,298 | httpx | INFO | HTTP Request: POST https://devnet.helius-rpc.com/?api-key=2728d54b-ce26-4696-bb4d-dc8170fcd494 "HTTP/1.1 200 OK"
2025-09-17 01:49:56,442 | httpx | INFO | HTTP Request: POST https://devnet.helius-rpc.com/?api-key=2728d54b-ce26-4696-bb4d-dc8170fcd494 "HTTP/1.1 200 OK"
2025-09-17 01:49:57,475 | libs.sidecar_validator | INFO | Validating sidecar at: http://localhost:8787/health
2025-09-17 01:49:58,284 | httpx | INFO | HTTP Request: GET http://localhost:8787/health "HTTP/1.1 200 OK"
2025-09-17 01:49:58,285 | libs.sidecar_validator | INFO | Sidecar mode: forward
2025-09-17 01:49:58,286 | libs.sidecar_validator | INFO | Forward base: https://swift.drift.trade
2025-09-17 01:49:58,286 | libs.sidecar_validator | INFO | Upstream Swift service healthy: status=200 (342ms)
2025-09-17 01:49:58,287 | libs.sidecar_validator | WARNING | Circuit breaker OPEN: 3/3 consecutive failures
2025-09-17 01:49:58,287 | libs.sidecar_validator | WARNING | Sidecar will return 503 for new orders
2025-09-17 01:49:58,287 | libs.sidecar_validator | INFO | Sidecar validation passed
2025-09-17 01:49:58,442 | httpx | INFO | HTTP Request: GET http://localhost:8787/health "HTTP/1.1 200 OK"
2025-09-17 01:49:58,446 | libs.drift.drivers.swift | INFO | Swift driver initialized: http://localhost:8787, retries=3, auction=True
2025-09-17 01:49:58,604 | httpx | INFO | HTTP Request: POST https://devnet.helius-rpc.com/?api-key=2728d54b-ce26-4696-bb4d-dc8170fcd494 "HTTP/1.1 200 OK"
2025-09-17 01:49:58,700 | httpx | INFO | HTTP Request: POST https://devnet.helius-rpc.com/?api-key=2728d54b-ce26-4696-bb4d-dc8170fcd494 "HTTP/1.1 200 OK"
2025-09-17 01:49:58,799 | httpx | INFO | HTTP Request: POST https://devnet.helius-rpc.com/?api-key=2728d54b-ce26-4696-bb4d-dc8170fcd494 "HTTP/1.1 200 OK"
2025-09-17 01:50:00,141 | libs.sidecar_validator | INFO | Validating sidecar at: http://localhost:8787/health
2025-09-17 01:50:00,762 | httpx | INFO | HTTP Request: GET http://localhost:8787/health "HTTP/1.1 200 OK"
2025-09-17 01:50:00,763 | libs.sidecar_validator | INFO | Sidecar mode: forward
2025-09-17 01:50:00,764 | libs.sidecar_validator | INFO | Forward base: https://swift.drift.trade
2025-09-17 01:50:00,764 | libs.sidecar_validator | INFO | Upstream Swift service healthy: status=200 (158ms)
2025-09-17 01:50:00,764 | libs.sidecar_validator | WARNING | Circuit breaker OPEN: 3/3 consecutive failures
2025-09-17 01:50:00,764 | libs.sidecar_validator | WARNING | Sidecar will return 503 for new orders
2025-09-17 01:50:00,765 | libs.sidecar_validator | INFO | Sidecar validation passed
2025-09-17 01:50:00,914 | httpx | INFO | HTTP Request: GET http://localhost:8787/health "HTTP/1.1 200 OK"
2025-09-17 01:50:00,916 | libs.drift.drivers.swift | INFO | Swift driver initialized: http://localhost:8787, retries=3, auction=True
2025-09-17 01:50:01,068 | httpx | INFO | HTTP Request: POST https://devnet.helius-rpc.com/?api-key=2728d54b-ce26-4696-bb4d-dc8170fcd494 "HTTP/1.1 200 OK"
2025-09-17 01:50:01,206 | httpx | INFO | HTTP Request: POST https://devnet.helius-rpc.com/?api-key=2728d54b-ce26-4696-bb4d-dc8170fcd494 "HTTP/1.1 200 OK"
2025-09-17 01:50:01,348 | httpx | INFO | HTTP Request: POST https://devnet.helius-rpc.com/?api-key=2728d54b-ce26-4696-bb4d-dc8170fcd494 "HTTP/1.1 200 OK"
2025-09-17 01:50:10,620 | libs.sidecar_validator | INFO | Validating sidecar at: http://localhost:8787/health
2025-09-17 01:50:11,269 | httpx | INFO | HTTP Request: GET http://localhost:8787/health "HTTP/1.1 200 OK"
2025-09-17 01:50:11,270 | libs.sidecar_validator | INFO | Sidecar mode: forward
2025-09-17 01:50:11,270 | libs.sidecar_validator | INFO | Forward base: https://swift.drift.trade
2025-09-17 01:50:11,271 | libs.sidecar_validator | INFO | Upstream Swift service healthy: status=200 (228ms)
2025-09-17 01:50:11,271 | libs.sidecar_validator | WARNING | Circuit breaker OPEN: 3/3 consecutive failures
2025-09-17 01:50:11,271 | libs.sidecar_validator | WARNING | Sidecar will return 503 for new orders
2025-09-17 01:50:11,271 | libs.sidecar_validator | INFO | Sidecar validation passed
2025-09-17 01:50:11,624 | httpx | INFO | HTTP Request: GET http://localhost:8787/health "HTTP/1.1 200 OK"
2025-09-17 01:50:11,625 | libs.drift.drivers.swift | INFO | Swift driver initialized: http://localhost:8787, retries=3, auction=True
2025-09-17 01:50:11,911 | httpx | INFO | HTTP Request: POST https://devnet.helius-rpc.com/?api-key=2728d54b-ce26-4696-bb4d-dc8170fcd494 "HTTP/1.1 200 OK"
2025-09-17 01:50:12,016 | httpx | INFO | HTTP Request: POST https://devnet.helius-rpc.com/?api-key=2728d54b-ce26-4696-bb4d-dc8170fcd494 "HTTP/1.1 200 OK"
2025-09-17 01:50:12,269 | httpx | INFO | HTTP Request: POST https://devnet.helius-rpc.com/?api-key=2728d54b-ce26-4696-bb4d-dc8170fcd494 "HTTP/1.1 200 OK"
2025-09-17 01:50:13,318 | libs.sidecar_validator | INFO | Validating sidecar at: http://localhost:8787/health
2025-09-17 01:50:14,105 | httpx | INFO | HTTP Request: GET http://localhost:8787/health "HTTP/1.1 200 OK"
2025-09-17 01:50:14,106 | libs.sidecar_validator | INFO | Sidecar mode: forward
2025-09-17 01:50:14,106 | libs.sidecar_validator | INFO | Forward base: https://swift.drift.trade
2025-09-17 01:50:14,107 | libs.sidecar_validator | INFO | Upstream Swift service healthy: status=200 (147ms)
2025-09-17 01:50:14,107 | libs.sidecar_validator | WARNING | Circuit breaker OPEN: 3/3 consecutive failures
2025-09-17 01:50:14,107 | libs.sidecar_validator | WARNING | Sidecar will return 503 for new orders
2025-09-17 01:50:14,108 | libs.sidecar_validator | INFO | Sidecar validation passed
2025-09-17 01:50:14,257 | httpx | INFO | HTTP Request: GET http://localhost:8787/health "HTTP/1.1 200 OK"
2025-09-17 01:50:14,259 | libs.drift.drivers.swift | INFO | Swift driver initialized: http://localhost:8787, retries=3, auction=True
2025-09-17 01:50:14,338 | httpx | INFO | HTTP Request: POST https://devnet.helius-rpc.com/?api-key=2728d54b-ce26-4696-bb4d-dc8170fcd494 "HTTP/1.1 200 OK"
2025-09-17 01:50:14,587 | httpx | INFO | HTTP Request: POST https://devnet.helius-rpc.com/?api-key=2728d54b-ce26-4696-bb4d-dc8170fcd494 "HTTP/1.1 200 OK"
2025-09-17 01:50:14,738 | httpx | INFO | HTTP Request: POST https://devnet.helius-rpc.com/?api-key=2728d54b-ce26-4696-bb4d-dc8170fcd494 "HTTP/1.1 200 OK"
2025-09-17 01:50:15,787 | libs.sidecar_validator | INFO | Validating sidecar at: http://localhost:8787/health
2025-09-17 01:50:16,520 | httpx | INFO | HTTP Request: GET http://localhost:8787/health "HTTP/1.1 200 OK"
2025-09-17 01:50:16,520 | libs.sidecar_validator | INFO | Sidecar mode: forward
2025-09-17 01:50:16,521 | libs.sidecar_validator | INFO | Forward base: https://swift.drift.trade
2025-09-17 01:50:16,522 | libs.sidecar_validator | INFO | Upstream Swift service healthy: status=200 (334ms)
2025-09-17 01:50:16,522 | libs.sidecar_validator | WARNING | Circuit breaker OPEN: 3/3 consecutive failures
2025-09-17 01:50:16,522 | libs.sidecar_validator | WARNING | Sidecar will return 503 for new orders
2025-09-17 01:50:16,523 | libs.sidecar_validator | INFO | Sidecar validation passed
2025-09-17 01:50:16,857 | httpx | INFO | HTTP Request: GET http://localhost:8787/health "HTTP/1.1 200 OK"
2025-09-17 01:50:16,860 | libs.drift.drivers.swift | INFO | Swift driver initialized: http://localhost:8787, retries=3, auction=True
2025-09-17 01:50:17,004 | httpx | INFO | HTTP Request: POST https://devnet.helius-rpc.com/?api-key=2728d54b-ce26-4696-bb4d-dc8170fcd494 "HTTP/1.1 200 OK"
2025-09-17 01:50:17,144 | httpx | INFO | HTTP Request: POST https://devnet.helius-rpc.com/?api-key=2728d54b-ce26-4696-bb4d-dc8170fcd494 "HTTP/1.1 200 OK"
2025-09-17 01:50:17,377 | httpx | INFO | HTTP Request: POST https://devnet.helius-rpc.com/?api-key=2728d54b-ce26-4696-bb4d-dc8170fcd494 "HTTP/1.1 200 OK"
2025-09-17 01:50:18,396 | libs.sidecar_validator | INFO | Validating sidecar at: http://localhost:8787/health
2025-09-17 01:50:18,939 | httpx | INFO | HTTP Request: GET http://localhost:8787/health "HTTP/1.1 200 OK"
2025-09-17 01:50:18,940 | libs.sidecar_validator | INFO | Sidecar mode: forward
2025-09-17 01:50:18,940 | libs.sidecar_validator | INFO | Forward base: https://swift.drift.trade
2025-09-17 01:50:18,941 | libs.sidecar_validator | INFO | Upstream Swift service healthy: status=200 (142ms)
2025-09-17 01:50:18,941 | libs.sidecar_validator | WARNING | Circuit breaker OPEN: 3/3 consecutive failures
2025-09-17 01:50:18,941 | libs.sidecar_validator | WARNING | Sidecar will return 503 for new orders
2025-09-17 01:50:18,942 | libs.sidecar_validator | INFO | Sidecar validation passed
2025-09-17 01:50:19,103 | httpx | INFO | HTTP Request: GET http://localhost:8787/health "HTTP/1.1 200 OK"
2025-09-17 01:50:19,105 | libs.drift.drivers.swift | INFO | Swift driver initialized: http://localhost:8787, retries=3, auction=True
2025-09-17 01:50:19,176 | httpx | INFO | HTTP Request: POST https://devnet.helius-rpc.com/?api-key=2728d54b-ce26-4696-bb4d-dc8170fcd494 "HTTP/1.1 200 OK"
2025-09-17 01:50:19,240 | httpx | INFO | HTTP Request: POST https://devnet.helius-rpc.com/?api-key=2728d54b-ce26-4696-bb4d-dc8170fcd494 "HTTP/1.1 200 OK"
2025-09-17 01:50:19,422 | httpx | INFO | HTTP Request: POST https://devnet.helius-rpc.com/?api-key=2728d54b-ce26-4696-bb4d-dc8170fcd494 "HTTP/1.1 200 OK"
2025-09-17 01:50:25,357 | libs.sidecar_validator | INFO | Validating sidecar at: http://localhost:8787/health
2025-09-17 01:50:26,256 | httpx | INFO | HTTP Request: GET http://localhost:8787/health "HTTP/1.1 200 OK"
2025-09-17 01:50:26,257 | libs.sidecar_validator | INFO | Sidecar mode: forward
2025-09-17 01:50:26,258 | libs.sidecar_validator | INFO | Forward base: https://swift.drift.trade
2025-09-17 01:50:26,258 | libs.sidecar_validator | INFO | Upstream Swift service healthy: status=200 (397ms)
2025-09-17 01:50:26,259 | libs.sidecar_validator | WARNING | Circuit breaker OPEN: 3/3 consecutive failures
2025-09-17 01:50:26,259 | libs.sidecar_validator | WARNING | Sidecar will return 503 for new orders
2025-09-17 01:50:26,259 | libs.sidecar_validator | INFO | Sidecar validation passed
2025-09-17 01:50:26,617 | httpx | INFO | HTTP Request: GET http://localhost:8787/health "HTTP/1.1 200 OK"
2025-09-17 01:50:26,619 | libs.drift.drivers.swift | INFO | Swift driver initialized: http://localhost:8787, retries=3, auction=True
2025-09-17 01:50:27,143 | httpx | INFO | HTTP Request: POST https://devnet.helius-rpc.com/?api-key=2728d54b-ce26-4696-bb4d-dc8170fcd494 "HTTP/1.1 200 OK"
2025-09-17 01:50:27,252 | httpx | INFO | HTTP Request: POST https://devnet.helius-rpc.com/?api-key=2728d54b-ce26-4696-bb4d-dc8170fcd494 "HTTP/1.1 200 OK"
2025-09-17 01:50:27,357 | httpx | INFO | HTTP Request: POST https://devnet.helius-rpc.com/?api-key=2728d54b-ce26-4696-bb4d-dc8170fcd494 "HTTP/1.1 200 OK"
2025-09-17 01:50:28,416 | libs.sidecar_validator | INFO | Validating sidecar at: http://localhost:8787/health
2025-09-17 01:50:29,321 | httpx | INFO | HTTP Request: GET http://localhost:8787/health "HTTP/1.1 200 OK"
2025-09-17 01:50:29,322 | libs.sidecar_validator | INFO | Sidecar mode: forward
2025-09-17 01:50:29,322 | libs.sidecar_validator | INFO | Forward base: https://swift.drift.trade
2025-09-17 01:50:29,322 | libs.sidecar_validator | INFO | Upstream Swift service healthy: status=200 (332ms)
2025-09-17 01:50:29,323 | libs.sidecar_validator | WARNING | Circuit breaker OPEN: 3/3 consecutive failures
2025-09-17 01:50:29,323 | libs.sidecar_validator | WARNING | Sidecar will return 503 for new orders
2025-09-17 01:50:29,323 | libs.sidecar_validator | INFO | Sidecar validation passed
2025-09-17 01:50:29,478 | httpx | INFO | HTTP Request: GET http://localhost:8787/health "HTTP/1.1 200 OK"
2025-09-17 01:50:29,480 | libs.drift.drivers.swift | INFO | Swift driver initialized: http://localhost:8787, retries=3, auction=True
2025-09-17 01:50:29,580 | httpx | INFO | HTTP Request: POST https://devnet.helius-rpc.com/?api-key=2728d54b-ce26-4696-bb4d-dc8170fcd494 "HTTP/1.1 200 OK"
2025-09-17 01:50:29,805 | httpx | INFO | HTTP Request: POST https://devnet.helius-rpc.com/?api-key=2728d54b-ce26-4696-bb4d-dc8170fcd494 "HTTP/1.1 200 OK"
2025-09-17 01:50:29,968 | httpx | INFO | HTTP Request: POST https://devnet.helius-rpc.com/?api-key=2728d54b-ce26-4696-bb4d-dc8170fcd494 "HTTP/1.1 200 OK"
2025-09-17 01:50:31,001 | libs.sidecar_validator | INFO | Validating sidecar at: http://localhost:8787/health
2025-09-17 01:50:31,585 | httpx | INFO | HTTP Request: GET http://localhost:8787/health "HTTP/1.1 200 OK"
2025-09-17 01:50:31,585 | libs.sidecar_validator | INFO | Sidecar mode: forward
2025-09-17 01:50:31,586 | libs.sidecar_validator | INFO | Forward base: https://swift.drift.trade
2025-09-17 01:50:31,586 | libs.sidecar_validator | INFO | Upstream Swift service healthy: status=200 (143ms)
2025-09-17 01:50:31,586 | libs.sidecar_validator | WARNING | Circuit breaker OPEN: 3/3 consecutive failures
2025-09-17 01:50:31,587 | libs.sidecar_validator | WARNING | Sidecar will return 503 for new orders
2025-09-17 01:50:31,587 | libs.sidecar_validator | INFO | Sidecar validation passed
2025-09-17 01:50:31,740 | httpx | INFO | HTTP Request: GET http://localhost:8787/health "HTTP/1.1 200 OK"
2025-09-17 01:50:31,742 | libs.drift.drivers.swift | INFO | Swift driver initialized: http://localhost:8787, retries=3, auction=True
2025-09-17 01:50:31,915 | httpx | INFO | HTTP Request: POST https://devnet.helius-rpc.com/?api-key=2728d54b-ce26-4696-bb4d-dc8170fcd494 "HTTP/1.1 200 OK"
2025-09-17 01:50:32,009 | httpx | INFO | HTTP Request: POST https://devnet.helius-rpc.com/?api-key=2728d54b-ce26-4696-bb4d-dc8170fcd494 "HTTP/1.1 200 OK"
2025-09-17 01:50:32,074 | httpx | INFO | HTTP Request: POST https://devnet.helius-rpc.com/?api-key=2728d54b-ce26-4696-bb4d-dc8170fcd494 "HTTP/1.1 200 OK"
2025-09-17 01:50:33,125 | libs.sidecar_validator | INFO | Validating sidecar at: http://localhost:8787/health
2025-09-17 01:50:33,904 | httpx | INFO | HTTP Request: GET http://localhost:8787/health "HTTP/1.1 200 OK"
2025-09-17 01:50:33,905 | libs.sidecar_validator | INFO | Sidecar mode: forward
2025-09-17 01:50:33,906 | libs.sidecar_validator | INFO | Forward base: https://swift.drift.trade
2025-09-17 01:50:33,906 | libs.sidecar_validator | INFO | Upstream Swift service healthy: status=200 (142ms)
2025-09-17 01:50:33,907 | libs.sidecar_validator | WARNING | Circuit breaker OPEN: 3/3 consecutive failures
2025-09-17 01:50:33,907 | libs.sidecar_validator | WARNING | Sidecar will return 503 for new orders
2025-09-17 01:50:33,907 | libs.sidecar_validator | INFO | Sidecar validation passed
2025-09-17 01:50:34,058 | httpx | INFO | HTTP Request: GET http://localhost:8787/health "HTTP/1.1 200 OK"
2025-09-17 01:50:34,059 | libs.drift.drivers.swift | INFO | Swift driver initialized: http://localhost:8787, retries=3, auction=True
2025-09-17 01:50:34,207 | httpx | INFO | HTTP Request: POST https://devnet.helius-rpc.com/?api-key=2728d54b-ce26-4696-bb4d-dc8170fcd494 "HTTP/1.1 200 OK"
2025-09-17 01:50:34,302 | httpx | INFO | HTTP Request: POST https://devnet.helius-rpc.com/?api-key=2728d54b-ce26-4696-bb4d-dc8170fcd494 "HTTP/1.1 200 OK"
2025-09-17 01:50:34,389 | httpx | INFO | HTTP Request: POST https://devnet.helius-rpc.com/?api-key=2728d54b-ce26-4696-bb4d-dc8170fcd494 "HTTP/1.1 200 OK"
2025-09-17 01:50:35,425 | libs.sidecar_validator | INFO | Validating sidecar at: http://localhost:8787/health
2025-09-17 01:50:36,295 | httpx | INFO | HTTP Request: GET http://localhost:8787/health "HTTP/1.1 200 OK"
2025-09-17 01:50:36,296 | libs.sidecar_validator | INFO | Sidecar mode: forward
2025-09-17 01:50:36,297 | libs.sidecar_validator | INFO | Forward base: https://swift.drift.trade
2025-09-17 01:50:36,297 | libs.sidecar_validator | INFO | Upstream Swift service healthy: status=200 (335ms)
2025-09-17 01:50:36,298 | libs.sidecar_validator | WARNING | Circuit breaker OPEN: 3/3 consecutive failures
2025-09-17 01:50:36,298 | libs.sidecar_validator | WARNING | Sidecar will return 503 for new orders
2025-09-17 01:50:36,299 | libs.sidecar_validator | INFO | Sidecar validation passed
2025-09-17 01:50:36,449 | httpx | INFO | HTTP Request: GET http://localhost:8787/health "HTTP/1.1 200 OK"
2025-09-17 01:50:36,450 | libs.drift.drivers.swift | INFO | Swift driver initialized: http://localhost:8787, retries=3, auction=True
2025-09-17 01:50:36,719 | httpx | INFO | HTTP Request: POST https://devnet.helius-rpc.com/?api-key=2728d54b-ce26-4696-bb4d-dc8170fcd494 "HTTP/1.1 200 OK"
2025-09-17 01:50:36,980 | httpx | INFO | HTTP Request: POST https://devnet.helius-rpc.com/?api-key=2728d54b-ce26-4696-bb4d-dc8170fcd494 "HTTP/1.1 200 OK"
2025-09-17 01:50:37,050 | httpx | INFO | HTTP Request: POST https://devnet.helius-rpc.com/?api-key=2728d54b-ce26-4696-bb4d-dc8170fcd494 "HTTP/1.1 200 OK"
2025-09-17 01:50:38,079 | libs.sidecar_validator | INFO | Validating sidecar at: http://localhost:8787/health
2025-09-17 01:50:38,638 | httpx | INFO | HTTP Request: GET http://localhost:8787/health "HTTP/1.1 200 OK"
2025-09-17 01:50:38,639 | libs.sidecar_validator | INFO | Sidecar mode: forward
2025-09-17 01:50:38,640 | libs.sidecar_validator | INFO | Forward base: https://swift.drift.trade
2025-09-17 01:50:38,640 | libs.sidecar_validator | INFO | Upstream Swift service healthy: status=200 (141ms)
2025-09-17 01:50:38,640 | libs.sidecar_validator | WARNING | Circuit breaker OPEN: 3/3 consecutive failures
2025-09-17 01:50:38,641 | libs.sidecar_validator | WARNING | Sidecar will return 503 for new orders
2025-09-17 01:50:38,641 | libs.sidecar_validator | INFO | Sidecar validation passed
2025-09-17 01:50:38,788 | httpx | INFO | HTTP Request: GET http://localhost:8787/health "HTTP/1.1 200 OK"
2025-09-17 01:50:38,789 | libs.drift.drivers.swift | INFO | Swift driver initialized: http://localhost:8787, retries=3, auction=True
2025-09-17 01:50:38,865 | httpx | INFO | HTTP Request: POST https://devnet.helius-rpc.com/?api-key=2728d54b-ce26-4696-bb4d-dc8170fcd494 "HTTP/1.1 200 OK"
2025-09-17 01:50:38,978 | httpx | INFO | HTTP Request: POST https://devnet.helius-rpc.com/?api-key=2728d54b-ce26-4696-bb4d-dc8170fcd494 "HTTP/1.1 200 OK"
2025-09-17 01:50:39,148 | httpx | INFO | HTTP Request: POST https://devnet.helius-rpc.com/?api-key=2728d54b-ce26-4696-bb4d-dc8170fcd494 "HTTP/1.1 200 OK"
2025-09-17 01:50:40,186 | libs.sidecar_validator | INFO | Validating sidecar at: http://localhost:8787/health
2025-09-17 01:50:41,127 | httpx | INFO | HTTP Request: GET http://localhost:8787/health "HTTP/1.1 200 OK"
2025-09-17 01:50:41,127 | libs.sidecar_validator | INFO | Sidecar mode: forward
2025-09-17 01:50:41,128 | libs.sidecar_validator | INFO | Forward base: https://swift.drift.trade
2025-09-17 01:50:41,128 | libs.sidecar_validator | INFO | Upstream Swift service healthy: status=200 (330ms)
2025-09-17 01:50:41,128 | libs.sidecar_validator | WARNING | Circuit breaker OPEN: 3/3 consecutive failures
2025-09-17 01:50:41,128 | libs.sidecar_validator | WARNING | Sidecar will return 503 for new orders
2025-09-17 01:50:41,129 | libs.sidecar_validator | INFO | Sidecar validation passed
2025-09-17 01:50:41,290 | httpx | INFO | HTTP Request: GET http://localhost:8787/health "HTTP/1.1 200 OK"
2025-09-17 01:50:41,292 | libs.drift.drivers.swift | INFO | Swift driver initialized: http://localhost:8787, retries=3, auction=True
2025-09-17 01:50:41,530 | httpx | INFO | HTTP Request: POST https://devnet.helius-rpc.com/?api-key=2728d54b-ce26-4696-bb4d-dc8170fcd494 "HTTP/1.1 200 OK"
2025-09-17 01:50:41,657 | httpx | INFO | HTTP Request: POST https://devnet.helius-rpc.com/?api-key=2728d54b-ce26-4696-bb4d-dc8170fcd494 "HTTP/1.1 200 OK"
2025-09-17 01:50:41,805 | httpx | INFO | HTTP Request: POST https://devnet.helius-rpc.com/?api-key=2728d54b-ce26-4696-bb4d-dc8170fcd494 "HTTP/1.1 200 OK"
2025-09-17 01:50:42,838 | libs.sidecar_validator | INFO | Validating sidecar at: http://localhost:8787/health
2025-09-17 01:50:43,390 | httpx | INFO | HTTP Request: GET http://localhost:8787/health "HTTP/1.1 200 OK"
2025-09-17 01:50:43,391 | libs.sidecar_validator | INFO | Sidecar mode: forward
2025-09-17 01:50:43,391 | libs.sidecar_validator | INFO | Forward base: https://swift.drift.trade
2025-09-17 01:50:43,392 | libs.sidecar_validator | INFO | Upstream Swift service healthy: status=200 (154ms)
2025-09-17 01:50:43,392 | libs.sidecar_validator | WARNING | Circuit breaker OPEN: 3/3 consecutive failures
2025-09-17 01:50:43,392 | libs.sidecar_validator | WARNING | Sidecar will return 503 for new orders
2025-09-17 01:50:43,392 | libs.sidecar_validator | INFO | Sidecar validation passed
2025-09-17 01:50:43,543 | httpx | INFO | HTTP Request: GET http://localhost:8787/health "HTTP/1.1 200 OK"
2025-09-17 01:50:43,544 | libs.drift.drivers.swift | INFO | Swift driver initialized: http://localhost:8787, retries=3, auction=True
2025-09-17 01:50:43,636 | httpx | INFO | HTTP Request: POST https://devnet.helius-rpc.com/?api-key=2728d54b-ce26-4696-bb4d-dc8170fcd494 "HTTP/1.1 200 OK"
2025-09-17 01:50:43,761 | httpx | INFO | HTTP Request: POST https://devnet.helius-rpc.com/?api-key=2728d54b-ce26-4696-bb4d-dc8170fcd494 "HTTP/1.1 200 OK"
2025-09-17 01:50:43,931 | httpx | INFO | HTTP Request: POST https://devnet.helius-rpc.com/?api-key=2728d54b-ce26-4696-bb4d-dc8170fcd494 "HTTP/1.1 200 OK"
2025-09-17 01:50:44,964 | libs.sidecar_validator | INFO | Validating sidecar at: http://localhost:8787/health
2025-09-17 01:50:45,517 | httpx | INFO | HTTP Request: GET http://localhost:8787/health "HTTP/1.1 200 OK"
2025-09-17 01:50:45,518 | libs.sidecar_validator | INFO | Sidecar mode: forward
2025-09-17 01:50:45,518 | libs.sidecar_validator | INFO | Forward base: https://swift.drift.trade
2025-09-17 01:50:45,519 | libs.sidecar_validator | INFO | Upstream Swift service healthy: status=200 (141ms)
2025-09-17 01:50:45,519 | libs.sidecar_validator | WARNING | Circuit breaker OPEN: 3/3 consecutive failures
2025-09-17 01:50:45,520 | libs.sidecar_validator | WARNING | Sidecar will return 503 for new orders
2025-09-17 01:50:45,520 | libs.sidecar_validator | INFO | Sidecar validation passed
2025-09-17 01:50:45,851 | httpx | INFO | HTTP Request: GET http://localhost:8787/health "HTTP/1.1 200 OK"
2025-09-17 01:50:45,853 | libs.drift.drivers.swift | INFO | Swift driver initialized: http://localhost:8787, retries=3, auction=True
2025-09-17 01:50:46,079 | httpx | INFO | HTTP Request: POST https://devnet.helius-rpc.com/?api-key=2728d54b-ce26-4696-bb4d-dc8170fcd494 "HTTP/1.1 200 OK"
2025-09-17 01:50:46,199 | httpx | INFO | HTTP Request: POST https://devnet.helius-rpc.com/?api-key=2728d54b-ce26-4696-bb4d-dc8170fcd494 "HTTP/1.1 200 OK"
2025-09-17 01:50:46,415 | httpx | INFO | HTTP Request: POST https://devnet.helius-rpc.com/?api-key=2728d54b-ce26-4696-bb4d-dc8170fcd494 "HTTP/1.1 200 OK"
2025-09-17 01:50:47,919 | libs.sidecar_validator | INFO | Validating sidecar at: http://localhost:8787/health
2025-09-17 01:50:48,463 | httpx | INFO | HTTP Request: GET http://localhost:8787/health "HTTP/1.1 200 OK"
2025-09-17 01:50:48,464 | libs.sidecar_validator | INFO | Sidecar mode: forward
2025-09-17 01:50:48,464 | libs.sidecar_validator | INFO | Forward base: https://swift.drift.trade
2025-09-17 01:50:48,465 | libs.sidecar_validator | INFO | Upstream Swift service healthy: status=200 (155ms)
2025-09-17 01:50:48,465 | libs.sidecar_validator | WARNING | Circuit breaker OPEN: 3/3 consecutive failures
2025-09-17 01:50:48,465 | libs.sidecar_validator | WARNING | Sidecar will return 503 for new orders
2025-09-17 01:50:48,465 | libs.sidecar_validator | INFO | Sidecar validation passed
2025-09-17 01:50:48,854 | httpx | INFO | HTTP Request: GET http://localhost:8787/health "HTTP/1.1 200 OK"
2025-09-17 01:50:48,856 | libs.drift.drivers.swift | INFO | Swift driver initialized: http://localhost:8787, retries=3, auction=True
2025-09-17 01:50:49,127 | httpx | INFO | HTTP Request: POST https://devnet.helius-rpc.com/?api-key=2728d54b-ce26-4696-bb4d-dc8170fcd494 "HTTP/1.1 200 OK"
2025-09-17 01:50:49,284 | httpx | INFO | HTTP Request: POST https://devnet.helius-rpc.com/?api-key=2728d54b-ce26-4696-bb4d-dc8170fcd494 "HTTP/1.1 200 OK"
2025-09-17 01:50:49,364 | httpx | INFO | HTTP Request: POST https://devnet.helius-rpc.com/?api-key=2728d54b-ce26-4696-bb4d-dc8170fcd494 "HTTP/1.1 200 OK"
2025-09-17 01:50:50,767 | libs.sidecar_validator | INFO | Validating sidecar at: http://localhost:8787/health
2025-09-17 01:50:51,571 | httpx | INFO | HTTP Request: GET http://localhost:8787/health "HTTP/1.1 200 OK"
2025-09-17 01:50:51,572 | libs.sidecar_validator | INFO | Sidecar mode: forward
2025-09-17 01:50:51,572 | libs.sidecar_validator | INFO | Forward base: https://swift.drift.trade
2025-09-17 01:50:51,572 | libs.sidecar_validator | INFO | Upstream Swift service healthy: status=200 (392ms)
2025-09-17 01:50:51,573 | libs.sidecar_validator | WARNING | Circuit breaker OPEN: 3/3 consecutive failures
2025-09-17 01:50:51,573 | libs.sidecar_validator | WARNING | Sidecar will return 503 for new orders
2025-09-17 01:50:51,573 | libs.sidecar_validator | INFO | Sidecar validation passed
2025-09-17 01:50:51,723 | httpx | INFO | HTTP Request: GET http://localhost:8787/health "HTTP/1.1 200 OK"
2025-09-17 01:50:51,724 | libs.drift.drivers.swift | INFO | Swift driver initialized: http://localhost:8787, retries=3, auction=True
2025-09-17 01:50:51,990 | httpx | INFO | HTTP Request: POST https://devnet.helius-rpc.com/?api-key=2728d54b-ce26-4696-bb4d-dc8170fcd494 "HTTP/1.1 200 OK"
2025-09-17 01:50:52,132 | httpx | INFO | HTTP Request: POST https://devnet.helius-rpc.com/?api-key=2728d54b-ce26-4696-bb4d-dc8170fcd494 "HTTP/1.1 200 OK"
2025-09-17 01:50:52,420 | httpx | INFO | HTTP Request: POST https://devnet.helius-rpc.com/?api-key=2728d54b-ce26-4696-bb4d-dc8170fcd494 "HTTP/1.1 200 OK"
2025-09-17 01:50:53,461 | libs.sidecar_validator | INFO | Validating sidecar at: http://localhost:8787/health
2025-09-17 01:50:54,455 | httpx | INFO | HTTP Request: GET http://localhost:8787/health "HTTP/1.1 200 OK"
2025-09-17 01:50:54,456 | libs.sidecar_validator | INFO | Sidecar mode: forward
2025-09-17 01:50:54,457 | libs.sidecar_validator | INFO | Forward base: https://swift.drift.trade
2025-09-17 01:50:54,457 | libs.sidecar_validator | INFO | Upstream Swift service healthy: status=200 (438ms)
2025-09-17 01:50:54,458 | libs.sidecar_validator | WARNING | Circuit breaker OPEN: 3/3 consecutive failures
2025-09-17 01:50:54,458 | libs.sidecar_validator | WARNING | Sidecar will return 503 for new orders
2025-09-17 01:50:54,459 | libs.sidecar_validator | INFO | Sidecar validation passed
2025-09-17 01:50:54,683 | httpx | INFO | HTTP Request: GET http://localhost:8787/health "HTTP/1.1 200 OK"
2025-09-17 01:50:54,685 | libs.drift.drivers.swift | INFO | Swift driver initialized: http://localhost:8787, retries=3, auction=True
2025-09-17 01:50:54,810 | httpx | INFO | HTTP Request: POST https://devnet.helius-rpc.com/?api-key=2728d54b-ce26-4696-bb4d-dc8170fcd494 "HTTP/1.1 200 OK"
2025-09-17 01:50:54,935 | httpx | INFO | HTTP Request: POST https://devnet.helius-rpc.com/?api-key=2728d54b-ce26-4696-bb4d-dc8170fcd494 "HTTP/1.1 200 OK"
2025-09-17 01:50:55,197 | httpx | INFO | HTTP Request: POST https://devnet.helius-rpc.com/?api-key=2728d54b-ce26-4696-bb4d-dc8170fcd494 "HTTP/1.1 200 OK"
2025-09-17 01:50:56,212 | libs.sidecar_validator | INFO | Validating sidecar at: http://localhost:8787/health
2025-09-17 01:50:56,756 | httpx | INFO | HTTP Request: GET http://localhost:8787/health "HTTP/1.1 200 OK"
2025-09-17 01:50:56,757 | libs.sidecar_validator | INFO | Sidecar mode: forward
2025-09-17 01:50:56,757 | libs.sidecar_validator | INFO | Forward base: https://swift.drift.trade
2025-09-17 01:50:56,758 | libs.sidecar_validator | INFO | Upstream Swift service healthy: status=200 (140ms)
2025-09-17 01:50:56,758 | libs.sidecar_validator | WARNING | Circuit breaker OPEN: 3/3 consecutive failures
2025-09-17 01:50:56,758 | libs.sidecar_validator | WARNING | Sidecar will return 503 for new orders
2025-09-17 01:50:56,758 | libs.sidecar_validator | INFO | Sidecar validation passed
2025-09-17 01:50:56,905 | httpx | INFO | HTTP Request: GET http://localhost:8787/health "HTTP/1.1 200 OK"
2025-09-17 01:50:56,906 | libs.drift.drivers.swift | INFO | Swift driver initialized: http://localhost:8787, retries=3, auction=True
2025-09-17 01:50:57,009 | httpx | INFO | HTTP Request: POST https://devnet.helius-rpc.com/?api-key=2728d54b-ce26-4696-bb4d-dc8170fcd494 "HTTP/1.1 200 OK"
2025-09-17 01:50:57,145 | httpx | INFO | HTTP Request: POST https://devnet.helius-rpc.com/?api-key=2728d54b-ce26-4696-bb4d-dc8170fcd494 "HTTP/1.1 200 OK"
2025-09-17 01:50:57,369 | httpx | INFO | HTTP Request: POST https://devnet.helius-rpc.com/?api-key=2728d54b-ce26-4696-bb4d-dc8170fcd494 "HTTP/1.1 200 OK"
2025-09-17 01:50:58,391 | libs.sidecar_validator | INFO | Validating sidecar at: http://localhost:8787/health
2025-09-17 01:50:58,980 | httpx | INFO | HTTP Request: GET http://localhost:8787/health "HTTP/1.1 200 OK"
2025-09-17 01:50:58,980 | libs.sidecar_validator | INFO | Sidecar mode: forward
2025-09-17 01:50:58,981 | libs.sidecar_validator | INFO | Forward base: https://swift.drift.trade
2025-09-17 01:50:58,982 | libs.sidecar_validator | INFO | Upstream Swift service healthy: status=200 (158ms)
2025-09-17 01:50:58,982 | libs.sidecar_validator | WARNING | Circuit breaker OPEN: 3/3 consecutive failures
2025-09-17 01:50:58,982 | libs.sidecar_validator | WARNING | Sidecar will return 503 for new orders
2025-09-17 01:50:58,983 | libs.sidecar_validator | INFO | Sidecar validation passed
2025-09-17 01:50:59,323 | httpx | INFO | HTTP Request: GET http://localhost:8787/health "HTTP/1.1 200 OK"
2025-09-17 01:50:59,330 | libs.drift.drivers.swift | INFO | Swift driver initialized: http://localhost:8787, retries=3, auction=True
2025-09-17 01:50:59,427 | httpx | INFO | HTTP Request: POST https://devnet.helius-rpc.com/?api-key=2728d54b-ce26-4696-bb4d-dc8170fcd494 "HTTP/1.1 200 OK"
2025-09-17 01:50:59,512 | httpx | INFO | HTTP Request: POST https://devnet.helius-rpc.com/?api-key=2728d54b-ce26-4696-bb4d-dc8170fcd494 "HTTP/1.1 200 OK"
2025-09-17 01:50:59,578 | httpx | INFO | HTTP Request: POST https://devnet.helius-rpc.com/?api-key=2728d54b-ce26-4696-bb4d-dc8170fcd494 "HTTP/1.1 200 OK"
2025-09-17 01:51:00,644 | libs.sidecar_validator | INFO | Validating sidecar at: http://localhost:8787/health
2025-09-17 01:51:01,229 | httpx | INFO | HTTP Request: GET http://localhost:8787/health "HTTP/1.1 200 OK"
2025-09-17 01:51:01,230 | libs.sidecar_validator | INFO | Sidecar mode: forward
2025-09-17 01:51:01,231 | libs.sidecar_validator | INFO | Forward base: https://swift.drift.trade
2025-09-17 01:51:01,231 | libs.sidecar_validator | INFO | Upstream Swift service healthy: status=200 (160ms)
2025-09-17 01:51:01,231 | libs.sidecar_validator | WARNING | Circuit breaker OPEN: 3/3 consecutive failures
2025-09-17 01:51:01,231 | libs.sidecar_validator | WARNING | Sidecar will return 503 for new orders
2025-09-17 01:51:01,232 | libs.sidecar_validator | INFO | Sidecar validation passed
2025-09-17 01:51:01,588 | httpx | INFO | HTTP Request: GET http://localhost:8787/health "HTTP/1.1 200 OK"
2025-09-17 01:51:01,601 | libs.drift.drivers.swift | INFO | Swift driver initialized: http://localhost:8787, retries=3, auction=True
2025-09-17 01:51:01,775 | httpx | INFO | HTTP Request: POST https://devnet.helius-rpc.com/?api-key=2728d54b-ce26-4696-bb4d-dc8170fcd494 "HTTP/1.1 200 OK"
2025-09-17 01:51:01,907 | httpx | INFO | HTTP Request: POST https://devnet.helius-rpc.com/?api-key=2728d54b-ce26-4696-bb4d-dc8170fcd494 "HTTP/1.1 200 OK"
2025-09-17 01:51:02,005 | httpx | INFO | HTTP Request: POST https://devnet.helius-rpc.com/?api-key=2728d54b-ce26-4696-bb4d-dc8170fcd494 "HTTP/1.1 200 OK"
2025-09-17 01:51:04,230 | libs.sidecar_validator | INFO | Validating sidecar at: http://localhost:8787/health
2025-09-17 01:51:04,944 | httpx | INFO | HTTP Request: GET http://localhost:8787/health "HTTP/1.1 200 OK"
2025-09-17 01:51:04,949 | libs.sidecar_validator | INFO | Sidecar mode: forward
2025-09-17 01:51:04,949 | libs.sidecar_validator | INFO | Forward base: https://swift.drift.trade
2025-09-17 01:51:04,950 | libs.sidecar_validator | INFO | Upstream Swift service healthy: status=200 (147ms)
2025-09-17 01:51:04,951 | libs.sidecar_validator | WARNING | Circuit breaker OPEN: 3/3 consecutive failures
2025-09-17 01:51:04,951 | libs.sidecar_validator | WARNING | Sidecar will return 503 for new orders
2025-09-17 01:51:04,952 | libs.sidecar_validator | INFO | Sidecar validation passed
2025-09-17 01:51:05,368 | httpx | INFO | HTTP Request: GET http://localhost:8787/health "HTTP/1.1 200 OK"
2025-09-17 01:51:05,373 | libs.drift.drivers.swift | INFO | Swift driver initialized: http://localhost:8787, retries=3, auction=True
2025-09-17 01:51:05,554 | httpx | INFO | HTTP Request: POST https://devnet.helius-rpc.com/?api-key=2728d54b-ce26-4696-bb4d-dc8170fcd494 "HTTP/1.1 200 OK"
2025-09-17 01:51:05,680 | httpx | INFO | HTTP Request: POST https://devnet.helius-rpc.com/?api-key=2728d54b-ce26-4696-bb4d-dc8170fcd494 "HTTP/1.1 200 OK"
2025-09-17 01:51:05,934 | httpx | INFO | HTTP Request: POST https://devnet.helius-rpc.com/?api-key=2728d54b-ce26-4696-bb4d-dc8170fcd494 "HTTP/1.1 200 OK"
2025-09-17 01:51:06,971 | libs.sidecar_validator | INFO | Validating sidecar at: http://localhost:8787/health
2025-09-17 01:51:07,812 | httpx | INFO | HTTP Request: GET http://localhost:8787/health "HTTP/1.1 200 OK"
2025-09-17 01:51:07,812 | libs.sidecar_validator | INFO | Sidecar mode: forward
2025-09-17 01:51:07,813 | libs.sidecar_validator | INFO | Forward base: https://swift.drift.trade
2025-09-17 01:51:07,813 | libs.sidecar_validator | INFO | Upstream Swift service healthy: status=200 (347ms)
2025-09-17 01:51:07,814 | libs.sidecar_validator | WARNING | Circuit breaker OPEN: 3/3 consecutive failures
2025-09-17 01:51:07,814 | libs.sidecar_validator | WARNING | Sidecar will return 503 for new orders
2025-09-17 01:51:07,814 | libs.sidecar_validator | INFO | Sidecar validation passed
2025-09-17 01:51:07,960 | httpx | INFO | HTTP Request: GET http://localhost:8787/health "HTTP/1.1 200 OK"
2025-09-17 01:51:07,962 | libs.drift.drivers.swift | INFO | Swift driver initialized: http://localhost:8787, retries=3, auction=True
2025-09-17 01:51:08,106 | httpx | INFO | HTTP Request: POST https://devnet.helius-rpc.com/?api-key=2728d54b-ce26-4696-bb4d-dc8170fcd494 "HTTP/1.1 200 OK"
2025-09-17 01:51:08,215 | httpx | INFO | HTTP Request: POST https://devnet.helius-rpc.com/?api-key=2728d54b-ce26-4696-bb4d-dc8170fcd494 "HTTP/1.1 200 OK"
2025-09-17 01:51:08,330 | httpx | INFO | HTTP Request: POST https://devnet.helius-rpc.com/?api-key=2728d54b-ce26-4696-bb4d-dc8170fcd494 "HTTP/1.1 200 OK"
2025-09-17 01:51:09,382 | libs.sidecar_validator | INFO | Validating sidecar at: http://localhost:8787/health
2025-09-17 01:51:10,333 | httpx | INFO | HTTP Request: GET http://localhost:8787/health "HTTP/1.1 200 OK"
2025-09-17 01:51:10,334 | libs.sidecar_validator | INFO | Sidecar mode: forward
2025-09-17 01:51:10,334 | libs.sidecar_validator | INFO | Forward base: https://swift.drift.trade
2025-09-17 01:51:10,335 | libs.sidecar_validator | INFO | Upstream Swift service healthy: status=200 (341ms)
2025-09-17 01:51:10,335 | libs.sidecar_validator | WARNING | Circuit breaker OPEN: 3/3 consecutive failures
2025-09-17 01:51:10,335 | libs.sidecar_validator | WARNING | Sidecar will return 503 for new orders
2025-09-17 01:51:10,336 | libs.sidecar_validator | INFO | Sidecar validation passed
2025-09-17 01:51:10,526 | httpx | INFO | HTTP Request: GET http://localhost:8787/health "HTTP/1.1 200 OK"
2025-09-17 01:51:10,528 | libs.drift.drivers.swift | INFO | Swift driver initialized: http://localhost:8787, retries=3, auction=True
2025-09-17 01:51:10,703 | httpx | INFO | HTTP Request: POST https://devnet.helius-rpc.com/?api-key=2728d54b-ce26-4696-bb4d-dc8170fcd494 "HTTP/1.1 200 OK"
2025-09-17 01:51:10,924 | httpx | INFO | HTTP Request: POST https://devnet.helius-rpc.com/?api-key=2728d54b-ce26-4696-bb4d-dc8170fcd494 "HTTP/1.1 200 OK"
2025-09-17 01:51:11,010 | httpx | INFO | HTTP Request: POST https://devnet.helius-rpc.com/?api-key=2728d54b-ce26-4696-bb4d-dc8170fcd494 "HTTP/1.1 200 OK"
2025-09-17 01:51:12,049 | libs.sidecar_validator | INFO | Validating sidecar at: http://localhost:8787/health
2025-09-17 01:51:13,057 | httpx | INFO | HTTP Request: GET http://localhost:8787/health "HTTP/1.1 200 OK"
2025-09-17 01:51:13,057 | libs.sidecar_validator | INFO | Sidecar mode: forward
2025-09-17 01:51:13,057 | libs.sidecar_validator | INFO | Forward base: https://swift.drift.trade
2025-09-17 01:51:13,058 | libs.sidecar_validator | INFO | Upstream Swift service healthy: status=200 (497ms)
2025-09-17 01:51:13,058 | libs.sidecar_validator | WARNING | Circuit breaker OPEN: 3/3 consecutive failures
2025-09-17 01:51:13,058 | libs.sidecar_validator | WARNING | Sidecar will return 503 for new orders
2025-09-17 01:51:13,059 | libs.sidecar_validator | INFO | Sidecar validation passed
2025-09-17 01:51:13,211 | httpx | INFO | HTTP Request: GET http://localhost:8787/health "HTTP/1.1 200 OK"
2025-09-17 01:51:13,213 | libs.drift.drivers.swift | INFO | Swift driver initialized: http://localhost:8787, retries=3, auction=True
2025-09-17 01:51:13,445 | httpx | INFO | HTTP Request: POST https://devnet.helius-rpc.com/?api-key=2728d54b-ce26-4696-bb4d-dc8170fcd494 "HTTP/1.1 200 OK"
2025-09-17 01:51:13,578 | httpx | INFO | HTTP Request: POST https://devnet.helius-rpc.com/?api-key=2728d54b-ce26-4696-bb4d-dc8170fcd494 "HTTP/1.1 200 OK"
2025-09-17 01:51:13,669 | httpx | INFO | HTTP Request: POST https://devnet.helius-rpc.com/?api-key=2728d54b-ce26-4696-bb4d-dc8170fcd494 "HTTP/1.1 200 OK"
2025-09-17 01:51:14,704 | libs.sidecar_validator | INFO | Validating sidecar at: http://localhost:8787/health
2025-09-17 01:51:15,290 | httpx | INFO | HTTP Request: GET http://localhost:8787/health "HTTP/1.1 200 OK"
2025-09-17 01:51:15,292 | libs.sidecar_validator | INFO | Sidecar mode: forward
2025-09-17 01:51:15,292 | libs.sidecar_validator | INFO | Forward base: https://swift.drift.trade
2025-09-17 01:51:15,293 | libs.sidecar_validator | INFO | Upstream Swift service healthy: status=200 (149ms)
2025-09-17 01:51:15,293 | libs.sidecar_validator | WARNING | Circuit breaker OPEN: 3/3 consecutive failures
2025-09-17 01:51:15,293 | libs.sidecar_validator | WARNING | Sidecar will return 503 for new orders
2025-09-17 01:51:15,293 | libs.sidecar_validator | INFO | Sidecar validation passed
2025-09-17 01:51:15,443 | httpx | INFO | HTTP Request: GET http://localhost:8787/health "HTTP/1.1 200 OK"
2025-09-17 01:51:15,451 | libs.drift.drivers.swift | INFO | Swift driver initialized: http://localhost:8787, retries=3, auction=True
2025-09-17 01:51:15,683 | httpx | INFO | HTTP Request: POST https://devnet.helius-rpc.com/?api-key=2728d54b-ce26-4696-bb4d-dc8170fcd494 "HTTP/1.1 200 OK"
2025-09-17 01:51:15,848 | httpx | INFO | HTTP Request: POST https://devnet.helius-rpc.com/?api-key=2728d54b-ce26-4696-bb4d-dc8170fcd494 "HTTP/1.1 200 OK"
2025-09-17 01:51:15,940 | httpx | INFO | HTTP Request: POST https://devnet.helius-rpc.com/?api-key=2728d54b-ce26-4696-bb4d-dc8170fcd494 "HTTP/1.1 200 OK"
2025-09-17 01:51:16,985 | libs.sidecar_validator | INFO | Validating sidecar at: http://localhost:8787/health
2025-09-17 01:51:17,589 | httpx | INFO | HTTP Request: GET http://localhost:8787/health "HTTP/1.1 200 OK"
2025-09-17 01:51:17,589 | libs.sidecar_validator | INFO | Sidecar mode: forward
2025-09-17 01:51:17,590 | libs.sidecar_validator | INFO | Forward base: https://swift.drift.trade
2025-09-17 01:51:17,590 | libs.sidecar_validator | INFO | Upstream Swift service healthy: status=200 (143ms)
2025-09-17 01:51:17,590 | libs.sidecar_validator | WARNING | Circuit breaker OPEN: 3/3 consecutive failures
2025-09-17 01:51:17,591 | libs.sidecar_validator | WARNING | Sidecar will return 503 for new orders
2025-09-17 01:51:17,591 | libs.sidecar_validator | INFO | Sidecar validation passed
2025-09-17 01:51:17,928 | httpx | INFO | HTTP Request: GET http://localhost:8787/health "HTTP/1.1 200 OK"
2025-09-17 01:51:17,929 | libs.drift.drivers.swift | INFO | Swift driver initialized: http://localhost:8787, retries=3, auction=True
2025-09-17 01:51:18,012 | httpx | INFO | HTTP Request: POST https://devnet.helius-rpc.com/?api-key=2728d54b-ce26-4696-bb4d-dc8170fcd494 "HTTP/1.1 200 OK"
2025-09-17 01:51:18,179 | httpx | INFO | HTTP Request: POST https://devnet.helius-rpc.com/?api-key=2728d54b-ce26-4696-bb4d-dc8170fcd494 "HTTP/1.1 200 OK"
2025-09-17 01:51:18,295 | httpx | INFO | HTTP Request: POST https://devnet.helius-rpc.com/?api-key=2728d54b-ce26-4696-bb4d-dc8170fcd494 "HTTP/1.1 200 OK"
2025-09-17 01:51:19,379 | libs.sidecar_validator | INFO | Validating sidecar at: http://localhost:8787/health
2025-09-17 01:51:20,162 | httpx | INFO | HTTP Request: GET http://localhost:8787/health "HTTP/1.1 200 OK"
2025-09-17 01:51:20,163 | libs.sidecar_validator | INFO | Sidecar mode: forward
2025-09-17 01:51:20,163 | libs.sidecar_validator | INFO | Forward base: https://swift.drift.trade
2025-09-17 01:51:20,163 | libs.sidecar_validator | INFO | Upstream Swift service healthy: status=200 (344ms)
2025-09-17 01:51:20,164 | libs.sidecar_validator | WARNING | Circuit breaker OPEN: 3/3 consecutive failures
2025-09-17 01:51:20,164 | libs.sidecar_validator | WARNING | Sidecar will return 503 for new orders
2025-09-17 01:51:20,164 | libs.sidecar_validator | INFO | Sidecar validation passed
2025-09-17 01:51:20,312 | httpx | INFO | HTTP Request: GET http://localhost:8787/health "HTTP/1.1 200 OK"
2025-09-17 01:51:20,314 | libs.drift.drivers.swift | INFO | Swift driver initialized: http://localhost:8787, retries=3, auction=True
2025-09-17 01:51:20,407 | httpx | INFO | HTTP Request: POST https://devnet.helius-rpc.com/?api-key=2728d54b-ce26-4696-bb4d-dc8170fcd494 "HTTP/1.1 200 OK"
2025-09-17 01:51:20,563 | httpx | INFO | HTTP Request: POST https://devnet.helius-rpc.com/?api-key=2728d54b-ce26-4696-bb4d-dc8170fcd494 "HTTP/1.1 200 OK"
2025-09-17 01:51:20,633 | httpx | INFO | HTTP Request: POST https://devnet.helius-rpc.com/?api-key=2728d54b-ce26-4696-bb4d-dc8170fcd494 "HTTP/1.1 200 OK"
2025-09-17 01:51:21,677 | libs.sidecar_validator | INFO | Validating sidecar at: http://localhost:8787/health
2025-09-17 01:51:22,245 | httpx | INFO | HTTP Request: GET http://localhost:8787/health "HTTP/1.1 200 OK"
2025-09-17 01:51:22,246 | libs.sidecar_validator | INFO | Sidecar mode: forward
2025-09-17 01:51:22,246 | libs.sidecar_validator | INFO | Forward base: https://swift.drift.trade
2025-09-17 01:51:22,247 | libs.sidecar_validator | INFO | Upstream Swift service healthy: status=200 (145ms)
2025-09-17 01:51:22,247 | libs.sidecar_validator | WARNING | Circuit breaker OPEN: 3/3 consecutive failures
2025-09-17 01:51:22,247 | libs.sidecar_validator | WARNING | Sidecar will return 503 for new orders
2025-09-17 01:51:22,247 | libs.sidecar_validator | INFO | Sidecar validation passed
2025-09-17 01:51:22,391 | httpx | INFO | HTTP Request: GET http://localhost:8787/health "HTTP/1.1 200 OK"
2025-09-17 01:51:22,393 | libs.drift.drivers.swift | INFO | Swift driver initialized: http://localhost:8787, retries=3, auction=True
2025-09-17 01:51:22,504 | httpx | INFO | HTTP Request: POST https://devnet.helius-rpc.com/?api-key=2728d54b-ce26-4696-bb4d-dc8170fcd494 "HTTP/1.1 200 OK"
2025-09-17 01:51:22,678 | httpx | INFO | HTTP Request: POST https://devnet.helius-rpc.com/?api-key=2728d54b-ce26-4696-bb4d-dc8170fcd494 "HTTP/1.1 200 OK"
2025-09-17 01:51:22,740 | httpx | INFO | HTTP Request: POST https://devnet.helius-rpc.com/?api-key=2728d54b-ce26-4696-bb4d-dc8170fcd494 "HTTP/1.1 200 OK"
2025-09-17 01:51:23,799 | libs.sidecar_validator | INFO | Validating sidecar at: http://localhost:8787/health
2025-09-17 01:51:24,563 | httpx | INFO | HTTP Request: GET http://localhost:8787/health "HTTP/1.1 200 OK"
2025-09-17 01:51:24,564 | libs.sidecar_validator | INFO | Sidecar mode: forward
2025-09-17 01:51:24,564 | libs.sidecar_validator | INFO | Forward base: https://swift.drift.trade
2025-09-17 01:51:24,565 | libs.sidecar_validator | INFO | Upstream Swift service healthy: status=200 (340ms)
2025-09-17 01:51:24,565 | libs.sidecar_validator | WARNING | Circuit breaker OPEN: 3/3 consecutive failures
2025-09-17 01:51:24,565 | libs.sidecar_validator | WARNING | Sidecar will return 503 for new orders
2025-09-17 01:51:24,565 | libs.sidecar_validator | INFO | Sidecar validation passed
2025-09-17 01:51:24,899 | httpx | INFO | HTTP Request: GET http://localhost:8787/health "HTTP/1.1 200 OK"
2025-09-17 01:51:24,901 | libs.drift.drivers.swift | INFO | Swift driver initialized: http://localhost:8787, retries=3, auction=True
2025-09-17 01:51:25,078 | httpx | INFO | HTTP Request: POST https://devnet.helius-rpc.com/?api-key=2728d54b-ce26-4696-bb4d-dc8170fcd494 "HTTP/1.1 200 OK"
2025-09-17 01:51:25,213 | httpx | INFO | HTTP Request: POST https://devnet.helius-rpc.com/?api-key=2728d54b-ce26-4696-bb4d-dc8170fcd494 "HTTP/1.1 200 OK"
2025-09-17 01:51:25,474 | httpx | INFO | HTTP Request: POST https://devnet.helius-rpc.com/?api-key=2728d54b-ce26-4696-bb4d-dc8170fcd494 "HTTP/1.1 200 OK"
2025-09-17 01:51:26,489 | libs.sidecar_validator | INFO | Validating sidecar at: http://localhost:8787/health
2025-09-17 01:51:27,187 | httpx | INFO | HTTP Request: GET http://localhost:8787/health "HTTP/1.1 200 OK"
2025-09-17 01:51:27,188 | libs.sidecar_validator | INFO | Sidecar mode: forward
2025-09-17 01:51:27,189 | libs.sidecar_validator | INFO | Forward base: https://swift.drift.trade
2025-09-17 01:51:27,189 | libs.sidecar_validator | INFO | Upstream Swift service healthy: status=200 (166ms)
2025-09-17 01:51:27,189 | libs.sidecar_validator | WARNING | Circuit breaker OPEN: 3/3 consecutive failures
2025-09-17 01:51:27,189 | libs.sidecar_validator | WARNING | Sidecar will return 503 for new orders
2025-09-17 01:51:27,190 | libs.sidecar_validator | INFO | Sidecar validation passed
2025-09-17 01:51:27,554 | httpx | INFO | HTTP Request: GET http://localhost:8787/health "HTTP/1.1 200 OK"
2025-09-17 01:51:27,556 | libs.drift.drivers.swift | INFO | Swift driver initialized: http://localhost:8787, retries=3, auction=True
2025-09-17 01:51:27,804 | httpx | INFO | HTTP Request: POST https://devnet.helius-rpc.com/?api-key=2728d54b-ce26-4696-bb4d-dc8170fcd494 "HTTP/1.1 200 OK"
2025-09-17 01:51:27,906 | httpx | INFO | HTTP Request: POST https://devnet.helius-rpc.com/?api-key=2728d54b-ce26-4696-bb4d-dc8170fcd494 "HTTP/1.1 200 OK"
2025-09-17 01:51:27,982 | httpx | INFO | HTTP Request: POST https://devnet.helius-rpc.com/?api-key=2728d54b-ce26-4696-bb4d-dc8170fcd494 "HTTP/1.1 200 OK"
2025-09-17 01:51:29,008 | libs.sidecar_validator | INFO | Validating sidecar at: http://localhost:8787/health
2025-09-17 01:51:29,713 | httpx | INFO | HTTP Request: GET http://localhost:8787/health "HTTP/1.1 200 OK"
2025-09-17 01:51:29,714 | libs.sidecar_validator | INFO | Sidecar mode: forward
2025-09-17 01:51:29,714 | libs.sidecar_validator | INFO | Forward base: https://swift.drift.trade
2025-09-17 01:51:29,715 | libs.sidecar_validator | INFO | Upstream Swift service healthy: status=200 (156ms)
2025-09-17 01:51:29,715 | libs.sidecar_validator | WARNING | Circuit breaker OPEN: 3/3 consecutive failures
2025-09-17 01:51:29,715 | libs.sidecar_validator | WARNING | Sidecar will return 503 for new orders
2025-09-17 01:51:29,716 | libs.sidecar_validator | INFO | Sidecar validation passed
2025-09-17 01:51:29,868 | httpx | INFO | HTTP Request: GET http://localhost:8787/health "HTTP/1.1 200 OK"
2025-09-17 01:51:29,873 | libs.drift.drivers.swift | INFO | Swift driver initialized: http://localhost:8787, retries=3, auction=True
2025-09-17 01:51:30,117 | httpx | INFO | HTTP Request: POST https://devnet.helius-rpc.com/?api-key=2728d54b-ce26-4696-bb4d-dc8170fcd494 "HTTP/1.1 200 OK"
2025-09-17 01:51:30,295 | httpx | INFO | HTTP Request: POST https://devnet.helius-rpc.com/?api-key=2728d54b-ce26-4696-bb4d-dc8170fcd494 "HTTP/1.1 200 OK"
2025-09-17 01:51:30,417 | httpx | INFO | HTTP Request: POST https://devnet.helius-rpc.com/?api-key=2728d54b-ce26-4696-bb4d-dc8170fcd494 "HTTP/1.1 200 OK"
2025-09-17 01:51:31,423 | libs.sidecar_validator | INFO | Validating sidecar at: http://localhost:8787/health
2025-09-17 01:51:32,035 | httpx | INFO | HTTP Request: GET http://localhost:8787/health "HTTP/1.1 200 OK"
2025-09-17 01:51:32,036 | libs.sidecar_validator | INFO | Sidecar mode: forward
2025-09-17 01:51:32,036 | libs.sidecar_validator | INFO | Forward base: https://swift.drift.trade
2025-09-17 01:51:32,037 | libs.sidecar_validator | INFO | Upstream Swift service healthy: status=200 (149ms)
2025-09-17 01:51:32,037 | libs.sidecar_validator | WARNING | Circuit breaker OPEN: 3/3 consecutive failures
2025-09-17 01:51:32,038 | libs.sidecar_validator | WARNING | Sidecar will return 503 for new orders
2025-09-17 01:51:32,038 | libs.sidecar_validator | INFO | Sidecar validation passed
2025-09-17 01:51:32,196 | httpx | INFO | HTTP Request: GET http://localhost:8787/health "HTTP/1.1 200 OK"
2025-09-17 01:51:32,198 | libs.drift.drivers.swift | INFO | Swift driver initialized: http://localhost:8787, retries=3, auction=True
2025-09-17 01:51:32,334 | httpx | INFO | HTTP Request: POST https://devnet.helius-rpc.com/?api-key=2728d54b-ce26-4696-bb4d-dc8170fcd494 "HTTP/1.1 200 OK"
2025-09-17 01:51:32,507 | httpx | INFO | HTTP Request: POST https://devnet.helius-rpc.com/?api-key=2728d54b-ce26-4696-bb4d-dc8170fcd494 "HTTP/1.1 200 OK"
2025-09-17 01:51:32,601 | httpx | INFO | HTTP Request: POST https://devnet.helius-rpc.com/?api-key=2728d54b-ce26-4696-bb4d-dc8170fcd494 "HTTP/1.1 200 OK"
2025-09-17 01:51:34,165 | libs.sidecar_validator | INFO | Validating sidecar at: http://localhost:8787/health
2025-09-17 01:51:34,721 | httpx | INFO | HTTP Request: GET http://localhost:8787/health "HTTP/1.1 200 OK"
2025-09-17 01:51:34,722 | libs.sidecar_validator | INFO | Sidecar mode: forward
2025-09-17 01:51:34,722 | libs.sidecar_validator | INFO | Forward base: https://swift.drift.trade
2025-09-17 01:51:34,723 | libs.sidecar_validator | INFO | Upstream Swift service healthy: status=200 (143ms)
2025-09-17 01:51:34,723 | libs.sidecar_validator | WARNING | Circuit breaker OPEN: 3/3 consecutive failures
2025-09-17 01:51:34,723 | libs.sidecar_validator | WARNING | Sidecar will return 503 for new orders
2025-09-17 01:51:34,724 | libs.sidecar_validator | INFO | Sidecar validation passed
2025-09-17 01:51:34,886 | httpx | INFO | HTTP Request: GET http://localhost:8787/health "HTTP/1.1 200 OK"
2025-09-17 01:51:34,887 | libs.drift.drivers.swift | INFO | Swift driver initialized: http://localhost:8787, retries=3, auction=True
2025-09-17 01:51:34,987 | httpx | INFO | HTTP Request: POST https://devnet.helius-rpc.com/?api-key=2728d54b-ce26-4696-bb4d-dc8170fcd494 "HTTP/1.1 200 OK"
2025-09-17 01:51:35,078 | httpx | INFO | HTTP Request: POST https://devnet.helius-rpc.com/?api-key=2728d54b-ce26-4696-bb4d-dc8170fcd494 "HTTP/1.1 200 OK"
2025-09-17 01:51:35,198 | httpx | INFO | HTTP Request: POST https://devnet.helius-rpc.com/?api-key=2728d54b-ce26-4696-bb4d-dc8170fcd494 "HTTP/1.1 200 OK"
2025-09-17 01:51:37,342 | libs.sidecar_validator | INFO | Validating sidecar at: http://localhost:8787/health
2025-09-17 01:51:38,092 | httpx | INFO | HTTP Request: GET http://localhost:8787/health "HTTP/1.1 200 OK"
2025-09-17 01:51:38,093 | libs.sidecar_validator | INFO | Sidecar mode: forward
2025-09-17 01:51:38,094 | libs.sidecar_validator | INFO | Forward base: https://swift.drift.trade
2025-09-17 01:51:38,094 | libs.sidecar_validator | INFO | Upstream Swift service healthy: status=200 (329ms)
2025-09-17 01:51:38,095 | libs.sidecar_validator | WARNING | Circuit breaker OPEN: 3/3 consecutive failures
2025-09-17 01:51:38,095 | libs.sidecar_validator | WARNING | Sidecar will return 503 for new orders
2025-09-17 01:51:38,095 | libs.sidecar_validator | INFO | Sidecar validation passed
2025-09-17 01:51:38,243 | httpx | INFO | HTTP Request: GET http://localhost:8787/health "HTTP/1.1 200 OK"
2025-09-17 01:51:38,246 | libs.drift.drivers.swift | INFO | Swift driver initialized: http://localhost:8787, retries=3, auction=True
2025-09-17 01:51:38,386 | httpx | INFO | HTTP Request: POST https://devnet.helius-rpc.com/?api-key=2728d54b-ce26-4696-bb4d-dc8170fcd494 "HTTP/1.1 200 OK"
2025-09-17 01:51:38,453 | httpx | INFO | HTTP Request: POST https://devnet.helius-rpc.com/?api-key=2728d54b-ce26-4696-bb4d-dc8170fcd494 "HTTP/1.1 200 OK"
2025-09-17 01:51:38,618 | httpx | INFO | HTTP Request: POST https://devnet.helius-rpc.com/?api-key=2728d54b-ce26-4696-bb4d-dc8170fcd494 "HTTP/1.1 200 OK"
2025-09-17 01:51:46,395 | libs.sidecar_validator | INFO | Validating sidecar at: http://localhost:8787/health
2025-09-17 01:51:47,423 | httpx | INFO | HTTP Request: GET http://localhost:8787/health "HTTP/1.1 200 OK"
2025-09-17 01:51:47,424 | libs.sidecar_validator | INFO | Sidecar mode: forward
2025-09-17 01:51:47,424 | libs.sidecar_validator | INFO | Forward base: https://swift.drift.trade
2025-09-17 01:51:47,425 | libs.sidecar_validator | INFO | Upstream Swift service healthy: status=200 (626ms)
2025-09-17 01:51:47,425 | libs.sidecar_validator | WARNING | Circuit breaker OPEN: 3/3 consecutive failures
2025-09-17 01:51:47,425 | libs.sidecar_validator | WARNING | Sidecar will return 503 for new orders
2025-09-17 01:51:47,425 | libs.sidecar_validator | INFO | Sidecar validation passed
2025-09-17 01:51:47,771 | httpx | INFO | HTTP Request: GET http://localhost:8787/health "HTTP/1.1 200 OK"
2025-09-17 01:51:47,772 | libs.drift.drivers.swift | INFO | Swift driver initialized: http://localhost:8787, retries=3, auction=True
2025-09-17 01:51:48,400 | httpx | INFO | HTTP Request: POST https://devnet.helius-rpc.com/?api-key=2728d54b-ce26-4696-bb4d-dc8170fcd494 "HTTP/1.1 200 OK"
2025-09-17 01:51:48,503 | httpx | INFO | HTTP Request: POST https://devnet.helius-rpc.com/?api-key=2728d54b-ce26-4696-bb4d-dc8170fcd494 "HTTP/1.1 200 OK"
2025-09-17 01:51:48,623 | httpx | INFO | HTTP Request: POST https://devnet.helius-rpc.com/?api-key=2728d54b-ce26-4696-bb4d-dc8170fcd494 "HTTP/1.1 200 OK"
2025-09-17 01:51:49,656 | libs.sidecar_validator | INFO | Validating sidecar at: http://localhost:8787/health
2025-09-17 01:51:50,431 | httpx | INFO | HTTP Request: GET http://localhost:8787/health "HTTP/1.1 200 OK"
2025-09-17 01:51:50,432 | libs.sidecar_validator | INFO | Sidecar mode: forward
2025-09-17 01:51:50,432 | libs.sidecar_validator | INFO | Forward base: https://swift.drift.trade
2025-09-17 01:51:50,432 | libs.sidecar_validator | INFO | Upstream Swift service healthy: status=200 (344ms)
2025-09-17 01:51:50,433 | libs.sidecar_validator | WARNING | Circuit breaker OPEN: 3/3 consecutive failures
2025-09-17 01:51:50,434 | libs.sidecar_validator | WARNING | Sidecar will return 503 for new orders
2025-09-17 01:51:50,434 | libs.sidecar_validator | INFO | Sidecar validation passed
2025-09-17 01:51:50,580 | httpx | INFO | HTTP Request: GET http://localhost:8787/health "HTTP/1.1 200 OK"
2025-09-17 01:51:50,582 | libs.drift.drivers.swift | INFO | Swift driver initialized: http://localhost:8787, retries=3, auction=True
2025-09-17 01:51:50,673 | httpx | INFO | HTTP Request: POST https://devnet.helius-rpc.com/?api-key=2728d54b-ce26-4696-bb4d-dc8170fcd494 "HTTP/1.1 200 OK"
2025-09-17 01:51:50,742 | httpx | INFO | HTTP Request: POST https://devnet.helius-rpc.com/?api-key=2728d54b-ce26-4696-bb4d-dc8170fcd494 "HTTP/1.1 200 OK"
2025-09-17 01:51:50,836 | httpx | INFO | HTTP Request: POST https://devnet.helius-rpc.com/?api-key=2728d54b-ce26-4696-bb4d-dc8170fcd494 "HTTP/1.1 200 OK"
2025-09-17 01:51:51,856 | libs.sidecar_validator | INFO | Validating sidecar at: http://localhost:8787/health
2025-09-17 01:51:52,512 | httpx | INFO | HTTP Request: GET http://localhost:8787/health "HTTP/1.1 200 OK"
2025-09-17 01:51:52,513 | libs.sidecar_validator | INFO | Sidecar mode: forward
2025-09-17 01:51:52,514 | libs.sidecar_validator | INFO | Forward base: https://swift.drift.trade
2025-09-17 01:51:52,514 | libs.sidecar_validator | INFO | Upstream Swift service healthy: status=200 (155ms)
2025-09-17 01:51:52,514 | libs.sidecar_validator | WARNING | Circuit breaker OPEN: 3/3 consecutive failures
2025-09-17 01:51:52,515 | libs.sidecar_validator | WARNING | Sidecar will return 503 for new orders
2025-09-17 01:51:52,515 | libs.sidecar_validator | INFO | Sidecar validation passed
2025-09-17 01:51:52,664 | httpx | INFO | HTTP Request: GET http://localhost:8787/health "HTTP/1.1 200 OK"
2025-09-17 01:51:52,666 | libs.drift.drivers.swift | INFO | Swift driver initialized: http://localhost:8787, retries=3, auction=True
2025-09-17 01:51:52,740 | httpx | INFO | HTTP Request: POST https://devnet.helius-rpc.com/?api-key=2728d54b-ce26-4696-bb4d-dc8170fcd494 "HTTP/1.1 200 OK"
2025-09-17 01:51:52,839 | httpx | INFO | HTTP Request: POST https://devnet.helius-rpc.com/?api-key=2728d54b-ce26-4696-bb4d-dc8170fcd494 "HTTP/1.1 200 OK"
2025-09-17 01:51:52,922 | httpx | INFO | HTTP Request: POST https://devnet.helius-rpc.com/?api-key=2728d54b-ce26-4696-bb4d-dc8170fcd494 "HTTP/1.1 200 OK"
2025-09-17 01:51:53,957 | libs.sidecar_validator | INFO | Validating sidecar at: http://localhost:8787/health
2025-09-17 01:51:54,522 | httpx | INFO | HTTP Request: GET http://localhost:8787/health "HTTP/1.1 200 OK"
2025-09-17 01:51:54,524 | libs.sidecar_validator | INFO | Sidecar mode: forward
2025-09-17 01:51:54,524 | libs.sidecar_validator | INFO | Forward base: https://swift.drift.trade
2025-09-17 01:51:54,524 | libs.sidecar_validator | INFO | Upstream Swift service healthy: status=200 (141ms)
2025-09-17 01:51:54,524 | libs.sidecar_validator | WARNING | Circuit breaker OPEN: 3/3 consecutive failures
2025-09-17 01:51:54,525 | libs.sidecar_validator | WARNING | Sidecar will return 503 for new orders
2025-09-17 01:51:54,525 | libs.sidecar_validator | INFO | Sidecar validation passed
2025-09-17 01:51:54,669 | httpx | INFO | HTTP Request: GET http://localhost:8787/health "HTTP/1.1 200 OK"
2025-09-17 01:51:54,671 | libs.drift.drivers.swift | INFO | Swift driver initialized: http://localhost:8787, retries=3, auction=True
2025-09-17 01:51:54,798 | httpx | INFO | HTTP Request: POST https://devnet.helius-rpc.com/?api-key=2728d54b-ce26-4696-bb4d-dc8170fcd494 "HTTP/1.1 200 OK"
2025-09-17 01:51:54,889 | httpx | INFO | HTTP Request: POST https://devnet.helius-rpc.com/?api-key=2728d54b-ce26-4696-bb4d-dc8170fcd494 "HTTP/1.1 200 OK"
2025-09-17 01:51:54,952 | httpx | INFO | HTTP Request: POST https://devnet.helius-rpc.com/?api-key=2728d54b-ce26-4696-bb4d-dc8170fcd494 "HTTP/1.1 200 OK"
2025-09-17 01:51:56,013 | libs.sidecar_validator | INFO | Validating sidecar at: http://localhost:8787/health
2025-09-17 01:51:56,779 | httpx | INFO | HTTP Request: GET http://localhost:8787/health "HTTP/1.1 200 OK"
2025-09-17 01:51:56,780 | libs.sidecar_validator | INFO | Sidecar mode: forward
2025-09-17 01:51:56,780 | libs.sidecar_validator | INFO | Forward base: https://swift.drift.trade
2025-09-17 01:51:56,780 | libs.sidecar_validator | INFO | Upstream Swift service healthy: status=200 (327ms)
2025-09-17 01:51:56,781 | libs.sidecar_validator | WARNING | Circuit breaker OPEN: 3/3 consecutive failures
2025-09-17 01:51:56,781 | libs.sidecar_validator | WARNING | Sidecar will return 503 for new orders
2025-09-17 01:51:56,781 | libs.sidecar_validator | INFO | Sidecar validation passed
2025-09-17 01:51:56,934 | httpx | INFO | HTTP Request: GET http://localhost:8787/health "HTTP/1.1 200 OK"
2025-09-17 01:51:56,936 | libs.drift.drivers.swift | INFO | Swift driver initialized: http://localhost:8787, retries=3, auction=True
2025-09-17 01:51:57,014 | httpx | INFO | HTTP Request: POST https://devnet.helius-rpc.com/?api-key=2728d54b-ce26-4696-bb4d-dc8170fcd494 "HTTP/1.1 200 OK"
2025-09-17 01:51:57,091 | httpx | INFO | HTTP Request: POST https://devnet.helius-rpc.com/?api-key=2728d54b-ce26-4696-bb4d-dc8170fcd494 "HTTP/1.1 200 OK"
2025-09-17 01:51:57,163 | httpx | INFO | HTTP Request: POST https://devnet.helius-rpc.com/?api-key=2728d54b-ce26-4696-bb4d-dc8170fcd494 "HTTP/1.1 200 OK"
2025-09-17 01:52:00,191 | libs.sidecar_validator | INFO | Validating sidecar at: http://localhost:8787/health
2025-09-17 01:52:00,742 | httpx | INFO | HTTP Request: GET http://localhost:8787/health "HTTP/1.1 200 OK"
2025-09-17 01:52:00,743 | libs.sidecar_validator | INFO | Sidecar mode: forward
2025-09-17 01:52:00,743 | libs.sidecar_validator | INFO | Forward base: https://swift.drift.trade
2025-09-17 01:52:00,744 | libs.sidecar_validator | INFO | Upstream Swift service healthy: status=200 (140ms)
2025-09-17 01:52:00,744 | libs.sidecar_validator | WARNING | Circuit breaker OPEN: 3/3 consecutive failures
2025-09-17 01:52:00,745 | libs.sidecar_validator | WARNING | Sidecar will return 503 for new orders
2025-09-17 01:52:00,745 | libs.sidecar_validator | INFO | Sidecar validation passed
2025-09-17 01:52:01,076 | httpx | INFO | HTTP Request: GET http://localhost:8787/health "HTTP/1.1 200 OK"
2025-09-17 01:52:01,078 | libs.drift.drivers.swift | INFO | Swift driver initialized: http://localhost:8787, retries=3, auction=True
2025-09-17 01:52:01,174 | httpx | INFO | HTTP Request: POST https://devnet.helius-rpc.com/?api-key=2728d54b-ce26-4696-bb4d-dc8170fcd494 "HTTP/1.1 200 OK"
2025-09-17 01:52:01,245 | httpx | INFO | HTTP Request: POST https://devnet.helius-rpc.com/?api-key=2728d54b-ce26-4696-bb4d-dc8170fcd494 "HTTP/1.1 200 OK"
2025-09-17 01:52:01,333 | httpx | INFO | HTTP Request: POST https://devnet.helius-rpc.com/?api-key=2728d54b-ce26-4696-bb4d-dc8170fcd494 "HTTP/1.1 200 OK"
2025-09-17 01:52:05,545 | libs.sidecar_validator | INFO | Validating sidecar at: http://localhost:8787/health
2025-09-17 01:52:06,110 | httpx | INFO | HTTP Request: GET http://localhost:8787/health "HTTP/1.1 200 OK"
2025-09-17 01:52:06,111 | libs.sidecar_validator | INFO | Sidecar mode: forward
2025-09-17 01:52:06,111 | libs.sidecar_validator | INFO | Forward base: https://swift.drift.trade
2025-09-17 01:52:06,111 | libs.sidecar_validator | INFO | Upstream Swift service healthy: status=200 (156ms)
2025-09-17 01:52:06,111 | libs.sidecar_validator | WARNING | Circuit breaker OPEN: 3/3 consecutive failures
2025-09-17 01:52:06,112 | libs.sidecar_validator | WARNING | Sidecar will return 503 for new orders
2025-09-17 01:52:06,112 | libs.sidecar_validator | INFO | Sidecar validation passed
2025-09-17 01:52:06,264 | httpx | INFO | HTTP Request: GET http://localhost:8787/health "HTTP/1.1 200 OK"
2025-09-17 01:52:06,267 | libs.drift.drivers.swift | INFO | Swift driver initialized: http://localhost:8787, retries=3, auction=True
2025-09-17 01:52:06,415 | httpx | INFO | HTTP Request: POST https://devnet.helius-rpc.com/?api-key=2728d54b-ce26-4696-bb4d-dc8170fcd494 "HTTP/1.1 200 OK"
2025-09-17 01:52:06,490 | httpx | INFO | HTTP Request: POST https://devnet.helius-rpc.com/?api-key=2728d54b-ce26-4696-bb4d-dc8170fcd494 "HTTP/1.1 200 OK"
2025-09-17 01:52:06,620 | httpx | INFO | HTTP Request: POST https://devnet.helius-rpc.com/?api-key=2728d54b-ce26-4696-bb4d-dc8170fcd494 "HTTP/1.1 200 OK"
2025-09-17 01:52:23,275 | libs.sidecar_validator | INFO | Validating sidecar at: http://localhost:8787/health
2025-09-17 01:52:24,111 | httpx | INFO | HTTP Request: GET http://localhost:8787/health "HTTP/1.1 200 OK"
2025-09-17 01:52:24,112 | libs.sidecar_validator | INFO | Sidecar mode: forward
2025-09-17 01:52:24,112 | libs.sidecar_validator | INFO | Forward base: https://swift.drift.trade
2025-09-17 01:52:24,112 | libs.sidecar_validator | INFO | Upstream Swift service healthy: status=200 (413ms)
2025-09-17 01:52:24,112 | libs.sidecar_validator | WARNING | Circuit breaker OPEN: 3/3 consecutive failures
2025-09-17 01:52:24,113 | libs.sidecar_validator | WARNING | Sidecar will return 503 for new orders
2025-09-17 01:52:24,113 | libs.sidecar_validator | INFO | Sidecar validation passed
2025-09-17 01:52:24,470 | httpx | INFO | HTTP Request: GET http://localhost:8787/health "HTTP/1.1 200 OK"
2025-09-17 01:52:24,472 | libs.drift.drivers.swift | INFO | Swift driver initialized: http://localhost:8787, retries=3, auction=True
2025-09-17 01:52:25,142 | httpx | INFO | HTTP Request: POST https://devnet.helius-rpc.com/?api-key=2728d54b-ce26-4696-bb4d-dc8170fcd494 "HTTP/1.1 200 OK"
2025-09-17 01:52:25,222 | httpx | INFO | HTTP Request: POST https://devnet.helius-rpc.com/?api-key=2728d54b-ce26-4696-bb4d-dc8170fcd494 "HTTP/1.1 200 OK"
2025-09-17 01:52:25,500 | httpx | INFO | HTTP Request: POST https://devnet.helius-rpc.com/?api-key=2728d54b-ce26-4696-bb4d-dc8170fcd494 "HTTP/1.1 200 OK"
2025-09-17 01:52:26,537 | libs.sidecar_validator | INFO | Validating sidecar at: http://localhost:8787/health
2025-09-17 01:52:27,371 | httpx | INFO | HTTP Request: GET http://localhost:8787/health "HTTP/1.1 200 OK"
2025-09-17 01:52:27,372 | libs.sidecar_validator | INFO | Sidecar mode: forward
2025-09-17 01:52:27,372 | libs.sidecar_validator | INFO | Forward base: https://swift.drift.trade
2025-09-17 01:52:27,372 | libs.sidecar_validator | INFO | Upstream Swift service healthy: status=200 (350ms)
2025-09-17 01:52:27,372 | libs.sidecar_validator | WARNING | Circuit breaker OPEN: 3/3 consecutive failures
2025-09-17 01:52:27,374 | libs.sidecar_validator | WARNING | Sidecar will return 503 for new orders
2025-09-17 01:52:27,374 | libs.sidecar_validator | INFO | Sidecar validation passed
2025-09-17 01:52:27,537 | httpx | INFO | HTTP Request: GET http://localhost:8787/health "HTTP/1.1 200 OK"
2025-09-17 01:52:27,539 | libs.drift.drivers.swift | INFO | Swift driver initialized: http://localhost:8787, retries=3, auction=True
2025-09-17 01:52:27,688 | httpx | INFO | HTTP Request: POST https://devnet.helius-rpc.com/?api-key=2728d54b-ce26-4696-bb4d-dc8170fcd494 "HTTP/1.1 200 OK"
2025-09-17 01:52:27,759 | httpx | INFO | HTTP Request: POST https://devnet.helius-rpc.com/?api-key=2728d54b-ce26-4696-bb4d-dc8170fcd494 "HTTP/1.1 200 OK"
2025-09-17 01:52:27,865 | httpx | INFO | HTTP Request: POST https://devnet.helius-rpc.com/?api-key=2728d54b-ce26-4696-bb4d-dc8170fcd494 "HTTP/1.1 200 OK"
2025-09-17 01:52:28,917 | libs.sidecar_validator | INFO | Validating sidecar at: http://localhost:8787/health
2025-09-17 01:52:29,772 | httpx | INFO | HTTP Request: GET http://localhost:8787/health "HTTP/1.1 200 OK"
2025-09-17 01:52:29,772 | libs.sidecar_validator | INFO | Sidecar mode: forward
2025-09-17 01:52:29,773 | libs.sidecar_validator | INFO | Forward base: https://swift.drift.trade
2025-09-17 01:52:29,773 | libs.sidecar_validator | INFO | Upstream Swift service healthy: status=200 (147ms)
2025-09-17 01:52:29,773 | libs.sidecar_validator | WARNING | Circuit breaker OPEN: 3/3 consecutive failures
2025-09-17 01:52:29,774 | libs.sidecar_validator | WARNING | Sidecar will return 503 for new orders
2025-09-17 01:52:29,774 | libs.sidecar_validator | INFO | Sidecar validation passed
2025-09-17 01:52:29,935 | httpx | INFO | HTTP Request: GET http://localhost:8787/health "HTTP/1.1 200 OK"
2025-09-17 01:52:29,937 | libs.drift.drivers.swift | INFO | Swift driver initialized: http://localhost:8787, retries=3, auction=True
2025-09-17 01:52:30,083 | httpx | INFO | HTTP Request: POST https://devnet.helius-rpc.com/?api-key=2728d54b-ce26-4696-bb4d-dc8170fcd494 "HTTP/1.1 200 OK"
2025-09-17 01:52:30,179 | httpx | INFO | HTTP Request: POST https://devnet.helius-rpc.com/?api-key=2728d54b-ce26-4696-bb4d-dc8170fcd494 "HTTP/1.1 200 OK"
2025-09-17 01:52:30,327 | httpx | INFO | HTTP Request: POST https://devnet.helius-rpc.com/?api-key=2728d54b-ce26-4696-bb4d-dc8170fcd494 "HTTP/1.1 200 OK"
2025-09-17 01:52:31,337 | libs.sidecar_validator | INFO | Validating sidecar at: http://localhost:8787/health
2025-09-17 01:52:32,021 | httpx | INFO | HTTP Request: GET http://localhost:8787/health "HTTP/1.1 200 OK"
2025-09-17 01:52:32,023 | libs.sidecar_validator | INFO | Sidecar mode: forward
2025-09-17 01:52:32,023 | libs.sidecar_validator | INFO | Forward base: https://swift.drift.trade
2025-09-17 01:52:32,024 | libs.sidecar_validator | INFO | Upstream Swift service healthy: status=200 (155ms)
2025-09-17 01:52:32,024 | libs.sidecar_validator | WARNING | Circuit breaker OPEN: 3/3 consecutive failures
2025-09-17 01:52:32,024 | libs.sidecar_validator | WARNING | Sidecar will return 503 for new orders
2025-09-17 01:52:32,025 | libs.sidecar_validator | INFO | Sidecar validation passed
2025-09-17 01:52:32,187 | httpx | INFO | HTTP Request: GET http://localhost:8787/health "HTTP/1.1 200 OK"
2025-09-17 01:52:32,188 | libs.drift.drivers.swift | INFO | Swift driver initialized: http://localhost:8787, retries=3, auction=True
2025-09-17 01:52:32,290 | httpx | INFO | HTTP Request: POST https://devnet.helius-rpc.com/?api-key=2728d54b-ce26-4696-bb4d-dc8170fcd494 "HTTP/1.1 200 OK"
2025-09-17 01:52:32,367 | httpx | INFO | HTTP Request: POST https://devnet.helius-rpc.com/?api-key=2728d54b-ce26-4696-bb4d-dc8170fcd494 "HTTP/1.1 200 OK"
2025-09-17 01:52:32,463 | httpx | INFO | HTTP Request: POST https://devnet.helius-rpc.com/?api-key=2728d54b-ce26-4696-bb4d-dc8170fcd494 "HTTP/1.1 200 OK"
2025-09-17 01:52:33,536 | libs.sidecar_validator | INFO | Validating sidecar at: http://localhost:8787/health
2025-09-17 01:52:34,186 | httpx | INFO | HTTP Request: GET http://localhost:8787/health "HTTP/1.1 200 OK"
2025-09-17 01:52:34,186 | libs.sidecar_validator | INFO | Sidecar mode: forward
2025-09-17 01:52:34,187 | libs.sidecar_validator | INFO | Forward base: https://swift.drift.trade
2025-09-17 01:52:34,188 | libs.sidecar_validator | INFO | Upstream Swift service healthy: status=200 (143ms)
2025-09-17 01:52:34,188 | libs.sidecar_validator | WARNING | Circuit breaker OPEN: 3/3 consecutive failures
2025-09-17 01:52:34,188 | libs.sidecar_validator | WARNING | Sidecar will return 503 for new orders
2025-09-17 01:52:34,188 | libs.sidecar_validator | INFO | Sidecar validation passed
2025-09-17 01:52:34,349 | httpx | INFO | HTTP Request: GET http://localhost:8787/health "HTTP/1.1 200 OK"
2025-09-17 01:52:34,351 | libs.drift.drivers.swift | INFO | Swift driver initialized: http://localhost:8787, retries=3, auction=True
2025-09-17 01:52:34,487 | httpx | INFO | HTTP Request: POST https://devnet.helius-rpc.com/?api-key=2728d54b-ce26-4696-bb4d-dc8170fcd494 "HTTP/1.1 200 OK"
2025-09-17 01:52:34,562 | httpx | INFO | HTTP Request: POST https://devnet.helius-rpc.com/?api-key=2728d54b-ce26-4696-bb4d-dc8170fcd494 "HTTP/1.1 200 OK"
2025-09-17 01:52:34,659 | httpx | INFO | HTTP Request: POST https://devnet.helius-rpc.com/?api-key=2728d54b-ce26-4696-bb4d-dc8170fcd494 "HTTP/1.1 200 OK"
2025-09-17 01:52:37,701 | libs.sidecar_validator | INFO | Validating sidecar at: http://localhost:8787/health
2025-09-17 01:52:38,502 | httpx | INFO | HTTP Request: GET http://localhost:8787/health "HTTP/1.1 200 OK"
2025-09-17 01:52:38,503 | libs.sidecar_validator | INFO | Sidecar mode: forward
2025-09-17 01:52:38,503 | libs.sidecar_validator | INFO | Forward base: https://swift.drift.trade
2025-09-17 01:52:38,503 | libs.sidecar_validator | INFO | Upstream Swift service healthy: status=200 (329ms)
2025-09-17 01:52:38,504 | libs.sidecar_validator | WARNING | Circuit breaker OPEN: 3/3 consecutive failures
2025-09-17 01:52:38,504 | libs.sidecar_validator | WARNING | Sidecar will return 503 for new orders
2025-09-17 01:52:38,504 | libs.sidecar_validator | INFO | Sidecar validation passed
2025-09-17 01:52:38,840 | httpx | INFO | HTTP Request: GET http://localhost:8787/health "HTTP/1.1 200 OK"
2025-09-17 01:52:38,844 | libs.drift.drivers.swift | INFO | Swift driver initialized: http://localhost:8787, retries=3, auction=True
2025-09-17 01:52:38,980 | httpx | INFO | HTTP Request: POST https://devnet.helius-rpc.com/?api-key=2728d54b-ce26-4696-bb4d-dc8170fcd494 "HTTP/1.1 200 OK"
2025-09-17 01:52:39,058 | httpx | INFO | HTTP Request: POST https://devnet.helius-rpc.com/?api-key=2728d54b-ce26-4696-bb4d-dc8170fcd494 "HTTP/1.1 200 OK"
2025-09-17 01:52:39,195 | httpx | INFO | HTTP Request: POST https://devnet.helius-rpc.com/?api-key=2728d54b-ce26-4696-bb4d-dc8170fcd494 "HTTP/1.1 200 OK"
2025-09-17 01:52:40,207 | libs.sidecar_validator | INFO | Validating sidecar at: http://localhost:8787/health
2025-09-17 01:52:40,827 | httpx | INFO | HTTP Request: GET http://localhost:8787/health "HTTP/1.1 200 OK"
2025-09-17 01:52:40,828 | libs.sidecar_validator | INFO | Sidecar mode: forward
2025-09-17 01:52:40,829 | libs.sidecar_validator | INFO | Forward base: https://swift.drift.trade
2025-09-17 01:52:40,829 | libs.sidecar_validator | INFO | Upstream Swift service healthy: status=200 (156ms)
2025-09-17 01:52:40,830 | libs.sidecar_validator | WARNING | Circuit breaker OPEN: 3/3 consecutive failures
2025-09-17 01:52:40,830 | libs.sidecar_validator | WARNING | Sidecar will return 503 for new orders
2025-09-17 01:52:40,830 | libs.sidecar_validator | INFO | Sidecar validation passed
2025-09-17 01:52:41,179 | httpx | INFO | HTTP Request: GET http://localhost:8787/health "HTTP/1.1 200 OK"
2025-09-17 01:52:41,181 | libs.drift.drivers.swift | INFO | Swift driver initialized: http://localhost:8787, retries=3, auction=True
2025-09-17 01:52:41,317 | httpx | INFO | HTTP Request: POST https://devnet.helius-rpc.com/?api-key=2728d54b-ce26-4696-bb4d-dc8170fcd494 "HTTP/1.1 200 OK"
2025-09-17 01:52:41,436 | httpx | INFO | HTTP Request: POST https://devnet.helius-rpc.com/?api-key=2728d54b-ce26-4696-bb4d-dc8170fcd494 "HTTP/1.1 200 OK"
2025-09-17 01:52:41,534 | httpx | INFO | HTTP Request: POST https://devnet.helius-rpc.com/?api-key=2728d54b-ce26-4696-bb4d-dc8170fcd494 "HTTP/1.1 200 OK"
2025-09-17 01:52:43,468 | libs.sidecar_validator | INFO | Validating sidecar at: http://localhost:8787/health
2025-09-17 01:52:44,237 | httpx | INFO | HTTP Request: GET http://localhost:8787/health "HTTP/1.1 200 OK"
2025-09-17 01:52:44,238 | libs.sidecar_validator | INFO | Sidecar mode: forward
2025-09-17 01:52:44,238 | libs.sidecar_validator | INFO | Forward base: https://swift.drift.trade
2025-09-17 01:52:44,239 | libs.sidecar_validator | INFO | Upstream Swift service healthy: status=200 (330ms)
2025-09-17 01:52:44,239 | libs.sidecar_validator | WARNING | Circuit breaker OPEN: 3/3 consecutive failures
2025-09-17 01:52:44,239 | libs.sidecar_validator | WARNING | Sidecar will return 503 for new orders
2025-09-17 01:52:44,240 | libs.sidecar_validator | INFO | Sidecar validation passed
2025-09-17 01:52:44,403 | httpx | INFO | HTTP Request: GET http://localhost:8787/health "HTTP/1.1 200 OK"
2025-09-17 01:52:44,405 | libs.drift.drivers.swift | INFO | Swift driver initialized: http://localhost:8787, retries=3, auction=True
2025-09-17 01:52:44,486 | httpx | INFO | HTTP Request: POST https://devnet.helius-rpc.com/?api-key=2728d54b-ce26-4696-bb4d-dc8170fcd494 "HTTP/1.1 200 OK"
2025-09-17 01:52:44,681 | httpx | INFO | HTTP Request: POST https://devnet.helius-rpc.com/?api-key=2728d54b-ce26-4696-bb4d-dc8170fcd494 "HTTP/1.1 200 OK"
2025-09-17 01:52:44,873 | httpx | INFO | HTTP Request: POST https://devnet.helius-rpc.com/?api-key=2728d54b-ce26-4696-bb4d-dc8170fcd494 "HTTP/1.1 200 OK"
2025-09-17 01:52:45,904 | libs.sidecar_validator | INFO | Validating sidecar at: http://localhost:8787/health
2025-09-17 01:52:46,477 | httpx | INFO | HTTP Request: GET http://localhost:8787/health "HTTP/1.1 200 OK"
2025-09-17 01:52:46,478 | libs.sidecar_validator | INFO | Sidecar mode: forward
2025-09-17 01:52:46,479 | libs.sidecar_validator | INFO | Forward base: https://swift.drift.trade
2025-09-17 01:52:46,479 | libs.sidecar_validator | INFO | Upstream Swift service healthy: status=200 (143ms)
2025-09-17 01:52:46,479 | libs.sidecar_validator | WARNING | Circuit breaker OPEN: 3/3 consecutive failures
2025-09-17 01:52:46,479 | libs.sidecar_validator | WARNING | Sidecar will return 503 for new orders
2025-09-17 01:52:46,480 | libs.sidecar_validator | INFO | Sidecar validation passed
2025-09-17 01:52:46,629 | httpx | INFO | HTTP Request: GET http://localhost:8787/health "HTTP/1.1 200 OK"
2025-09-17 01:52:46,631 | libs.drift.drivers.swift | INFO | Swift driver initialized: http://localhost:8787, retries=3, auction=True
2025-09-17 01:52:46,711 | httpx | INFO | HTTP Request: POST https://devnet.helius-rpc.com/?api-key=2728d54b-ce26-4696-bb4d-dc8170fcd494 "HTTP/1.1 200 OK"
2025-09-17 01:52:46,816 | httpx | INFO | HTTP Request: POST https://devnet.helius-rpc.com/?api-key=2728d54b-ce26-4696-bb4d-dc8170fcd494 "HTTP/1.1 200 OK"
2025-09-17 01:52:46,906 | httpx | INFO | HTTP Request: POST https://devnet.helius-rpc.com/?api-key=2728d54b-ce26-4696-bb4d-dc8170fcd494 "HTTP/1.1 200 OK"
2025-09-17 01:52:51,734 | libs.sidecar_validator | INFO | Validating sidecar at: http://localhost:8787/health
2025-09-17 01:52:53,001 | httpx | INFO | HTTP Request: GET http://localhost:8787/health "HTTP/1.1 200 OK"
2025-09-17 01:52:53,002 | libs.sidecar_validator | INFO | Sidecar mode: forward
2025-09-17 01:52:53,002 | libs.sidecar_validator | INFO | Forward base: https://swift.drift.trade
2025-09-17 01:52:53,003 | libs.sidecar_validator | INFO | Upstream Swift service healthy: status=200 (758ms)
2025-09-17 01:52:53,003 | libs.sidecar_validator | WARNING | Circuit breaker OPEN: 3/3 consecutive failures
2025-09-17 01:52:53,003 | libs.sidecar_validator | WARNING | Sidecar will return 503 for new orders
2025-09-17 01:52:53,003 | libs.sidecar_validator | INFO | Sidecar validation passed
2025-09-17 01:52:53,370 | httpx | INFO | HTTP Request: GET http://localhost:8787/health "HTTP/1.1 200 OK"
2025-09-17 01:52:53,373 | libs.drift.drivers.swift | INFO | Swift driver initialized: http://localhost:8787, retries=3, auction=True
2025-09-17 01:52:53,872 | httpx | INFO | HTTP Request: POST https://devnet.helius-rpc.com/?api-key=2728d54b-ce26-4696-bb4d-dc8170fcd494 "HTTP/1.1 200 OK"
2025-09-17 01:52:54,016 | httpx | INFO | HTTP Request: POST https://devnet.helius-rpc.com/?api-key=2728d54b-ce26-4696-bb4d-dc8170fcd494 "HTTP/1.1 200 OK"
2025-09-17 01:52:54,186 | httpx | INFO | HTTP Request: POST https://devnet.helius-rpc.com/?api-key=2728d54b-ce26-4696-bb4d-dc8170fcd494 "HTTP/1.1 200 OK"
2025-09-17 01:52:55,211 | libs.sidecar_validator | INFO | Validating sidecar at: http://localhost:8787/health
2025-09-17 01:52:55,993 | httpx | INFO | HTTP Request: GET http://localhost:8787/health "HTTP/1.1 200 OK"
2025-09-17 01:52:55,994 | libs.sidecar_validator | INFO | Sidecar mode: forward
2025-09-17 01:52:55,995 | libs.sidecar_validator | INFO | Forward base: https://swift.drift.trade
2025-09-17 01:52:55,995 | libs.sidecar_validator | INFO | Upstream Swift service healthy: status=200 (141ms)
2025-09-17 01:52:55,995 | libs.sidecar_validator | WARNING | Circuit breaker OPEN: 3/3 consecutive failures
2025-09-17 01:52:55,996 | libs.sidecar_validator | WARNING | Sidecar will return 503 for new orders
2025-09-17 01:52:55,996 | libs.sidecar_validator | INFO | Sidecar validation passed
2025-09-17 01:52:56,343 | httpx | INFO | HTTP Request: GET http://localhost:8787/health "HTTP/1.1 200 OK"
2025-09-17 01:52:56,345 | libs.drift.drivers.swift | INFO | Swift driver initialized: http://localhost:8787, retries=3, auction=True
2025-09-17 01:52:56,523 | httpx | INFO | HTTP Request: POST https://devnet.helius-rpc.com/?api-key=2728d54b-ce26-4696-bb4d-dc8170fcd494 "HTTP/1.1 200 OK"
2025-09-17 01:52:56,660 | httpx | INFO | HTTP Request: POST https://devnet.helius-rpc.com/?api-key=2728d54b-ce26-4696-bb4d-dc8170fcd494 "HTTP/1.1 200 OK"
2025-09-17 01:52:56,720 | httpx | INFO | HTTP Request: POST https://devnet.helius-rpc.com/?api-key=2728d54b-ce26-4696-bb4d-dc8170fcd494 "HTTP/1.1 200 OK"
2025-09-17 01:52:58,615 | libs.sidecar_validator | INFO | Validating sidecar at: http://localhost:8787/health
2025-09-17 01:52:59,270 | httpx | INFO | HTTP Request: GET http://localhost:8787/health "HTTP/1.1 200 OK"
2025-09-17 01:52:59,271 | libs.sidecar_validator | INFO | Sidecar mode: forward
2025-09-17 01:52:59,272 | libs.sidecar_validator | INFO | Forward base: https://swift.drift.trade
2025-09-17 01:52:59,272 | libs.sidecar_validator | INFO | Upstream Swift service healthy: status=200 (144ms)
2025-09-17 01:52:59,273 | libs.sidecar_validator | WARNING | Circuit breaker OPEN: 3/3 consecutive failures
2025-09-17 01:52:59,274 | libs.sidecar_validator | WARNING | Sidecar will return 503 for new orders
2025-09-17 01:52:59,274 | libs.sidecar_validator | INFO | Sidecar validation passed
2025-09-17 01:52:59,425 | httpx | INFO | HTTP Request: GET http://localhost:8787/health "HTTP/1.1 200 OK"
2025-09-17 01:52:59,426 | libs.drift.drivers.swift | INFO | Swift driver initialized: http://localhost:8787, retries=3, auction=True
2025-09-17 01:52:59,545 | httpx | INFO | HTTP Request: POST https://devnet.helius-rpc.com/?api-key=2728d54b-ce26-4696-bb4d-dc8170fcd494 "HTTP/1.1 200 OK"
2025-09-17 01:52:59,654 | httpx | INFO | HTTP Request: POST https://devnet.helius-rpc.com/?api-key=2728d54b-ce26-4696-bb4d-dc8170fcd494 "HTTP/1.1 200 OK"
2025-09-17 01:52:59,795 | httpx | INFO | HTTP Request: POST https://devnet.helius-rpc.com/?api-key=2728d54b-ce26-4696-bb4d-dc8170fcd494 "HTTP/1.1 200 OK"
2025-09-17 01:54:14,475 | libs.sidecar_validator | INFO | Validating sidecar at: http://localhost:8787/health
2025-09-17 01:54:15,287 | httpx | INFO | HTTP Request: GET http://localhost:8787/health "HTTP/1.1 200 OK"
2025-09-17 01:54:15,287 | libs.sidecar_validator | INFO | Sidecar mode: forward
2025-09-17 01:54:15,288 | libs.sidecar_validator | INFO | Forward base: https://swift.drift.trade
2025-09-17 01:54:15,289 | libs.sidecar_validator | INFO | Upstream Swift service healthy: status=200 (392ms)
2025-09-17 01:54:15,289 | libs.sidecar_validator | WARNING | Circuit breaker OPEN: 3/3 consecutive failures
2025-09-17 01:54:15,289 | libs.sidecar_validator | WARNING | Sidecar will return 503 for new orders
2025-09-17 01:54:15,289 | libs.sidecar_validator | INFO | Sidecar validation passed
2025-09-17 01:54:15,446 | httpx | INFO | HTTP Request: GET http://localhost:8787/health "HTTP/1.1 200 OK"
2025-09-17 01:54:15,448 | libs.drift.drivers.swift | INFO | Swift driver initialized: http://localhost:8787, retries=3, auction=True
2025-09-17 01:54:15,709 | httpx | INFO | HTTP Request: POST https://devnet.helius-rpc.com/?api-key=2728d54b-ce26-4696-bb4d-dc8170fcd494 "HTTP/1.1 200 OK"
2025-09-17 01:54:15,889 | httpx | INFO | HTTP Request: POST https://devnet.helius-rpc.com/?api-key=2728d54b-ce26-4696-bb4d-dc8170fcd494 "HTTP/1.1 200 OK"
2025-09-17 01:54:16,037 | httpx | INFO | HTTP Request: POST https://devnet.helius-rpc.com/?api-key=2728d54b-ce26-4696-bb4d-dc8170fcd494 "HTTP/1.1 200 OK"
2025-09-17 02:36:24,283 | __main__ | INFO | STARTING JIT Market-Making Bot in Sniper Mode...
2025-09-17 02:36:24,283 | __main__ | INFO |    Mode: Selective high-quality fills with larger clips
2025-09-17 02:36:24,284 | __main__ | INFO |    Strategy: 30% participation rate, 2-5 SOL clips
2025-09-17 02:36:26,353 | libs.configs.centralized_config_manager | INFO | Switched to environment: local
2025-09-17 02:36:26,354 | libs.configs.centralized_config_manager | INFO | Loaded configuration from configs/environments.yaml
2025-09-17 02:36:26,419 | __main__ | INFO | CONFIG: Sniper configuration loaded:
2025-09-17 02:36:26,420 | __main__ | INFO |    Environment: devnet
2025-09-17 02:36:26,420 | __main__ | INFO |    Market: SOL-PERP
2025-09-17 02:36:26,421 | __main__ | INFO |    Clip Size: 2.5 SOL
2025-09-17 02:36:26,421 | __main__ | INFO |    Max Clip Size: 5.0 SOL
2025-09-17 02:36:26,421 | __main__ | INFO |    Participation Rate: 30.0%
2025-09-17 02:36:26,422 | __main__ | INFO |    Max Position: 25.0 SOL
2025-09-17 02:36:26,422 | __main__ | INFO |    Min Order Size: 5.0 SOL
2025-09-17 02:36:26,422 | __main__ | INFO |    Quality Score Threshold: 0.7
2025-09-17 02:36:27,021 | __main__ | INFO | INIT: Initializing sniper bot...
2025-09-17 02:36:27,024 | libs.sidecar_validator | INFO | Validating sidecar at: http://localhost:8787/health
2025-09-17 02:36:28,304 | httpx | INFO | HTTP Request: GET http://localhost:8787/health "HTTP/1.1 200 OK"
2025-09-17 02:36:28,306 | libs.sidecar_validator | INFO | Sidecar mode: forward
2025-09-17 02:36:28,307 | libs.sidecar_validator | INFO | Forward base: https://swift.drift.trade
2025-09-17 02:36:28,308 | libs.sidecar_validator | INFO | Upstream Swift service healthy: status=200 (695ms)
2025-09-17 02:36:28,309 | libs.sidecar_validator | WARNING | Circuit breaker OPEN: 3/3 consecutive failures
2025-09-17 02:36:28,310 | libs.sidecar_validator | WARNING | Sidecar will return 503 for new orders
2025-09-17 02:36:28,311 | libs.sidecar_validator | INFO | Sidecar validation passed
2025-09-17 02:36:29,264 | httpx | INFO | HTTP Request: POST https://devnet.helius-rpc.com/?api-key=2728d54b-ce26-4696-bb4d-dc8170fcd494 "HTTP/1.1 200 OK"
2025-09-17 02:36:29,400 | httpx | INFO | HTTP Request: POST https://devnet.helius-rpc.com/?api-key=2728d54b-ce26-4696-bb4d-dc8170fcd494 "HTTP/1.1 200 OK"
2025-09-17 02:36:29,617 | httpx | INFO | HTTP Request: POST https://devnet.helius-rpc.com/?api-key=2728d54b-ce26-4696-bb4d-dc8170fcd494 "HTTP/1.1 200 OK"
2025-09-17 02:36:29,943 | httpx | INFO | HTTP Request: POST https://devnet.helius-rpc.com/?api-key=2728d54b-ce26-4696-bb4d-dc8170fcd494 "HTTP/1.1 200 OK"
2025-09-17 02:36:30,100 | httpx | INFO | HTTP Request: POST https://devnet.helius-rpc.com/?api-key=2728d54b-ce26-4696-bb4d-dc8170fcd494 "HTTP/1.1 200 OK"
2025-09-17 02:36:31,319 | httpx | INFO | HTTP Request: POST https://devnet.helius-rpc.com/?api-key=2728d54b-ce26-4696-bb4d-dc8170fcd494 "HTTP/1.1 200 OK"
2025-09-17 02:36:36,389 | libs.startup_validator | INFO | StartupValidator initialized
2025-09-17 02:36:36,390 | libs.startup_validator | INFO | [VALIDATION] Running startup validations...
2025-09-17 02:36:36,392 | libs.startup_validator | INFO | [VALIDATION] All startup validations passed
2025-09-17 02:36:38,090 | httpx | INFO | HTTP Request: GET http://localhost:8787/health "HTTP/1.1 200 OK"
2025-09-17 02:36:38,095 | __main__ | INFO | CONNECT: Starting Swift receiver...
2025-09-17 02:36:38,754 | httpx | INFO | HTTP Request: POST https://devnet.helius-rpc.com/?api-key=2728d54b-ce26-4696-bb4d-dc8170fcd494 "HTTP/1.1 200 OK"
2025-09-17 02:36:39,488 | utils.websocket_resilience | INFO | [UserMap] WebSocket connected successfully
2025-09-17 02:36:40,078 | __main__ | INFO | RUNNING: JIT MM Bot running in SNIPER mode!
2025-09-17 02:36:40,119 | __main__ | INFO |    Press Ctrl+C to stop
2025-09-17 09:47:06,400 | websockets.client | INFO | ! connect failed; reconnecting in 3.8 seconds
Traceback (most recent call last):
  File "C:\Users\Jeremy\AppData\Local\Programs\Python\Python311\Lib\site-packages\websockets\legacy\client.py", line 603, in __aiter__
    async with self as protocol:
  File "C:\Users\Jeremy\AppData\Local\Programs\Python\Python311\Lib\site-packages\solana\rpc\websocket_api.py", line 422, in __aenter__
    protocol = await super().__aenter__()
               ^^^^^^^^^^^^^^^^^^^^^^^^^^
  File "C:\Users\Jeremy\AppData\Local\Programs\Python\Python311\Lib\site-packages\websockets\legacy\client.py", line 634, in __aenter__
    return await self
           ^^^^^^^^^^
  File "C:\Users\Jeremy\AppData\Local\Programs\Python\Python311\Lib\site-packages\websockets\legacy\client.py", line 653, in __await_impl__
    _transport, protocol = await self._create_connection()
                           ^^^^^^^^^^^^^^^^^^^^^^^^^^^^^^^
  File "C:\Users\Jeremy\AppData\Local\Programs\Python\Python311\Lib\asyncio\base_events.py", line 1046, in create_connection
    infos = await self._ensure_resolved(
            ^^^^^^^^^^^^^^^^^^^^^^^^^^^^
  File "C:\Users\Jeremy\AppData\Local\Programs\Python\Python311\Lib\asyncio\base_events.py", line 1420, in _ensure_resolved
    return await loop.getaddrinfo(host, port, family=family, type=type,
           ^^^^^^^^^^^^^^^^^^^^^^^^^^^^^^^^^^^^^^^^^^^^^^^^^^^^^^^^^^^^
  File "C:\Users\Jeremy\AppData\Local\Programs\Python\Python311\Lib\asyncio\base_events.py", line 868, in getaddrinfo
    return await self.run_in_executor(
           ^^^^^^^^^^^^^^^^^^^^^^^^^^^
  File "C:\Users\Jeremy\AppData\Local\Programs\Python\Python311\Lib\concurrent\futures\thread.py", line 58, in run
    result = self.fn(*self.args, **self.kwargs)
             ^^^^^^^^^^^^^^^^^^^^^^^^^^^^^^^^^^
  File "C:\Users\Jeremy\AppData\Local\Programs\Python\Python311\Lib\socket.py", line 962, in getaddrinfo
    for res in _socket.getaddrinfo(host, port, family, type, proto, flags):
               ^^^^^^^^^^^^^^^^^^^^^^^^^^^^^^^^^^^^^^^^^^^^^^^^^^^^^^^^^^^
socket.gaierror: [Errno 11001] getaddrinfo failed
2025-09-17 09:47:06,331 | websockets.client | INFO | ! connect failed; reconnecting in 2.9 seconds
Traceback (most recent call last):
  File "C:\Users\Jeremy\AppData\Local\Programs\Python\Python311\Lib\site-packages\websockets\legacy\client.py", line 603, in __aiter__
    async with self as protocol:
  File "C:\Users\Jeremy\AppData\Local\Programs\Python\Python311\Lib\site-packages\solana\rpc\websocket_api.py", line 422, in __aenter__
    protocol = await super().__aenter__()
               ^^^^^^^^^^^^^^^^^^^^^^^^^^
  File "C:\Users\Jeremy\AppData\Local\Programs\Python\Python311\Lib\site-packages\websockets\legacy\client.py", line 634, in __aenter__
    return await self
           ^^^^^^^^^^
  File "C:\Users\Jeremy\AppData\Local\Programs\Python\Python311\Lib\site-packages\websockets\legacy\client.py", line 653, in __await_impl__
    _transport, protocol = await self._create_connection()
                           ^^^^^^^^^^^^^^^^^^^^^^^^^^^^^^^
  File "C:\Users\Jeremy\AppData\Local\Programs\Python\Python311\Lib\asyncio\base_events.py", line 1046, in create_connection
    infos = await self._ensure_resolved(
            ^^^^^^^^^^^^^^^^^^^^^^^^^^^^
  File "C:\Users\Jeremy\AppData\Local\Programs\Python\Python311\Lib\asyncio\base_events.py", line 1420, in _ensure_resolved
    return await loop.getaddrinfo(host, port, family=family, type=type,
           ^^^^^^^^^^^^^^^^^^^^^^^^^^^^^^^^^^^^^^^^^^^^^^^^^^^^^^^^^^^^
  File "C:\Users\Jeremy\AppData\Local\Programs\Python\Python311\Lib\asyncio\base_events.py", line 868, in getaddrinfo
    return await self.run_in_executor(
           ^^^^^^^^^^^^^^^^^^^^^^^^^^^
  File "C:\Users\Jeremy\AppData\Local\Programs\Python\Python311\Lib\concurrent\futures\thread.py", line 58, in run
    result = self.fn(*self.args, **self.kwargs)
             ^^^^^^^^^^^^^^^^^^^^^^^^^^^^^^^^^^
  File "C:\Users\Jeremy\AppData\Local\Programs\Python\Python311\Lib\socket.py", line 962, in getaddrinfo
    for res in _socket.getaddrinfo(host, port, family, type, proto, flags):
               ^^^^^^^^^^^^^^^^^^^^^^^^^^^^^^^^^^^^^^^^^^^^^^^^^^^^^^^^^^^
socket.gaierror: [Errno 11001] getaddrinfo failed
2025-09-17 09:47:06,431 | websockets.client | INFO | ! connect failed; reconnecting in 1.0 seconds
Traceback (most recent call last):
  File "C:\Users\Jeremy\AppData\Local\Programs\Python\Python311\Lib\site-packages\websockets\legacy\client.py", line 603, in __aiter__
    async with self as protocol:
  File "C:\Users\Jeremy\AppData\Local\Programs\Python\Python311\Lib\site-packages\solana\rpc\websocket_api.py", line 422, in __aenter__
    protocol = await super().__aenter__()
               ^^^^^^^^^^^^^^^^^^^^^^^^^^
  File "C:\Users\Jeremy\AppData\Local\Programs\Python\Python311\Lib\site-packages\websockets\legacy\client.py", line 634, in __aenter__
    return await self
           ^^^^^^^^^^
  File "C:\Users\Jeremy\AppData\Local\Programs\Python\Python311\Lib\site-packages\websockets\legacy\client.py", line 653, in __await_impl__
    _transport, protocol = await self._create_connection()
                           ^^^^^^^^^^^^^^^^^^^^^^^^^^^^^^^
  File "C:\Users\Jeremy\AppData\Local\Programs\Python\Python311\Lib\asyncio\base_events.py", line 1046, in create_connection
    infos = await self._ensure_resolved(
            ^^^^^^^^^^^^^^^^^^^^^^^^^^^^
  File "C:\Users\Jeremy\AppData\Local\Programs\Python\Python311\Lib\asyncio\base_events.py", line 1420, in _ensure_resolved
    return await loop.getaddrinfo(host, port, family=family, type=type,
           ^^^^^^^^^^^^^^^^^^^^^^^^^^^^^^^^^^^^^^^^^^^^^^^^^^^^^^^^^^^^
  File "C:\Users\Jeremy\AppData\Local\Programs\Python\Python311\Lib\asyncio\base_events.py", line 868, in getaddrinfo
    return await self.run_in_executor(
           ^^^^^^^^^^^^^^^^^^^^^^^^^^^
  File "C:\Users\Jeremy\AppData\Local\Programs\Python\Python311\Lib\concurrent\futures\thread.py", line 58, in run
    result = self.fn(*self.args, **self.kwargs)
             ^^^^^^^^^^^^^^^^^^^^^^^^^^^^^^^^^^
  File "C:\Users\Jeremy\AppData\Local\Programs\Python\Python311\Lib\socket.py", line 962, in getaddrinfo
    for res in _socket.getaddrinfo(host, port, family, type, proto, flags):
               ^^^^^^^^^^^^^^^^^^^^^^^^^^^^^^^^^^^^^^^^^^^^^^^^^^^^^^^^^^^
socket.gaierror: [Errno 11001] getaddrinfo failed
2025-09-17 09:47:06,437 | websockets.client | INFO | ! connect failed; reconnecting in 0.7 seconds
Traceback (most recent call last):
  File "C:\Users\Jeremy\AppData\Local\Programs\Python\Python311\Lib\site-packages\websockets\legacy\client.py", line 603, in __aiter__
    async with self as protocol:
  File "C:\Users\Jeremy\AppData\Local\Programs\Python\Python311\Lib\site-packages\solana\rpc\websocket_api.py", line 422, in __aenter__
    protocol = await super().__aenter__()
               ^^^^^^^^^^^^^^^^^^^^^^^^^^
  File "C:\Users\Jeremy\AppData\Local\Programs\Python\Python311\Lib\site-packages\websockets\legacy\client.py", line 634, in __aenter__
    return await self
           ^^^^^^^^^^
  File "C:\Users\Jeremy\AppData\Local\Programs\Python\Python311\Lib\site-packages\websockets\legacy\client.py", line 653, in __await_impl__
    _transport, protocol = await self._create_connection()
                           ^^^^^^^^^^^^^^^^^^^^^^^^^^^^^^^
  File "C:\Users\Jeremy\AppData\Local\Programs\Python\Python311\Lib\asyncio\base_events.py", line 1046, in create_connection
    infos = await self._ensure_resolved(
            ^^^^^^^^^^^^^^^^^^^^^^^^^^^^
  File "C:\Users\Jeremy\AppData\Local\Programs\Python\Python311\Lib\asyncio\base_events.py", line 1420, in _ensure_resolved
    return await loop.getaddrinfo(host, port, family=family, type=type,
           ^^^^^^^^^^^^^^^^^^^^^^^^^^^^^^^^^^^^^^^^^^^^^^^^^^^^^^^^^^^^
  File "C:\Users\Jeremy\AppData\Local\Programs\Python\Python311\Lib\asyncio\base_events.py", line 868, in getaddrinfo
    return await self.run_in_executor(
           ^^^^^^^^^^^^^^^^^^^^^^^^^^^
  File "C:\Users\Jeremy\AppData\Local\Programs\Python\Python311\Lib\concurrent\futures\thread.py", line 58, in run
    result = self.fn(*self.args, **self.kwargs)
             ^^^^^^^^^^^^^^^^^^^^^^^^^^^^^^^^^^
  File "C:\Users\Jeremy\AppData\Local\Programs\Python\Python311\Lib\socket.py", line 962, in getaddrinfo
    for res in _socket.getaddrinfo(host, port, family, type, proto, flags):
               ^^^^^^^^^^^^^^^^^^^^^^^^^^^^^^^^^^^^^^^^^^^^^^^^^^^^^^^^^^^
socket.gaierror: [Errno 11001] getaddrinfo failed
2025-09-17 09:47:06,447 | websockets.client | INFO | ! connect failed; reconnecting in 2.9 seconds
Traceback (most recent call last):
  File "C:\Users\Jeremy\AppData\Local\Programs\Python\Python311\Lib\site-packages\websockets\legacy\client.py", line 603, in __aiter__
    async with self as protocol:
  File "C:\Users\Jeremy\AppData\Local\Programs\Python\Python311\Lib\site-packages\solana\rpc\websocket_api.py", line 422, in __aenter__
    protocol = await super().__aenter__()
               ^^^^^^^^^^^^^^^^^^^^^^^^^^
  File "C:\Users\Jeremy\AppData\Local\Programs\Python\Python311\Lib\site-packages\websockets\legacy\client.py", line 634, in __aenter__
    return await self
           ^^^^^^^^^^
  File "C:\Users\Jeremy\AppData\Local\Programs\Python\Python311\Lib\site-packages\websockets\legacy\client.py", line 653, in __await_impl__
    _transport, protocol = await self._create_connection()
                           ^^^^^^^^^^^^^^^^^^^^^^^^^^^^^^^
  File "C:\Users\Jeremy\AppData\Local\Programs\Python\Python311\Lib\asyncio\base_events.py", line 1046, in create_connection
    infos = await self._ensure_resolved(
            ^^^^^^^^^^^^^^^^^^^^^^^^^^^^
  File "C:\Users\Jeremy\AppData\Local\Programs\Python\Python311\Lib\asyncio\base_events.py", line 1420, in _ensure_resolved
    return await loop.getaddrinfo(host, port, family=family, type=type,
           ^^^^^^^^^^^^^^^^^^^^^^^^^^^^^^^^^^^^^^^^^^^^^^^^^^^^^^^^^^^^
  File "C:\Users\Jeremy\AppData\Local\Programs\Python\Python311\Lib\asyncio\base_events.py", line 868, in getaddrinfo
    return await self.run_in_executor(
           ^^^^^^^^^^^^^^^^^^^^^^^^^^^
  File "C:\Users\Jeremy\AppData\Local\Programs\Python\Python311\Lib\concurrent\futures\thread.py", line 58, in run
    result = self.fn(*self.args, **self.kwargs)
             ^^^^^^^^^^^^^^^^^^^^^^^^^^^^^^^^^^
  File "C:\Users\Jeremy\AppData\Local\Programs\Python\Python311\Lib\socket.py", line 962, in getaddrinfo
    for res in _socket.getaddrinfo(host, port, family, type, proto, flags):
               ^^^^^^^^^^^^^^^^^^^^^^^^^^^^^^^^^^^^^^^^^^^^^^^^^^^^^^^^^^^
socket.gaierror: [Errno 11001] getaddrinfo failed
2025-09-17 09:47:06,455 | websockets.client | INFO | ! connect failed; reconnecting in 1.5 seconds
Traceback (most recent call last):
  File "C:\Users\Jeremy\AppData\Local\Programs\Python\Python311\Lib\site-packages\websockets\legacy\client.py", line 603, in __aiter__
    async with self as protocol:
  File "C:\Users\Jeremy\AppData\Local\Programs\Python\Python311\Lib\site-packages\solana\rpc\websocket_api.py", line 422, in __aenter__
    protocol = await super().__aenter__()
               ^^^^^^^^^^^^^^^^^^^^^^^^^^
  File "C:\Users\Jeremy\AppData\Local\Programs\Python\Python311\Lib\site-packages\websockets\legacy\client.py", line 634, in __aenter__
    return await self
           ^^^^^^^^^^
  File "C:\Users\Jeremy\AppData\Local\Programs\Python\Python311\Lib\site-packages\websockets\legacy\client.py", line 653, in __await_impl__
    _transport, protocol = await self._create_connection()
                           ^^^^^^^^^^^^^^^^^^^^^^^^^^^^^^^
  File "C:\Users\Jeremy\AppData\Local\Programs\Python\Python311\Lib\asyncio\base_events.py", line 1046, in create_connection
    infos = await self._ensure_resolved(
            ^^^^^^^^^^^^^^^^^^^^^^^^^^^^
  File "C:\Users\Jeremy\AppData\Local\Programs\Python\Python311\Lib\asyncio\base_events.py", line 1420, in _ensure_resolved
    return await loop.getaddrinfo(host, port, family=family, type=type,
           ^^^^^^^^^^^^^^^^^^^^^^^^^^^^^^^^^^^^^^^^^^^^^^^^^^^^^^^^^^^^
  File "C:\Users\Jeremy\AppData\Local\Programs\Python\Python311\Lib\asyncio\base_events.py", line 868, in getaddrinfo
    return await self.run_in_executor(
           ^^^^^^^^^^^^^^^^^^^^^^^^^^^
  File "C:\Users\Jeremy\AppData\Local\Programs\Python\Python311\Lib\concurrent\futures\thread.py", line 58, in run
    result = self.fn(*self.args, **self.kwargs)
             ^^^^^^^^^^^^^^^^^^^^^^^^^^^^^^^^^^
  File "C:\Users\Jeremy\AppData\Local\Programs\Python\Python311\Lib\socket.py", line 962, in getaddrinfo
    for res in _socket.getaddrinfo(host, port, family, type, proto, flags):
               ^^^^^^^^^^^^^^^^^^^^^^^^^^^^^^^^^^^^^^^^^^^^^^^^^^^^^^^^^^^
socket.gaierror: [Errno 11001] getaddrinfo failed
2025-09-17 09:47:06,458 | websockets.client | INFO | ! connect failed; reconnecting in 4.0 seconds
Traceback (most recent call last):
  File "C:\Users\Jeremy\AppData\Local\Programs\Python\Python311\Lib\site-packages\websockets\legacy\client.py", line 603, in __aiter__
    async with self as protocol:
  File "C:\Users\Jeremy\AppData\Local\Programs\Python\Python311\Lib\site-packages\solana\rpc\websocket_api.py", line 422, in __aenter__
    protocol = await super().__aenter__()
               ^^^^^^^^^^^^^^^^^^^^^^^^^^
  File "C:\Users\Jeremy\AppData\Local\Programs\Python\Python311\Lib\site-packages\websockets\legacy\client.py", line 634, in __aenter__
    return await self
           ^^^^^^^^^^
  File "C:\Users\Jeremy\AppData\Local\Programs\Python\Python311\Lib\site-packages\websockets\legacy\client.py", line 653, in __await_impl__
    _transport, protocol = await self._create_connection()
                           ^^^^^^^^^^^^^^^^^^^^^^^^^^^^^^^
  File "C:\Users\Jeremy\AppData\Local\Programs\Python\Python311\Lib\asyncio\base_events.py", line 1046, in create_connection
    infos = await self._ensure_resolved(
            ^^^^^^^^^^^^^^^^^^^^^^^^^^^^
  File "C:\Users\Jeremy\AppData\Local\Programs\Python\Python311\Lib\asyncio\base_events.py", line 1420, in _ensure_resolved
    return await loop.getaddrinfo(host, port, family=family, type=type,
           ^^^^^^^^^^^^^^^^^^^^^^^^^^^^^^^^^^^^^^^^^^^^^^^^^^^^^^^^^^^^
  File "C:\Users\Jeremy\AppData\Local\Programs\Python\Python311\Lib\asyncio\base_events.py", line 868, in getaddrinfo
    return await self.run_in_executor(
           ^^^^^^^^^^^^^^^^^^^^^^^^^^^
  File "C:\Users\Jeremy\AppData\Local\Programs\Python\Python311\Lib\concurrent\futures\thread.py", line 58, in run
    result = self.fn(*self.args, **self.kwargs)
             ^^^^^^^^^^^^^^^^^^^^^^^^^^^^^^^^^^
  File "C:\Users\Jeremy\AppData\Local\Programs\Python\Python311\Lib\socket.py", line 962, in getaddrinfo
    for res in _socket.getaddrinfo(host, port, family, type, proto, flags):
               ^^^^^^^^^^^^^^^^^^^^^^^^^^^^^^^^^^^^^^^^^^^^^^^^^^^^^^^^^^^
socket.gaierror: [Errno 11001] getaddrinfo failed
2025-09-17 09:47:06,467 | websockets.client | INFO | ! connect failed; reconnecting in 1.2 seconds
Traceback (most recent call last):
  File "C:\Users\Jeremy\AppData\Local\Programs\Python\Python311\Lib\site-packages\websockets\legacy\client.py", line 603, in __aiter__
    async with self as protocol:
  File "C:\Users\Jeremy\AppData\Local\Programs\Python\Python311\Lib\site-packages\solana\rpc\websocket_api.py", line 422, in __aenter__
    protocol = await super().__aenter__()
               ^^^^^^^^^^^^^^^^^^^^^^^^^^
  File "C:\Users\Jeremy\AppData\Local\Programs\Python\Python311\Lib\site-packages\websockets\legacy\client.py", line 634, in __aenter__
    return await self
           ^^^^^^^^^^
  File "C:\Users\Jeremy\AppData\Local\Programs\Python\Python311\Lib\site-packages\websockets\legacy\client.py", line 653, in __await_impl__
    _transport, protocol = await self._create_connection()
                           ^^^^^^^^^^^^^^^^^^^^^^^^^^^^^^^
  File "C:\Users\Jeremy\AppData\Local\Programs\Python\Python311\Lib\asyncio\base_events.py", line 1046, in create_connection
    infos = await self._ensure_resolved(
            ^^^^^^^^^^^^^^^^^^^^^^^^^^^^
  File "C:\Users\Jeremy\AppData\Local\Programs\Python\Python311\Lib\asyncio\base_events.py", line 1420, in _ensure_resolved
    return await loop.getaddrinfo(host, port, family=family, type=type,
           ^^^^^^^^^^^^^^^^^^^^^^^^^^^^^^^^^^^^^^^^^^^^^^^^^^^^^^^^^^^^
  File "C:\Users\Jeremy\AppData\Local\Programs\Python\Python311\Lib\asyncio\base_events.py", line 868, in getaddrinfo
    return await self.run_in_executor(
           ^^^^^^^^^^^^^^^^^^^^^^^^^^^
  File "C:\Users\Jeremy\AppData\Local\Programs\Python\Python311\Lib\concurrent\futures\thread.py", line 58, in run
    result = self.fn(*self.args, **self.kwargs)
             ^^^^^^^^^^^^^^^^^^^^^^^^^^^^^^^^^^
  File "C:\Users\Jeremy\AppData\Local\Programs\Python\Python311\Lib\socket.py", line 962, in getaddrinfo
    for res in _socket.getaddrinfo(host, port, family, type, proto, flags):
               ^^^^^^^^^^^^^^^^^^^^^^^^^^^^^^^^^^^^^^^^^^^^^^^^^^^^^^^^^^^
socket.gaierror: [Errno 11001] getaddrinfo failed
2025-09-17 09:47:06,472 | websockets.client | INFO | ! connect failed; reconnecting in 0.2 seconds
Traceback (most recent call last):
  File "C:\Users\Jeremy\AppData\Local\Programs\Python\Python311\Lib\site-packages\websockets\legacy\client.py", line 603, in __aiter__
    async with self as protocol:
  File "C:\Users\Jeremy\AppData\Local\Programs\Python\Python311\Lib\site-packages\solana\rpc\websocket_api.py", line 422, in __aenter__
    protocol = await super().__aenter__()
               ^^^^^^^^^^^^^^^^^^^^^^^^^^
  File "C:\Users\Jeremy\AppData\Local\Programs\Python\Python311\Lib\site-packages\websockets\legacy\client.py", line 634, in __aenter__
    return await self
           ^^^^^^^^^^
  File "C:\Users\Jeremy\AppData\Local\Programs\Python\Python311\Lib\site-packages\websockets\legacy\client.py", line 653, in __await_impl__
    _transport, protocol = await self._create_connection()
                           ^^^^^^^^^^^^^^^^^^^^^^^^^^^^^^^
  File "C:\Users\Jeremy\AppData\Local\Programs\Python\Python311\Lib\asyncio\base_events.py", line 1046, in create_connection
    infos = await self._ensure_resolved(
            ^^^^^^^^^^^^^^^^^^^^^^^^^^^^
  File "C:\Users\Jeremy\AppData\Local\Programs\Python\Python311\Lib\asyncio\base_events.py", line 1420, in _ensure_resolved
    return await loop.getaddrinfo(host, port, family=family, type=type,
           ^^^^^^^^^^^^^^^^^^^^^^^^^^^^^^^^^^^^^^^^^^^^^^^^^^^^^^^^^^^^
  File "C:\Users\Jeremy\AppData\Local\Programs\Python\Python311\Lib\asyncio\base_events.py", line 868, in getaddrinfo
    return await self.run_in_executor(
           ^^^^^^^^^^^^^^^^^^^^^^^^^^^
  File "C:\Users\Jeremy\AppData\Local\Programs\Python\Python311\Lib\concurrent\futures\thread.py", line 58, in run
    result = self.fn(*self.args, **self.kwargs)
             ^^^^^^^^^^^^^^^^^^^^^^^^^^^^^^^^^^
  File "C:\Users\Jeremy\AppData\Local\Programs\Python\Python311\Lib\socket.py", line 962, in getaddrinfo
    for res in _socket.getaddrinfo(host, port, family, type, proto, flags):
               ^^^^^^^^^^^^^^^^^^^^^^^^^^^^^^^^^^^^^^^^^^^^^^^^^^^^^^^^^^^
socket.gaierror: [Errno 11001] getaddrinfo failed
2025-09-17 09:47:06,488 | websockets.client | INFO | ! connect failed; reconnecting in 3.9 seconds
Traceback (most recent call last):
  File "C:\Users\Jeremy\AppData\Local\Programs\Python\Python311\Lib\site-packages\websockets\legacy\client.py", line 603, in __aiter__
    async with self as protocol:
  File "C:\Users\Jeremy\AppData\Local\Programs\Python\Python311\Lib\site-packages\solana\rpc\websocket_api.py", line 422, in __aenter__
    protocol = await super().__aenter__()
               ^^^^^^^^^^^^^^^^^^^^^^^^^^
  File "C:\Users\Jeremy\AppData\Local\Programs\Python\Python311\Lib\site-packages\websockets\legacy\client.py", line 634, in __aenter__
    return await self
           ^^^^^^^^^^
  File "C:\Users\Jeremy\AppData\Local\Programs\Python\Python311\Lib\site-packages\websockets\legacy\client.py", line 653, in __await_impl__
    _transport, protocol = await self._create_connection()
                           ^^^^^^^^^^^^^^^^^^^^^^^^^^^^^^^
  File "C:\Users\Jeremy\AppData\Local\Programs\Python\Python311\Lib\asyncio\base_events.py", line 1046, in create_connection
    infos = await self._ensure_resolved(
            ^^^^^^^^^^^^^^^^^^^^^^^^^^^^
  File "C:\Users\Jeremy\AppData\Local\Programs\Python\Python311\Lib\asyncio\base_events.py", line 1420, in _ensure_resolved
    return await loop.getaddrinfo(host, port, family=family, type=type,
           ^^^^^^^^^^^^^^^^^^^^^^^^^^^^^^^^^^^^^^^^^^^^^^^^^^^^^^^^^^^^
  File "C:\Users\Jeremy\AppData\Local\Programs\Python\Python311\Lib\asyncio\base_events.py", line 868, in getaddrinfo
    return await self.run_in_executor(
           ^^^^^^^^^^^^^^^^^^^^^^^^^^^
  File "C:\Users\Jeremy\AppData\Local\Programs\Python\Python311\Lib\concurrent\futures\thread.py", line 58, in run
    result = self.fn(*self.args, **self.kwargs)
             ^^^^^^^^^^^^^^^^^^^^^^^^^^^^^^^^^^
  File "C:\Users\Jeremy\AppData\Local\Programs\Python\Python311\Lib\socket.py", line 962, in getaddrinfo
    for res in _socket.getaddrinfo(host, port, family, type, proto, flags):
               ^^^^^^^^^^^^^^^^^^^^^^^^^^^^^^^^^^^^^^^^^^^^^^^^^^^^^^^^^^^
socket.gaierror: [Errno 11001] getaddrinfo failed
2025-09-17 09:47:06,517 | websockets.client | INFO | ! connect failed; reconnecting in 3.1 seconds
Traceback (most recent call last):
  File "C:\Users\Jeremy\AppData\Local\Programs\Python\Python311\Lib\site-packages\websockets\legacy\client.py", line 603, in __aiter__
    async with self as protocol:
  File "C:\Users\Jeremy\AppData\Local\Programs\Python\Python311\Lib\site-packages\solana\rpc\websocket_api.py", line 422, in __aenter__
    protocol = await super().__aenter__()
               ^^^^^^^^^^^^^^^^^^^^^^^^^^
  File "C:\Users\Jeremy\AppData\Local\Programs\Python\Python311\Lib\site-packages\websockets\legacy\client.py", line 634, in __aenter__
    return await self
           ^^^^^^^^^^
  File "C:\Users\Jeremy\AppData\Local\Programs\Python\Python311\Lib\site-packages\websockets\legacy\client.py", line 653, in __await_impl__
    _transport, protocol = await self._create_connection()
                           ^^^^^^^^^^^^^^^^^^^^^^^^^^^^^^^
  File "C:\Users\Jeremy\AppData\Local\Programs\Python\Python311\Lib\asyncio\base_events.py", line 1046, in create_connection
    infos = await self._ensure_resolved(
            ^^^^^^^^^^^^^^^^^^^^^^^^^^^^
  File "C:\Users\Jeremy\AppData\Local\Programs\Python\Python311\Lib\asyncio\base_events.py", line 1420, in _ensure_resolved
    return await loop.getaddrinfo(host, port, family=family, type=type,
           ^^^^^^^^^^^^^^^^^^^^^^^^^^^^^^^^^^^^^^^^^^^^^^^^^^^^^^^^^^^^
  File "C:\Users\Jeremy\AppData\Local\Programs\Python\Python311\Lib\asyncio\base_events.py", line 868, in getaddrinfo
    return await self.run_in_executor(
           ^^^^^^^^^^^^^^^^^^^^^^^^^^^
  File "C:\Users\Jeremy\AppData\Local\Programs\Python\Python311\Lib\concurrent\futures\thread.py", line 58, in run
    result = self.fn(*self.args, **self.kwargs)
             ^^^^^^^^^^^^^^^^^^^^^^^^^^^^^^^^^^
  File "C:\Users\Jeremy\AppData\Local\Programs\Python\Python311\Lib\socket.py", line 962, in getaddrinfo
    for res in _socket.getaddrinfo(host, port, family, type, proto, flags):
               ^^^^^^^^^^^^^^^^^^^^^^^^^^^^^^^^^^^^^^^^^^^^^^^^^^^^^^^^^^^
socket.gaierror: [Errno 11001] getaddrinfo failed
2025-09-17 09:47:06,518 | websockets.client | INFO | ! connect failed; reconnecting in 1.1 seconds
Traceback (most recent call last):
  File "C:\Users\Jeremy\AppData\Local\Programs\Python\Python311\Lib\site-packages\websockets\legacy\client.py", line 603, in __aiter__
    async with self as protocol:
  File "C:\Users\Jeremy\AppData\Local\Programs\Python\Python311\Lib\site-packages\solana\rpc\websocket_api.py", line 422, in __aenter__
    protocol = await super().__aenter__()
               ^^^^^^^^^^^^^^^^^^^^^^^^^^
  File "C:\Users\Jeremy\AppData\Local\Programs\Python\Python311\Lib\site-packages\websockets\legacy\client.py", line 634, in __aenter__
    return await self
           ^^^^^^^^^^
  File "C:\Users\Jeremy\AppData\Local\Programs\Python\Python311\Lib\site-packages\websockets\legacy\client.py", line 653, in __await_impl__
    _transport, protocol = await self._create_connection()
                           ^^^^^^^^^^^^^^^^^^^^^^^^^^^^^^^
  File "C:\Users\Jeremy\AppData\Local\Programs\Python\Python311\Lib\asyncio\base_events.py", line 1046, in create_connection
    infos = await self._ensure_resolved(
            ^^^^^^^^^^^^^^^^^^^^^^^^^^^^
  File "C:\Users\Jeremy\AppData\Local\Programs\Python\Python311\Lib\asyncio\base_events.py", line 1420, in _ensure_resolved
    return await loop.getaddrinfo(host, port, family=family, type=type,
           ^^^^^^^^^^^^^^^^^^^^^^^^^^^^^^^^^^^^^^^^^^^^^^^^^^^^^^^^^^^^
  File "C:\Users\Jeremy\AppData\Local\Programs\Python\Python311\Lib\asyncio\base_events.py", line 868, in getaddrinfo
    return await self.run_in_executor(
           ^^^^^^^^^^^^^^^^^^^^^^^^^^^
  File "C:\Users\Jeremy\AppData\Local\Programs\Python\Python311\Lib\concurrent\futures\thread.py", line 58, in run
    result = self.fn(*self.args, **self.kwargs)
             ^^^^^^^^^^^^^^^^^^^^^^^^^^^^^^^^^^
  File "C:\Users\Jeremy\AppData\Local\Programs\Python\Python311\Lib\socket.py", line 962, in getaddrinfo
    for res in _socket.getaddrinfo(host, port, family, type, proto, flags):
               ^^^^^^^^^^^^^^^^^^^^^^^^^^^^^^^^^^^^^^^^^^^^^^^^^^^^^^^^^^^
socket.gaierror: [Errno 11001] getaddrinfo failed
2025-09-17 09:47:06,525 | websockets.client | INFO | ! connect failed; reconnecting in 2.6 seconds
Traceback (most recent call last):
  File "C:\Users\Jeremy\AppData\Local\Programs\Python\Python311\Lib\site-packages\websockets\legacy\client.py", line 603, in __aiter__
    async with self as protocol:
  File "C:\Users\Jeremy\AppData\Local\Programs\Python\Python311\Lib\site-packages\solana\rpc\websocket_api.py", line 422, in __aenter__
    protocol = await super().__aenter__()
               ^^^^^^^^^^^^^^^^^^^^^^^^^^
  File "C:\Users\Jeremy\AppData\Local\Programs\Python\Python311\Lib\site-packages\websockets\legacy\client.py", line 634, in __aenter__
    return await self
           ^^^^^^^^^^
  File "C:\Users\Jeremy\AppData\Local\Programs\Python\Python311\Lib\site-packages\websockets\legacy\client.py", line 653, in __await_impl__
    _transport, protocol = await self._create_connection()
                           ^^^^^^^^^^^^^^^^^^^^^^^^^^^^^^^
  File "C:\Users\Jeremy\AppData\Local\Programs\Python\Python311\Lib\asyncio\base_events.py", line 1046, in create_connection
    infos = await self._ensure_resolved(
            ^^^^^^^^^^^^^^^^^^^^^^^^^^^^
  File "C:\Users\Jeremy\AppData\Local\Programs\Python\Python311\Lib\asyncio\base_events.py", line 1420, in _ensure_resolved
    return await loop.getaddrinfo(host, port, family=family, type=type,
           ^^^^^^^^^^^^^^^^^^^^^^^^^^^^^^^^^^^^^^^^^^^^^^^^^^^^^^^^^^^^
  File "C:\Users\Jeremy\AppData\Local\Programs\Python\Python311\Lib\asyncio\base_events.py", line 868, in getaddrinfo
    return await self.run_in_executor(
           ^^^^^^^^^^^^^^^^^^^^^^^^^^^
  File "C:\Users\Jeremy\AppData\Local\Programs\Python\Python311\Lib\concurrent\futures\thread.py", line 58, in run
    result = self.fn(*self.args, **self.kwargs)
             ^^^^^^^^^^^^^^^^^^^^^^^^^^^^^^^^^^
  File "C:\Users\Jeremy\AppData\Local\Programs\Python\Python311\Lib\socket.py", line 962, in getaddrinfo
    for res in _socket.getaddrinfo(host, port, family, type, proto, flags):
               ^^^^^^^^^^^^^^^^^^^^^^^^^^^^^^^^^^^^^^^^^^^^^^^^^^^^^^^^^^^
socket.gaierror: [Errno 11001] getaddrinfo failed
2025-09-17 09:47:06,532 | websockets.client | INFO | ! connect failed; reconnecting in 3.1 seconds
Traceback (most recent call last):
  File "C:\Users\Jeremy\AppData\Local\Programs\Python\Python311\Lib\site-packages\websockets\legacy\client.py", line 603, in __aiter__
    async with self as protocol:
  File "C:\Users\Jeremy\AppData\Local\Programs\Python\Python311\Lib\site-packages\solana\rpc\websocket_api.py", line 422, in __aenter__
    protocol = await super().__aenter__()
               ^^^^^^^^^^^^^^^^^^^^^^^^^^
  File "C:\Users\Jeremy\AppData\Local\Programs\Python\Python311\Lib\site-packages\websockets\legacy\client.py", line 634, in __aenter__
    return await self
           ^^^^^^^^^^
  File "C:\Users\Jeremy\AppData\Local\Programs\Python\Python311\Lib\site-packages\websockets\legacy\client.py", line 653, in __await_impl__
    _transport, protocol = await self._create_connection()
                           ^^^^^^^^^^^^^^^^^^^^^^^^^^^^^^^
  File "C:\Users\Jeremy\AppData\Local\Programs\Python\Python311\Lib\asyncio\base_events.py", line 1046, in create_connection
    infos = await self._ensure_resolved(
            ^^^^^^^^^^^^^^^^^^^^^^^^^^^^
  File "C:\Users\Jeremy\AppData\Local\Programs\Python\Python311\Lib\asyncio\base_events.py", line 1420, in _ensure_resolved
    return await loop.getaddrinfo(host, port, family=family, type=type,
           ^^^^^^^^^^^^^^^^^^^^^^^^^^^^^^^^^^^^^^^^^^^^^^^^^^^^^^^^^^^^
  File "C:\Users\Jeremy\AppData\Local\Programs\Python\Python311\Lib\asyncio\base_events.py", line 868, in getaddrinfo
    return await self.run_in_executor(
           ^^^^^^^^^^^^^^^^^^^^^^^^^^^
  File "C:\Users\Jeremy\AppData\Local\Programs\Python\Python311\Lib\concurrent\futures\thread.py", line 58, in run
    result = self.fn(*self.args, **self.kwargs)
             ^^^^^^^^^^^^^^^^^^^^^^^^^^^^^^^^^^
  File "C:\Users\Jeremy\AppData\Local\Programs\Python\Python311\Lib\socket.py", line 962, in getaddrinfo
    for res in _socket.getaddrinfo(host, port, family, type, proto, flags):
               ^^^^^^^^^^^^^^^^^^^^^^^^^^^^^^^^^^^^^^^^^^^^^^^^^^^^^^^^^^^
socket.gaierror: [Errno 11001] getaddrinfo failed
2025-09-17 09:47:06,539 | websockets.client | INFO | ! connect failed; reconnecting in 0.3 seconds
Traceback (most recent call last):
  File "C:\Users\Jeremy\AppData\Local\Programs\Python\Python311\Lib\site-packages\websockets\legacy\client.py", line 603, in __aiter__
    async with self as protocol:
  File "C:\Users\Jeremy\AppData\Local\Programs\Python\Python311\Lib\site-packages\solana\rpc\websocket_api.py", line 422, in __aenter__
    protocol = await super().__aenter__()
               ^^^^^^^^^^^^^^^^^^^^^^^^^^
  File "C:\Users\Jeremy\AppData\Local\Programs\Python\Python311\Lib\site-packages\websockets\legacy\client.py", line 634, in __aenter__
    return await self
           ^^^^^^^^^^
  File "C:\Users\Jeremy\AppData\Local\Programs\Python\Python311\Lib\site-packages\websockets\legacy\client.py", line 653, in __await_impl__
    _transport, protocol = await self._create_connection()
                           ^^^^^^^^^^^^^^^^^^^^^^^^^^^^^^^
  File "C:\Users\Jeremy\AppData\Local\Programs\Python\Python311\Lib\asyncio\base_events.py", line 1046, in create_connection
    infos = await self._ensure_resolved(
            ^^^^^^^^^^^^^^^^^^^^^^^^^^^^
  File "C:\Users\Jeremy\AppData\Local\Programs\Python\Python311\Lib\asyncio\base_events.py", line 1420, in _ensure_resolved
    return await loop.getaddrinfo(host, port, family=family, type=type,
           ^^^^^^^^^^^^^^^^^^^^^^^^^^^^^^^^^^^^^^^^^^^^^^^^^^^^^^^^^^^^
  File "C:\Users\Jeremy\AppData\Local\Programs\Python\Python311\Lib\asyncio\base_events.py", line 868, in getaddrinfo
    return await self.run_in_executor(
           ^^^^^^^^^^^^^^^^^^^^^^^^^^^
  File "C:\Users\Jeremy\AppData\Local\Programs\Python\Python311\Lib\concurrent\futures\thread.py", line 58, in run
    result = self.fn(*self.args, **self.kwargs)
             ^^^^^^^^^^^^^^^^^^^^^^^^^^^^^^^^^^
  File "C:\Users\Jeremy\AppData\Local\Programs\Python\Python311\Lib\socket.py", line 962, in getaddrinfo
    for res in _socket.getaddrinfo(host, port, family, type, proto, flags):
               ^^^^^^^^^^^^^^^^^^^^^^^^^^^^^^^^^^^^^^^^^^^^^^^^^^^^^^^^^^^
socket.gaierror: [Errno 11001] getaddrinfo failed
2025-09-17 09:47:06,542 | websockets.client | INFO | ! connect failed; reconnecting in 2.3 seconds
Traceback (most recent call last):
  File "C:\Users\Jeremy\AppData\Local\Programs\Python\Python311\Lib\site-packages\websockets\legacy\client.py", line 603, in __aiter__
    async with self as protocol:
  File "C:\Users\Jeremy\AppData\Local\Programs\Python\Python311\Lib\site-packages\solana\rpc\websocket_api.py", line 422, in __aenter__
    protocol = await super().__aenter__()
               ^^^^^^^^^^^^^^^^^^^^^^^^^^
  File "C:\Users\Jeremy\AppData\Local\Programs\Python\Python311\Lib\site-packages\websockets\legacy\client.py", line 634, in __aenter__
    return await self
           ^^^^^^^^^^
  File "C:\Users\Jeremy\AppData\Local\Programs\Python\Python311\Lib\site-packages\websockets\legacy\client.py", line 653, in __await_impl__
    _transport, protocol = await self._create_connection()
                           ^^^^^^^^^^^^^^^^^^^^^^^^^^^^^^^
  File "C:\Users\Jeremy\AppData\Local\Programs\Python\Python311\Lib\asyncio\base_events.py", line 1046, in create_connection
    infos = await self._ensure_resolved(
            ^^^^^^^^^^^^^^^^^^^^^^^^^^^^
  File "C:\Users\Jeremy\AppData\Local\Programs\Python\Python311\Lib\asyncio\base_events.py", line 1420, in _ensure_resolved
    return await loop.getaddrinfo(host, port, family=family, type=type,
           ^^^^^^^^^^^^^^^^^^^^^^^^^^^^^^^^^^^^^^^^^^^^^^^^^^^^^^^^^^^^
  File "C:\Users\Jeremy\AppData\Local\Programs\Python\Python311\Lib\asyncio\base_events.py", line 868, in getaddrinfo
    return await self.run_in_executor(
           ^^^^^^^^^^^^^^^^^^^^^^^^^^^
  File "C:\Users\Jeremy\AppData\Local\Programs\Python\Python311\Lib\concurrent\futures\thread.py", line 58, in run
    result = self.fn(*self.args, **self.kwargs)
             ^^^^^^^^^^^^^^^^^^^^^^^^^^^^^^^^^^
  File "C:\Users\Jeremy\AppData\Local\Programs\Python\Python311\Lib\socket.py", line 962, in getaddrinfo
    for res in _socket.getaddrinfo(host, port, family, type, proto, flags):
               ^^^^^^^^^^^^^^^^^^^^^^^^^^^^^^^^^^^^^^^^^^^^^^^^^^^^^^^^^^^
socket.gaierror: [Errno 11001] getaddrinfo failed
2025-09-17 09:47:06,547 | websockets.client | INFO | ! connect failed; reconnecting in 3.2 seconds
Traceback (most recent call last):
  File "C:\Users\Jeremy\AppData\Local\Programs\Python\Python311\Lib\site-packages\websockets\legacy\client.py", line 603, in __aiter__
    async with self as protocol:
  File "C:\Users\Jeremy\AppData\Local\Programs\Python\Python311\Lib\site-packages\solana\rpc\websocket_api.py", line 422, in __aenter__
    protocol = await super().__aenter__()
               ^^^^^^^^^^^^^^^^^^^^^^^^^^
  File "C:\Users\Jeremy\AppData\Local\Programs\Python\Python311\Lib\site-packages\websockets\legacy\client.py", line 634, in __aenter__
    return await self
           ^^^^^^^^^^
  File "C:\Users\Jeremy\AppData\Local\Programs\Python\Python311\Lib\site-packages\websockets\legacy\client.py", line 653, in __await_impl__
    _transport, protocol = await self._create_connection()
                           ^^^^^^^^^^^^^^^^^^^^^^^^^^^^^^^
  File "C:\Users\Jeremy\AppData\Local\Programs\Python\Python311\Lib\asyncio\base_events.py", line 1046, in create_connection
    infos = await self._ensure_resolved(
            ^^^^^^^^^^^^^^^^^^^^^^^^^^^^
  File "C:\Users\Jeremy\AppData\Local\Programs\Python\Python311\Lib\asyncio\base_events.py", line 1420, in _ensure_resolved
    return await loop.getaddrinfo(host, port, family=family, type=type,
           ^^^^^^^^^^^^^^^^^^^^^^^^^^^^^^^^^^^^^^^^^^^^^^^^^^^^^^^^^^^^
  File "C:\Users\Jeremy\AppData\Local\Programs\Python\Python311\Lib\asyncio\base_events.py", line 868, in getaddrinfo
    return await self.run_in_executor(
           ^^^^^^^^^^^^^^^^^^^^^^^^^^^
  File "C:\Users\Jeremy\AppData\Local\Programs\Python\Python311\Lib\concurrent\futures\thread.py", line 58, in run
    result = self.fn(*self.args, **self.kwargs)
             ^^^^^^^^^^^^^^^^^^^^^^^^^^^^^^^^^^
  File "C:\Users\Jeremy\AppData\Local\Programs\Python\Python311\Lib\socket.py", line 962, in getaddrinfo
    for res in _socket.getaddrinfo(host, port, family, type, proto, flags):
               ^^^^^^^^^^^^^^^^^^^^^^^^^^^^^^^^^^^^^^^^^^^^^^^^^^^^^^^^^^^
socket.gaierror: [Errno 11001] getaddrinfo failed
2025-09-17 09:47:06,549 | websockets.client | INFO | ! connect failed; reconnecting in 0.2 seconds
Traceback (most recent call last):
  File "C:\Users\Jeremy\AppData\Local\Programs\Python\Python311\Lib\site-packages\websockets\legacy\client.py", line 603, in __aiter__
    async with self as protocol:
  File "C:\Users\Jeremy\AppData\Local\Programs\Python\Python311\Lib\site-packages\solana\rpc\websocket_api.py", line 422, in __aenter__
    protocol = await super().__aenter__()
               ^^^^^^^^^^^^^^^^^^^^^^^^^^
  File "C:\Users\Jeremy\AppData\Local\Programs\Python\Python311\Lib\site-packages\websockets\legacy\client.py", line 634, in __aenter__
    return await self
           ^^^^^^^^^^
  File "C:\Users\Jeremy\AppData\Local\Programs\Python\Python311\Lib\site-packages\websockets\legacy\client.py", line 653, in __await_impl__
    _transport, protocol = await self._create_connection()
                           ^^^^^^^^^^^^^^^^^^^^^^^^^^^^^^^
  File "C:\Users\Jeremy\AppData\Local\Programs\Python\Python311\Lib\asyncio\base_events.py", line 1046, in create_connection
    infos = await self._ensure_resolved(
            ^^^^^^^^^^^^^^^^^^^^^^^^^^^^
  File "C:\Users\Jeremy\AppData\Local\Programs\Python\Python311\Lib\asyncio\base_events.py", line 1420, in _ensure_resolved
    return await loop.getaddrinfo(host, port, family=family, type=type,
           ^^^^^^^^^^^^^^^^^^^^^^^^^^^^^^^^^^^^^^^^^^^^^^^^^^^^^^^^^^^^
  File "C:\Users\Jeremy\AppData\Local\Programs\Python\Python311\Lib\asyncio\base_events.py", line 868, in getaddrinfo
    return await self.run_in_executor(
           ^^^^^^^^^^^^^^^^^^^^^^^^^^^
  File "C:\Users\Jeremy\AppData\Local\Programs\Python\Python311\Lib\concurrent\futures\thread.py", line 58, in run
    result = self.fn(*self.args, **self.kwargs)
             ^^^^^^^^^^^^^^^^^^^^^^^^^^^^^^^^^^
  File "C:\Users\Jeremy\AppData\Local\Programs\Python\Python311\Lib\socket.py", line 962, in getaddrinfo
    for res in _socket.getaddrinfo(host, port, family, type, proto, flags):
               ^^^^^^^^^^^^^^^^^^^^^^^^^^^^^^^^^^^^^^^^^^^^^^^^^^^^^^^^^^^
socket.gaierror: [Errno 11001] getaddrinfo failed
2025-09-17 09:47:06,557 | websockets.client | INFO | ! connect failed; reconnecting in 1.5 seconds
Traceback (most recent call last):
  File "C:\Users\Jeremy\AppData\Local\Programs\Python\Python311\Lib\site-packages\websockets\legacy\client.py", line 603, in __aiter__
    async with self as protocol:
  File "C:\Users\Jeremy\AppData\Local\Programs\Python\Python311\Lib\site-packages\solana\rpc\websocket_api.py", line 422, in __aenter__
    protocol = await super().__aenter__()
               ^^^^^^^^^^^^^^^^^^^^^^^^^^
  File "C:\Users\Jeremy\AppData\Local\Programs\Python\Python311\Lib\site-packages\websockets\legacy\client.py", line 634, in __aenter__
    return await self
           ^^^^^^^^^^
  File "C:\Users\Jeremy\AppData\Local\Programs\Python\Python311\Lib\site-packages\websockets\legacy\client.py", line 653, in __await_impl__
    _transport, protocol = await self._create_connection()
                           ^^^^^^^^^^^^^^^^^^^^^^^^^^^^^^^
  File "C:\Users\Jeremy\AppData\Local\Programs\Python\Python311\Lib\asyncio\base_events.py", line 1046, in create_connection
    infos = await self._ensure_resolved(
            ^^^^^^^^^^^^^^^^^^^^^^^^^^^^
  File "C:\Users\Jeremy\AppData\Local\Programs\Python\Python311\Lib\asyncio\base_events.py", line 1420, in _ensure_resolved
    return await loop.getaddrinfo(host, port, family=family, type=type,
           ^^^^^^^^^^^^^^^^^^^^^^^^^^^^^^^^^^^^^^^^^^^^^^^^^^^^^^^^^^^^
  File "C:\Users\Jeremy\AppData\Local\Programs\Python\Python311\Lib\asyncio\base_events.py", line 868, in getaddrinfo
    return await self.run_in_executor(
           ^^^^^^^^^^^^^^^^^^^^^^^^^^^
  File "C:\Users\Jeremy\AppData\Local\Programs\Python\Python311\Lib\concurrent\futures\thread.py", line 58, in run
    result = self.fn(*self.args, **self.kwargs)
             ^^^^^^^^^^^^^^^^^^^^^^^^^^^^^^^^^^
  File "C:\Users\Jeremy\AppData\Local\Programs\Python\Python311\Lib\socket.py", line 962, in getaddrinfo
    for res in _socket.getaddrinfo(host, port, family, type, proto, flags):
               ^^^^^^^^^^^^^^^^^^^^^^^^^^^^^^^^^^^^^^^^^^^^^^^^^^^^^^^^^^^
socket.gaierror: [Errno 11001] getaddrinfo failed
2025-09-17 09:47:06,560 | websockets.client | INFO | ! connect failed; reconnecting in 3.8 seconds
Traceback (most recent call last):
  File "C:\Users\Jeremy\AppData\Local\Programs\Python\Python311\Lib\site-packages\websockets\legacy\client.py", line 603, in __aiter__
    async with self as protocol:
  File "C:\Users\Jeremy\AppData\Local\Programs\Python\Python311\Lib\site-packages\solana\rpc\websocket_api.py", line 422, in __aenter__
    protocol = await super().__aenter__()
               ^^^^^^^^^^^^^^^^^^^^^^^^^^
  File "C:\Users\Jeremy\AppData\Local\Programs\Python\Python311\Lib\site-packages\websockets\legacy\client.py", line 634, in __aenter__
    return await self
           ^^^^^^^^^^
  File "C:\Users\Jeremy\AppData\Local\Programs\Python\Python311\Lib\site-packages\websockets\legacy\client.py", line 653, in __await_impl__
    _transport, protocol = await self._create_connection()
                           ^^^^^^^^^^^^^^^^^^^^^^^^^^^^^^^
  File "C:\Users\Jeremy\AppData\Local\Programs\Python\Python311\Lib\asyncio\base_events.py", line 1046, in create_connection
    infos = await self._ensure_resolved(
            ^^^^^^^^^^^^^^^^^^^^^^^^^^^^
  File "C:\Users\Jeremy\AppData\Local\Programs\Python\Python311\Lib\asyncio\base_events.py", line 1420, in _ensure_resolved
    return await loop.getaddrinfo(host, port, family=family, type=type,
           ^^^^^^^^^^^^^^^^^^^^^^^^^^^^^^^^^^^^^^^^^^^^^^^^^^^^^^^^^^^^
  File "C:\Users\Jeremy\AppData\Local\Programs\Python\Python311\Lib\asyncio\base_events.py", line 868, in getaddrinfo
    return await self.run_in_executor(
           ^^^^^^^^^^^^^^^^^^^^^^^^^^^
  File "C:\Users\Jeremy\AppData\Local\Programs\Python\Python311\Lib\concurrent\futures\thread.py", line 58, in run
    result = self.fn(*self.args, **self.kwargs)
             ^^^^^^^^^^^^^^^^^^^^^^^^^^^^^^^^^^
  File "C:\Users\Jeremy\AppData\Local\Programs\Python\Python311\Lib\socket.py", line 962, in getaddrinfo
    for res in _socket.getaddrinfo(host, port, family, type, proto, flags):
               ^^^^^^^^^^^^^^^^^^^^^^^^^^^^^^^^^^^^^^^^^^^^^^^^^^^^^^^^^^^
socket.gaierror: [Errno 11001] getaddrinfo failed
2025-09-17 09:47:06,557 | websockets.client | INFO | ! connect failed; reconnecting in 0.7 seconds
Traceback (most recent call last):
  File "C:\Users\Jeremy\AppData\Local\Programs\Python\Python311\Lib\site-packages\websockets\legacy\client.py", line 603, in __aiter__
    async with self as protocol:
  File "C:\Users\Jeremy\AppData\Local\Programs\Python\Python311\Lib\site-packages\solana\rpc\websocket_api.py", line 422, in __aenter__
    protocol = await super().__aenter__()
               ^^^^^^^^^^^^^^^^^^^^^^^^^^
  File "C:\Users\Jeremy\AppData\Local\Programs\Python\Python311\Lib\site-packages\websockets\legacy\client.py", line 634, in __aenter__
    return await self
           ^^^^^^^^^^
  File "C:\Users\Jeremy\AppData\Local\Programs\Python\Python311\Lib\site-packages\websockets\legacy\client.py", line 653, in __await_impl__
    _transport, protocol = await self._create_connection()
                           ^^^^^^^^^^^^^^^^^^^^^^^^^^^^^^^
  File "C:\Users\Jeremy\AppData\Local\Programs\Python\Python311\Lib\asyncio\base_events.py", line 1046, in create_connection
    infos = await self._ensure_resolved(
            ^^^^^^^^^^^^^^^^^^^^^^^^^^^^
  File "C:\Users\Jeremy\AppData\Local\Programs\Python\Python311\Lib\asyncio\base_events.py", line 1420, in _ensure_resolved
    return await loop.getaddrinfo(host, port, family=family, type=type,
           ^^^^^^^^^^^^^^^^^^^^^^^^^^^^^^^^^^^^^^^^^^^^^^^^^^^^^^^^^^^^
  File "C:\Users\Jeremy\AppData\Local\Programs\Python\Python311\Lib\asyncio\base_events.py", line 868, in getaddrinfo
    return await self.run_in_executor(
           ^^^^^^^^^^^^^^^^^^^^^^^^^^^
  File "C:\Users\Jeremy\AppData\Local\Programs\Python\Python311\Lib\concurrent\futures\thread.py", line 58, in run
    result = self.fn(*self.args, **self.kwargs)
             ^^^^^^^^^^^^^^^^^^^^^^^^^^^^^^^^^^
  File "C:\Users\Jeremy\AppData\Local\Programs\Python\Python311\Lib\socket.py", line 962, in getaddrinfo
    for res in _socket.getaddrinfo(host, port, family, type, proto, flags):
               ^^^^^^^^^^^^^^^^^^^^^^^^^^^^^^^^^^^^^^^^^^^^^^^^^^^^^^^^^^^
socket.gaierror: [Errno 11001] getaddrinfo failed
2025-09-17 09:47:06,578 | websockets.client | INFO | ! connect failed; reconnecting in 0.9 seconds
Traceback (most recent call last):
  File "C:\Users\Jeremy\AppData\Local\Programs\Python\Python311\Lib\site-packages\websockets\legacy\client.py", line 603, in __aiter__
    async with self as protocol:
  File "C:\Users\Jeremy\AppData\Local\Programs\Python\Python311\Lib\site-packages\solana\rpc\websocket_api.py", line 422, in __aenter__
    protocol = await super().__aenter__()
               ^^^^^^^^^^^^^^^^^^^^^^^^^^
  File "C:\Users\Jeremy\AppData\Local\Programs\Python\Python311\Lib\site-packages\websockets\legacy\client.py", line 634, in __aenter__
    return await self
           ^^^^^^^^^^
  File "C:\Users\Jeremy\AppData\Local\Programs\Python\Python311\Lib\site-packages\websockets\legacy\client.py", line 653, in __await_impl__
    _transport, protocol = await self._create_connection()
                           ^^^^^^^^^^^^^^^^^^^^^^^^^^^^^^^
  File "C:\Users\Jeremy\AppData\Local\Programs\Python\Python311\Lib\asyncio\base_events.py", line 1046, in create_connection
    infos = await self._ensure_resolved(
            ^^^^^^^^^^^^^^^^^^^^^^^^^^^^
  File "C:\Users\Jeremy\AppData\Local\Programs\Python\Python311\Lib\asyncio\base_events.py", line 1420, in _ensure_resolved
    return await loop.getaddrinfo(host, port, family=family, type=type,
           ^^^^^^^^^^^^^^^^^^^^^^^^^^^^^^^^^^^^^^^^^^^^^^^^^^^^^^^^^^^^
  File "C:\Users\Jeremy\AppData\Local\Programs\Python\Python311\Lib\asyncio\base_events.py", line 868, in getaddrinfo
    return await self.run_in_executor(
           ^^^^^^^^^^^^^^^^^^^^^^^^^^^
  File "C:\Users\Jeremy\AppData\Local\Programs\Python\Python311\Lib\concurrent\futures\thread.py", line 58, in run
    result = self.fn(*self.args, **self.kwargs)
             ^^^^^^^^^^^^^^^^^^^^^^^^^^^^^^^^^^
  File "C:\Users\Jeremy\AppData\Local\Programs\Python\Python311\Lib\socket.py", line 962, in getaddrinfo
    for res in _socket.getaddrinfo(host, port, family, type, proto, flags):
               ^^^^^^^^^^^^^^^^^^^^^^^^^^^^^^^^^^^^^^^^^^^^^^^^^^^^^^^^^^^
socket.gaierror: [Errno 11001] getaddrinfo failed
2025-09-17 09:47:06,583 | websockets.client | INFO | ! connect failed; reconnecting in 1.6 seconds
Traceback (most recent call last):
  File "C:\Users\Jeremy\AppData\Local\Programs\Python\Python311\Lib\site-packages\websockets\legacy\client.py", line 603, in __aiter__
    async with self as protocol:
  File "C:\Users\Jeremy\AppData\Local\Programs\Python\Python311\Lib\site-packages\solana\rpc\websocket_api.py", line 422, in __aenter__
    protocol = await super().__aenter__()
               ^^^^^^^^^^^^^^^^^^^^^^^^^^
  File "C:\Users\Jeremy\AppData\Local\Programs\Python\Python311\Lib\site-packages\websockets\legacy\client.py", line 634, in __aenter__
    return await self
           ^^^^^^^^^^
  File "C:\Users\Jeremy\AppData\Local\Programs\Python\Python311\Lib\site-packages\websockets\legacy\client.py", line 653, in __await_impl__
    _transport, protocol = await self._create_connection()
                           ^^^^^^^^^^^^^^^^^^^^^^^^^^^^^^^
  File "C:\Users\Jeremy\AppData\Local\Programs\Python\Python311\Lib\asyncio\base_events.py", line 1046, in create_connection
    infos = await self._ensure_resolved(
            ^^^^^^^^^^^^^^^^^^^^^^^^^^^^
  File "C:\Users\Jeremy\AppData\Local\Programs\Python\Python311\Lib\asyncio\base_events.py", line 1420, in _ensure_resolved
    return await loop.getaddrinfo(host, port, family=family, type=type,
           ^^^^^^^^^^^^^^^^^^^^^^^^^^^^^^^^^^^^^^^^^^^^^^^^^^^^^^^^^^^^
  File "C:\Users\Jeremy\AppData\Local\Programs\Python\Python311\Lib\asyncio\base_events.py", line 868, in getaddrinfo
    return await self.run_in_executor(
           ^^^^^^^^^^^^^^^^^^^^^^^^^^^
  File "C:\Users\Jeremy\AppData\Local\Programs\Python\Python311\Lib\concurrent\futures\thread.py", line 58, in run
    result = self.fn(*self.args, **self.kwargs)
             ^^^^^^^^^^^^^^^^^^^^^^^^^^^^^^^^^^
  File "C:\Users\Jeremy\AppData\Local\Programs\Python\Python311\Lib\socket.py", line 962, in getaddrinfo
    for res in _socket.getaddrinfo(host, port, family, type, proto, flags):
               ^^^^^^^^^^^^^^^^^^^^^^^^^^^^^^^^^^^^^^^^^^^^^^^^^^^^^^^^^^^
socket.gaierror: [Errno 11001] getaddrinfo failed
2025-09-17 09:47:06,601 | websockets.client | INFO | ! connect failed; reconnecting in 4.5 seconds
Traceback (most recent call last):
  File "C:\Users\Jeremy\AppData\Local\Programs\Python\Python311\Lib\site-packages\websockets\legacy\client.py", line 603, in __aiter__
    async with self as protocol:
  File "C:\Users\Jeremy\AppData\Local\Programs\Python\Python311\Lib\site-packages\solana\rpc\websocket_api.py", line 422, in __aenter__
    protocol = await super().__aenter__()
               ^^^^^^^^^^^^^^^^^^^^^^^^^^
  File "C:\Users\Jeremy\AppData\Local\Programs\Python\Python311\Lib\site-packages\websockets\legacy\client.py", line 634, in __aenter__
    return await self
           ^^^^^^^^^^
  File "C:\Users\Jeremy\AppData\Local\Programs\Python\Python311\Lib\site-packages\websockets\legacy\client.py", line 653, in __await_impl__
    _transport, protocol = await self._create_connection()
                           ^^^^^^^^^^^^^^^^^^^^^^^^^^^^^^^
  File "C:\Users\Jeremy\AppData\Local\Programs\Python\Python311\Lib\asyncio\base_events.py", line 1046, in create_connection
    infos = await self._ensure_resolved(
            ^^^^^^^^^^^^^^^^^^^^^^^^^^^^
  File "C:\Users\Jeremy\AppData\Local\Programs\Python\Python311\Lib\asyncio\base_events.py", line 1420, in _ensure_resolved
    return await loop.getaddrinfo(host, port, family=family, type=type,
           ^^^^^^^^^^^^^^^^^^^^^^^^^^^^^^^^^^^^^^^^^^^^^^^^^^^^^^^^^^^^
  File "C:\Users\Jeremy\AppData\Local\Programs\Python\Python311\Lib\asyncio\base_events.py", line 868, in getaddrinfo
    return await self.run_in_executor(
           ^^^^^^^^^^^^^^^^^^^^^^^^^^^
  File "C:\Users\Jeremy\AppData\Local\Programs\Python\Python311\Lib\concurrent\futures\thread.py", line 58, in run
    result = self.fn(*self.args, **self.kwargs)
             ^^^^^^^^^^^^^^^^^^^^^^^^^^^^^^^^^^
  File "C:\Users\Jeremy\AppData\Local\Programs\Python\Python311\Lib\socket.py", line 962, in getaddrinfo
    for res in _socket.getaddrinfo(host, port, family, type, proto, flags):
               ^^^^^^^^^^^^^^^^^^^^^^^^^^^^^^^^^^^^^^^^^^^^^^^^^^^^^^^^^^^
socket.gaierror: [Errno 11001] getaddrinfo failed
2025-09-17 09:47:06,609 | websockets.client | INFO | ! connect failed; reconnecting in 1.2 seconds
Traceback (most recent call last):
  File "C:\Users\Jeremy\AppData\Local\Programs\Python\Python311\Lib\site-packages\websockets\legacy\client.py", line 603, in __aiter__
    async with self as protocol:
  File "C:\Users\Jeremy\AppData\Local\Programs\Python\Python311\Lib\site-packages\solana\rpc\websocket_api.py", line 422, in __aenter__
    protocol = await super().__aenter__()
               ^^^^^^^^^^^^^^^^^^^^^^^^^^
  File "C:\Users\Jeremy\AppData\Local\Programs\Python\Python311\Lib\site-packages\websockets\legacy\client.py", line 634, in __aenter__
    return await self
           ^^^^^^^^^^
  File "C:\Users\Jeremy\AppData\Local\Programs\Python\Python311\Lib\site-packages\websockets\legacy\client.py", line 653, in __await_impl__
    _transport, protocol = await self._create_connection()
                           ^^^^^^^^^^^^^^^^^^^^^^^^^^^^^^^
  File "C:\Users\Jeremy\AppData\Local\Programs\Python\Python311\Lib\asyncio\base_events.py", line 1046, in create_connection
    infos = await self._ensure_resolved(
            ^^^^^^^^^^^^^^^^^^^^^^^^^^^^
  File "C:\Users\Jeremy\AppData\Local\Programs\Python\Python311\Lib\asyncio\base_events.py", line 1420, in _ensure_resolved
    return await loop.getaddrinfo(host, port, family=family, type=type,
           ^^^^^^^^^^^^^^^^^^^^^^^^^^^^^^^^^^^^^^^^^^^^^^^^^^^^^^^^^^^^
  File "C:\Users\Jeremy\AppData\Local\Programs\Python\Python311\Lib\asyncio\base_events.py", line 868, in getaddrinfo
    return await self.run_in_executor(
           ^^^^^^^^^^^^^^^^^^^^^^^^^^^
  File "C:\Users\Jeremy\AppData\Local\Programs\Python\Python311\Lib\concurrent\futures\thread.py", line 58, in run
    result = self.fn(*self.args, **self.kwargs)
             ^^^^^^^^^^^^^^^^^^^^^^^^^^^^^^^^^^
  File "C:\Users\Jeremy\AppData\Local\Programs\Python\Python311\Lib\socket.py", line 962, in getaddrinfo
    for res in _socket.getaddrinfo(host, port, family, type, proto, flags):
               ^^^^^^^^^^^^^^^^^^^^^^^^^^^^^^^^^^^^^^^^^^^^^^^^^^^^^^^^^^^
socket.gaierror: [Errno 11001] getaddrinfo failed
2025-09-17 09:47:06,616 | websockets.client | INFO | ! connect failed; reconnecting in 4.2 seconds
Traceback (most recent call last):
  File "C:\Users\Jeremy\AppData\Local\Programs\Python\Python311\Lib\site-packages\websockets\legacy\client.py", line 603, in __aiter__
    async with self as protocol:
  File "C:\Users\Jeremy\AppData\Local\Programs\Python\Python311\Lib\site-packages\solana\rpc\websocket_api.py", line 422, in __aenter__
    protocol = await super().__aenter__()
               ^^^^^^^^^^^^^^^^^^^^^^^^^^
  File "C:\Users\Jeremy\AppData\Local\Programs\Python\Python311\Lib\site-packages\websockets\legacy\client.py", line 634, in __aenter__
    return await self
           ^^^^^^^^^^
  File "C:\Users\Jeremy\AppData\Local\Programs\Python\Python311\Lib\site-packages\websockets\legacy\client.py", line 653, in __await_impl__
    _transport, protocol = await self._create_connection()
                           ^^^^^^^^^^^^^^^^^^^^^^^^^^^^^^^
  File "C:\Users\Jeremy\AppData\Local\Programs\Python\Python311\Lib\asyncio\base_events.py", line 1046, in create_connection
    infos = await self._ensure_resolved(
            ^^^^^^^^^^^^^^^^^^^^^^^^^^^^
  File "C:\Users\Jeremy\AppData\Local\Programs\Python\Python311\Lib\asyncio\base_events.py", line 1420, in _ensure_resolved
    return await loop.getaddrinfo(host, port, family=family, type=type,
           ^^^^^^^^^^^^^^^^^^^^^^^^^^^^^^^^^^^^^^^^^^^^^^^^^^^^^^^^^^^^
  File "C:\Users\Jeremy\AppData\Local\Programs\Python\Python311\Lib\asyncio\base_events.py", line 868, in getaddrinfo
    return await self.run_in_executor(
           ^^^^^^^^^^^^^^^^^^^^^^^^^^^
  File "C:\Users\Jeremy\AppData\Local\Programs\Python\Python311\Lib\concurrent\futures\thread.py", line 58, in run
    result = self.fn(*self.args, **self.kwargs)
             ^^^^^^^^^^^^^^^^^^^^^^^^^^^^^^^^^^
  File "C:\Users\Jeremy\AppData\Local\Programs\Python\Python311\Lib\socket.py", line 962, in getaddrinfo
    for res in _socket.getaddrinfo(host, port, family, type, proto, flags):
               ^^^^^^^^^^^^^^^^^^^^^^^^^^^^^^^^^^^^^^^^^^^^^^^^^^^^^^^^^^^
socket.gaierror: [Errno 11001] getaddrinfo failed
2025-09-17 09:47:06,621 | websockets.client | INFO | ! connect failed; reconnecting in 0.7 seconds
Traceback (most recent call last):
  File "C:\Users\Jeremy\AppData\Local\Programs\Python\Python311\Lib\site-packages\websockets\legacy\client.py", line 603, in __aiter__
    async with self as protocol:
  File "C:\Users\Jeremy\AppData\Local\Programs\Python\Python311\Lib\site-packages\solana\rpc\websocket_api.py", line 422, in __aenter__
    protocol = await super().__aenter__()
               ^^^^^^^^^^^^^^^^^^^^^^^^^^
  File "C:\Users\Jeremy\AppData\Local\Programs\Python\Python311\Lib\site-packages\websockets\legacy\client.py", line 634, in __aenter__
    return await self
           ^^^^^^^^^^
  File "C:\Users\Jeremy\AppData\Local\Programs\Python\Python311\Lib\site-packages\websockets\legacy\client.py", line 653, in __await_impl__
    _transport, protocol = await self._create_connection()
                           ^^^^^^^^^^^^^^^^^^^^^^^^^^^^^^^
  File "C:\Users\Jeremy\AppData\Local\Programs\Python\Python311\Lib\asyncio\base_events.py", line 1046, in create_connection
    infos = await self._ensure_resolved(
            ^^^^^^^^^^^^^^^^^^^^^^^^^^^^
  File "C:\Users\Jeremy\AppData\Local\Programs\Python\Python311\Lib\asyncio\base_events.py", line 1420, in _ensure_resolved
    return await loop.getaddrinfo(host, port, family=family, type=type,
           ^^^^^^^^^^^^^^^^^^^^^^^^^^^^^^^^^^^^^^^^^^^^^^^^^^^^^^^^^^^^
  File "C:\Users\Jeremy\AppData\Local\Programs\Python\Python311\Lib\asyncio\base_events.py", line 868, in getaddrinfo
    return await self.run_in_executor(
           ^^^^^^^^^^^^^^^^^^^^^^^^^^^
  File "C:\Users\Jeremy\AppData\Local\Programs\Python\Python311\Lib\concurrent\futures\thread.py", line 58, in run
    result = self.fn(*self.args, **self.kwargs)
             ^^^^^^^^^^^^^^^^^^^^^^^^^^^^^^^^^^
  File "C:\Users\Jeremy\AppData\Local\Programs\Python\Python311\Lib\socket.py", line 962, in getaddrinfo
    for res in _socket.getaddrinfo(host, port, family, type, proto, flags):
               ^^^^^^^^^^^^^^^^^^^^^^^^^^^^^^^^^^^^^^^^^^^^^^^^^^^^^^^^^^^
socket.gaierror: [Errno 11001] getaddrinfo failed
2025-09-17 09:47:06,630 | websockets.client | INFO | ! connect failed; reconnecting in 4.2 seconds
Traceback (most recent call last):
  File "C:\Users\Jeremy\AppData\Local\Programs\Python\Python311\Lib\site-packages\websockets\legacy\client.py", line 603, in __aiter__
    async with self as protocol:
  File "C:\Users\Jeremy\AppData\Local\Programs\Python\Python311\Lib\site-packages\solana\rpc\websocket_api.py", line 422, in __aenter__
    protocol = await super().__aenter__()
               ^^^^^^^^^^^^^^^^^^^^^^^^^^
  File "C:\Users\Jeremy\AppData\Local\Programs\Python\Python311\Lib\site-packages\websockets\legacy\client.py", line 634, in __aenter__
    return await self
           ^^^^^^^^^^
  File "C:\Users\Jeremy\AppData\Local\Programs\Python\Python311\Lib\site-packages\websockets\legacy\client.py", line 653, in __await_impl__
    _transport, protocol = await self._create_connection()
                           ^^^^^^^^^^^^^^^^^^^^^^^^^^^^^^^
  File "C:\Users\Jeremy\AppData\Local\Programs\Python\Python311\Lib\asyncio\base_events.py", line 1046, in create_connection
    infos = await self._ensure_resolved(
            ^^^^^^^^^^^^^^^^^^^^^^^^^^^^
  File "C:\Users\Jeremy\AppData\Local\Programs\Python\Python311\Lib\asyncio\base_events.py", line 1420, in _ensure_resolved
    return await loop.getaddrinfo(host, port, family=family, type=type,
           ^^^^^^^^^^^^^^^^^^^^^^^^^^^^^^^^^^^^^^^^^^^^^^^^^^^^^^^^^^^^
  File "C:\Users\Jeremy\AppData\Local\Programs\Python\Python311\Lib\asyncio\base_events.py", line 868, in getaddrinfo
    return await self.run_in_executor(
           ^^^^^^^^^^^^^^^^^^^^^^^^^^^
  File "C:\Users\Jeremy\AppData\Local\Programs\Python\Python311\Lib\concurrent\futures\thread.py", line 58, in run
    result = self.fn(*self.args, **self.kwargs)
             ^^^^^^^^^^^^^^^^^^^^^^^^^^^^^^^^^^
  File "C:\Users\Jeremy\AppData\Local\Programs\Python\Python311\Lib\socket.py", line 962, in getaddrinfo
    for res in _socket.getaddrinfo(host, port, family, type, proto, flags):
               ^^^^^^^^^^^^^^^^^^^^^^^^^^^^^^^^^^^^^^^^^^^^^^^^^^^^^^^^^^^
socket.gaierror: [Errno 11001] getaddrinfo failed
2025-09-17 09:47:06,631 | websockets.client | INFO | ! connect failed; reconnecting in 1.7 seconds
Traceback (most recent call last):
  File "C:\Users\Jeremy\AppData\Local\Programs\Python\Python311\Lib\site-packages\websockets\legacy\client.py", line 603, in __aiter__
    async with self as protocol:
  File "C:\Users\Jeremy\AppData\Local\Programs\Python\Python311\Lib\site-packages\solana\rpc\websocket_api.py", line 422, in __aenter__
    protocol = await super().__aenter__()
               ^^^^^^^^^^^^^^^^^^^^^^^^^^
  File "C:\Users\Jeremy\AppData\Local\Programs\Python\Python311\Lib\site-packages\websockets\legacy\client.py", line 634, in __aenter__
    return await self
           ^^^^^^^^^^
  File "C:\Users\Jeremy\AppData\Local\Programs\Python\Python311\Lib\site-packages\websockets\legacy\client.py", line 653, in __await_impl__
    _transport, protocol = await self._create_connection()
                           ^^^^^^^^^^^^^^^^^^^^^^^^^^^^^^^
  File "C:\Users\Jeremy\AppData\Local\Programs\Python\Python311\Lib\asyncio\base_events.py", line 1046, in create_connection
    infos = await self._ensure_resolved(
            ^^^^^^^^^^^^^^^^^^^^^^^^^^^^
  File "C:\Users\Jeremy\AppData\Local\Programs\Python\Python311\Lib\asyncio\base_events.py", line 1420, in _ensure_resolved
    return await loop.getaddrinfo(host, port, family=family, type=type,
           ^^^^^^^^^^^^^^^^^^^^^^^^^^^^^^^^^^^^^^^^^^^^^^^^^^^^^^^^^^^^
  File "C:\Users\Jeremy\AppData\Local\Programs\Python\Python311\Lib\asyncio\base_events.py", line 868, in getaddrinfo
    return await self.run_in_executor(
           ^^^^^^^^^^^^^^^^^^^^^^^^^^^
  File "C:\Users\Jeremy\AppData\Local\Programs\Python\Python311\Lib\concurrent\futures\thread.py", line 58, in run
    result = self.fn(*self.args, **self.kwargs)
             ^^^^^^^^^^^^^^^^^^^^^^^^^^^^^^^^^^
  File "C:\Users\Jeremy\AppData\Local\Programs\Python\Python311\Lib\socket.py", line 962, in getaddrinfo
    for res in _socket.getaddrinfo(host, port, family, type, proto, flags):
               ^^^^^^^^^^^^^^^^^^^^^^^^^^^^^^^^^^^^^^^^^^^^^^^^^^^^^^^^^^^
socket.gaierror: [Errno 11001] getaddrinfo failed
2025-09-17 09:47:06,655 | websockets.client | INFO | ! connect failed; reconnecting in 1.1 seconds
Traceback (most recent call last):
  File "C:\Users\Jeremy\AppData\Local\Programs\Python\Python311\Lib\site-packages\websockets\legacy\client.py", line 603, in __aiter__
    async with self as protocol:
  File "C:\Users\Jeremy\AppData\Local\Programs\Python\Python311\Lib\site-packages\solana\rpc\websocket_api.py", line 422, in __aenter__
    protocol = await super().__aenter__()
               ^^^^^^^^^^^^^^^^^^^^^^^^^^
  File "C:\Users\Jeremy\AppData\Local\Programs\Python\Python311\Lib\site-packages\websockets\legacy\client.py", line 634, in __aenter__
    return await self
           ^^^^^^^^^^
  File "C:\Users\Jeremy\AppData\Local\Programs\Python\Python311\Lib\site-packages\websockets\legacy\client.py", line 653, in __await_impl__
    _transport, protocol = await self._create_connection()
                           ^^^^^^^^^^^^^^^^^^^^^^^^^^^^^^^
  File "C:\Users\Jeremy\AppData\Local\Programs\Python\Python311\Lib\asyncio\base_events.py", line 1046, in create_connection
    infos = await self._ensure_resolved(
            ^^^^^^^^^^^^^^^^^^^^^^^^^^^^
  File "C:\Users\Jeremy\AppData\Local\Programs\Python\Python311\Lib\asyncio\base_events.py", line 1420, in _ensure_resolved
    return await loop.getaddrinfo(host, port, family=family, type=type,
           ^^^^^^^^^^^^^^^^^^^^^^^^^^^^^^^^^^^^^^^^^^^^^^^^^^^^^^^^^^^^
  File "C:\Users\Jeremy\AppData\Local\Programs\Python\Python311\Lib\asyncio\base_events.py", line 868, in getaddrinfo
    return await self.run_in_executor(
           ^^^^^^^^^^^^^^^^^^^^^^^^^^^
  File "C:\Users\Jeremy\AppData\Local\Programs\Python\Python311\Lib\concurrent\futures\thread.py", line 58, in run
    result = self.fn(*self.args, **self.kwargs)
             ^^^^^^^^^^^^^^^^^^^^^^^^^^^^^^^^^^
  File "C:\Users\Jeremy\AppData\Local\Programs\Python\Python311\Lib\socket.py", line 962, in getaddrinfo
    for res in _socket.getaddrinfo(host, port, family, type, proto, flags):
               ^^^^^^^^^^^^^^^^^^^^^^^^^^^^^^^^^^^^^^^^^^^^^^^^^^^^^^^^^^^
socket.gaierror: [Errno 11001] getaddrinfo failed
2025-09-17 09:47:06,720 | websockets.client | INFO | ! connect failed; reconnecting in 0.6 seconds
Traceback (most recent call last):
  File "C:\Users\Jeremy\AppData\Local\Programs\Python\Python311\Lib\site-packages\websockets\legacy\client.py", line 603, in __aiter__
    async with self as protocol:
  File "C:\Users\Jeremy\AppData\Local\Programs\Python\Python311\Lib\site-packages\solana\rpc\websocket_api.py", line 422, in __aenter__
    protocol = await super().__aenter__()
               ^^^^^^^^^^^^^^^^^^^^^^^^^^
  File "C:\Users\Jeremy\AppData\Local\Programs\Python\Python311\Lib\site-packages\websockets\legacy\client.py", line 634, in __aenter__
    return await self
           ^^^^^^^^^^
  File "C:\Users\Jeremy\AppData\Local\Programs\Python\Python311\Lib\site-packages\websockets\legacy\client.py", line 653, in __await_impl__
    _transport, protocol = await self._create_connection()
                           ^^^^^^^^^^^^^^^^^^^^^^^^^^^^^^^
  File "C:\Users\Jeremy\AppData\Local\Programs\Python\Python311\Lib\asyncio\base_events.py", line 1046, in create_connection
    infos = await self._ensure_resolved(
            ^^^^^^^^^^^^^^^^^^^^^^^^^^^^
  File "C:\Users\Jeremy\AppData\Local\Programs\Python\Python311\Lib\asyncio\base_events.py", line 1420, in _ensure_resolved
    return await loop.getaddrinfo(host, port, family=family, type=type,
           ^^^^^^^^^^^^^^^^^^^^^^^^^^^^^^^^^^^^^^^^^^^^^^^^^^^^^^^^^^^^
  File "C:\Users\Jeremy\AppData\Local\Programs\Python\Python311\Lib\asyncio\base_events.py", line 868, in getaddrinfo
    return await self.run_in_executor(
           ^^^^^^^^^^^^^^^^^^^^^^^^^^^
  File "C:\Users\Jeremy\AppData\Local\Programs\Python\Python311\Lib\concurrent\futures\thread.py", line 58, in run
    result = self.fn(*self.args, **self.kwargs)
             ^^^^^^^^^^^^^^^^^^^^^^^^^^^^^^^^^^
  File "C:\Users\Jeremy\AppData\Local\Programs\Python\Python311\Lib\socket.py", line 962, in getaddrinfo
    for res in _socket.getaddrinfo(host, port, family, type, proto, flags):
               ^^^^^^^^^^^^^^^^^^^^^^^^^^^^^^^^^^^^^^^^^^^^^^^^^^^^^^^^^^^
socket.gaierror: [Errno 11001] getaddrinfo failed
2025-09-17 09:47:06,724 | websockets.client | INFO | ! connect failed; reconnecting in 4.7 seconds
Traceback (most recent call last):
  File "C:\Users\Jeremy\AppData\Local\Programs\Python\Python311\Lib\site-packages\websockets\legacy\client.py", line 603, in __aiter__
    async with self as protocol:
  File "C:\Users\Jeremy\AppData\Local\Programs\Python\Python311\Lib\site-packages\solana\rpc\websocket_api.py", line 422, in __aenter__
    protocol = await super().__aenter__()
               ^^^^^^^^^^^^^^^^^^^^^^^^^^
  File "C:\Users\Jeremy\AppData\Local\Programs\Python\Python311\Lib\site-packages\websockets\legacy\client.py", line 634, in __aenter__
    return await self
           ^^^^^^^^^^
  File "C:\Users\Jeremy\AppData\Local\Programs\Python\Python311\Lib\site-packages\websockets\legacy\client.py", line 653, in __await_impl__
    _transport, protocol = await self._create_connection()
                           ^^^^^^^^^^^^^^^^^^^^^^^^^^^^^^^
  File "C:\Users\Jeremy\AppData\Local\Programs\Python\Python311\Lib\asyncio\base_events.py", line 1046, in create_connection
    infos = await self._ensure_resolved(
            ^^^^^^^^^^^^^^^^^^^^^^^^^^^^
  File "C:\Users\Jeremy\AppData\Local\Programs\Python\Python311\Lib\asyncio\base_events.py", line 1420, in _ensure_resolved
    return await loop.getaddrinfo(host, port, family=family, type=type,
           ^^^^^^^^^^^^^^^^^^^^^^^^^^^^^^^^^^^^^^^^^^^^^^^^^^^^^^^^^^^^
  File "C:\Users\Jeremy\AppData\Local\Programs\Python\Python311\Lib\asyncio\base_events.py", line 868, in getaddrinfo
    return await self.run_in_executor(
           ^^^^^^^^^^^^^^^^^^^^^^^^^^^
  File "C:\Users\Jeremy\AppData\Local\Programs\Python\Python311\Lib\concurrent\futures\thread.py", line 58, in run
    result = self.fn(*self.args, **self.kwargs)
             ^^^^^^^^^^^^^^^^^^^^^^^^^^^^^^^^^^
  File "C:\Users\Jeremy\AppData\Local\Programs\Python\Python311\Lib\socket.py", line 962, in getaddrinfo
    for res in _socket.getaddrinfo(host, port, family, type, proto, flags):
               ^^^^^^^^^^^^^^^^^^^^^^^^^^^^^^^^^^^^^^^^^^^^^^^^^^^^^^^^^^^
socket.gaierror: [Errno 11001] getaddrinfo failed
2025-09-17 09:47:06,733 | websockets.client | INFO | ! connect failed; reconnecting in 0.0 seconds
Traceback (most recent call last):
  File "C:\Users\Jeremy\AppData\Local\Programs\Python\Python311\Lib\site-packages\websockets\legacy\client.py", line 603, in __aiter__
    async with self as protocol:
  File "C:\Users\Jeremy\AppData\Local\Programs\Python\Python311\Lib\site-packages\solana\rpc\websocket_api.py", line 422, in __aenter__
    protocol = await super().__aenter__()
               ^^^^^^^^^^^^^^^^^^^^^^^^^^
  File "C:\Users\Jeremy\AppData\Local\Programs\Python\Python311\Lib\site-packages\websockets\legacy\client.py", line 634, in __aenter__
    return await self
           ^^^^^^^^^^
  File "C:\Users\Jeremy\AppData\Local\Programs\Python\Python311\Lib\site-packages\websockets\legacy\client.py", line 653, in __await_impl__
    _transport, protocol = await self._create_connection()
                           ^^^^^^^^^^^^^^^^^^^^^^^^^^^^^^^
  File "C:\Users\Jeremy\AppData\Local\Programs\Python\Python311\Lib\asyncio\base_events.py", line 1046, in create_connection
    infos = await self._ensure_resolved(
            ^^^^^^^^^^^^^^^^^^^^^^^^^^^^
  File "C:\Users\Jeremy\AppData\Local\Programs\Python\Python311\Lib\asyncio\base_events.py", line 1420, in _ensure_resolved
    return await loop.getaddrinfo(host, port, family=family, type=type,
           ^^^^^^^^^^^^^^^^^^^^^^^^^^^^^^^^^^^^^^^^^^^^^^^^^^^^^^^^^^^^
  File "C:\Users\Jeremy\AppData\Local\Programs\Python\Python311\Lib\asyncio\base_events.py", line 868, in getaddrinfo
    return await self.run_in_executor(
           ^^^^^^^^^^^^^^^^^^^^^^^^^^^
  File "C:\Users\Jeremy\AppData\Local\Programs\Python\Python311\Lib\concurrent\futures\thread.py", line 58, in run
    result = self.fn(*self.args, **self.kwargs)
             ^^^^^^^^^^^^^^^^^^^^^^^^^^^^^^^^^^
  File "C:\Users\Jeremy\AppData\Local\Programs\Python\Python311\Lib\socket.py", line 962, in getaddrinfo
    for res in _socket.getaddrinfo(host, port, family, type, proto, flags):
               ^^^^^^^^^^^^^^^^^^^^^^^^^^^^^^^^^^^^^^^^^^^^^^^^^^^^^^^^^^^
socket.gaierror: [Errno 11001] getaddrinfo failed
2025-09-17 09:47:06,753 | websockets.client | INFO | ! connect failed; reconnecting in 0.4 seconds
Traceback (most recent call last):
  File "C:\Users\Jeremy\AppData\Local\Programs\Python\Python311\Lib\site-packages\websockets\legacy\client.py", line 603, in __aiter__
    async with self as protocol:
  File "C:\Users\Jeremy\AppData\Local\Programs\Python\Python311\Lib\site-packages\solana\rpc\websocket_api.py", line 422, in __aenter__
    protocol = await super().__aenter__()
               ^^^^^^^^^^^^^^^^^^^^^^^^^^
  File "C:\Users\Jeremy\AppData\Local\Programs\Python\Python311\Lib\site-packages\websockets\legacy\client.py", line 634, in __aenter__
    return await self
           ^^^^^^^^^^
  File "C:\Users\Jeremy\AppData\Local\Programs\Python\Python311\Lib\site-packages\websockets\legacy\client.py", line 653, in __await_impl__
    _transport, protocol = await self._create_connection()
                           ^^^^^^^^^^^^^^^^^^^^^^^^^^^^^^^
  File "C:\Users\Jeremy\AppData\Local\Programs\Python\Python311\Lib\asyncio\base_events.py", line 1046, in create_connection
    infos = await self._ensure_resolved(
            ^^^^^^^^^^^^^^^^^^^^^^^^^^^^
  File "C:\Users\Jeremy\AppData\Local\Programs\Python\Python311\Lib\asyncio\base_events.py", line 1420, in _ensure_resolved
    return await loop.getaddrinfo(host, port, family=family, type=type,
           ^^^^^^^^^^^^^^^^^^^^^^^^^^^^^^^^^^^^^^^^^^^^^^^^^^^^^^^^^^^^
  File "C:\Users\Jeremy\AppData\Local\Programs\Python\Python311\Lib\asyncio\base_events.py", line 868, in getaddrinfo
    return await self.run_in_executor(
           ^^^^^^^^^^^^^^^^^^^^^^^^^^^
  File "C:\Users\Jeremy\AppData\Local\Programs\Python\Python311\Lib\concurrent\futures\thread.py", line 58, in run
    result = self.fn(*self.args, **self.kwargs)
             ^^^^^^^^^^^^^^^^^^^^^^^^^^^^^^^^^^
  File "C:\Users\Jeremy\AppData\Local\Programs\Python\Python311\Lib\socket.py", line 962, in getaddrinfo
    for res in _socket.getaddrinfo(host, port, family, type, proto, flags):
               ^^^^^^^^^^^^^^^^^^^^^^^^^^^^^^^^^^^^^^^^^^^^^^^^^^^^^^^^^^^
socket.gaierror: [Errno 11001] getaddrinfo failed
2025-09-17 09:47:06,769 | websockets.client | INFO | ! connect failed; reconnecting in 4.8 seconds
Traceback (most recent call last):
  File "C:\Users\Jeremy\AppData\Local\Programs\Python\Python311\Lib\site-packages\websockets\legacy\client.py", line 603, in __aiter__
    async with self as protocol:
  File "C:\Users\Jeremy\AppData\Local\Programs\Python\Python311\Lib\site-packages\solana\rpc\websocket_api.py", line 422, in __aenter__
    protocol = await super().__aenter__()
               ^^^^^^^^^^^^^^^^^^^^^^^^^^
  File "C:\Users\Jeremy\AppData\Local\Programs\Python\Python311\Lib\site-packages\websockets\legacy\client.py", line 634, in __aenter__
    return await self
           ^^^^^^^^^^
  File "C:\Users\Jeremy\AppData\Local\Programs\Python\Python311\Lib\site-packages\websockets\legacy\client.py", line 653, in __await_impl__
    _transport, protocol = await self._create_connection()
                           ^^^^^^^^^^^^^^^^^^^^^^^^^^^^^^^
  File "C:\Users\Jeremy\AppData\Local\Programs\Python\Python311\Lib\asyncio\base_events.py", line 1046, in create_connection
    infos = await self._ensure_resolved(
            ^^^^^^^^^^^^^^^^^^^^^^^^^^^^
  File "C:\Users\Jeremy\AppData\Local\Programs\Python\Python311\Lib\asyncio\base_events.py", line 1420, in _ensure_resolved
    return await loop.getaddrinfo(host, port, family=family, type=type,
           ^^^^^^^^^^^^^^^^^^^^^^^^^^^^^^^^^^^^^^^^^^^^^^^^^^^^^^^^^^^^
  File "C:\Users\Jeremy\AppData\Local\Programs\Python\Python311\Lib\asyncio\base_events.py", line 868, in getaddrinfo
    return await self.run_in_executor(
           ^^^^^^^^^^^^^^^^^^^^^^^^^^^
  File "C:\Users\Jeremy\AppData\Local\Programs\Python\Python311\Lib\concurrent\futures\thread.py", line 58, in run
    result = self.fn(*self.args, **self.kwargs)
             ^^^^^^^^^^^^^^^^^^^^^^^^^^^^^^^^^^
  File "C:\Users\Jeremy\AppData\Local\Programs\Python\Python311\Lib\socket.py", line 962, in getaddrinfo
    for res in _socket.getaddrinfo(host, port, family, type, proto, flags):
               ^^^^^^^^^^^^^^^^^^^^^^^^^^^^^^^^^^^^^^^^^^^^^^^^^^^^^^^^^^^
socket.gaierror: [Errno 11001] getaddrinfo failed
2025-09-17 09:47:06,769 | websockets.client | INFO | ! connect failed; reconnecting in 2.6 seconds
Traceback (most recent call last):
  File "C:\Users\Jeremy\AppData\Local\Programs\Python\Python311\Lib\site-packages\websockets\legacy\client.py", line 603, in __aiter__
    async with self as protocol:
  File "C:\Users\Jeremy\AppData\Local\Programs\Python\Python311\Lib\site-packages\solana\rpc\websocket_api.py", line 422, in __aenter__
    protocol = await super().__aenter__()
               ^^^^^^^^^^^^^^^^^^^^^^^^^^
  File "C:\Users\Jeremy\AppData\Local\Programs\Python\Python311\Lib\site-packages\websockets\legacy\client.py", line 634, in __aenter__
    return await self
           ^^^^^^^^^^
  File "C:\Users\Jeremy\AppData\Local\Programs\Python\Python311\Lib\site-packages\websockets\legacy\client.py", line 653, in __await_impl__
    _transport, protocol = await self._create_connection()
                           ^^^^^^^^^^^^^^^^^^^^^^^^^^^^^^^
  File "C:\Users\Jeremy\AppData\Local\Programs\Python\Python311\Lib\asyncio\base_events.py", line 1046, in create_connection
    infos = await self._ensure_resolved(
            ^^^^^^^^^^^^^^^^^^^^^^^^^^^^
  File "C:\Users\Jeremy\AppData\Local\Programs\Python\Python311\Lib\asyncio\base_events.py", line 1420, in _ensure_resolved
    return await loop.getaddrinfo(host, port, family=family, type=type,
           ^^^^^^^^^^^^^^^^^^^^^^^^^^^^^^^^^^^^^^^^^^^^^^^^^^^^^^^^^^^^
  File "C:\Users\Jeremy\AppData\Local\Programs\Python\Python311\Lib\asyncio\base_events.py", line 868, in getaddrinfo
    return await self.run_in_executor(
           ^^^^^^^^^^^^^^^^^^^^^^^^^^^
  File "C:\Users\Jeremy\AppData\Local\Programs\Python\Python311\Lib\concurrent\futures\thread.py", line 58, in run
    result = self.fn(*self.args, **self.kwargs)
             ^^^^^^^^^^^^^^^^^^^^^^^^^^^^^^^^^^
  File "C:\Users\Jeremy\AppData\Local\Programs\Python\Python311\Lib\socket.py", line 962, in getaddrinfo
    for res in _socket.getaddrinfo(host, port, family, type, proto, flags):
               ^^^^^^^^^^^^^^^^^^^^^^^^^^^^^^^^^^^^^^^^^^^^^^^^^^^^^^^^^^^
socket.gaierror: [Errno 11001] getaddrinfo failed
2025-09-17 09:47:06,779 | websockets.client | INFO | ! connect failed; reconnecting in 1.1 seconds
Traceback (most recent call last):
  File "C:\Users\Jeremy\AppData\Local\Programs\Python\Python311\Lib\site-packages\websockets\legacy\client.py", line 603, in __aiter__
    async with self as protocol:
  File "C:\Users\Jeremy\AppData\Local\Programs\Python\Python311\Lib\site-packages\solana\rpc\websocket_api.py", line 422, in __aenter__
    protocol = await super().__aenter__()
               ^^^^^^^^^^^^^^^^^^^^^^^^^^
  File "C:\Users\Jeremy\AppData\Local\Programs\Python\Python311\Lib\site-packages\websockets\legacy\client.py", line 634, in __aenter__
    return await self
           ^^^^^^^^^^
  File "C:\Users\Jeremy\AppData\Local\Programs\Python\Python311\Lib\site-packages\websockets\legacy\client.py", line 653, in __await_impl__
    _transport, protocol = await self._create_connection()
                           ^^^^^^^^^^^^^^^^^^^^^^^^^^^^^^^
  File "C:\Users\Jeremy\AppData\Local\Programs\Python\Python311\Lib\asyncio\base_events.py", line 1046, in create_connection
    infos = await self._ensure_resolved(
            ^^^^^^^^^^^^^^^^^^^^^^^^^^^^
  File "C:\Users\Jeremy\AppData\Local\Programs\Python\Python311\Lib\asyncio\base_events.py", line 1420, in _ensure_resolved
    return await loop.getaddrinfo(host, port, family=family, type=type,
           ^^^^^^^^^^^^^^^^^^^^^^^^^^^^^^^^^^^^^^^^^^^^^^^^^^^^^^^^^^^^
  File "C:\Users\Jeremy\AppData\Local\Programs\Python\Python311\Lib\asyncio\base_events.py", line 868, in getaddrinfo
    return await self.run_in_executor(
           ^^^^^^^^^^^^^^^^^^^^^^^^^^^
  File "C:\Users\Jeremy\AppData\Local\Programs\Python\Python311\Lib\concurrent\futures\thread.py", line 58, in run
    result = self.fn(*self.args, **self.kwargs)
             ^^^^^^^^^^^^^^^^^^^^^^^^^^^^^^^^^^
  File "C:\Users\Jeremy\AppData\Local\Programs\Python\Python311\Lib\socket.py", line 962, in getaddrinfo
    for res in _socket.getaddrinfo(host, port, family, type, proto, flags):
               ^^^^^^^^^^^^^^^^^^^^^^^^^^^^^^^^^^^^^^^^^^^^^^^^^^^^^^^^^^^
socket.gaierror: [Errno 11001] getaddrinfo failed
2025-09-17 09:47:06,786 | websockets.client | INFO | ! connect failed; reconnecting in 4.5 seconds
Traceback (most recent call last):
  File "C:\Users\Jeremy\AppData\Local\Programs\Python\Python311\Lib\site-packages\websockets\legacy\client.py", line 603, in __aiter__
    async with self as protocol:
  File "C:\Users\Jeremy\AppData\Local\Programs\Python\Python311\Lib\site-packages\solana\rpc\websocket_api.py", line 422, in __aenter__
    protocol = await super().__aenter__()
               ^^^^^^^^^^^^^^^^^^^^^^^^^^
  File "C:\Users\Jeremy\AppData\Local\Programs\Python\Python311\Lib\site-packages\websockets\legacy\client.py", line 634, in __aenter__
    return await self
           ^^^^^^^^^^
  File "C:\Users\Jeremy\AppData\Local\Programs\Python\Python311\Lib\site-packages\websockets\legacy\client.py", line 653, in __await_impl__
    _transport, protocol = await self._create_connection()
                           ^^^^^^^^^^^^^^^^^^^^^^^^^^^^^^^
  File "C:\Users\Jeremy\AppData\Local\Programs\Python\Python311\Lib\asyncio\base_events.py", line 1046, in create_connection
    infos = await self._ensure_resolved(
            ^^^^^^^^^^^^^^^^^^^^^^^^^^^^
  File "C:\Users\Jeremy\AppData\Local\Programs\Python\Python311\Lib\asyncio\base_events.py", line 1420, in _ensure_resolved
    return await loop.getaddrinfo(host, port, family=family, type=type,
           ^^^^^^^^^^^^^^^^^^^^^^^^^^^^^^^^^^^^^^^^^^^^^^^^^^^^^^^^^^^^
  File "C:\Users\Jeremy\AppData\Local\Programs\Python\Python311\Lib\asyncio\base_events.py", line 868, in getaddrinfo
    return await self.run_in_executor(
           ^^^^^^^^^^^^^^^^^^^^^^^^^^^
  File "C:\Users\Jeremy\AppData\Local\Programs\Python\Python311\Lib\concurrent\futures\thread.py", line 58, in run
    result = self.fn(*self.args, **self.kwargs)
             ^^^^^^^^^^^^^^^^^^^^^^^^^^^^^^^^^^
  File "C:\Users\Jeremy\AppData\Local\Programs\Python\Python311\Lib\socket.py", line 962, in getaddrinfo
    for res in _socket.getaddrinfo(host, port, family, type, proto, flags):
               ^^^^^^^^^^^^^^^^^^^^^^^^^^^^^^^^^^^^^^^^^^^^^^^^^^^^^^^^^^^
socket.gaierror: [Errno 11001] getaddrinfo failed
2025-09-17 09:47:06,784 | websockets.client | INFO | ! connect failed; reconnecting in 0.8 seconds
Traceback (most recent call last):
  File "C:\Users\Jeremy\AppData\Local\Programs\Python\Python311\Lib\site-packages\websockets\legacy\client.py", line 603, in __aiter__
    async with self as protocol:
  File "C:\Users\Jeremy\AppData\Local\Programs\Python\Python311\Lib\site-packages\solana\rpc\websocket_api.py", line 422, in __aenter__
    protocol = await super().__aenter__()
               ^^^^^^^^^^^^^^^^^^^^^^^^^^
  File "C:\Users\Jeremy\AppData\Local\Programs\Python\Python311\Lib\site-packages\websockets\legacy\client.py", line 634, in __aenter__
    return await self
           ^^^^^^^^^^
  File "C:\Users\Jeremy\AppData\Local\Programs\Python\Python311\Lib\site-packages\websockets\legacy\client.py", line 653, in __await_impl__
    _transport, protocol = await self._create_connection()
                           ^^^^^^^^^^^^^^^^^^^^^^^^^^^^^^^
  File "C:\Users\Jeremy\AppData\Local\Programs\Python\Python311\Lib\asyncio\base_events.py", line 1046, in create_connection
    infos = await self._ensure_resolved(
            ^^^^^^^^^^^^^^^^^^^^^^^^^^^^
  File "C:\Users\Jeremy\AppData\Local\Programs\Python\Python311\Lib\asyncio\base_events.py", line 1420, in _ensure_resolved
    return await loop.getaddrinfo(host, port, family=family, type=type,
           ^^^^^^^^^^^^^^^^^^^^^^^^^^^^^^^^^^^^^^^^^^^^^^^^^^^^^^^^^^^^
  File "C:\Users\Jeremy\AppData\Local\Programs\Python\Python311\Lib\asyncio\base_events.py", line 868, in getaddrinfo
    return await self.run_in_executor(
           ^^^^^^^^^^^^^^^^^^^^^^^^^^^
  File "C:\Users\Jeremy\AppData\Local\Programs\Python\Python311\Lib\concurrent\futures\thread.py", line 58, in run
    result = self.fn(*self.args, **self.kwargs)
             ^^^^^^^^^^^^^^^^^^^^^^^^^^^^^^^^^^
  File "C:\Users\Jeremy\AppData\Local\Programs\Python\Python311\Lib\socket.py", line 962, in getaddrinfo
    for res in _socket.getaddrinfo(host, port, family, type, proto, flags):
               ^^^^^^^^^^^^^^^^^^^^^^^^^^^^^^^^^^^^^^^^^^^^^^^^^^^^^^^^^^^
socket.gaierror: [Errno 11001] getaddrinfo failed
2025-09-17 09:47:06,791 | websockets.client | INFO | ! connect failed; reconnecting in 3.3 seconds
Traceback (most recent call last):
  File "C:\Users\Jeremy\AppData\Local\Programs\Python\Python311\Lib\site-packages\websockets\legacy\client.py", line 603, in __aiter__
    async with self as protocol:
  File "C:\Users\Jeremy\AppData\Local\Programs\Python\Python311\Lib\site-packages\solana\rpc\websocket_api.py", line 422, in __aenter__
    protocol = await super().__aenter__()
               ^^^^^^^^^^^^^^^^^^^^^^^^^^
  File "C:\Users\Jeremy\AppData\Local\Programs\Python\Python311\Lib\site-packages\websockets\legacy\client.py", line 634, in __aenter__
    return await self
           ^^^^^^^^^^
  File "C:\Users\Jeremy\AppData\Local\Programs\Python\Python311\Lib\site-packages\websockets\legacy\client.py", line 653, in __await_impl__
    _transport, protocol = await self._create_connection()
                           ^^^^^^^^^^^^^^^^^^^^^^^^^^^^^^^
  File "C:\Users\Jeremy\AppData\Local\Programs\Python\Python311\Lib\asyncio\base_events.py", line 1046, in create_connection
    infos = await self._ensure_resolved(
            ^^^^^^^^^^^^^^^^^^^^^^^^^^^^
  File "C:\Users\Jeremy\AppData\Local\Programs\Python\Python311\Lib\asyncio\base_events.py", line 1420, in _ensure_resolved
    return await loop.getaddrinfo(host, port, family=family, type=type,
           ^^^^^^^^^^^^^^^^^^^^^^^^^^^^^^^^^^^^^^^^^^^^^^^^^^^^^^^^^^^^
  File "C:\Users\Jeremy\AppData\Local\Programs\Python\Python311\Lib\asyncio\base_events.py", line 868, in getaddrinfo
    return await self.run_in_executor(
           ^^^^^^^^^^^^^^^^^^^^^^^^^^^
  File "C:\Users\Jeremy\AppData\Local\Programs\Python\Python311\Lib\concurrent\futures\thread.py", line 58, in run
    result = self.fn(*self.args, **self.kwargs)
             ^^^^^^^^^^^^^^^^^^^^^^^^^^^^^^^^^^
  File "C:\Users\Jeremy\AppData\Local\Programs\Python\Python311\Lib\socket.py", line 962, in getaddrinfo
    for res in _socket.getaddrinfo(host, port, family, type, proto, flags):
               ^^^^^^^^^^^^^^^^^^^^^^^^^^^^^^^^^^^^^^^^^^^^^^^^^^^^^^^^^^^
socket.gaierror: [Errno 11001] getaddrinfo failed
2025-09-17 09:47:06,791 | websockets.client | INFO | ! connect failed; reconnecting in 3.3 seconds
Traceback (most recent call last):
  File "C:\Users\Jeremy\AppData\Local\Programs\Python\Python311\Lib\site-packages\websockets\legacy\client.py", line 603, in __aiter__
    async with self as protocol:
  File "C:\Users\Jeremy\AppData\Local\Programs\Python\Python311\Lib\site-packages\solana\rpc\websocket_api.py", line 422, in __aenter__
    protocol = await super().__aenter__()
               ^^^^^^^^^^^^^^^^^^^^^^^^^^
  File "C:\Users\Jeremy\AppData\Local\Programs\Python\Python311\Lib\site-packages\websockets\legacy\client.py", line 634, in __aenter__
    return await self
           ^^^^^^^^^^
  File "C:\Users\Jeremy\AppData\Local\Programs\Python\Python311\Lib\site-packages\websockets\legacy\client.py", line 653, in __await_impl__
    _transport, protocol = await self._create_connection()
                           ^^^^^^^^^^^^^^^^^^^^^^^^^^^^^^^
  File "C:\Users\Jeremy\AppData\Local\Programs\Python\Python311\Lib\asyncio\base_events.py", line 1046, in create_connection
    infos = await self._ensure_resolved(
            ^^^^^^^^^^^^^^^^^^^^^^^^^^^^
  File "C:\Users\Jeremy\AppData\Local\Programs\Python\Python311\Lib\asyncio\base_events.py", line 1420, in _ensure_resolved
    return await loop.getaddrinfo(host, port, family=family, type=type,
           ^^^^^^^^^^^^^^^^^^^^^^^^^^^^^^^^^^^^^^^^^^^^^^^^^^^^^^^^^^^^
  File "C:\Users\Jeremy\AppData\Local\Programs\Python\Python311\Lib\asyncio\base_events.py", line 868, in getaddrinfo
    return await self.run_in_executor(
           ^^^^^^^^^^^^^^^^^^^^^^^^^^^
  File "C:\Users\Jeremy\AppData\Local\Programs\Python\Python311\Lib\concurrent\futures\thread.py", line 58, in run
    result = self.fn(*self.args, **self.kwargs)
             ^^^^^^^^^^^^^^^^^^^^^^^^^^^^^^^^^^
  File "C:\Users\Jeremy\AppData\Local\Programs\Python\Python311\Lib\socket.py", line 962, in getaddrinfo
    for res in _socket.getaddrinfo(host, port, family, type, proto, flags):
               ^^^^^^^^^^^^^^^^^^^^^^^^^^^^^^^^^^^^^^^^^^^^^^^^^^^^^^^^^^^
socket.gaierror: [Errno 11001] getaddrinfo failed
2025-09-17 09:47:06,799 | websockets.client | INFO | ! connect failed; reconnecting in 2.0 seconds
Traceback (most recent call last):
  File "C:\Users\Jeremy\AppData\Local\Programs\Python\Python311\Lib\site-packages\websockets\legacy\client.py", line 603, in __aiter__
    async with self as protocol:
  File "C:\Users\Jeremy\AppData\Local\Programs\Python\Python311\Lib\site-packages\solana\rpc\websocket_api.py", line 422, in __aenter__
    protocol = await super().__aenter__()
               ^^^^^^^^^^^^^^^^^^^^^^^^^^
  File "C:\Users\Jeremy\AppData\Local\Programs\Python\Python311\Lib\site-packages\websockets\legacy\client.py", line 634, in __aenter__
    return await self
           ^^^^^^^^^^
  File "C:\Users\Jeremy\AppData\Local\Programs\Python\Python311\Lib\site-packages\websockets\legacy\client.py", line 653, in __await_impl__
    _transport, protocol = await self._create_connection()
                           ^^^^^^^^^^^^^^^^^^^^^^^^^^^^^^^
  File "C:\Users\Jeremy\AppData\Local\Programs\Python\Python311\Lib\asyncio\base_events.py", line 1046, in create_connection
    infos = await self._ensure_resolved(
            ^^^^^^^^^^^^^^^^^^^^^^^^^^^^
  File "C:\Users\Jeremy\AppData\Local\Programs\Python\Python311\Lib\asyncio\base_events.py", line 1420, in _ensure_resolved
    return await loop.getaddrinfo(host, port, family=family, type=type,
           ^^^^^^^^^^^^^^^^^^^^^^^^^^^^^^^^^^^^^^^^^^^^^^^^^^^^^^^^^^^^
  File "C:\Users\Jeremy\AppData\Local\Programs\Python\Python311\Lib\asyncio\base_events.py", line 868, in getaddrinfo
    return await self.run_in_executor(
           ^^^^^^^^^^^^^^^^^^^^^^^^^^^
  File "C:\Users\Jeremy\AppData\Local\Programs\Python\Python311\Lib\concurrent\futures\thread.py", line 58, in run
    result = self.fn(*self.args, **self.kwargs)
             ^^^^^^^^^^^^^^^^^^^^^^^^^^^^^^^^^^
  File "C:\Users\Jeremy\AppData\Local\Programs\Python\Python311\Lib\socket.py", line 962, in getaddrinfo
    for res in _socket.getaddrinfo(host, port, family, type, proto, flags):
               ^^^^^^^^^^^^^^^^^^^^^^^^^^^^^^^^^^^^^^^^^^^^^^^^^^^^^^^^^^^
socket.gaierror: [Errno 11001] getaddrinfo failed
2025-09-17 09:47:06,802 | websockets.client | INFO | ! connect failed; reconnecting in 3.0 seconds
Traceback (most recent call last):
  File "C:\Users\Jeremy\AppData\Local\Programs\Python\Python311\Lib\site-packages\websockets\legacy\client.py", line 603, in __aiter__
    async with self as protocol:
  File "C:\Users\Jeremy\AppData\Local\Programs\Python\Python311\Lib\site-packages\solana\rpc\websocket_api.py", line 422, in __aenter__
    protocol = await super().__aenter__()
               ^^^^^^^^^^^^^^^^^^^^^^^^^^
  File "C:\Users\Jeremy\AppData\Local\Programs\Python\Python311\Lib\site-packages\websockets\legacy\client.py", line 634, in __aenter__
    return await self
           ^^^^^^^^^^
  File "C:\Users\Jeremy\AppData\Local\Programs\Python\Python311\Lib\site-packages\websockets\legacy\client.py", line 653, in __await_impl__
    _transport, protocol = await self._create_connection()
                           ^^^^^^^^^^^^^^^^^^^^^^^^^^^^^^^
  File "C:\Users\Jeremy\AppData\Local\Programs\Python\Python311\Lib\asyncio\base_events.py", line 1046, in create_connection
    infos = await self._ensure_resolved(
            ^^^^^^^^^^^^^^^^^^^^^^^^^^^^
  File "C:\Users\Jeremy\AppData\Local\Programs\Python\Python311\Lib\asyncio\base_events.py", line 1420, in _ensure_resolved
    return await loop.getaddrinfo(host, port, family=family, type=type,
           ^^^^^^^^^^^^^^^^^^^^^^^^^^^^^^^^^^^^^^^^^^^^^^^^^^^^^^^^^^^^
  File "C:\Users\Jeremy\AppData\Local\Programs\Python\Python311\Lib\asyncio\base_events.py", line 868, in getaddrinfo
    return await self.run_in_executor(
           ^^^^^^^^^^^^^^^^^^^^^^^^^^^
  File "C:\Users\Jeremy\AppData\Local\Programs\Python\Python311\Lib\concurrent\futures\thread.py", line 58, in run
    result = self.fn(*self.args, **self.kwargs)
             ^^^^^^^^^^^^^^^^^^^^^^^^^^^^^^^^^^
  File "C:\Users\Jeremy\AppData\Local\Programs\Python\Python311\Lib\socket.py", line 962, in getaddrinfo
    for res in _socket.getaddrinfo(host, port, family, type, proto, flags):
               ^^^^^^^^^^^^^^^^^^^^^^^^^^^^^^^^^^^^^^^^^^^^^^^^^^^^^^^^^^^
socket.gaierror: [Errno 11001] getaddrinfo failed
2025-09-17 09:47:06,804 | websockets.client | INFO | ! connect failed; reconnecting in 1.6 seconds
Traceback (most recent call last):
  File "C:\Users\Jeremy\AppData\Local\Programs\Python\Python311\Lib\site-packages\websockets\legacy\client.py", line 603, in __aiter__
    async with self as protocol:
  File "C:\Users\Jeremy\AppData\Local\Programs\Python\Python311\Lib\site-packages\solana\rpc\websocket_api.py", line 422, in __aenter__
    protocol = await super().__aenter__()
               ^^^^^^^^^^^^^^^^^^^^^^^^^^
  File "C:\Users\Jeremy\AppData\Local\Programs\Python\Python311\Lib\site-packages\websockets\legacy\client.py", line 634, in __aenter__
    return await self
           ^^^^^^^^^^
  File "C:\Users\Jeremy\AppData\Local\Programs\Python\Python311\Lib\site-packages\websockets\legacy\client.py", line 653, in __await_impl__
    _transport, protocol = await self._create_connection()
                           ^^^^^^^^^^^^^^^^^^^^^^^^^^^^^^^
  File "C:\Users\Jeremy\AppData\Local\Programs\Python\Python311\Lib\asyncio\base_events.py", line 1046, in create_connection
    infos = await self._ensure_resolved(
            ^^^^^^^^^^^^^^^^^^^^^^^^^^^^
  File "C:\Users\Jeremy\AppData\Local\Programs\Python\Python311\Lib\asyncio\base_events.py", line 1420, in _ensure_resolved
    return await loop.getaddrinfo(host, port, family=family, type=type,
           ^^^^^^^^^^^^^^^^^^^^^^^^^^^^^^^^^^^^^^^^^^^^^^^^^^^^^^^^^^^^
  File "C:\Users\Jeremy\AppData\Local\Programs\Python\Python311\Lib\asyncio\base_events.py", line 868, in getaddrinfo
    return await self.run_in_executor(
           ^^^^^^^^^^^^^^^^^^^^^^^^^^^
  File "C:\Users\Jeremy\AppData\Local\Programs\Python\Python311\Lib\concurrent\futures\thread.py", line 58, in run
    result = self.fn(*self.args, **self.kwargs)
             ^^^^^^^^^^^^^^^^^^^^^^^^^^^^^^^^^^
  File "C:\Users\Jeremy\AppData\Local\Programs\Python\Python311\Lib\socket.py", line 962, in getaddrinfo
    for res in _socket.getaddrinfo(host, port, family, type, proto, flags):
               ^^^^^^^^^^^^^^^^^^^^^^^^^^^^^^^^^^^^^^^^^^^^^^^^^^^^^^^^^^^
socket.gaierror: [Errno 11001] getaddrinfo failed
2025-09-17 09:47:06,804 | websockets.client | INFO | ! connect failed; reconnecting in 4.6 seconds
Traceback (most recent call last):
  File "C:\Users\Jeremy\AppData\Local\Programs\Python\Python311\Lib\site-packages\websockets\legacy\client.py", line 603, in __aiter__
    async with self as protocol:
  File "C:\Users\Jeremy\AppData\Local\Programs\Python\Python311\Lib\site-packages\solana\rpc\websocket_api.py", line 422, in __aenter__
    protocol = await super().__aenter__()
               ^^^^^^^^^^^^^^^^^^^^^^^^^^
  File "C:\Users\Jeremy\AppData\Local\Programs\Python\Python311\Lib\site-packages\websockets\legacy\client.py", line 634, in __aenter__
    return await self
           ^^^^^^^^^^
  File "C:\Users\Jeremy\AppData\Local\Programs\Python\Python311\Lib\site-packages\websockets\legacy\client.py", line 653, in __await_impl__
    _transport, protocol = await self._create_connection()
                           ^^^^^^^^^^^^^^^^^^^^^^^^^^^^^^^
  File "C:\Users\Jeremy\AppData\Local\Programs\Python\Python311\Lib\asyncio\base_events.py", line 1046, in create_connection
    infos = await self._ensure_resolved(
            ^^^^^^^^^^^^^^^^^^^^^^^^^^^^
  File "C:\Users\Jeremy\AppData\Local\Programs\Python\Python311\Lib\asyncio\base_events.py", line 1420, in _ensure_resolved
    return await loop.getaddrinfo(host, port, family=family, type=type,
           ^^^^^^^^^^^^^^^^^^^^^^^^^^^^^^^^^^^^^^^^^^^^^^^^^^^^^^^^^^^^
  File "C:\Users\Jeremy\AppData\Local\Programs\Python\Python311\Lib\asyncio\base_events.py", line 868, in getaddrinfo
    return await self.run_in_executor(
           ^^^^^^^^^^^^^^^^^^^^^^^^^^^
  File "C:\Users\Jeremy\AppData\Local\Programs\Python\Python311\Lib\concurrent\futures\thread.py", line 58, in run
    result = self.fn(*self.args, **self.kwargs)
             ^^^^^^^^^^^^^^^^^^^^^^^^^^^^^^^^^^
  File "C:\Users\Jeremy\AppData\Local\Programs\Python\Python311\Lib\socket.py", line 962, in getaddrinfo
    for res in _socket.getaddrinfo(host, port, family, type, proto, flags):
               ^^^^^^^^^^^^^^^^^^^^^^^^^^^^^^^^^^^^^^^^^^^^^^^^^^^^^^^^^^^
socket.gaierror: [Errno 11001] getaddrinfo failed
2025-09-17 09:47:06,812 | websockets.client | INFO | ! connect failed; reconnecting in 1.3 seconds
Traceback (most recent call last):
  File "C:\Users\Jeremy\AppData\Local\Programs\Python\Python311\Lib\site-packages\websockets\legacy\client.py", line 603, in __aiter__
    async with self as protocol:
  File "C:\Users\Jeremy\AppData\Local\Programs\Python\Python311\Lib\site-packages\solana\rpc\websocket_api.py", line 422, in __aenter__
    protocol = await super().__aenter__()
               ^^^^^^^^^^^^^^^^^^^^^^^^^^
  File "C:\Users\Jeremy\AppData\Local\Programs\Python\Python311\Lib\site-packages\websockets\legacy\client.py", line 634, in __aenter__
    return await self
           ^^^^^^^^^^
  File "C:\Users\Jeremy\AppData\Local\Programs\Python\Python311\Lib\site-packages\websockets\legacy\client.py", line 653, in __await_impl__
    _transport, protocol = await self._create_connection()
                           ^^^^^^^^^^^^^^^^^^^^^^^^^^^^^^^
  File "C:\Users\Jeremy\AppData\Local\Programs\Python\Python311\Lib\asyncio\base_events.py", line 1046, in create_connection
    infos = await self._ensure_resolved(
            ^^^^^^^^^^^^^^^^^^^^^^^^^^^^
  File "C:\Users\Jeremy\AppData\Local\Programs\Python\Python311\Lib\asyncio\base_events.py", line 1420, in _ensure_resolved
    return await loop.getaddrinfo(host, port, family=family, type=type,
           ^^^^^^^^^^^^^^^^^^^^^^^^^^^^^^^^^^^^^^^^^^^^^^^^^^^^^^^^^^^^
  File "C:\Users\Jeremy\AppData\Local\Programs\Python\Python311\Lib\asyncio\base_events.py", line 868, in getaddrinfo
    return await self.run_in_executor(
           ^^^^^^^^^^^^^^^^^^^^^^^^^^^
  File "C:\Users\Jeremy\AppData\Local\Programs\Python\Python311\Lib\concurrent\futures\thread.py", line 58, in run
    result = self.fn(*self.args, **self.kwargs)
             ^^^^^^^^^^^^^^^^^^^^^^^^^^^^^^^^^^
  File "C:\Users\Jeremy\AppData\Local\Programs\Python\Python311\Lib\socket.py", line 962, in getaddrinfo
    for res in _socket.getaddrinfo(host, port, family, type, proto, flags):
               ^^^^^^^^^^^^^^^^^^^^^^^^^^^^^^^^^^^^^^^^^^^^^^^^^^^^^^^^^^^
socket.gaierror: [Errno 11001] getaddrinfo failed
2025-09-17 09:47:06,815 | websockets.client | INFO | ! connect failed; reconnecting in 4.2 seconds
Traceback (most recent call last):
  File "C:\Users\Jeremy\AppData\Local\Programs\Python\Python311\Lib\site-packages\websockets\legacy\client.py", line 603, in __aiter__
    async with self as protocol:
  File "C:\Users\Jeremy\AppData\Local\Programs\Python\Python311\Lib\site-packages\solana\rpc\websocket_api.py", line 422, in __aenter__
    protocol = await super().__aenter__()
               ^^^^^^^^^^^^^^^^^^^^^^^^^^
  File "C:\Users\Jeremy\AppData\Local\Programs\Python\Python311\Lib\site-packages\websockets\legacy\client.py", line 634, in __aenter__
    return await self
           ^^^^^^^^^^
  File "C:\Users\Jeremy\AppData\Local\Programs\Python\Python311\Lib\site-packages\websockets\legacy\client.py", line 653, in __await_impl__
    _transport, protocol = await self._create_connection()
                           ^^^^^^^^^^^^^^^^^^^^^^^^^^^^^^^
  File "C:\Users\Jeremy\AppData\Local\Programs\Python\Python311\Lib\asyncio\base_events.py", line 1046, in create_connection
    infos = await self._ensure_resolved(
            ^^^^^^^^^^^^^^^^^^^^^^^^^^^^
  File "C:\Users\Jeremy\AppData\Local\Programs\Python\Python311\Lib\asyncio\base_events.py", line 1420, in _ensure_resolved
    return await loop.getaddrinfo(host, port, family=family, type=type,
           ^^^^^^^^^^^^^^^^^^^^^^^^^^^^^^^^^^^^^^^^^^^^^^^^^^^^^^^^^^^^
  File "C:\Users\Jeremy\AppData\Local\Programs\Python\Python311\Lib\asyncio\base_events.py", line 868, in getaddrinfo
    return await self.run_in_executor(
           ^^^^^^^^^^^^^^^^^^^^^^^^^^^
  File "C:\Users\Jeremy\AppData\Local\Programs\Python\Python311\Lib\concurrent\futures\thread.py", line 58, in run
    result = self.fn(*self.args, **self.kwargs)
             ^^^^^^^^^^^^^^^^^^^^^^^^^^^^^^^^^^
  File "C:\Users\Jeremy\AppData\Local\Programs\Python\Python311\Lib\socket.py", line 962, in getaddrinfo
    for res in _socket.getaddrinfo(host, port, family, type, proto, flags):
               ^^^^^^^^^^^^^^^^^^^^^^^^^^^^^^^^^^^^^^^^^^^^^^^^^^^^^^^^^^^
socket.gaierror: [Errno 11001] getaddrinfo failed
2025-09-17 09:47:06,815 | websockets.client | INFO | ! connect failed; reconnecting in 1.2 seconds
Traceback (most recent call last):
  File "C:\Users\Jeremy\AppData\Local\Programs\Python\Python311\Lib\site-packages\websockets\legacy\client.py", line 603, in __aiter__
    async with self as protocol:
  File "C:\Users\Jeremy\AppData\Local\Programs\Python\Python311\Lib\site-packages\solana\rpc\websocket_api.py", line 422, in __aenter__
    protocol = await super().__aenter__()
               ^^^^^^^^^^^^^^^^^^^^^^^^^^
  File "C:\Users\Jeremy\AppData\Local\Programs\Python\Python311\Lib\site-packages\websockets\legacy\client.py", line 634, in __aenter__
    return await self
           ^^^^^^^^^^
  File "C:\Users\Jeremy\AppData\Local\Programs\Python\Python311\Lib\site-packages\websockets\legacy\client.py", line 653, in __await_impl__
    _transport, protocol = await self._create_connection()
                           ^^^^^^^^^^^^^^^^^^^^^^^^^^^^^^^
  File "C:\Users\Jeremy\AppData\Local\Programs\Python\Python311\Lib\asyncio\base_events.py", line 1046, in create_connection
    infos = await self._ensure_resolved(
            ^^^^^^^^^^^^^^^^^^^^^^^^^^^^
  File "C:\Users\Jeremy\AppData\Local\Programs\Python\Python311\Lib\asyncio\base_events.py", line 1420, in _ensure_resolved
    return await loop.getaddrinfo(host, port, family=family, type=type,
           ^^^^^^^^^^^^^^^^^^^^^^^^^^^^^^^^^^^^^^^^^^^^^^^^^^^^^^^^^^^^
  File "C:\Users\Jeremy\AppData\Local\Programs\Python\Python311\Lib\asyncio\base_events.py", line 868, in getaddrinfo
    return await self.run_in_executor(
           ^^^^^^^^^^^^^^^^^^^^^^^^^^^
  File "C:\Users\Jeremy\AppData\Local\Programs\Python\Python311\Lib\concurrent\futures\thread.py", line 58, in run
    result = self.fn(*self.args, **self.kwargs)
             ^^^^^^^^^^^^^^^^^^^^^^^^^^^^^^^^^^
  File "C:\Users\Jeremy\AppData\Local\Programs\Python\Python311\Lib\socket.py", line 962, in getaddrinfo
    for res in _socket.getaddrinfo(host, port, family, type, proto, flags):
               ^^^^^^^^^^^^^^^^^^^^^^^^^^^^^^^^^^^^^^^^^^^^^^^^^^^^^^^^^^^
socket.gaierror: [Errno 11001] getaddrinfo failed
2025-09-17 09:47:06,822 | websockets.client | INFO | ! connect failed; reconnecting in 4.5 seconds
Traceback (most recent call last):
  File "C:\Users\Jeremy\AppData\Local\Programs\Python\Python311\Lib\site-packages\websockets\legacy\client.py", line 603, in __aiter__
    async with self as protocol:
  File "C:\Users\Jeremy\AppData\Local\Programs\Python\Python311\Lib\site-packages\solana\rpc\websocket_api.py", line 422, in __aenter__
    protocol = await super().__aenter__()
               ^^^^^^^^^^^^^^^^^^^^^^^^^^
  File "C:\Users\Jeremy\AppData\Local\Programs\Python\Python311\Lib\site-packages\websockets\legacy\client.py", line 634, in __aenter__
    return await self
           ^^^^^^^^^^
  File "C:\Users\Jeremy\AppData\Local\Programs\Python\Python311\Lib\site-packages\websockets\legacy\client.py", line 653, in __await_impl__
    _transport, protocol = await self._create_connection()
                           ^^^^^^^^^^^^^^^^^^^^^^^^^^^^^^^
  File "C:\Users\Jeremy\AppData\Local\Programs\Python\Python311\Lib\asyncio\base_events.py", line 1046, in create_connection
    infos = await self._ensure_resolved(
            ^^^^^^^^^^^^^^^^^^^^^^^^^^^^
  File "C:\Users\Jeremy\AppData\Local\Programs\Python\Python311\Lib\asyncio\base_events.py", line 1420, in _ensure_resolved
    return await loop.getaddrinfo(host, port, family=family, type=type,
           ^^^^^^^^^^^^^^^^^^^^^^^^^^^^^^^^^^^^^^^^^^^^^^^^^^^^^^^^^^^^
  File "C:\Users\Jeremy\AppData\Local\Programs\Python\Python311\Lib\asyncio\base_events.py", line 868, in getaddrinfo
    return await self.run_in_executor(
           ^^^^^^^^^^^^^^^^^^^^^^^^^^^
  File "C:\Users\Jeremy\AppData\Local\Programs\Python\Python311\Lib\concurrent\futures\thread.py", line 58, in run
    result = self.fn(*self.args, **self.kwargs)
             ^^^^^^^^^^^^^^^^^^^^^^^^^^^^^^^^^^
  File "C:\Users\Jeremy\AppData\Local\Programs\Python\Python311\Lib\socket.py", line 962, in getaddrinfo
    for res in _socket.getaddrinfo(host, port, family, type, proto, flags):
               ^^^^^^^^^^^^^^^^^^^^^^^^^^^^^^^^^^^^^^^^^^^^^^^^^^^^^^^^^^^
socket.gaierror: [Errno 11001] getaddrinfo failed
2025-09-17 09:47:06,822 | websockets.client | INFO | ! connect failed; reconnecting in 1.8 seconds
Traceback (most recent call last):
  File "C:\Users\Jeremy\AppData\Local\Programs\Python\Python311\Lib\site-packages\websockets\legacy\client.py", line 603, in __aiter__
    async with self as protocol:
  File "C:\Users\Jeremy\AppData\Local\Programs\Python\Python311\Lib\site-packages\solana\rpc\websocket_api.py", line 422, in __aenter__
    protocol = await super().__aenter__()
               ^^^^^^^^^^^^^^^^^^^^^^^^^^
  File "C:\Users\Jeremy\AppData\Local\Programs\Python\Python311\Lib\site-packages\websockets\legacy\client.py", line 634, in __aenter__
    return await self
           ^^^^^^^^^^
  File "C:\Users\Jeremy\AppData\Local\Programs\Python\Python311\Lib\site-packages\websockets\legacy\client.py", line 653, in __await_impl__
    _transport, protocol = await self._create_connection()
                           ^^^^^^^^^^^^^^^^^^^^^^^^^^^^^^^
  File "C:\Users\Jeremy\AppData\Local\Programs\Python\Python311\Lib\asyncio\base_events.py", line 1046, in create_connection
    infos = await self._ensure_resolved(
            ^^^^^^^^^^^^^^^^^^^^^^^^^^^^
  File "C:\Users\Jeremy\AppData\Local\Programs\Python\Python311\Lib\asyncio\base_events.py", line 1420, in _ensure_resolved
    return await loop.getaddrinfo(host, port, family=family, type=type,
           ^^^^^^^^^^^^^^^^^^^^^^^^^^^^^^^^^^^^^^^^^^^^^^^^^^^^^^^^^^^^
  File "C:\Users\Jeremy\AppData\Local\Programs\Python\Python311\Lib\asyncio\base_events.py", line 868, in getaddrinfo
    return await self.run_in_executor(
           ^^^^^^^^^^^^^^^^^^^^^^^^^^^
  File "C:\Users\Jeremy\AppData\Local\Programs\Python\Python311\Lib\concurrent\futures\thread.py", line 58, in run
    result = self.fn(*self.args, **self.kwargs)
             ^^^^^^^^^^^^^^^^^^^^^^^^^^^^^^^^^^
  File "C:\Users\Jeremy\AppData\Local\Programs\Python\Python311\Lib\socket.py", line 962, in getaddrinfo
    for res in _socket.getaddrinfo(host, port, family, type, proto, flags):
               ^^^^^^^^^^^^^^^^^^^^^^^^^^^^^^^^^^^^^^^^^^^^^^^^^^^^^^^^^^^
socket.gaierror: [Errno 11001] getaddrinfo failed
2025-09-17 09:47:06,897 | websockets.client | INFO | ! connect failed; reconnecting in 0.2 seconds
Traceback (most recent call last):
  File "C:\Users\Jeremy\AppData\Local\Programs\Python\Python311\Lib\site-packages\websockets\legacy\client.py", line 603, in __aiter__
    async with self as protocol:
  File "C:\Users\Jeremy\AppData\Local\Programs\Python\Python311\Lib\site-packages\solana\rpc\websocket_api.py", line 422, in __aenter__
    protocol = await super().__aenter__()
               ^^^^^^^^^^^^^^^^^^^^^^^^^^
  File "C:\Users\Jeremy\AppData\Local\Programs\Python\Python311\Lib\site-packages\websockets\legacy\client.py", line 634, in __aenter__
    return await self
           ^^^^^^^^^^
  File "C:\Users\Jeremy\AppData\Local\Programs\Python\Python311\Lib\site-packages\websockets\legacy\client.py", line 653, in __await_impl__
    _transport, protocol = await self._create_connection()
                           ^^^^^^^^^^^^^^^^^^^^^^^^^^^^^^^
  File "C:\Users\Jeremy\AppData\Local\Programs\Python\Python311\Lib\asyncio\base_events.py", line 1046, in create_connection
    infos = await self._ensure_resolved(
            ^^^^^^^^^^^^^^^^^^^^^^^^^^^^
  File "C:\Users\Jeremy\AppData\Local\Programs\Python\Python311\Lib\asyncio\base_events.py", line 1420, in _ensure_resolved
    return await loop.getaddrinfo(host, port, family=family, type=type,
           ^^^^^^^^^^^^^^^^^^^^^^^^^^^^^^^^^^^^^^^^^^^^^^^^^^^^^^^^^^^^
  File "C:\Users\Jeremy\AppData\Local\Programs\Python\Python311\Lib\asyncio\base_events.py", line 868, in getaddrinfo
    return await self.run_in_executor(
           ^^^^^^^^^^^^^^^^^^^^^^^^^^^
  File "C:\Users\Jeremy\AppData\Local\Programs\Python\Python311\Lib\concurrent\futures\thread.py", line 58, in run
    result = self.fn(*self.args, **self.kwargs)
             ^^^^^^^^^^^^^^^^^^^^^^^^^^^^^^^^^^
  File "C:\Users\Jeremy\AppData\Local\Programs\Python\Python311\Lib\socket.py", line 962, in getaddrinfo
    for res in _socket.getaddrinfo(host, port, family, type, proto, flags):
               ^^^^^^^^^^^^^^^^^^^^^^^^^^^^^^^^^^^^^^^^^^^^^^^^^^^^^^^^^^^
socket.gaierror: [Errno 11001] getaddrinfo failed
2025-09-17 09:47:06,944 | websockets.client | INFO | ! connect failed; reconnecting in 2.3 seconds
Traceback (most recent call last):
  File "C:\Users\Jeremy\AppData\Local\Programs\Python\Python311\Lib\site-packages\websockets\legacy\client.py", line 603, in __aiter__
    async with self as protocol:
  File "C:\Users\Jeremy\AppData\Local\Programs\Python\Python311\Lib\site-packages\solana\rpc\websocket_api.py", line 422, in __aenter__
    protocol = await super().__aenter__()
               ^^^^^^^^^^^^^^^^^^^^^^^^^^
  File "C:\Users\Jeremy\AppData\Local\Programs\Python\Python311\Lib\site-packages\websockets\legacy\client.py", line 634, in __aenter__
    return await self
           ^^^^^^^^^^
  File "C:\Users\Jeremy\AppData\Local\Programs\Python\Python311\Lib\site-packages\websockets\legacy\client.py", line 653, in __await_impl__
    _transport, protocol = await self._create_connection()
                           ^^^^^^^^^^^^^^^^^^^^^^^^^^^^^^^
  File "C:\Users\Jeremy\AppData\Local\Programs\Python\Python311\Lib\asyncio\base_events.py", line 1046, in create_connection
    infos = await self._ensure_resolved(
            ^^^^^^^^^^^^^^^^^^^^^^^^^^^^
  File "C:\Users\Jeremy\AppData\Local\Programs\Python\Python311\Lib\asyncio\base_events.py", line 1420, in _ensure_resolved
    return await loop.getaddrinfo(host, port, family=family, type=type,
           ^^^^^^^^^^^^^^^^^^^^^^^^^^^^^^^^^^^^^^^^^^^^^^^^^^^^^^^^^^^^
  File "C:\Users\Jeremy\AppData\Local\Programs\Python\Python311\Lib\asyncio\base_events.py", line 868, in getaddrinfo
    return await self.run_in_executor(
           ^^^^^^^^^^^^^^^^^^^^^^^^^^^
  File "C:\Users\Jeremy\AppData\Local\Programs\Python\Python311\Lib\concurrent\futures\thread.py", line 58, in run
    result = self.fn(*self.args, **self.kwargs)
             ^^^^^^^^^^^^^^^^^^^^^^^^^^^^^^^^^^
  File "C:\Users\Jeremy\AppData\Local\Programs\Python\Python311\Lib\socket.py", line 962, in getaddrinfo
    for res in _socket.getaddrinfo(host, port, family, type, proto, flags):
               ^^^^^^^^^^^^^^^^^^^^^^^^^^^^^^^^^^^^^^^^^^^^^^^^^^^^^^^^^^^
socket.gaierror: [Errno 11001] getaddrinfo failed
2025-09-17 09:47:06,974 | websockets.client | INFO | ! connect failed; reconnecting in 4.8 seconds
Traceback (most recent call last):
  File "C:\Users\Jeremy\AppData\Local\Programs\Python\Python311\Lib\site-packages\websockets\legacy\client.py", line 603, in __aiter__
    async with self as protocol:
  File "C:\Users\Jeremy\AppData\Local\Programs\Python\Python311\Lib\site-packages\solana\rpc\websocket_api.py", line 422, in __aenter__
    protocol = await super().__aenter__()
               ^^^^^^^^^^^^^^^^^^^^^^^^^^
  File "C:\Users\Jeremy\AppData\Local\Programs\Python\Python311\Lib\site-packages\websockets\legacy\client.py", line 634, in __aenter__
    return await self
           ^^^^^^^^^^
  File "C:\Users\Jeremy\AppData\Local\Programs\Python\Python311\Lib\site-packages\websockets\legacy\client.py", line 653, in __await_impl__
    _transport, protocol = await self._create_connection()
                           ^^^^^^^^^^^^^^^^^^^^^^^^^^^^^^^
  File "C:\Users\Jeremy\AppData\Local\Programs\Python\Python311\Lib\asyncio\base_events.py", line 1046, in create_connection
    infos = await self._ensure_resolved(
            ^^^^^^^^^^^^^^^^^^^^^^^^^^^^
  File "C:\Users\Jeremy\AppData\Local\Programs\Python\Python311\Lib\asyncio\base_events.py", line 1420, in _ensure_resolved
    return await loop.getaddrinfo(host, port, family=family, type=type,
           ^^^^^^^^^^^^^^^^^^^^^^^^^^^^^^^^^^^^^^^^^^^^^^^^^^^^^^^^^^^^
  File "C:\Users\Jeremy\AppData\Local\Programs\Python\Python311\Lib\asyncio\base_events.py", line 868, in getaddrinfo
    return await self.run_in_executor(
           ^^^^^^^^^^^^^^^^^^^^^^^^^^^
  File "C:\Users\Jeremy\AppData\Local\Programs\Python\Python311\Lib\concurrent\futures\thread.py", line 58, in run
    result = self.fn(*self.args, **self.kwargs)
             ^^^^^^^^^^^^^^^^^^^^^^^^^^^^^^^^^^
  File "C:\Users\Jeremy\AppData\Local\Programs\Python\Python311\Lib\socket.py", line 962, in getaddrinfo
    for res in _socket.getaddrinfo(host, port, family, type, proto, flags):
               ^^^^^^^^^^^^^^^^^^^^^^^^^^^^^^^^^^^^^^^^^^^^^^^^^^^^^^^^^^^
socket.gaierror: [Errno 11001] getaddrinfo failed
2025-09-17 09:47:07,006 | websockets.client | INFO | ! connect failed; reconnecting in 1.4 seconds
Traceback (most recent call last):
  File "C:\Users\Jeremy\AppData\Local\Programs\Python\Python311\Lib\site-packages\websockets\legacy\client.py", line 603, in __aiter__
    async with self as protocol:
  File "C:\Users\Jeremy\AppData\Local\Programs\Python\Python311\Lib\site-packages\solana\rpc\websocket_api.py", line 422, in __aenter__
    protocol = await super().__aenter__()
               ^^^^^^^^^^^^^^^^^^^^^^^^^^
  File "C:\Users\Jeremy\AppData\Local\Programs\Python\Python311\Lib\site-packages\websockets\legacy\client.py", line 634, in __aenter__
    return await self
           ^^^^^^^^^^
  File "C:\Users\Jeremy\AppData\Local\Programs\Python\Python311\Lib\site-packages\websockets\legacy\client.py", line 653, in __await_impl__
    _transport, protocol = await self._create_connection()
                           ^^^^^^^^^^^^^^^^^^^^^^^^^^^^^^^
  File "C:\Users\Jeremy\AppData\Local\Programs\Python\Python311\Lib\asyncio\base_events.py", line 1046, in create_connection
    infos = await self._ensure_resolved(
            ^^^^^^^^^^^^^^^^^^^^^^^^^^^^
  File "C:\Users\Jeremy\AppData\Local\Programs\Python\Python311\Lib\asyncio\base_events.py", line 1420, in _ensure_resolved
    return await loop.getaddrinfo(host, port, family=family, type=type,
           ^^^^^^^^^^^^^^^^^^^^^^^^^^^^^^^^^^^^^^^^^^^^^^^^^^^^^^^^^^^^
  File "C:\Users\Jeremy\AppData\Local\Programs\Python\Python311\Lib\asyncio\base_events.py", line 868, in getaddrinfo
    return await self.run_in_executor(
           ^^^^^^^^^^^^^^^^^^^^^^^^^^^
  File "C:\Users\Jeremy\AppData\Local\Programs\Python\Python311\Lib\concurrent\futures\thread.py", line 58, in run
    result = self.fn(*self.args, **self.kwargs)
             ^^^^^^^^^^^^^^^^^^^^^^^^^^^^^^^^^^
  File "C:\Users\Jeremy\AppData\Local\Programs\Python\Python311\Lib\socket.py", line 962, in getaddrinfo
    for res in _socket.getaddrinfo(host, port, family, type, proto, flags):
               ^^^^^^^^^^^^^^^^^^^^^^^^^^^^^^^^^^^^^^^^^^^^^^^^^^^^^^^^^^^
socket.gaierror: [Errno 11001] getaddrinfo failed
2025-09-17 09:47:07,023 | websockets.client | INFO | ! connect failed; reconnecting in 0.8 seconds
Traceback (most recent call last):
  File "C:\Users\Jeremy\AppData\Local\Programs\Python\Python311\Lib\site-packages\websockets\legacy\client.py", line 603, in __aiter__
    async with self as protocol:
  File "C:\Users\Jeremy\AppData\Local\Programs\Python\Python311\Lib\site-packages\solana\rpc\websocket_api.py", line 422, in __aenter__
    protocol = await super().__aenter__()
               ^^^^^^^^^^^^^^^^^^^^^^^^^^
  File "C:\Users\Jeremy\AppData\Local\Programs\Python\Python311\Lib\site-packages\websockets\legacy\client.py", line 634, in __aenter__
    return await self
           ^^^^^^^^^^
  File "C:\Users\Jeremy\AppData\Local\Programs\Python\Python311\Lib\site-packages\websockets\legacy\client.py", line 653, in __await_impl__
    _transport, protocol = await self._create_connection()
                           ^^^^^^^^^^^^^^^^^^^^^^^^^^^^^^^
  File "C:\Users\Jeremy\AppData\Local\Programs\Python\Python311\Lib\asyncio\base_events.py", line 1046, in create_connection
    infos = await self._ensure_resolved(
            ^^^^^^^^^^^^^^^^^^^^^^^^^^^^
  File "C:\Users\Jeremy\AppData\Local\Programs\Python\Python311\Lib\asyncio\base_events.py", line 1420, in _ensure_resolved
    return await loop.getaddrinfo(host, port, family=family, type=type,
           ^^^^^^^^^^^^^^^^^^^^^^^^^^^^^^^^^^^^^^^^^^^^^^^^^^^^^^^^^^^^
  File "C:\Users\Jeremy\AppData\Local\Programs\Python\Python311\Lib\asyncio\base_events.py", line 868, in getaddrinfo
    return await self.run_in_executor(
           ^^^^^^^^^^^^^^^^^^^^^^^^^^^
  File "C:\Users\Jeremy\AppData\Local\Programs\Python\Python311\Lib\concurrent\futures\thread.py", line 58, in run
    result = self.fn(*self.args, **self.kwargs)
             ^^^^^^^^^^^^^^^^^^^^^^^^^^^^^^^^^^
  File "C:\Users\Jeremy\AppData\Local\Programs\Python\Python311\Lib\socket.py", line 962, in getaddrinfo
    for res in _socket.getaddrinfo(host, port, family, type, proto, flags):
               ^^^^^^^^^^^^^^^^^^^^^^^^^^^^^^^^^^^^^^^^^^^^^^^^^^^^^^^^^^^
socket.gaierror: [Errno 11001] getaddrinfo failed
2025-09-17 09:47:07,077 | websockets.client | INFO | ! connect failed; reconnecting in 4.4 seconds
Traceback (most recent call last):
  File "C:\Users\Jeremy\AppData\Local\Programs\Python\Python311\Lib\site-packages\websockets\legacy\client.py", line 603, in __aiter__
    async with self as protocol:
  File "C:\Users\Jeremy\AppData\Local\Programs\Python\Python311\Lib\site-packages\solana\rpc\websocket_api.py", line 422, in __aenter__
    protocol = await super().__aenter__()
               ^^^^^^^^^^^^^^^^^^^^^^^^^^
  File "C:\Users\Jeremy\AppData\Local\Programs\Python\Python311\Lib\site-packages\websockets\legacy\client.py", line 634, in __aenter__
    return await self
           ^^^^^^^^^^
  File "C:\Users\Jeremy\AppData\Local\Programs\Python\Python311\Lib\site-packages\websockets\legacy\client.py", line 653, in __await_impl__
    _transport, protocol = await self._create_connection()
                           ^^^^^^^^^^^^^^^^^^^^^^^^^^^^^^^
  File "C:\Users\Jeremy\AppData\Local\Programs\Python\Python311\Lib\asyncio\base_events.py", line 1046, in create_connection
    infos = await self._ensure_resolved(
            ^^^^^^^^^^^^^^^^^^^^^^^^^^^^
  File "C:\Users\Jeremy\AppData\Local\Programs\Python\Python311\Lib\asyncio\base_events.py", line 1420, in _ensure_resolved
    return await loop.getaddrinfo(host, port, family=family, type=type,
           ^^^^^^^^^^^^^^^^^^^^^^^^^^^^^^^^^^^^^^^^^^^^^^^^^^^^^^^^^^^^
  File "C:\Users\Jeremy\AppData\Local\Programs\Python\Python311\Lib\asyncio\base_events.py", line 868, in getaddrinfo
    return await self.run_in_executor(
           ^^^^^^^^^^^^^^^^^^^^^^^^^^^
  File "C:\Users\Jeremy\AppData\Local\Programs\Python\Python311\Lib\concurrent\futures\thread.py", line 58, in run
    result = self.fn(*self.args, **self.kwargs)
             ^^^^^^^^^^^^^^^^^^^^^^^^^^^^^^^^^^
  File "C:\Users\Jeremy\AppData\Local\Programs\Python\Python311\Lib\socket.py", line 962, in getaddrinfo
    for res in _socket.getaddrinfo(host, port, family, type, proto, flags):
               ^^^^^^^^^^^^^^^^^^^^^^^^^^^^^^^^^^^^^^^^^^^^^^^^^^^^^^^^^^^
socket.gaierror: [Errno 11001] getaddrinfo failed
2025-09-17 09:47:07,094 | websockets.client | INFO | ! connect failed; reconnecting in 4.0 seconds
Traceback (most recent call last):
  File "C:\Users\Jeremy\AppData\Local\Programs\Python\Python311\Lib\site-packages\websockets\legacy\client.py", line 603, in __aiter__
    async with self as protocol:
  File "C:\Users\Jeremy\AppData\Local\Programs\Python\Python311\Lib\site-packages\solana\rpc\websocket_api.py", line 422, in __aenter__
    protocol = await super().__aenter__()
               ^^^^^^^^^^^^^^^^^^^^^^^^^^
  File "C:\Users\Jeremy\AppData\Local\Programs\Python\Python311\Lib\site-packages\websockets\legacy\client.py", line 634, in __aenter__
    return await self
           ^^^^^^^^^^
  File "C:\Users\Jeremy\AppData\Local\Programs\Python\Python311\Lib\site-packages\websockets\legacy\client.py", line 653, in __await_impl__
    _transport, protocol = await self._create_connection()
                           ^^^^^^^^^^^^^^^^^^^^^^^^^^^^^^^
  File "C:\Users\Jeremy\AppData\Local\Programs\Python\Python311\Lib\asyncio\base_events.py", line 1046, in create_connection
    infos = await self._ensure_resolved(
            ^^^^^^^^^^^^^^^^^^^^^^^^^^^^
  File "C:\Users\Jeremy\AppData\Local\Programs\Python\Python311\Lib\asyncio\base_events.py", line 1420, in _ensure_resolved
    return await loop.getaddrinfo(host, port, family=family, type=type,
           ^^^^^^^^^^^^^^^^^^^^^^^^^^^^^^^^^^^^^^^^^^^^^^^^^^^^^^^^^^^^
  File "C:\Users\Jeremy\AppData\Local\Programs\Python\Python311\Lib\asyncio\base_events.py", line 868, in getaddrinfo
    return await self.run_in_executor(
           ^^^^^^^^^^^^^^^^^^^^^^^^^^^
  File "C:\Users\Jeremy\AppData\Local\Programs\Python\Python311\Lib\concurrent\futures\thread.py", line 58, in run
    result = self.fn(*self.args, **self.kwargs)
             ^^^^^^^^^^^^^^^^^^^^^^^^^^^^^^^^^^
  File "C:\Users\Jeremy\AppData\Local\Programs\Python\Python311\Lib\socket.py", line 962, in getaddrinfo
    for res in _socket.getaddrinfo(host, port, family, type, proto, flags):
               ^^^^^^^^^^^^^^^^^^^^^^^^^^^^^^^^^^^^^^^^^^^^^^^^^^^^^^^^^^^
socket.gaierror: [Errno 11001] getaddrinfo failed
2025-09-17 09:47:07,103 | websockets.client | INFO | ! connect failed; reconnecting in 1.9 seconds
Traceback (most recent call last):
  File "C:\Users\Jeremy\AppData\Local\Programs\Python\Python311\Lib\site-packages\websockets\legacy\client.py", line 603, in __aiter__
    async with self as protocol:
  File "C:\Users\Jeremy\AppData\Local\Programs\Python\Python311\Lib\site-packages\solana\rpc\websocket_api.py", line 422, in __aenter__
    protocol = await super().__aenter__()
               ^^^^^^^^^^^^^^^^^^^^^^^^^^
  File "C:\Users\Jeremy\AppData\Local\Programs\Python\Python311\Lib\site-packages\websockets\legacy\client.py", line 634, in __aenter__
    return await self
           ^^^^^^^^^^
  File "C:\Users\Jeremy\AppData\Local\Programs\Python\Python311\Lib\site-packages\websockets\legacy\client.py", line 653, in __await_impl__
    _transport, protocol = await self._create_connection()
                           ^^^^^^^^^^^^^^^^^^^^^^^^^^^^^^^
  File "C:\Users\Jeremy\AppData\Local\Programs\Python\Python311\Lib\asyncio\base_events.py", line 1046, in create_connection
    infos = await self._ensure_resolved(
            ^^^^^^^^^^^^^^^^^^^^^^^^^^^^
  File "C:\Users\Jeremy\AppData\Local\Programs\Python\Python311\Lib\asyncio\base_events.py", line 1420, in _ensure_resolved
    return await loop.getaddrinfo(host, port, family=family, type=type,
           ^^^^^^^^^^^^^^^^^^^^^^^^^^^^^^^^^^^^^^^^^^^^^^^^^^^^^^^^^^^^
  File "C:\Users\Jeremy\AppData\Local\Programs\Python\Python311\Lib\asyncio\base_events.py", line 868, in getaddrinfo
    return await self.run_in_executor(
           ^^^^^^^^^^^^^^^^^^^^^^^^^^^
  File "C:\Users\Jeremy\AppData\Local\Programs\Python\Python311\Lib\concurrent\futures\thread.py", line 58, in run
    result = self.fn(*self.args, **self.kwargs)
             ^^^^^^^^^^^^^^^^^^^^^^^^^^^^^^^^^^
  File "C:\Users\Jeremy\AppData\Local\Programs\Python\Python311\Lib\socket.py", line 962, in getaddrinfo
    for res in _socket.getaddrinfo(host, port, family, type, proto, flags):
               ^^^^^^^^^^^^^^^^^^^^^^^^^^^^^^^^^^^^^^^^^^^^^^^^^^^^^^^^^^^
socket.gaierror: [Errno 11001] getaddrinfo failed
2025-09-17 09:47:07,112 | websockets.client | INFO | ! connect failed; reconnecting in 2.4 seconds
Traceback (most recent call last):
  File "C:\Users\Jeremy\AppData\Local\Programs\Python\Python311\Lib\site-packages\websockets\legacy\client.py", line 603, in __aiter__
    async with self as protocol:
  File "C:\Users\Jeremy\AppData\Local\Programs\Python\Python311\Lib\site-packages\solana\rpc\websocket_api.py", line 422, in __aenter__
    protocol = await super().__aenter__()
               ^^^^^^^^^^^^^^^^^^^^^^^^^^
  File "C:\Users\Jeremy\AppData\Local\Programs\Python\Python311\Lib\site-packages\websockets\legacy\client.py", line 634, in __aenter__
    return await self
           ^^^^^^^^^^
  File "C:\Users\Jeremy\AppData\Local\Programs\Python\Python311\Lib\site-packages\websockets\legacy\client.py", line 653, in __await_impl__
    _transport, protocol = await self._create_connection()
                           ^^^^^^^^^^^^^^^^^^^^^^^^^^^^^^^
  File "C:\Users\Jeremy\AppData\Local\Programs\Python\Python311\Lib\asyncio\base_events.py", line 1046, in create_connection
    infos = await self._ensure_resolved(
            ^^^^^^^^^^^^^^^^^^^^^^^^^^^^
  File "C:\Users\Jeremy\AppData\Local\Programs\Python\Python311\Lib\asyncio\base_events.py", line 1420, in _ensure_resolved
    return await loop.getaddrinfo(host, port, family=family, type=type,
           ^^^^^^^^^^^^^^^^^^^^^^^^^^^^^^^^^^^^^^^^^^^^^^^^^^^^^^^^^^^^
  File "C:\Users\Jeremy\AppData\Local\Programs\Python\Python311\Lib\asyncio\base_events.py", line 868, in getaddrinfo
    return await self.run_in_executor(
           ^^^^^^^^^^^^^^^^^^^^^^^^^^^
  File "C:\Users\Jeremy\AppData\Local\Programs\Python\Python311\Lib\concurrent\futures\thread.py", line 58, in run
    result = self.fn(*self.args, **self.kwargs)
             ^^^^^^^^^^^^^^^^^^^^^^^^^^^^^^^^^^
  File "C:\Users\Jeremy\AppData\Local\Programs\Python\Python311\Lib\socket.py", line 962, in getaddrinfo
    for res in _socket.getaddrinfo(host, port, family, type, proto, flags):
               ^^^^^^^^^^^^^^^^^^^^^^^^^^^^^^^^^^^^^^^^^^^^^^^^^^^^^^^^^^^
socket.gaierror: [Errno 11001] getaddrinfo failed
2025-09-17 09:47:07,136 | websockets.client | INFO | ! connect failed; reconnecting in 0.1 seconds
Traceback (most recent call last):
  File "C:\Users\Jeremy\AppData\Local\Programs\Python\Python311\Lib\site-packages\websockets\legacy\client.py", line 603, in __aiter__
    async with self as protocol:
  File "C:\Users\Jeremy\AppData\Local\Programs\Python\Python311\Lib\site-packages\solana\rpc\websocket_api.py", line 422, in __aenter__
    protocol = await super().__aenter__()
               ^^^^^^^^^^^^^^^^^^^^^^^^^^
  File "C:\Users\Jeremy\AppData\Local\Programs\Python\Python311\Lib\site-packages\websockets\legacy\client.py", line 634, in __aenter__
    return await self
           ^^^^^^^^^^
  File "C:\Users\Jeremy\AppData\Local\Programs\Python\Python311\Lib\site-packages\websockets\legacy\client.py", line 653, in __await_impl__
    _transport, protocol = await self._create_connection()
                           ^^^^^^^^^^^^^^^^^^^^^^^^^^^^^^^
  File "C:\Users\Jeremy\AppData\Local\Programs\Python\Python311\Lib\asyncio\base_events.py", line 1046, in create_connection
    infos = await self._ensure_resolved(
            ^^^^^^^^^^^^^^^^^^^^^^^^^^^^
  File "C:\Users\Jeremy\AppData\Local\Programs\Python\Python311\Lib\asyncio\base_events.py", line 1420, in _ensure_resolved
    return await loop.getaddrinfo(host, port, family=family, type=type,
           ^^^^^^^^^^^^^^^^^^^^^^^^^^^^^^^^^^^^^^^^^^^^^^^^^^^^^^^^^^^^
  File "C:\Users\Jeremy\AppData\Local\Programs\Python\Python311\Lib\asyncio\base_events.py", line 868, in getaddrinfo
    return await self.run_in_executor(
           ^^^^^^^^^^^^^^^^^^^^^^^^^^^
  File "C:\Users\Jeremy\AppData\Local\Programs\Python\Python311\Lib\concurrent\futures\thread.py", line 58, in run
    result = self.fn(*self.args, **self.kwargs)
             ^^^^^^^^^^^^^^^^^^^^^^^^^^^^^^^^^^
  File "C:\Users\Jeremy\AppData\Local\Programs\Python\Python311\Lib\socket.py", line 962, in getaddrinfo
    for res in _socket.getaddrinfo(host, port, family, type, proto, flags):
               ^^^^^^^^^^^^^^^^^^^^^^^^^^^^^^^^^^^^^^^^^^^^^^^^^^^^^^^^^^^
socket.gaierror: [Errno 11001] getaddrinfo failed
2025-09-17 09:47:07,161 | websockets.client | INFO | ! connect failed; reconnecting in 4.1 seconds
Traceback (most recent call last):
  File "C:\Users\Jeremy\AppData\Local\Programs\Python\Python311\Lib\site-packages\websockets\legacy\client.py", line 603, in __aiter__
    async with self as protocol:
  File "C:\Users\Jeremy\AppData\Local\Programs\Python\Python311\Lib\site-packages\solana\rpc\websocket_api.py", line 422, in __aenter__
    protocol = await super().__aenter__()
               ^^^^^^^^^^^^^^^^^^^^^^^^^^
  File "C:\Users\Jeremy\AppData\Local\Programs\Python\Python311\Lib\site-packages\websockets\legacy\client.py", line 634, in __aenter__
    return await self
           ^^^^^^^^^^
  File "C:\Users\Jeremy\AppData\Local\Programs\Python\Python311\Lib\site-packages\websockets\legacy\client.py", line 653, in __await_impl__
    _transport, protocol = await self._create_connection()
                           ^^^^^^^^^^^^^^^^^^^^^^^^^^^^^^^
  File "C:\Users\Jeremy\AppData\Local\Programs\Python\Python311\Lib\asyncio\base_events.py", line 1046, in create_connection
    infos = await self._ensure_resolved(
            ^^^^^^^^^^^^^^^^^^^^^^^^^^^^
  File "C:\Users\Jeremy\AppData\Local\Programs\Python\Python311\Lib\asyncio\base_events.py", line 1420, in _ensure_resolved
    return await loop.getaddrinfo(host, port, family=family, type=type,
           ^^^^^^^^^^^^^^^^^^^^^^^^^^^^^^^^^^^^^^^^^^^^^^^^^^^^^^^^^^^^
  File "C:\Users\Jeremy\AppData\Local\Programs\Python\Python311\Lib\asyncio\base_events.py", line 868, in getaddrinfo
    return await self.run_in_executor(
           ^^^^^^^^^^^^^^^^^^^^^^^^^^^
  File "C:\Users\Jeremy\AppData\Local\Programs\Python\Python311\Lib\concurrent\futures\thread.py", line 58, in run
    result = self.fn(*self.args, **self.kwargs)
             ^^^^^^^^^^^^^^^^^^^^^^^^^^^^^^^^^^
  File "C:\Users\Jeremy\AppData\Local\Programs\Python\Python311\Lib\socket.py", line 962, in getaddrinfo
    for res in _socket.getaddrinfo(host, port, family, type, proto, flags):
               ^^^^^^^^^^^^^^^^^^^^^^^^^^^^^^^^^^^^^^^^^^^^^^^^^^^^^^^^^^^
socket.gaierror: [Errno 11001] getaddrinfo failed
2025-09-17 09:47:07,178 | websockets.client | INFO | ! connect failed; reconnecting in 1.1 seconds
Traceback (most recent call last):
  File "C:\Users\Jeremy\AppData\Local\Programs\Python\Python311\Lib\site-packages\websockets\legacy\client.py", line 603, in __aiter__
    async with self as protocol:
  File "C:\Users\Jeremy\AppData\Local\Programs\Python\Python311\Lib\site-packages\solana\rpc\websocket_api.py", line 422, in __aenter__
    protocol = await super().__aenter__()
               ^^^^^^^^^^^^^^^^^^^^^^^^^^
  File "C:\Users\Jeremy\AppData\Local\Programs\Python\Python311\Lib\site-packages\websockets\legacy\client.py", line 634, in __aenter__
    return await self
           ^^^^^^^^^^
  File "C:\Users\Jeremy\AppData\Local\Programs\Python\Python311\Lib\site-packages\websockets\legacy\client.py", line 653, in __await_impl__
    _transport, protocol = await self._create_connection()
                           ^^^^^^^^^^^^^^^^^^^^^^^^^^^^^^^
  File "C:\Users\Jeremy\AppData\Local\Programs\Python\Python311\Lib\asyncio\base_events.py", line 1046, in create_connection
    infos = await self._ensure_resolved(
            ^^^^^^^^^^^^^^^^^^^^^^^^^^^^
  File "C:\Users\Jeremy\AppData\Local\Programs\Python\Python311\Lib\asyncio\base_events.py", line 1420, in _ensure_resolved
    return await loop.getaddrinfo(host, port, family=family, type=type,
           ^^^^^^^^^^^^^^^^^^^^^^^^^^^^^^^^^^^^^^^^^^^^^^^^^^^^^^^^^^^^
  File "C:\Users\Jeremy\AppData\Local\Programs\Python\Python311\Lib\asyncio\base_events.py", line 868, in getaddrinfo
    return await self.run_in_executor(
           ^^^^^^^^^^^^^^^^^^^^^^^^^^^
  File "C:\Users\Jeremy\AppData\Local\Programs\Python\Python311\Lib\concurrent\futures\thread.py", line 58, in run
    result = self.fn(*self.args, **self.kwargs)
             ^^^^^^^^^^^^^^^^^^^^^^^^^^^^^^^^^^
  File "C:\Users\Jeremy\AppData\Local\Programs\Python\Python311\Lib\socket.py", line 962, in getaddrinfo
    for res in _socket.getaddrinfo(host, port, family, type, proto, flags):
               ^^^^^^^^^^^^^^^^^^^^^^^^^^^^^^^^^^^^^^^^^^^^^^^^^^^^^^^^^^^
socket.gaierror: [Errno 11001] getaddrinfo failed
2025-09-17 09:47:07,197 | websockets.client | INFO | ! connect failed; reconnecting in 1.5 seconds
Traceback (most recent call last):
  File "C:\Users\Jeremy\AppData\Local\Programs\Python\Python311\Lib\site-packages\websockets\legacy\client.py", line 603, in __aiter__
    async with self as protocol:
  File "C:\Users\Jeremy\AppData\Local\Programs\Python\Python311\Lib\site-packages\solana\rpc\websocket_api.py", line 422, in __aenter__
    protocol = await super().__aenter__()
               ^^^^^^^^^^^^^^^^^^^^^^^^^^
  File "C:\Users\Jeremy\AppData\Local\Programs\Python\Python311\Lib\site-packages\websockets\legacy\client.py", line 634, in __aenter__
    return await self
           ^^^^^^^^^^
  File "C:\Users\Jeremy\AppData\Local\Programs\Python\Python311\Lib\site-packages\websockets\legacy\client.py", line 653, in __await_impl__
    _transport, protocol = await self._create_connection()
                           ^^^^^^^^^^^^^^^^^^^^^^^^^^^^^^^
  File "C:\Users\Jeremy\AppData\Local\Programs\Python\Python311\Lib\asyncio\base_events.py", line 1046, in create_connection
    infos = await self._ensure_resolved(
            ^^^^^^^^^^^^^^^^^^^^^^^^^^^^
  File "C:\Users\Jeremy\AppData\Local\Programs\Python\Python311\Lib\asyncio\base_events.py", line 1420, in _ensure_resolved
    return await loop.getaddrinfo(host, port, family=family, type=type,
           ^^^^^^^^^^^^^^^^^^^^^^^^^^^^^^^^^^^^^^^^^^^^^^^^^^^^^^^^^^^^
  File "C:\Users\Jeremy\AppData\Local\Programs\Python\Python311\Lib\asyncio\base_events.py", line 868, in getaddrinfo
    return await self.run_in_executor(
           ^^^^^^^^^^^^^^^^^^^^^^^^^^^
  File "C:\Users\Jeremy\AppData\Local\Programs\Python\Python311\Lib\concurrent\futures\thread.py", line 58, in run
    result = self.fn(*self.args, **self.kwargs)
             ^^^^^^^^^^^^^^^^^^^^^^^^^^^^^^^^^^
  File "C:\Users\Jeremy\AppData\Local\Programs\Python\Python311\Lib\socket.py", line 962, in getaddrinfo
    for res in _socket.getaddrinfo(host, port, family, type, proto, flags):
               ^^^^^^^^^^^^^^^^^^^^^^^^^^^^^^^^^^^^^^^^^^^^^^^^^^^^^^^^^^^
socket.gaierror: [Errno 11001] getaddrinfo failed
2025-09-17 09:47:07,211 | websockets.client | INFO | ! connect failed; reconnecting in 2.4 seconds
Traceback (most recent call last):
  File "C:\Users\Jeremy\AppData\Local\Programs\Python\Python311\Lib\site-packages\websockets\legacy\client.py", line 603, in __aiter__
    async with self as protocol:
  File "C:\Users\Jeremy\AppData\Local\Programs\Python\Python311\Lib\site-packages\solana\rpc\websocket_api.py", line 422, in __aenter__
    protocol = await super().__aenter__()
               ^^^^^^^^^^^^^^^^^^^^^^^^^^
  File "C:\Users\Jeremy\AppData\Local\Programs\Python\Python311\Lib\site-packages\websockets\legacy\client.py", line 634, in __aenter__
    return await self
           ^^^^^^^^^^
  File "C:\Users\Jeremy\AppData\Local\Programs\Python\Python311\Lib\site-packages\websockets\legacy\client.py", line 653, in __await_impl__
    _transport, protocol = await self._create_connection()
                           ^^^^^^^^^^^^^^^^^^^^^^^^^^^^^^^
  File "C:\Users\Jeremy\AppData\Local\Programs\Python\Python311\Lib\asyncio\base_events.py", line 1046, in create_connection
    infos = await self._ensure_resolved(
            ^^^^^^^^^^^^^^^^^^^^^^^^^^^^
  File "C:\Users\Jeremy\AppData\Local\Programs\Python\Python311\Lib\asyncio\base_events.py", line 1420, in _ensure_resolved
    return await loop.getaddrinfo(host, port, family=family, type=type,
           ^^^^^^^^^^^^^^^^^^^^^^^^^^^^^^^^^^^^^^^^^^^^^^^^^^^^^^^^^^^^
  File "C:\Users\Jeremy\AppData\Local\Programs\Python\Python311\Lib\asyncio\base_events.py", line 868, in getaddrinfo
    return await self.run_in_executor(
           ^^^^^^^^^^^^^^^^^^^^^^^^^^^
  File "C:\Users\Jeremy\AppData\Local\Programs\Python\Python311\Lib\concurrent\futures\thread.py", line 58, in run
    result = self.fn(*self.args, **self.kwargs)
             ^^^^^^^^^^^^^^^^^^^^^^^^^^^^^^^^^^
  File "C:\Users\Jeremy\AppData\Local\Programs\Python\Python311\Lib\socket.py", line 962, in getaddrinfo
    for res in _socket.getaddrinfo(host, port, family, type, proto, flags):
               ^^^^^^^^^^^^^^^^^^^^^^^^^^^^^^^^^^^^^^^^^^^^^^^^^^^^^^^^^^^
socket.gaierror: [Errno 11001] getaddrinfo failed
2025-09-17 09:47:07,259 | websockets.client | INFO | ! connect failed; reconnecting in 3.2 seconds
Traceback (most recent call last):
  File "C:\Users\Jeremy\AppData\Local\Programs\Python\Python311\Lib\site-packages\websockets\legacy\client.py", line 603, in __aiter__
    async with self as protocol:
  File "C:\Users\Jeremy\AppData\Local\Programs\Python\Python311\Lib\site-packages\solana\rpc\websocket_api.py", line 422, in __aenter__
    protocol = await super().__aenter__()
               ^^^^^^^^^^^^^^^^^^^^^^^^^^
  File "C:\Users\Jeremy\AppData\Local\Programs\Python\Python311\Lib\site-packages\websockets\legacy\client.py", line 634, in __aenter__
    return await self
           ^^^^^^^^^^
  File "C:\Users\Jeremy\AppData\Local\Programs\Python\Python311\Lib\site-packages\websockets\legacy\client.py", line 653, in __await_impl__
    _transport, protocol = await self._create_connection()
                           ^^^^^^^^^^^^^^^^^^^^^^^^^^^^^^^
  File "C:\Users\Jeremy\AppData\Local\Programs\Python\Python311\Lib\asyncio\base_events.py", line 1046, in create_connection
    infos = await self._ensure_resolved(
            ^^^^^^^^^^^^^^^^^^^^^^^^^^^^
  File "C:\Users\Jeremy\AppData\Local\Programs\Python\Python311\Lib\asyncio\base_events.py", line 1420, in _ensure_resolved
    return await loop.getaddrinfo(host, port, family=family, type=type,
           ^^^^^^^^^^^^^^^^^^^^^^^^^^^^^^^^^^^^^^^^^^^^^^^^^^^^^^^^^^^^
  File "C:\Users\Jeremy\AppData\Local\Programs\Python\Python311\Lib\asyncio\base_events.py", line 868, in getaddrinfo
    return await self.run_in_executor(
           ^^^^^^^^^^^^^^^^^^^^^^^^^^^
  File "C:\Users\Jeremy\AppData\Local\Programs\Python\Python311\Lib\concurrent\futures\thread.py", line 58, in run
    result = self.fn(*self.args, **self.kwargs)
             ^^^^^^^^^^^^^^^^^^^^^^^^^^^^^^^^^^
  File "C:\Users\Jeremy\AppData\Local\Programs\Python\Python311\Lib\socket.py", line 962, in getaddrinfo
    for res in _socket.getaddrinfo(host, port, family, type, proto, flags):
               ^^^^^^^^^^^^^^^^^^^^^^^^^^^^^^^^^^^^^^^^^^^^^^^^^^^^^^^^^^^
socket.gaierror: [Errno 11001] getaddrinfo failed
2025-09-17 09:47:07,271 | websockets.client | INFO | ! connect failed; reconnecting in 0.2 seconds
Traceback (most recent call last):
  File "C:\Users\Jeremy\AppData\Local\Programs\Python\Python311\Lib\site-packages\websockets\legacy\client.py", line 603, in __aiter__
    async with self as protocol:
  File "C:\Users\Jeremy\AppData\Local\Programs\Python\Python311\Lib\site-packages\solana\rpc\websocket_api.py", line 422, in __aenter__
    protocol = await super().__aenter__()
               ^^^^^^^^^^^^^^^^^^^^^^^^^^
  File "C:\Users\Jeremy\AppData\Local\Programs\Python\Python311\Lib\site-packages\websockets\legacy\client.py", line 634, in __aenter__
    return await self
           ^^^^^^^^^^
  File "C:\Users\Jeremy\AppData\Local\Programs\Python\Python311\Lib\site-packages\websockets\legacy\client.py", line 653, in __await_impl__
    _transport, protocol = await self._create_connection()
                           ^^^^^^^^^^^^^^^^^^^^^^^^^^^^^^^
  File "C:\Users\Jeremy\AppData\Local\Programs\Python\Python311\Lib\asyncio\base_events.py", line 1046, in create_connection
    infos = await self._ensure_resolved(
            ^^^^^^^^^^^^^^^^^^^^^^^^^^^^
  File "C:\Users\Jeremy\AppData\Local\Programs\Python\Python311\Lib\asyncio\base_events.py", line 1420, in _ensure_resolved
    return await loop.getaddrinfo(host, port, family=family, type=type,
           ^^^^^^^^^^^^^^^^^^^^^^^^^^^^^^^^^^^^^^^^^^^^^^^^^^^^^^^^^^^^
  File "C:\Users\Jeremy\AppData\Local\Programs\Python\Python311\Lib\asyncio\base_events.py", line 868, in getaddrinfo
    return await self.run_in_executor(
           ^^^^^^^^^^^^^^^^^^^^^^^^^^^
  File "C:\Users\Jeremy\AppData\Local\Programs\Python\Python311\Lib\concurrent\futures\thread.py", line 58, in run
    result = self.fn(*self.args, **self.kwargs)
             ^^^^^^^^^^^^^^^^^^^^^^^^^^^^^^^^^^
  File "C:\Users\Jeremy\AppData\Local\Programs\Python\Python311\Lib\socket.py", line 962, in getaddrinfo
    for res in _socket.getaddrinfo(host, port, family, type, proto, flags):
               ^^^^^^^^^^^^^^^^^^^^^^^^^^^^^^^^^^^^^^^^^^^^^^^^^^^^^^^^^^^
socket.gaierror: [Errno 11001] getaddrinfo failed
2025-09-17 09:47:07,286 | websockets.client | INFO | ! connect failed; reconnecting in 3.7 seconds
Traceback (most recent call last):
  File "C:\Users\Jeremy\AppData\Local\Programs\Python\Python311\Lib\site-packages\websockets\legacy\client.py", line 603, in __aiter__
    async with self as protocol:
  File "C:\Users\Jeremy\AppData\Local\Programs\Python\Python311\Lib\site-packages\solana\rpc\websocket_api.py", line 422, in __aenter__
    protocol = await super().__aenter__()
               ^^^^^^^^^^^^^^^^^^^^^^^^^^
  File "C:\Users\Jeremy\AppData\Local\Programs\Python\Python311\Lib\site-packages\websockets\legacy\client.py", line 634, in __aenter__
    return await self
           ^^^^^^^^^^
  File "C:\Users\Jeremy\AppData\Local\Programs\Python\Python311\Lib\site-packages\websockets\legacy\client.py", line 653, in __await_impl__
    _transport, protocol = await self._create_connection()
                           ^^^^^^^^^^^^^^^^^^^^^^^^^^^^^^^
  File "C:\Users\Jeremy\AppData\Local\Programs\Python\Python311\Lib\asyncio\base_events.py", line 1046, in create_connection
    infos = await self._ensure_resolved(
            ^^^^^^^^^^^^^^^^^^^^^^^^^^^^
  File "C:\Users\Jeremy\AppData\Local\Programs\Python\Python311\Lib\asyncio\base_events.py", line 1420, in _ensure_resolved
    return await loop.getaddrinfo(host, port, family=family, type=type,
           ^^^^^^^^^^^^^^^^^^^^^^^^^^^^^^^^^^^^^^^^^^^^^^^^^^^^^^^^^^^^
  File "C:\Users\Jeremy\AppData\Local\Programs\Python\Python311\Lib\asyncio\base_events.py", line 868, in getaddrinfo
    return await self.run_in_executor(
           ^^^^^^^^^^^^^^^^^^^^^^^^^^^
  File "C:\Users\Jeremy\AppData\Local\Programs\Python\Python311\Lib\concurrent\futures\thread.py", line 58, in run
    result = self.fn(*self.args, **self.kwargs)
             ^^^^^^^^^^^^^^^^^^^^^^^^^^^^^^^^^^
  File "C:\Users\Jeremy\AppData\Local\Programs\Python\Python311\Lib\socket.py", line 962, in getaddrinfo
    for res in _socket.getaddrinfo(host, port, family, type, proto, flags):
               ^^^^^^^^^^^^^^^^^^^^^^^^^^^^^^^^^^^^^^^^^^^^^^^^^^^^^^^^^^^
socket.gaierror: [Errno 11001] getaddrinfo failed
2025-09-17 09:47:07,306 | websockets.client | INFO | ! connect failed; reconnecting in 2.3 seconds
Traceback (most recent call last):
  File "C:\Users\Jeremy\AppData\Local\Programs\Python\Python311\Lib\site-packages\websockets\legacy\client.py", line 603, in __aiter__
    async with self as protocol:
  File "C:\Users\Jeremy\AppData\Local\Programs\Python\Python311\Lib\site-packages\solana\rpc\websocket_api.py", line 422, in __aenter__
    protocol = await super().__aenter__()
               ^^^^^^^^^^^^^^^^^^^^^^^^^^
  File "C:\Users\Jeremy\AppData\Local\Programs\Python\Python311\Lib\site-packages\websockets\legacy\client.py", line 634, in __aenter__
    return await self
           ^^^^^^^^^^
  File "C:\Users\Jeremy\AppData\Local\Programs\Python\Python311\Lib\site-packages\websockets\legacy\client.py", line 653, in __await_impl__
    _transport, protocol = await self._create_connection()
                           ^^^^^^^^^^^^^^^^^^^^^^^^^^^^^^^
  File "C:\Users\Jeremy\AppData\Local\Programs\Python\Python311\Lib\asyncio\base_events.py", line 1046, in create_connection
    infos = await self._ensure_resolved(
            ^^^^^^^^^^^^^^^^^^^^^^^^^^^^
  File "C:\Users\Jeremy\AppData\Local\Programs\Python\Python311\Lib\asyncio\base_events.py", line 1420, in _ensure_resolved
    return await loop.getaddrinfo(host, port, family=family, type=type,
           ^^^^^^^^^^^^^^^^^^^^^^^^^^^^^^^^^^^^^^^^^^^^^^^^^^^^^^^^^^^^
  File "C:\Users\Jeremy\AppData\Local\Programs\Python\Python311\Lib\asyncio\base_events.py", line 868, in getaddrinfo
    return await self.run_in_executor(
           ^^^^^^^^^^^^^^^^^^^^^^^^^^^
  File "C:\Users\Jeremy\AppData\Local\Programs\Python\Python311\Lib\concurrent\futures\thread.py", line 58, in run
    result = self.fn(*self.args, **self.kwargs)
             ^^^^^^^^^^^^^^^^^^^^^^^^^^^^^^^^^^
  File "C:\Users\Jeremy\AppData\Local\Programs\Python\Python311\Lib\socket.py", line 962, in getaddrinfo
    for res in _socket.getaddrinfo(host, port, family, type, proto, flags):
               ^^^^^^^^^^^^^^^^^^^^^^^^^^^^^^^^^^^^^^^^^^^^^^^^^^^^^^^^^^^
socket.gaierror: [Errno 11001] getaddrinfo failed
2025-09-17 09:47:07,347 | websockets.client | INFO | ! connect failed; reconnecting in 0.9 seconds
Traceback (most recent call last):
  File "C:\Users\Jeremy\AppData\Local\Programs\Python\Python311\Lib\site-packages\websockets\legacy\client.py", line 603, in __aiter__
    async with self as protocol:
  File "C:\Users\Jeremy\AppData\Local\Programs\Python\Python311\Lib\site-packages\solana\rpc\websocket_api.py", line 422, in __aenter__
    protocol = await super().__aenter__()
               ^^^^^^^^^^^^^^^^^^^^^^^^^^
  File "C:\Users\Jeremy\AppData\Local\Programs\Python\Python311\Lib\site-packages\websockets\legacy\client.py", line 634, in __aenter__
    return await self
           ^^^^^^^^^^
  File "C:\Users\Jeremy\AppData\Local\Programs\Python\Python311\Lib\site-packages\websockets\legacy\client.py", line 653, in __await_impl__
    _transport, protocol = await self._create_connection()
                           ^^^^^^^^^^^^^^^^^^^^^^^^^^^^^^^
  File "C:\Users\Jeremy\AppData\Local\Programs\Python\Python311\Lib\asyncio\base_events.py", line 1046, in create_connection
    infos = await self._ensure_resolved(
            ^^^^^^^^^^^^^^^^^^^^^^^^^^^^
  File "C:\Users\Jeremy\AppData\Local\Programs\Python\Python311\Lib\asyncio\base_events.py", line 1420, in _ensure_resolved
    return await loop.getaddrinfo(host, port, family=family, type=type,
           ^^^^^^^^^^^^^^^^^^^^^^^^^^^^^^^^^^^^^^^^^^^^^^^^^^^^^^^^^^^^
  File "C:\Users\Jeremy\AppData\Local\Programs\Python\Python311\Lib\asyncio\base_events.py", line 868, in getaddrinfo
    return await self.run_in_executor(
           ^^^^^^^^^^^^^^^^^^^^^^^^^^^
  File "C:\Users\Jeremy\AppData\Local\Programs\Python\Python311\Lib\concurrent\futures\thread.py", line 58, in run
    result = self.fn(*self.args, **self.kwargs)
             ^^^^^^^^^^^^^^^^^^^^^^^^^^^^^^^^^^
  File "C:\Users\Jeremy\AppData\Local\Programs\Python\Python311\Lib\socket.py", line 962, in getaddrinfo
    for res in _socket.getaddrinfo(host, port, family, type, proto, flags):
               ^^^^^^^^^^^^^^^^^^^^^^^^^^^^^^^^^^^^^^^^^^^^^^^^^^^^^^^^^^^
socket.gaierror: [Errno 11001] getaddrinfo failed
2025-09-17 09:47:07,429 | websockets.client | INFO | ! connect failed; reconnecting in 0.5 seconds
Traceback (most recent call last):
  File "C:\Users\Jeremy\AppData\Local\Programs\Python\Python311\Lib\site-packages\websockets\legacy\client.py", line 603, in __aiter__
    async with self as protocol:
  File "C:\Users\Jeremy\AppData\Local\Programs\Python\Python311\Lib\site-packages\solana\rpc\websocket_api.py", line 422, in __aenter__
    protocol = await super().__aenter__()
               ^^^^^^^^^^^^^^^^^^^^^^^^^^
  File "C:\Users\Jeremy\AppData\Local\Programs\Python\Python311\Lib\site-packages\websockets\legacy\client.py", line 634, in __aenter__
    return await self
           ^^^^^^^^^^
  File "C:\Users\Jeremy\AppData\Local\Programs\Python\Python311\Lib\site-packages\websockets\legacy\client.py", line 653, in __await_impl__
    _transport, protocol = await self._create_connection()
                           ^^^^^^^^^^^^^^^^^^^^^^^^^^^^^^^
  File "C:\Users\Jeremy\AppData\Local\Programs\Python\Python311\Lib\asyncio\base_events.py", line 1046, in create_connection
    infos = await self._ensure_resolved(
            ^^^^^^^^^^^^^^^^^^^^^^^^^^^^
  File "C:\Users\Jeremy\AppData\Local\Programs\Python\Python311\Lib\asyncio\base_events.py", line 1420, in _ensure_resolved
    return await loop.getaddrinfo(host, port, family=family, type=type,
           ^^^^^^^^^^^^^^^^^^^^^^^^^^^^^^^^^^^^^^^^^^^^^^^^^^^^^^^^^^^^
  File "C:\Users\Jeremy\AppData\Local\Programs\Python\Python311\Lib\asyncio\base_events.py", line 868, in getaddrinfo
    return await self.run_in_executor(
           ^^^^^^^^^^^^^^^^^^^^^^^^^^^
  File "C:\Users\Jeremy\AppData\Local\Programs\Python\Python311\Lib\concurrent\futures\thread.py", line 58, in run
    result = self.fn(*self.args, **self.kwargs)
             ^^^^^^^^^^^^^^^^^^^^^^^^^^^^^^^^^^
  File "C:\Users\Jeremy\AppData\Local\Programs\Python\Python311\Lib\socket.py", line 962, in getaddrinfo
    for res in _socket.getaddrinfo(host, port, family, type, proto, flags):
               ^^^^^^^^^^^^^^^^^^^^^^^^^^^^^^^^^^^^^^^^^^^^^^^^^^^^^^^^^^^
socket.gaierror: [Errno 11001] getaddrinfo failed
2025-09-17 09:47:07,493 | websockets.client | INFO | ! connect failed; reconnecting in 0.0 seconds
Traceback (most recent call last):
  File "C:\Users\Jeremy\AppData\Local\Programs\Python\Python311\Lib\site-packages\websockets\legacy\client.py", line 603, in __aiter__
    async with self as protocol:
  File "C:\Users\Jeremy\AppData\Local\Programs\Python\Python311\Lib\site-packages\solana\rpc\websocket_api.py", line 422, in __aenter__
    protocol = await super().__aenter__()
               ^^^^^^^^^^^^^^^^^^^^^^^^^^
  File "C:\Users\Jeremy\AppData\Local\Programs\Python\Python311\Lib\site-packages\websockets\legacy\client.py", line 634, in __aenter__
    return await self
           ^^^^^^^^^^
  File "C:\Users\Jeremy\AppData\Local\Programs\Python\Python311\Lib\site-packages\websockets\legacy\client.py", line 653, in __await_impl__
    _transport, protocol = await self._create_connection()
                           ^^^^^^^^^^^^^^^^^^^^^^^^^^^^^^^
  File "C:\Users\Jeremy\AppData\Local\Programs\Python\Python311\Lib\asyncio\base_events.py", line 1046, in create_connection
    infos = await self._ensure_resolved(
            ^^^^^^^^^^^^^^^^^^^^^^^^^^^^
  File "C:\Users\Jeremy\AppData\Local\Programs\Python\Python311\Lib\asyncio\base_events.py", line 1420, in _ensure_resolved
    return await loop.getaddrinfo(host, port, family=family, type=type,
           ^^^^^^^^^^^^^^^^^^^^^^^^^^^^^^^^^^^^^^^^^^^^^^^^^^^^^^^^^^^^
  File "C:\Users\Jeremy\AppData\Local\Programs\Python\Python311\Lib\asyncio\base_events.py", line 868, in getaddrinfo
    return await self.run_in_executor(
           ^^^^^^^^^^^^^^^^^^^^^^^^^^^
  File "C:\Users\Jeremy\AppData\Local\Programs\Python\Python311\Lib\concurrent\futures\thread.py", line 58, in run
    result = self.fn(*self.args, **self.kwargs)
             ^^^^^^^^^^^^^^^^^^^^^^^^^^^^^^^^^^
  File "C:\Users\Jeremy\AppData\Local\Programs\Python\Python311\Lib\socket.py", line 962, in getaddrinfo
    for res in _socket.getaddrinfo(host, port, family, type, proto, flags):
               ^^^^^^^^^^^^^^^^^^^^^^^^^^^^^^^^^^^^^^^^^^^^^^^^^^^^^^^^^^^
socket.gaierror: [Errno 11001] getaddrinfo failed
2025-09-17 09:47:07,524 | websockets.client | INFO | ! connect failed; reconnecting in 4.9 seconds
Traceback (most recent call last):
  File "C:\Users\Jeremy\AppData\Local\Programs\Python\Python311\Lib\site-packages\websockets\legacy\client.py", line 603, in __aiter__
    async with self as protocol:
  File "C:\Users\Jeremy\AppData\Local\Programs\Python\Python311\Lib\site-packages\solana\rpc\websocket_api.py", line 422, in __aenter__
    protocol = await super().__aenter__()
               ^^^^^^^^^^^^^^^^^^^^^^^^^^
  File "C:\Users\Jeremy\AppData\Local\Programs\Python\Python311\Lib\site-packages\websockets\legacy\client.py", line 634, in __aenter__
    return await self
           ^^^^^^^^^^
  File "C:\Users\Jeremy\AppData\Local\Programs\Python\Python311\Lib\site-packages\websockets\legacy\client.py", line 653, in __await_impl__
    _transport, protocol = await self._create_connection()
                           ^^^^^^^^^^^^^^^^^^^^^^^^^^^^^^^
  File "C:\Users\Jeremy\AppData\Local\Programs\Python\Python311\Lib\asyncio\base_events.py", line 1046, in create_connection
    infos = await self._ensure_resolved(
            ^^^^^^^^^^^^^^^^^^^^^^^^^^^^
  File "C:\Users\Jeremy\AppData\Local\Programs\Python\Python311\Lib\asyncio\base_events.py", line 1420, in _ensure_resolved
    return await loop.getaddrinfo(host, port, family=family, type=type,
           ^^^^^^^^^^^^^^^^^^^^^^^^^^^^^^^^^^^^^^^^^^^^^^^^^^^^^^^^^^^^
  File "C:\Users\Jeremy\AppData\Local\Programs\Python\Python311\Lib\asyncio\base_events.py", line 868, in getaddrinfo
    return await self.run_in_executor(
           ^^^^^^^^^^^^^^^^^^^^^^^^^^^
  File "C:\Users\Jeremy\AppData\Local\Programs\Python\Python311\Lib\concurrent\futures\thread.py", line 58, in run
    result = self.fn(*self.args, **self.kwargs)
             ^^^^^^^^^^^^^^^^^^^^^^^^^^^^^^^^^^
  File "C:\Users\Jeremy\AppData\Local\Programs\Python\Python311\Lib\socket.py", line 962, in getaddrinfo
    for res in _socket.getaddrinfo(host, port, family, type, proto, flags):
               ^^^^^^^^^^^^^^^^^^^^^^^^^^^^^^^^^^^^^^^^^^^^^^^^^^^^^^^^^^^
socket.gaierror: [Errno 11001] getaddrinfo failed
2025-09-17 09:47:07,630 | websockets.client | INFO | ! connect failed; reconnecting in 2.5 seconds
Traceback (most recent call last):
  File "C:\Users\Jeremy\AppData\Local\Programs\Python\Python311\Lib\site-packages\websockets\legacy\client.py", line 603, in __aiter__
    async with self as protocol:
  File "C:\Users\Jeremy\AppData\Local\Programs\Python\Python311\Lib\site-packages\solana\rpc\websocket_api.py", line 422, in __aenter__
    protocol = await super().__aenter__()
               ^^^^^^^^^^^^^^^^^^^^^^^^^^
  File "C:\Users\Jeremy\AppData\Local\Programs\Python\Python311\Lib\site-packages\websockets\legacy\client.py", line 634, in __aenter__
    return await self
           ^^^^^^^^^^
  File "C:\Users\Jeremy\AppData\Local\Programs\Python\Python311\Lib\site-packages\websockets\legacy\client.py", line 653, in __await_impl__
    _transport, protocol = await self._create_connection()
                           ^^^^^^^^^^^^^^^^^^^^^^^^^^^^^^^
  File "C:\Users\Jeremy\AppData\Local\Programs\Python\Python311\Lib\asyncio\base_events.py", line 1046, in create_connection
    infos = await self._ensure_resolved(
            ^^^^^^^^^^^^^^^^^^^^^^^^^^^^
  File "C:\Users\Jeremy\AppData\Local\Programs\Python\Python311\Lib\asyncio\base_events.py", line 1420, in _ensure_resolved
    return await loop.getaddrinfo(host, port, family=family, type=type,
           ^^^^^^^^^^^^^^^^^^^^^^^^^^^^^^^^^^^^^^^^^^^^^^^^^^^^^^^^^^^^
  File "C:\Users\Jeremy\AppData\Local\Programs\Python\Python311\Lib\asyncio\base_events.py", line 868, in getaddrinfo
    return await self.run_in_executor(
           ^^^^^^^^^^^^^^^^^^^^^^^^^^^
  File "C:\Users\Jeremy\AppData\Local\Programs\Python\Python311\Lib\concurrent\futures\thread.py", line 58, in run
    result = self.fn(*self.args, **self.kwargs)
             ^^^^^^^^^^^^^^^^^^^^^^^^^^^^^^^^^^
  File "C:\Users\Jeremy\AppData\Local\Programs\Python\Python311\Lib\socket.py", line 962, in getaddrinfo
    for res in _socket.getaddrinfo(host, port, family, type, proto, flags):
               ^^^^^^^^^^^^^^^^^^^^^^^^^^^^^^^^^^^^^^^^^^^^^^^^^^^^^^^^^^^
socket.gaierror: [Errno 11001] getaddrinfo failed
2025-09-17 09:47:07,846 | websockets.client | INFO | ! connect failed; reconnecting in 2.9 seconds
Traceback (most recent call last):
  File "C:\Users\Jeremy\AppData\Local\Programs\Python\Python311\Lib\site-packages\websockets\legacy\client.py", line 603, in __aiter__
    async with self as protocol:
  File "C:\Users\Jeremy\AppData\Local\Programs\Python\Python311\Lib\site-packages\solana\rpc\websocket_api.py", line 422, in __aenter__
    protocol = await super().__aenter__()
               ^^^^^^^^^^^^^^^^^^^^^^^^^^
  File "C:\Users\Jeremy\AppData\Local\Programs\Python\Python311\Lib\site-packages\websockets\legacy\client.py", line 634, in __aenter__
    return await self
           ^^^^^^^^^^
  File "C:\Users\Jeremy\AppData\Local\Programs\Python\Python311\Lib\site-packages\websockets\legacy\client.py", line 653, in __await_impl__
    _transport, protocol = await self._create_connection()
                           ^^^^^^^^^^^^^^^^^^^^^^^^^^^^^^^
  File "C:\Users\Jeremy\AppData\Local\Programs\Python\Python311\Lib\asyncio\base_events.py", line 1046, in create_connection
    infos = await self._ensure_resolved(
            ^^^^^^^^^^^^^^^^^^^^^^^^^^^^
  File "C:\Users\Jeremy\AppData\Local\Programs\Python\Python311\Lib\asyncio\base_events.py", line 1420, in _ensure_resolved
    return await loop.getaddrinfo(host, port, family=family, type=type,
           ^^^^^^^^^^^^^^^^^^^^^^^^^^^^^^^^^^^^^^^^^^^^^^^^^^^^^^^^^^^^
  File "C:\Users\Jeremy\AppData\Local\Programs\Python\Python311\Lib\asyncio\base_events.py", line 868, in getaddrinfo
    return await self.run_in_executor(
           ^^^^^^^^^^^^^^^^^^^^^^^^^^^
  File "C:\Users\Jeremy\AppData\Local\Programs\Python\Python311\Lib\concurrent\futures\thread.py", line 58, in run
    result = self.fn(*self.args, **self.kwargs)
             ^^^^^^^^^^^^^^^^^^^^^^^^^^^^^^^^^^
  File "C:\Users\Jeremy\AppData\Local\Programs\Python\Python311\Lib\socket.py", line 962, in getaddrinfo
    for res in _socket.getaddrinfo(host, port, family, type, proto, flags):
               ^^^^^^^^^^^^^^^^^^^^^^^^^^^^^^^^^^^^^^^^^^^^^^^^^^^^^^^^^^^
socket.gaierror: [Errno 11001] getaddrinfo failed
2025-09-17 09:47:21,612 | websockets.client | INFO | ! connect failed again; retrying in 3 seconds
Traceback (most recent call last):
  File "C:\Users\Jeremy\AppData\Local\Programs\Python\Python311\Lib\site-packages\websockets\legacy\client.py", line 655, in __await_impl__
    await protocol.handshake(
  File "C:\Users\Jeremy\AppData\Local\Programs\Python\Python311\Lib\site-packages\websockets\legacy\client.py", line 315, in handshake
    status_code, response_headers = await self.read_http_response()
                                    ^^^^^^^^^^^^^^^^^^^^^^^^^^^^^^^
  File "C:\Users\Jeremy\AppData\Local\Programs\Python\Python311\Lib\site-packages\websockets\legacy\client.py", line 135, in read_http_response
    status_code, reason, headers = await read_response(self.reader)
                                   ^^^^^^^^^^^^^^^^^^^^^^^^^^^^^^^^
  File "C:\Users\Jeremy\AppData\Local\Programs\Python\Python311\Lib\site-packages\websockets\legacy\http.py", line 120, in read_response
    status_line = await read_line(stream)
                  ^^^^^^^^^^^^^^^^^^^^^^^
  File "C:\Users\Jeremy\AppData\Local\Programs\Python\Python311\Lib\site-packages\websockets\legacy\http.py", line 194, in read_line
    line = await stream.readline()
           ^^^^^^^^^^^^^^^^^^^^^^^
  File "C:\Users\Jeremy\AppData\Local\Programs\Python\Python311\Lib\asyncio\streams.py", line 566, in readline
    line = await self.readuntil(sep)
           ^^^^^^^^^^^^^^^^^^^^^^^^^
  File "C:\Users\Jeremy\AppData\Local\Programs\Python\Python311\Lib\asyncio\streams.py", line 658, in readuntil
    await self._wait_for_data('readuntil')
  File "C:\Users\Jeremy\AppData\Local\Programs\Python\Python311\Lib\asyncio\streams.py", line 543, in _wait_for_data
    await self._waiter
asyncio.exceptions.CancelledError

The above exception was the direct cause of the following exception:

Traceback (most recent call last):
  File "C:\Users\Jeremy\AppData\Local\Programs\Python\Python311\Lib\site-packages\websockets\legacy\client.py", line 603, in __aiter__
    async with self as protocol:
  File "C:\Users\Jeremy\AppData\Local\Programs\Python\Python311\Lib\site-packages\solana\rpc\websocket_api.py", line 422, in __aenter__
    protocol = await super().__aenter__()
               ^^^^^^^^^^^^^^^^^^^^^^^^^^
  File "C:\Users\Jeremy\AppData\Local\Programs\Python\Python311\Lib\site-packages\websockets\legacy\client.py", line 634, in __aenter__
    return await self
           ^^^^^^^^^^
  File "C:\Users\Jeremy\AppData\Local\Programs\Python\Python311\Lib\site-packages\websockets\legacy\client.py", line 651, in __await_impl__
    async with asyncio_timeout(self.open_timeout):
  File "C:\Users\Jeremy\AppData\Local\Programs\Python\Python311\Lib\asyncio\timeouts.py", line 115, in __aexit__
    raise TimeoutError from exc_val
TimeoutError
2025-09-17 09:47:21,843 | websockets.client | INFO | ! connect failed again; retrying in 3 seconds
Traceback (most recent call last):
  File "C:\Users\Jeremy\AppData\Local\Programs\Python\Python311\Lib\site-packages\websockets\legacy\client.py", line 655, in __await_impl__
    await protocol.handshake(
  File "C:\Users\Jeremy\AppData\Local\Programs\Python\Python311\Lib\site-packages\websockets\legacy\client.py", line 315, in handshake
    status_code, response_headers = await self.read_http_response()
                                    ^^^^^^^^^^^^^^^^^^^^^^^^^^^^^^^
  File "C:\Users\Jeremy\AppData\Local\Programs\Python\Python311\Lib\site-packages\websockets\legacy\client.py", line 135, in read_http_response
    status_code, reason, headers = await read_response(self.reader)
                                   ^^^^^^^^^^^^^^^^^^^^^^^^^^^^^^^^
  File "C:\Users\Jeremy\AppData\Local\Programs\Python\Python311\Lib\site-packages\websockets\legacy\http.py", line 120, in read_response
    status_line = await read_line(stream)
                  ^^^^^^^^^^^^^^^^^^^^^^^
  File "C:\Users\Jeremy\AppData\Local\Programs\Python\Python311\Lib\site-packages\websockets\legacy\http.py", line 194, in read_line
    line = await stream.readline()
           ^^^^^^^^^^^^^^^^^^^^^^^
  File "C:\Users\Jeremy\AppData\Local\Programs\Python\Python311\Lib\asyncio\streams.py", line 566, in readline
    line = await self.readuntil(sep)
           ^^^^^^^^^^^^^^^^^^^^^^^^^
  File "C:\Users\Jeremy\AppData\Local\Programs\Python\Python311\Lib\asyncio\streams.py", line 658, in readuntil
    await self._wait_for_data('readuntil')
  File "C:\Users\Jeremy\AppData\Local\Programs\Python\Python311\Lib\asyncio\streams.py", line 543, in _wait_for_data
    await self._waiter
asyncio.exceptions.CancelledError

The above exception was the direct cause of the following exception:

Traceback (most recent call last):
  File "C:\Users\Jeremy\AppData\Local\Programs\Python\Python311\Lib\site-packages\websockets\legacy\client.py", line 603, in __aiter__
    async with self as protocol:
  File "C:\Users\Jeremy\AppData\Local\Programs\Python\Python311\Lib\site-packages\solana\rpc\websocket_api.py", line 422, in __aenter__
    protocol = await super().__aenter__()
               ^^^^^^^^^^^^^^^^^^^^^^^^^^
  File "C:\Users\Jeremy\AppData\Local\Programs\Python\Python311\Lib\site-packages\websockets\legacy\client.py", line 634, in __aenter__
    return await self
           ^^^^^^^^^^
  File "C:\Users\Jeremy\AppData\Local\Programs\Python\Python311\Lib\site-packages\websockets\legacy\client.py", line 651, in __await_impl__
    async with asyncio_timeout(self.open_timeout):
  File "C:\Users\Jeremy\AppData\Local\Programs\Python\Python311\Lib\asyncio\timeouts.py", line 115, in __aexit__
    raise TimeoutError from exc_val
TimeoutError
2025-09-17 09:47:21,859 | websockets.client | INFO | ! connect failed again; retrying in 3 seconds
Traceback (most recent call last):
  File "C:\Users\Jeremy\AppData\Local\Programs\Python\Python311\Lib\site-packages\websockets\legacy\client.py", line 655, in __await_impl__
    await protocol.handshake(
  File "C:\Users\Jeremy\AppData\Local\Programs\Python\Python311\Lib\site-packages\websockets\legacy\client.py", line 315, in handshake
    status_code, response_headers = await self.read_http_response()
                                    ^^^^^^^^^^^^^^^^^^^^^^^^^^^^^^^
  File "C:\Users\Jeremy\AppData\Local\Programs\Python\Python311\Lib\site-packages\websockets\legacy\client.py", line 135, in read_http_response
    status_code, reason, headers = await read_response(self.reader)
                                   ^^^^^^^^^^^^^^^^^^^^^^^^^^^^^^^^
  File "C:\Users\Jeremy\AppData\Local\Programs\Python\Python311\Lib\site-packages\websockets\legacy\http.py", line 120, in read_response
    status_line = await read_line(stream)
                  ^^^^^^^^^^^^^^^^^^^^^^^
  File "C:\Users\Jeremy\AppData\Local\Programs\Python\Python311\Lib\site-packages\websockets\legacy\http.py", line 194, in read_line
    line = await stream.readline()
           ^^^^^^^^^^^^^^^^^^^^^^^
  File "C:\Users\Jeremy\AppData\Local\Programs\Python\Python311\Lib\asyncio\streams.py", line 566, in readline
    line = await self.readuntil(sep)
           ^^^^^^^^^^^^^^^^^^^^^^^^^
  File "C:\Users\Jeremy\AppData\Local\Programs\Python\Python311\Lib\asyncio\streams.py", line 658, in readuntil
    await self._wait_for_data('readuntil')
  File "C:\Users\Jeremy\AppData\Local\Programs\Python\Python311\Lib\asyncio\streams.py", line 543, in _wait_for_data
    await self._waiter
asyncio.exceptions.CancelledError

The above exception was the direct cause of the following exception:

Traceback (most recent call last):
  File "C:\Users\Jeremy\AppData\Local\Programs\Python\Python311\Lib\site-packages\websockets\legacy\client.py", line 603, in __aiter__
    async with self as protocol:
  File "C:\Users\Jeremy\AppData\Local\Programs\Python\Python311\Lib\site-packages\solana\rpc\websocket_api.py", line 422, in __aenter__
    protocol = await super().__aenter__()
               ^^^^^^^^^^^^^^^^^^^^^^^^^^
  File "C:\Users\Jeremy\AppData\Local\Programs\Python\Python311\Lib\site-packages\websockets\legacy\client.py", line 634, in __aenter__
    return await self
           ^^^^^^^^^^
  File "C:\Users\Jeremy\AppData\Local\Programs\Python\Python311\Lib\site-packages\websockets\legacy\client.py", line 651, in __await_impl__
    async with asyncio_timeout(self.open_timeout):
  File "C:\Users\Jeremy\AppData\Local\Programs\Python\Python311\Lib\asyncio\timeouts.py", line 115, in __aexit__
    raise TimeoutError from exc_val
TimeoutError
2025-09-17 09:47:21,880 | websockets.client | INFO | ! connect failed again; retrying in 3 seconds
Traceback (most recent call last):
  File "C:\Users\Jeremy\AppData\Local\Programs\Python\Python311\Lib\site-packages\websockets\legacy\client.py", line 655, in __await_impl__
    await protocol.handshake(
  File "C:\Users\Jeremy\AppData\Local\Programs\Python\Python311\Lib\site-packages\websockets\legacy\client.py", line 315, in handshake
    status_code, response_headers = await self.read_http_response()
                                    ^^^^^^^^^^^^^^^^^^^^^^^^^^^^^^^
  File "C:\Users\Jeremy\AppData\Local\Programs\Python\Python311\Lib\site-packages\websockets\legacy\client.py", line 135, in read_http_response
    status_code, reason, headers = await read_response(self.reader)
                                   ^^^^^^^^^^^^^^^^^^^^^^^^^^^^^^^^
  File "C:\Users\Jeremy\AppData\Local\Programs\Python\Python311\Lib\site-packages\websockets\legacy\http.py", line 120, in read_response
    status_line = await read_line(stream)
                  ^^^^^^^^^^^^^^^^^^^^^^^
  File "C:\Users\Jeremy\AppData\Local\Programs\Python\Python311\Lib\site-packages\websockets\legacy\http.py", line 194, in read_line
    line = await stream.readline()
           ^^^^^^^^^^^^^^^^^^^^^^^
  File "C:\Users\Jeremy\AppData\Local\Programs\Python\Python311\Lib\asyncio\streams.py", line 566, in readline
    line = await self.readuntil(sep)
           ^^^^^^^^^^^^^^^^^^^^^^^^^
  File "C:\Users\Jeremy\AppData\Local\Programs\Python\Python311\Lib\asyncio\streams.py", line 658, in readuntil
    await self._wait_for_data('readuntil')
  File "C:\Users\Jeremy\AppData\Local\Programs\Python\Python311\Lib\asyncio\streams.py", line 543, in _wait_for_data
    await self._waiter
asyncio.exceptions.CancelledError

The above exception was the direct cause of the following exception:

Traceback (most recent call last):
  File "C:\Users\Jeremy\AppData\Local\Programs\Python\Python311\Lib\site-packages\websockets\legacy\client.py", line 603, in __aiter__
    async with self as protocol:
  File "C:\Users\Jeremy\AppData\Local\Programs\Python\Python311\Lib\site-packages\solana\rpc\websocket_api.py", line 422, in __aenter__
    protocol = await super().__aenter__()
               ^^^^^^^^^^^^^^^^^^^^^^^^^^
  File "C:\Users\Jeremy\AppData\Local\Programs\Python\Python311\Lib\site-packages\websockets\legacy\client.py", line 634, in __aenter__
    return await self
           ^^^^^^^^^^
  File "C:\Users\Jeremy\AppData\Local\Programs\Python\Python311\Lib\site-packages\websockets\legacy\client.py", line 651, in __await_impl__
    async with asyncio_timeout(self.open_timeout):
  File "C:\Users\Jeremy\AppData\Local\Programs\Python\Python311\Lib\asyncio\timeouts.py", line 115, in __aexit__
    raise TimeoutError from exc_val
TimeoutError
2025-09-17 09:47:22,894 | websockets.client | INFO | ! connect failed again; retrying in 3 seconds
Traceback (most recent call last):
  File "C:\Users\Jeremy\AppData\Local\Programs\Python\Python311\Lib\site-packages\websockets\legacy\client.py", line 655, in __await_impl__
    await protocol.handshake(
  File "C:\Users\Jeremy\AppData\Local\Programs\Python\Python311\Lib\site-packages\websockets\legacy\client.py", line 315, in handshake
    status_code, response_headers = await self.read_http_response()
                                    ^^^^^^^^^^^^^^^^^^^^^^^^^^^^^^^
  File "C:\Users\Jeremy\AppData\Local\Programs\Python\Python311\Lib\site-packages\websockets\legacy\client.py", line 135, in read_http_response
    status_code, reason, headers = await read_response(self.reader)
                                   ^^^^^^^^^^^^^^^^^^^^^^^^^^^^^^^^
  File "C:\Users\Jeremy\AppData\Local\Programs\Python\Python311\Lib\site-packages\websockets\legacy\http.py", line 120, in read_response
    status_line = await read_line(stream)
                  ^^^^^^^^^^^^^^^^^^^^^^^
  File "C:\Users\Jeremy\AppData\Local\Programs\Python\Python311\Lib\site-packages\websockets\legacy\http.py", line 194, in read_line
    line = await stream.readline()
           ^^^^^^^^^^^^^^^^^^^^^^^
  File "C:\Users\Jeremy\AppData\Local\Programs\Python\Python311\Lib\asyncio\streams.py", line 566, in readline
    line = await self.readuntil(sep)
           ^^^^^^^^^^^^^^^^^^^^^^^^^
  File "C:\Users\Jeremy\AppData\Local\Programs\Python\Python311\Lib\asyncio\streams.py", line 658, in readuntil
    await self._wait_for_data('readuntil')
  File "C:\Users\Jeremy\AppData\Local\Programs\Python\Python311\Lib\asyncio\streams.py", line 543, in _wait_for_data
    await self._waiter
asyncio.exceptions.CancelledError

The above exception was the direct cause of the following exception:

Traceback (most recent call last):
  File "C:\Users\Jeremy\AppData\Local\Programs\Python\Python311\Lib\site-packages\websockets\legacy\client.py", line 603, in __aiter__
    async with self as protocol:
  File "C:\Users\Jeremy\AppData\Local\Programs\Python\Python311\Lib\site-packages\solana\rpc\websocket_api.py", line 422, in __aenter__
    protocol = await super().__aenter__()
               ^^^^^^^^^^^^^^^^^^^^^^^^^^
  File "C:\Users\Jeremy\AppData\Local\Programs\Python\Python311\Lib\site-packages\websockets\legacy\client.py", line 634, in __aenter__
    return await self
           ^^^^^^^^^^
  File "C:\Users\Jeremy\AppData\Local\Programs\Python\Python311\Lib\site-packages\websockets\legacy\client.py", line 651, in __await_impl__
    async with asyncio_timeout(self.open_timeout):
  File "C:\Users\Jeremy\AppData\Local\Programs\Python\Python311\Lib\asyncio\timeouts.py", line 115, in __aexit__
    raise TimeoutError from exc_val
TimeoutError
2025-09-17 10:08:03,150 | websockets.client | INFO | ! connect failed; reconnecting in 2.5 seconds
Traceback (most recent call last):
  File "C:\Users\Jeremy\AppData\Local\Programs\Python\Python311\Lib\site-packages\websockets\legacy\client.py", line 655, in __await_impl__
    await protocol.handshake(
  File "C:\Users\Jeremy\AppData\Local\Programs\Python\Python311\Lib\site-packages\websockets\legacy\client.py", line 315, in handshake
    status_code, response_headers = await self.read_http_response()
                                    ^^^^^^^^^^^^^^^^^^^^^^^^^^^^^^^
  File "C:\Users\Jeremy\AppData\Local\Programs\Python\Python311\Lib\site-packages\websockets\legacy\client.py", line 135, in read_http_response
    status_code, reason, headers = await read_response(self.reader)
                                   ^^^^^^^^^^^^^^^^^^^^^^^^^^^^^^^^
  File "C:\Users\Jeremy\AppData\Local\Programs\Python\Python311\Lib\site-packages\websockets\legacy\http.py", line 120, in read_response
    status_line = await read_line(stream)
                  ^^^^^^^^^^^^^^^^^^^^^^^
  File "C:\Users\Jeremy\AppData\Local\Programs\Python\Python311\Lib\site-packages\websockets\legacy\http.py", line 194, in read_line
    line = await stream.readline()
           ^^^^^^^^^^^^^^^^^^^^^^^
  File "C:\Users\Jeremy\AppData\Local\Programs\Python\Python311\Lib\asyncio\streams.py", line 566, in readline
    line = await self.readuntil(sep)
           ^^^^^^^^^^^^^^^^^^^^^^^^^
  File "C:\Users\Jeremy\AppData\Local\Programs\Python\Python311\Lib\asyncio\streams.py", line 658, in readuntil
    await self._wait_for_data('readuntil')
  File "C:\Users\Jeremy\AppData\Local\Programs\Python\Python311\Lib\asyncio\streams.py", line 543, in _wait_for_data
    await self._waiter
asyncio.exceptions.CancelledError

The above exception was the direct cause of the following exception:

Traceback (most recent call last):
  File "C:\Users\Jeremy\AppData\Local\Programs\Python\Python311\Lib\site-packages\websockets\legacy\client.py", line 603, in __aiter__
    async with self as protocol:
  File "C:\Users\Jeremy\AppData\Local\Programs\Python\Python311\Lib\site-packages\solana\rpc\websocket_api.py", line 422, in __aenter__
    protocol = await super().__aenter__()
               ^^^^^^^^^^^^^^^^^^^^^^^^^^
  File "C:\Users\Jeremy\AppData\Local\Programs\Python\Python311\Lib\site-packages\websockets\legacy\client.py", line 634, in __aenter__
    return await self
           ^^^^^^^^^^
  File "C:\Users\Jeremy\AppData\Local\Programs\Python\Python311\Lib\site-packages\websockets\legacy\client.py", line 651, in __await_impl__
    async with asyncio_timeout(self.open_timeout):
  File "C:\Users\Jeremy\AppData\Local\Programs\Python\Python311\Lib\asyncio\timeouts.py", line 115, in __aexit__
    raise TimeoutError from exc_val
TimeoutError
2025-09-17 10:45:25,716 | websockets.client | INFO | ! connect failed; reconnecting in 2.6 seconds
Traceback (most recent call last):
  File "C:\Users\Jeremy\AppData\Local\Programs\Python\Python311\Lib\site-packages\websockets\legacy\client.py", line 655, in __await_impl__
    await protocol.handshake(
  File "C:\Users\Jeremy\AppData\Local\Programs\Python\Python311\Lib\site-packages\websockets\legacy\client.py", line 315, in handshake
    status_code, response_headers = await self.read_http_response()
                                    ^^^^^^^^^^^^^^^^^^^^^^^^^^^^^^^
  File "C:\Users\Jeremy\AppData\Local\Programs\Python\Python311\Lib\site-packages\websockets\legacy\client.py", line 135, in read_http_response
    status_code, reason, headers = await read_response(self.reader)
                                   ^^^^^^^^^^^^^^^^^^^^^^^^^^^^^^^^
  File "C:\Users\Jeremy\AppData\Local\Programs\Python\Python311\Lib\site-packages\websockets\legacy\http.py", line 120, in read_response
    status_line = await read_line(stream)
                  ^^^^^^^^^^^^^^^^^^^^^^^
  File "C:\Users\Jeremy\AppData\Local\Programs\Python\Python311\Lib\site-packages\websockets\legacy\http.py", line 194, in read_line
    line = await stream.readline()
           ^^^^^^^^^^^^^^^^^^^^^^^
  File "C:\Users\Jeremy\AppData\Local\Programs\Python\Python311\Lib\asyncio\streams.py", line 566, in readline
    line = await self.readuntil(sep)
           ^^^^^^^^^^^^^^^^^^^^^^^^^
  File "C:\Users\Jeremy\AppData\Local\Programs\Python\Python311\Lib\asyncio\streams.py", line 658, in readuntil
    await self._wait_for_data('readuntil')
  File "C:\Users\Jeremy\AppData\Local\Programs\Python\Python311\Lib\asyncio\streams.py", line 543, in _wait_for_data
    await self._waiter
asyncio.exceptions.CancelledError

The above exception was the direct cause of the following exception:

Traceback (most recent call last):
  File "C:\Users\Jeremy\AppData\Local\Programs\Python\Python311\Lib\site-packages\websockets\legacy\client.py", line 603, in __aiter__
    async with self as protocol:
  File "C:\Users\Jeremy\AppData\Local\Programs\Python\Python311\Lib\site-packages\solana\rpc\websocket_api.py", line 422, in __aenter__
    protocol = await super().__aenter__()
               ^^^^^^^^^^^^^^^^^^^^^^^^^^
  File "C:\Users\Jeremy\AppData\Local\Programs\Python\Python311\Lib\site-packages\websockets\legacy\client.py", line 634, in __aenter__
    return await self
           ^^^^^^^^^^
  File "C:\Users\Jeremy\AppData\Local\Programs\Python\Python311\Lib\site-packages\websockets\legacy\client.py", line 651, in __await_impl__
    async with asyncio_timeout(self.open_timeout):
  File "C:\Users\Jeremy\AppData\Local\Programs\Python\Python311\Lib\asyncio\timeouts.py", line 115, in __aexit__
    raise TimeoutError from exc_val
TimeoutError
2025-09-17 10:45:26,072 | websockets.client | INFO | ! connect failed; reconnecting in 1.9 seconds
Traceback (most recent call last):
  File "C:\Users\Jeremy\AppData\Local\Programs\Python\Python311\Lib\site-packages\websockets\legacy\client.py", line 653, in __await_impl__
    _transport, protocol = await self._create_connection()
                           ^^^^^^^^^^^^^^^^^^^^^^^^^^^^^^^
  File "C:\Users\Jeremy\AppData\Local\Programs\Python\Python311\Lib\asyncio\base_events.py", line 1113, in create_connection
    transport, protocol = await self._create_connection_transport(
                          ^^^^^^^^^^^^^^^^^^^^^^^^^^^^^^^^^^^^^^^^
  File "C:\Users\Jeremy\AppData\Local\Programs\Python\Python311\Lib\asyncio\base_events.py", line 1146, in _create_connection_transport
    await waiter
asyncio.exceptions.CancelledError

The above exception was the direct cause of the following exception:

Traceback (most recent call last):
  File "C:\Users\Jeremy\AppData\Local\Programs\Python\Python311\Lib\site-packages\websockets\legacy\client.py", line 603, in __aiter__
    async with self as protocol:
  File "C:\Users\Jeremy\AppData\Local\Programs\Python\Python311\Lib\site-packages\solana\rpc\websocket_api.py", line 422, in __aenter__
    protocol = await super().__aenter__()
               ^^^^^^^^^^^^^^^^^^^^^^^^^^
  File "C:\Users\Jeremy\AppData\Local\Programs\Python\Python311\Lib\site-packages\websockets\legacy\client.py", line 634, in __aenter__
    return await self
           ^^^^^^^^^^
  File "C:\Users\Jeremy\AppData\Local\Programs\Python\Python311\Lib\site-packages\websockets\legacy\client.py", line 651, in __await_impl__
    async with asyncio_timeout(self.open_timeout):
  File "C:\Users\Jeremy\AppData\Local\Programs\Python\Python311\Lib\asyncio\timeouts.py", line 115, in __aexit__
    raise TimeoutError from exc_val
TimeoutError
2025-09-17 10:45:27,002 | websockets.client | INFO | ! connect failed; reconnecting in 0.2 seconds
Traceback (most recent call last):
  File "C:\Users\Jeremy\AppData\Local\Programs\Python\Python311\Lib\site-packages\websockets\legacy\client.py", line 653, in __await_impl__
    _transport, protocol = await self._create_connection()
                           ^^^^^^^^^^^^^^^^^^^^^^^^^^^^^^^
  File "C:\Users\Jeremy\AppData\Local\Programs\Python\Python311\Lib\asyncio\base_events.py", line 1113, in create_connection
    transport, protocol = await self._create_connection_transport(
                          ^^^^^^^^^^^^^^^^^^^^^^^^^^^^^^^^^^^^^^^^
  File "C:\Users\Jeremy\AppData\Local\Programs\Python\Python311\Lib\asyncio\base_events.py", line 1146, in _create_connection_transport
    await waiter
asyncio.exceptions.CancelledError

The above exception was the direct cause of the following exception:

Traceback (most recent call last):
  File "C:\Users\Jeremy\AppData\Local\Programs\Python\Python311\Lib\site-packages\websockets\legacy\client.py", line 603, in __aiter__
    async with self as protocol:
  File "C:\Users\Jeremy\AppData\Local\Programs\Python\Python311\Lib\site-packages\solana\rpc\websocket_api.py", line 422, in __aenter__
    protocol = await super().__aenter__()
               ^^^^^^^^^^^^^^^^^^^^^^^^^^
  File "C:\Users\Jeremy\AppData\Local\Programs\Python\Python311\Lib\site-packages\websockets\legacy\client.py", line 634, in __aenter__
    return await self
           ^^^^^^^^^^
  File "C:\Users\Jeremy\AppData\Local\Programs\Python\Python311\Lib\site-packages\websockets\legacy\client.py", line 651, in __await_impl__
    async with asyncio_timeout(self.open_timeout):
  File "C:\Users\Jeremy\AppData\Local\Programs\Python\Python311\Lib\asyncio\timeouts.py", line 115, in __aexit__
    raise TimeoutError from exc_val
TimeoutError
2025-09-17 10:45:27,058 | websockets.client | INFO | ! connect failed; reconnecting in 4.1 seconds
Traceback (most recent call last):
  File "C:\Users\Jeremy\AppData\Local\Programs\Python\Python311\Lib\site-packages\websockets\legacy\client.py", line 653, in __await_impl__
    _transport, protocol = await self._create_connection()
                           ^^^^^^^^^^^^^^^^^^^^^^^^^^^^^^^
  File "C:\Users\Jeremy\AppData\Local\Programs\Python\Python311\Lib\asyncio\base_events.py", line 1113, in create_connection
    transport, protocol = await self._create_connection_transport(
                          ^^^^^^^^^^^^^^^^^^^^^^^^^^^^^^^^^^^^^^^^
  File "C:\Users\Jeremy\AppData\Local\Programs\Python\Python311\Lib\asyncio\base_events.py", line 1146, in _create_connection_transport
    await waiter
asyncio.exceptions.CancelledError

The above exception was the direct cause of the following exception:

Traceback (most recent call last):
  File "C:\Users\Jeremy\AppData\Local\Programs\Python\Python311\Lib\site-packages\websockets\legacy\client.py", line 603, in __aiter__
    async with self as protocol:
  File "C:\Users\Jeremy\AppData\Local\Programs\Python\Python311\Lib\site-packages\solana\rpc\websocket_api.py", line 422, in __aenter__
    protocol = await super().__aenter__()
               ^^^^^^^^^^^^^^^^^^^^^^^^^^
  File "C:\Users\Jeremy\AppData\Local\Programs\Python\Python311\Lib\site-packages\websockets\legacy\client.py", line 634, in __aenter__
    return await self
           ^^^^^^^^^^
  File "C:\Users\Jeremy\AppData\Local\Programs\Python\Python311\Lib\site-packages\websockets\legacy\client.py", line 651, in __await_impl__
    async with asyncio_timeout(self.open_timeout):
  File "C:\Users\Jeremy\AppData\Local\Programs\Python\Python311\Lib\asyncio\timeouts.py", line 115, in __aexit__
    raise TimeoutError from exc_val
TimeoutError
2025-09-17 10:45:27,080 | websockets.client | INFO | ! connect failed; reconnecting in 3.2 seconds
Traceback (most recent call last):
  File "C:\Users\Jeremy\AppData\Local\Programs\Python\Python311\Lib\site-packages\websockets\legacy\client.py", line 653, in __await_impl__
    _transport, protocol = await self._create_connection()
                           ^^^^^^^^^^^^^^^^^^^^^^^^^^^^^^^
  File "C:\Users\Jeremy\AppData\Local\Programs\Python\Python311\Lib\asyncio\base_events.py", line 1113, in create_connection
    transport, protocol = await self._create_connection_transport(
                          ^^^^^^^^^^^^^^^^^^^^^^^^^^^^^^^^^^^^^^^^
  File "C:\Users\Jeremy\AppData\Local\Programs\Python\Python311\Lib\asyncio\base_events.py", line 1146, in _create_connection_transport
    await waiter
asyncio.exceptions.CancelledError

The above exception was the direct cause of the following exception:

Traceback (most recent call last):
  File "C:\Users\Jeremy\AppData\Local\Programs\Python\Python311\Lib\site-packages\websockets\legacy\client.py", line 603, in __aiter__
    async with self as protocol:
  File "C:\Users\Jeremy\AppData\Local\Programs\Python\Python311\Lib\site-packages\solana\rpc\websocket_api.py", line 422, in __aenter__
    protocol = await super().__aenter__()
               ^^^^^^^^^^^^^^^^^^^^^^^^^^
  File "C:\Users\Jeremy\AppData\Local\Programs\Python\Python311\Lib\site-packages\websockets\legacy\client.py", line 634, in __aenter__
    return await self
           ^^^^^^^^^^
  File "C:\Users\Jeremy\AppData\Local\Programs\Python\Python311\Lib\site-packages\websockets\legacy\client.py", line 651, in __await_impl__
    async with asyncio_timeout(self.open_timeout):
  File "C:\Users\Jeremy\AppData\Local\Programs\Python\Python311\Lib\asyncio\timeouts.py", line 115, in __aexit__
    raise TimeoutError from exc_val
TimeoutError
2025-09-17 10:45:27,164 | websockets.client | INFO | ! connect failed; reconnecting in 1.2 seconds
Traceback (most recent call last):
  File "C:\Users\Jeremy\AppData\Local\Programs\Python\Python311\Lib\site-packages\websockets\legacy\client.py", line 655, in __await_impl__
    await protocol.handshake(
  File "C:\Users\Jeremy\AppData\Local\Programs\Python\Python311\Lib\site-packages\websockets\legacy\client.py", line 315, in handshake
    status_code, response_headers = await self.read_http_response()
                                    ^^^^^^^^^^^^^^^^^^^^^^^^^^^^^^^
  File "C:\Users\Jeremy\AppData\Local\Programs\Python\Python311\Lib\site-packages\websockets\legacy\client.py", line 135, in read_http_response
    status_code, reason, headers = await read_response(self.reader)
                                   ^^^^^^^^^^^^^^^^^^^^^^^^^^^^^^^^
  File "C:\Users\Jeremy\AppData\Local\Programs\Python\Python311\Lib\site-packages\websockets\legacy\http.py", line 120, in read_response
    status_line = await read_line(stream)
                  ^^^^^^^^^^^^^^^^^^^^^^^
  File "C:\Users\Jeremy\AppData\Local\Programs\Python\Python311\Lib\site-packages\websockets\legacy\http.py", line 194, in read_line
    line = await stream.readline()
           ^^^^^^^^^^^^^^^^^^^^^^^
  File "C:\Users\Jeremy\AppData\Local\Programs\Python\Python311\Lib\asyncio\streams.py", line 566, in readline
    line = await self.readuntil(sep)
           ^^^^^^^^^^^^^^^^^^^^^^^^^
  File "C:\Users\Jeremy\AppData\Local\Programs\Python\Python311\Lib\asyncio\streams.py", line 658, in readuntil
    await self._wait_for_data('readuntil')
  File "C:\Users\Jeremy\AppData\Local\Programs\Python\Python311\Lib\asyncio\streams.py", line 543, in _wait_for_data
    await self._waiter
asyncio.exceptions.CancelledError

The above exception was the direct cause of the following exception:

Traceback (most recent call last):
  File "C:\Users\Jeremy\AppData\Local\Programs\Python\Python311\Lib\site-packages\websockets\legacy\client.py", line 603, in __aiter__
    async with self as protocol:
  File "C:\Users\Jeremy\AppData\Local\Programs\Python\Python311\Lib\site-packages\solana\rpc\websocket_api.py", line 422, in __aenter__
    protocol = await super().__aenter__()
               ^^^^^^^^^^^^^^^^^^^^^^^^^^
  File "C:\Users\Jeremy\AppData\Local\Programs\Python\Python311\Lib\site-packages\websockets\legacy\client.py", line 634, in __aenter__
    return await self
           ^^^^^^^^^^
  File "C:\Users\Jeremy\AppData\Local\Programs\Python\Python311\Lib\site-packages\websockets\legacy\client.py", line 651, in __await_impl__
    async with asyncio_timeout(self.open_timeout):
  File "C:\Users\Jeremy\AppData\Local\Programs\Python\Python311\Lib\asyncio\timeouts.py", line 115, in __aexit__
    raise TimeoutError from exc_val
TimeoutError
2025-09-17 10:45:27,575 | websockets.client | INFO | ! connect failed; reconnecting in 1.0 seconds
Traceback (most recent call last):
  File "C:\Users\Jeremy\AppData\Local\Programs\Python\Python311\Lib\site-packages\websockets\legacy\client.py", line 655, in __await_impl__
    await protocol.handshake(
  File "C:\Users\Jeremy\AppData\Local\Programs\Python\Python311\Lib\site-packages\websockets\legacy\client.py", line 315, in handshake
    status_code, response_headers = await self.read_http_response()
                                    ^^^^^^^^^^^^^^^^^^^^^^^^^^^^^^^
  File "C:\Users\Jeremy\AppData\Local\Programs\Python\Python311\Lib\site-packages\websockets\legacy\client.py", line 135, in read_http_response
    status_code, reason, headers = await read_response(self.reader)
                                   ^^^^^^^^^^^^^^^^^^^^^^^^^^^^^^^^
  File "C:\Users\Jeremy\AppData\Local\Programs\Python\Python311\Lib\site-packages\websockets\legacy\http.py", line 120, in read_response
    status_line = await read_line(stream)
                  ^^^^^^^^^^^^^^^^^^^^^^^
  File "C:\Users\Jeremy\AppData\Local\Programs\Python\Python311\Lib\site-packages\websockets\legacy\http.py", line 194, in read_line
    line = await stream.readline()
           ^^^^^^^^^^^^^^^^^^^^^^^
  File "C:\Users\Jeremy\AppData\Local\Programs\Python\Python311\Lib\asyncio\streams.py", line 566, in readline
    line = await self.readuntil(sep)
           ^^^^^^^^^^^^^^^^^^^^^^^^^
  File "C:\Users\Jeremy\AppData\Local\Programs\Python\Python311\Lib\asyncio\streams.py", line 658, in readuntil
    await self._wait_for_data('readuntil')
  File "C:\Users\Jeremy\AppData\Local\Programs\Python\Python311\Lib\asyncio\streams.py", line 543, in _wait_for_data
    await self._waiter
asyncio.exceptions.CancelledError

The above exception was the direct cause of the following exception:

Traceback (most recent call last):
  File "C:\Users\Jeremy\AppData\Local\Programs\Python\Python311\Lib\site-packages\websockets\legacy\client.py", line 603, in __aiter__
    async with self as protocol:
  File "C:\Users\Jeremy\AppData\Local\Programs\Python\Python311\Lib\site-packages\solana\rpc\websocket_api.py", line 422, in __aenter__
    protocol = await super().__aenter__()
               ^^^^^^^^^^^^^^^^^^^^^^^^^^
  File "C:\Users\Jeremy\AppData\Local\Programs\Python\Python311\Lib\site-packages\websockets\legacy\client.py", line 634, in __aenter__
    return await self
           ^^^^^^^^^^
  File "C:\Users\Jeremy\AppData\Local\Programs\Python\Python311\Lib\site-packages\websockets\legacy\client.py", line 651, in __await_impl__
    async with asyncio_timeout(self.open_timeout):
  File "C:\Users\Jeremy\AppData\Local\Programs\Python\Python311\Lib\asyncio\timeouts.py", line 115, in __aexit__
    raise TimeoutError from exc_val
TimeoutError
2025-09-17 10:45:27,590 | websockets.client | INFO | ! connect failed; reconnecting in 1.0 seconds
Traceback (most recent call last):
  File "C:\Users\Jeremy\AppData\Local\Programs\Python\Python311\Lib\site-packages\websockets\legacy\client.py", line 655, in __await_impl__
    await protocol.handshake(
  File "C:\Users\Jeremy\AppData\Local\Programs\Python\Python311\Lib\site-packages\websockets\legacy\client.py", line 315, in handshake
    status_code, response_headers = await self.read_http_response()
                                    ^^^^^^^^^^^^^^^^^^^^^^^^^^^^^^^
  File "C:\Users\Jeremy\AppData\Local\Programs\Python\Python311\Lib\site-packages\websockets\legacy\client.py", line 135, in read_http_response
    status_code, reason, headers = await read_response(self.reader)
                                   ^^^^^^^^^^^^^^^^^^^^^^^^^^^^^^^^
  File "C:\Users\Jeremy\AppData\Local\Programs\Python\Python311\Lib\site-packages\websockets\legacy\http.py", line 120, in read_response
    status_line = await read_line(stream)
                  ^^^^^^^^^^^^^^^^^^^^^^^
  File "C:\Users\Jeremy\AppData\Local\Programs\Python\Python311\Lib\site-packages\websockets\legacy\http.py", line 194, in read_line
    line = await stream.readline()
           ^^^^^^^^^^^^^^^^^^^^^^^
  File "C:\Users\Jeremy\AppData\Local\Programs\Python\Python311\Lib\asyncio\streams.py", line 566, in readline
    line = await self.readuntil(sep)
           ^^^^^^^^^^^^^^^^^^^^^^^^^
  File "C:\Users\Jeremy\AppData\Local\Programs\Python\Python311\Lib\asyncio\streams.py", line 658, in readuntil
    await self._wait_for_data('readuntil')
  File "C:\Users\Jeremy\AppData\Local\Programs\Python\Python311\Lib\asyncio\streams.py", line 543, in _wait_for_data
    await self._waiter
asyncio.exceptions.CancelledError

The above exception was the direct cause of the following exception:

Traceback (most recent call last):
  File "C:\Users\Jeremy\AppData\Local\Programs\Python\Python311\Lib\site-packages\websockets\legacy\client.py", line 603, in __aiter__
    async with self as protocol:
  File "C:\Users\Jeremy\AppData\Local\Programs\Python\Python311\Lib\site-packages\solana\rpc\websocket_api.py", line 422, in __aenter__
    protocol = await super().__aenter__()
               ^^^^^^^^^^^^^^^^^^^^^^^^^^
  File "C:\Users\Jeremy\AppData\Local\Programs\Python\Python311\Lib\site-packages\websockets\legacy\client.py", line 634, in __aenter__
    return await self
           ^^^^^^^^^^
  File "C:\Users\Jeremy\AppData\Local\Programs\Python\Python311\Lib\site-packages\websockets\legacy\client.py", line 651, in __await_impl__
    async with asyncio_timeout(self.open_timeout):
  File "C:\Users\Jeremy\AppData\Local\Programs\Python\Python311\Lib\asyncio\timeouts.py", line 115, in __aexit__
    raise TimeoutError from exc_val
TimeoutError
2025-09-17 10:45:27,640 | websockets.client | INFO | ! connect failed; reconnecting in 1.6 seconds
Traceback (most recent call last):
  File "C:\Users\Jeremy\AppData\Local\Programs\Python\Python311\Lib\site-packages\websockets\legacy\client.py", line 655, in __await_impl__
    await protocol.handshake(
  File "C:\Users\Jeremy\AppData\Local\Programs\Python\Python311\Lib\site-packages\websockets\legacy\client.py", line 315, in handshake
    status_code, response_headers = await self.read_http_response()
                                    ^^^^^^^^^^^^^^^^^^^^^^^^^^^^^^^
  File "C:\Users\Jeremy\AppData\Local\Programs\Python\Python311\Lib\site-packages\websockets\legacy\client.py", line 135, in read_http_response
    status_code, reason, headers = await read_response(self.reader)
                                   ^^^^^^^^^^^^^^^^^^^^^^^^^^^^^^^^
  File "C:\Users\Jeremy\AppData\Local\Programs\Python\Python311\Lib\site-packages\websockets\legacy\http.py", line 120, in read_response
    status_line = await read_line(stream)
                  ^^^^^^^^^^^^^^^^^^^^^^^
  File "C:\Users\Jeremy\AppData\Local\Programs\Python\Python311\Lib\site-packages\websockets\legacy\http.py", line 194, in read_line
    line = await stream.readline()
           ^^^^^^^^^^^^^^^^^^^^^^^
  File "C:\Users\Jeremy\AppData\Local\Programs\Python\Python311\Lib\asyncio\streams.py", line 566, in readline
    line = await self.readuntil(sep)
           ^^^^^^^^^^^^^^^^^^^^^^^^^
  File "C:\Users\Jeremy\AppData\Local\Programs\Python\Python311\Lib\asyncio\streams.py", line 658, in readuntil
    await self._wait_for_data('readuntil')
  File "C:\Users\Jeremy\AppData\Local\Programs\Python\Python311\Lib\asyncio\streams.py", line 543, in _wait_for_data
    await self._waiter
asyncio.exceptions.CancelledError

The above exception was the direct cause of the following exception:

Traceback (most recent call last):
  File "C:\Users\Jeremy\AppData\Local\Programs\Python\Python311\Lib\site-packages\websockets\legacy\client.py", line 603, in __aiter__
    async with self as protocol:
  File "C:\Users\Jeremy\AppData\Local\Programs\Python\Python311\Lib\site-packages\solana\rpc\websocket_api.py", line 422, in __aenter__
    protocol = await super().__aenter__()
               ^^^^^^^^^^^^^^^^^^^^^^^^^^
  File "C:\Users\Jeremy\AppData\Local\Programs\Python\Python311\Lib\site-packages\websockets\legacy\client.py", line 634, in __aenter__
    return await self
           ^^^^^^^^^^
  File "C:\Users\Jeremy\AppData\Local\Programs\Python\Python311\Lib\site-packages\websockets\legacy\client.py", line 651, in __await_impl__
    async with asyncio_timeout(self.open_timeout):
  File "C:\Users\Jeremy\AppData\Local\Programs\Python\Python311\Lib\asyncio\timeouts.py", line 115, in __aexit__
    raise TimeoutError from exc_val
TimeoutError
2025-09-17 10:45:27,643 | websockets.client | INFO | ! connect failed; reconnecting in 1.9 seconds
Traceback (most recent call last):
  File "C:\Users\Jeremy\AppData\Local\Programs\Python\Python311\Lib\site-packages\websockets\legacy\client.py", line 655, in __await_impl__
    await protocol.handshake(
  File "C:\Users\Jeremy\AppData\Local\Programs\Python\Python311\Lib\site-packages\websockets\legacy\client.py", line 315, in handshake
    status_code, response_headers = await self.read_http_response()
                                    ^^^^^^^^^^^^^^^^^^^^^^^^^^^^^^^
  File "C:\Users\Jeremy\AppData\Local\Programs\Python\Python311\Lib\site-packages\websockets\legacy\client.py", line 135, in read_http_response
    status_code, reason, headers = await read_response(self.reader)
                                   ^^^^^^^^^^^^^^^^^^^^^^^^^^^^^^^^
  File "C:\Users\Jeremy\AppData\Local\Programs\Python\Python311\Lib\site-packages\websockets\legacy\http.py", line 120, in read_response
    status_line = await read_line(stream)
                  ^^^^^^^^^^^^^^^^^^^^^^^
  File "C:\Users\Jeremy\AppData\Local\Programs\Python\Python311\Lib\site-packages\websockets\legacy\http.py", line 194, in read_line
    line = await stream.readline()
           ^^^^^^^^^^^^^^^^^^^^^^^
  File "C:\Users\Jeremy\AppData\Local\Programs\Python\Python311\Lib\asyncio\streams.py", line 566, in readline
    line = await self.readuntil(sep)
           ^^^^^^^^^^^^^^^^^^^^^^^^^
  File "C:\Users\Jeremy\AppData\Local\Programs\Python\Python311\Lib\asyncio\streams.py", line 658, in readuntil
    await self._wait_for_data('readuntil')
  File "C:\Users\Jeremy\AppData\Local\Programs\Python\Python311\Lib\asyncio\streams.py", line 543, in _wait_for_data
    await self._waiter
asyncio.exceptions.CancelledError

The above exception was the direct cause of the following exception:

Traceback (most recent call last):
  File "C:\Users\Jeremy\AppData\Local\Programs\Python\Python311\Lib\site-packages\websockets\legacy\client.py", line 603, in __aiter__
    async with self as protocol:
  File "C:\Users\Jeremy\AppData\Local\Programs\Python\Python311\Lib\site-packages\solana\rpc\websocket_api.py", line 422, in __aenter__
    protocol = await super().__aenter__()
               ^^^^^^^^^^^^^^^^^^^^^^^^^^
  File "C:\Users\Jeremy\AppData\Local\Programs\Python\Python311\Lib\site-packages\websockets\legacy\client.py", line 634, in __aenter__
    return await self
           ^^^^^^^^^^
  File "C:\Users\Jeremy\AppData\Local\Programs\Python\Python311\Lib\site-packages\websockets\legacy\client.py", line 651, in __await_impl__
    async with asyncio_timeout(self.open_timeout):
  File "C:\Users\Jeremy\AppData\Local\Programs\Python\Python311\Lib\asyncio\timeouts.py", line 115, in __aexit__
    raise TimeoutError from exc_val
TimeoutError
2025-09-17 10:45:27,661 | websockets.client | INFO | ! connect failed; reconnecting in 3.7 seconds
Traceback (most recent call last):
  File "C:\Users\Jeremy\AppData\Local\Programs\Python\Python311\Lib\site-packages\websockets\legacy\client.py", line 655, in __await_impl__
    await protocol.handshake(
  File "C:\Users\Jeremy\AppData\Local\Programs\Python\Python311\Lib\site-packages\websockets\legacy\client.py", line 315, in handshake
    status_code, response_headers = await self.read_http_response()
                                    ^^^^^^^^^^^^^^^^^^^^^^^^^^^^^^^
  File "C:\Users\Jeremy\AppData\Local\Programs\Python\Python311\Lib\site-packages\websockets\legacy\client.py", line 135, in read_http_response
    status_code, reason, headers = await read_response(self.reader)
                                   ^^^^^^^^^^^^^^^^^^^^^^^^^^^^^^^^
  File "C:\Users\Jeremy\AppData\Local\Programs\Python\Python311\Lib\site-packages\websockets\legacy\http.py", line 120, in read_response
    status_line = await read_line(stream)
                  ^^^^^^^^^^^^^^^^^^^^^^^
  File "C:\Users\Jeremy\AppData\Local\Programs\Python\Python311\Lib\site-packages\websockets\legacy\http.py", line 194, in read_line
    line = await stream.readline()
           ^^^^^^^^^^^^^^^^^^^^^^^
  File "C:\Users\Jeremy\AppData\Local\Programs\Python\Python311\Lib\asyncio\streams.py", line 566, in readline
    line = await self.readuntil(sep)
           ^^^^^^^^^^^^^^^^^^^^^^^^^
  File "C:\Users\Jeremy\AppData\Local\Programs\Python\Python311\Lib\asyncio\streams.py", line 658, in readuntil
    await self._wait_for_data('readuntil')
  File "C:\Users\Jeremy\AppData\Local\Programs\Python\Python311\Lib\asyncio\streams.py", line 543, in _wait_for_data
    await self._waiter
asyncio.exceptions.CancelledError

The above exception was the direct cause of the following exception:

Traceback (most recent call last):
  File "C:\Users\Jeremy\AppData\Local\Programs\Python\Python311\Lib\site-packages\websockets\legacy\client.py", line 603, in __aiter__
    async with self as protocol:
  File "C:\Users\Jeremy\AppData\Local\Programs\Python\Python311\Lib\site-packages\solana\rpc\websocket_api.py", line 422, in __aenter__
    protocol = await super().__aenter__()
               ^^^^^^^^^^^^^^^^^^^^^^^^^^
  File "C:\Users\Jeremy\AppData\Local\Programs\Python\Python311\Lib\site-packages\websockets\legacy\client.py", line 634, in __aenter__
    return await self
           ^^^^^^^^^^
  File "C:\Users\Jeremy\AppData\Local\Programs\Python\Python311\Lib\site-packages\websockets\legacy\client.py", line 651, in __await_impl__
    async with asyncio_timeout(self.open_timeout):
  File "C:\Users\Jeremy\AppData\Local\Programs\Python\Python311\Lib\asyncio\timeouts.py", line 115, in __aexit__
    raise TimeoutError from exc_val
TimeoutError
2025-09-17 10:45:27,704 | websockets.client | INFO | ! connect failed; reconnecting in 4.3 seconds
Traceback (most recent call last):
  File "C:\Users\Jeremy\AppData\Local\Programs\Python\Python311\Lib\site-packages\websockets\legacy\client.py", line 655, in __await_impl__
    await protocol.handshake(
  File "C:\Users\Jeremy\AppData\Local\Programs\Python\Python311\Lib\site-packages\websockets\legacy\client.py", line 315, in handshake
    status_code, response_headers = await self.read_http_response()
                                    ^^^^^^^^^^^^^^^^^^^^^^^^^^^^^^^
  File "C:\Users\Jeremy\AppData\Local\Programs\Python\Python311\Lib\site-packages\websockets\legacy\client.py", line 135, in read_http_response
    status_code, reason, headers = await read_response(self.reader)
                                   ^^^^^^^^^^^^^^^^^^^^^^^^^^^^^^^^
  File "C:\Users\Jeremy\AppData\Local\Programs\Python\Python311\Lib\site-packages\websockets\legacy\http.py", line 120, in read_response
    status_line = await read_line(stream)
                  ^^^^^^^^^^^^^^^^^^^^^^^
  File "C:\Users\Jeremy\AppData\Local\Programs\Python\Python311\Lib\site-packages\websockets\legacy\http.py", line 194, in read_line
    line = await stream.readline()
           ^^^^^^^^^^^^^^^^^^^^^^^
  File "C:\Users\Jeremy\AppData\Local\Programs\Python\Python311\Lib\asyncio\streams.py", line 566, in readline
    line = await self.readuntil(sep)
           ^^^^^^^^^^^^^^^^^^^^^^^^^
  File "C:\Users\Jeremy\AppData\Local\Programs\Python\Python311\Lib\asyncio\streams.py", line 658, in readuntil
    await self._wait_for_data('readuntil')
  File "C:\Users\Jeremy\AppData\Local\Programs\Python\Python311\Lib\asyncio\streams.py", line 543, in _wait_for_data
    await self._waiter
asyncio.exceptions.CancelledError

The above exception was the direct cause of the following exception:

Traceback (most recent call last):
  File "C:\Users\Jeremy\AppData\Local\Programs\Python\Python311\Lib\site-packages\websockets\legacy\client.py", line 603, in __aiter__
    async with self as protocol:
  File "C:\Users\Jeremy\AppData\Local\Programs\Python\Python311\Lib\site-packages\solana\rpc\websocket_api.py", line 422, in __aenter__
    protocol = await super().__aenter__()
               ^^^^^^^^^^^^^^^^^^^^^^^^^^
  File "C:\Users\Jeremy\AppData\Local\Programs\Python\Python311\Lib\site-packages\websockets\legacy\client.py", line 634, in __aenter__
    return await self
           ^^^^^^^^^^
  File "C:\Users\Jeremy\AppData\Local\Programs\Python\Python311\Lib\site-packages\websockets\legacy\client.py", line 651, in __await_impl__
    async with asyncio_timeout(self.open_timeout):
  File "C:\Users\Jeremy\AppData\Local\Programs\Python\Python311\Lib\asyncio\timeouts.py", line 115, in __aexit__
    raise TimeoutError from exc_val
TimeoutError
2025-09-17 10:45:27,727 | websockets.client | INFO | ! connect failed; reconnecting in 0.9 seconds
Traceback (most recent call last):
  File "C:\Users\Jeremy\AppData\Local\Programs\Python\Python311\Lib\site-packages\websockets\legacy\client.py", line 655, in __await_impl__
    await protocol.handshake(
  File "C:\Users\Jeremy\AppData\Local\Programs\Python\Python311\Lib\site-packages\websockets\legacy\client.py", line 315, in handshake
    status_code, response_headers = await self.read_http_response()
                                    ^^^^^^^^^^^^^^^^^^^^^^^^^^^^^^^
  File "C:\Users\Jeremy\AppData\Local\Programs\Python\Python311\Lib\site-packages\websockets\legacy\client.py", line 135, in read_http_response
    status_code, reason, headers = await read_response(self.reader)
                                   ^^^^^^^^^^^^^^^^^^^^^^^^^^^^^^^^
  File "C:\Users\Jeremy\AppData\Local\Programs\Python\Python311\Lib\site-packages\websockets\legacy\http.py", line 120, in read_response
    status_line = await read_line(stream)
                  ^^^^^^^^^^^^^^^^^^^^^^^
  File "C:\Users\Jeremy\AppData\Local\Programs\Python\Python311\Lib\site-packages\websockets\legacy\http.py", line 194, in read_line
    line = await stream.readline()
           ^^^^^^^^^^^^^^^^^^^^^^^
  File "C:\Users\Jeremy\AppData\Local\Programs\Python\Python311\Lib\asyncio\streams.py", line 566, in readline
    line = await self.readuntil(sep)
           ^^^^^^^^^^^^^^^^^^^^^^^^^
  File "C:\Users\Jeremy\AppData\Local\Programs\Python\Python311\Lib\asyncio\streams.py", line 658, in readuntil
    await self._wait_for_data('readuntil')
  File "C:\Users\Jeremy\AppData\Local\Programs\Python\Python311\Lib\asyncio\streams.py", line 543, in _wait_for_data
    await self._waiter
asyncio.exceptions.CancelledError

The above exception was the direct cause of the following exception:

Traceback (most recent call last):
  File "C:\Users\Jeremy\AppData\Local\Programs\Python\Python311\Lib\site-packages\websockets\legacy\client.py", line 603, in __aiter__
    async with self as protocol:
  File "C:\Users\Jeremy\AppData\Local\Programs\Python\Python311\Lib\site-packages\solana\rpc\websocket_api.py", line 422, in __aenter__
    protocol = await super().__aenter__()
               ^^^^^^^^^^^^^^^^^^^^^^^^^^
  File "C:\Users\Jeremy\AppData\Local\Programs\Python\Python311\Lib\site-packages\websockets\legacy\client.py", line 634, in __aenter__
    return await self
           ^^^^^^^^^^
  File "C:\Users\Jeremy\AppData\Local\Programs\Python\Python311\Lib\site-packages\websockets\legacy\client.py", line 651, in __await_impl__
    async with asyncio_timeout(self.open_timeout):
  File "C:\Users\Jeremy\AppData\Local\Programs\Python\Python311\Lib\asyncio\timeouts.py", line 115, in __aexit__
    raise TimeoutError from exc_val
TimeoutError
2025-09-17 10:45:27,766 | websockets.client | INFO | ! connect failed; reconnecting in 2.0 seconds
Traceback (most recent call last):
  File "C:\Users\Jeremy\AppData\Local\Programs\Python\Python311\Lib\site-packages\websockets\legacy\client.py", line 655, in __await_impl__
    await protocol.handshake(
  File "C:\Users\Jeremy\AppData\Local\Programs\Python\Python311\Lib\site-packages\websockets\legacy\client.py", line 315, in handshake
    status_code, response_headers = await self.read_http_response()
                                    ^^^^^^^^^^^^^^^^^^^^^^^^^^^^^^^
  File "C:\Users\Jeremy\AppData\Local\Programs\Python\Python311\Lib\site-packages\websockets\legacy\client.py", line 135, in read_http_response
    status_code, reason, headers = await read_response(self.reader)
                                   ^^^^^^^^^^^^^^^^^^^^^^^^^^^^^^^^
  File "C:\Users\Jeremy\AppData\Local\Programs\Python\Python311\Lib\site-packages\websockets\legacy\http.py", line 120, in read_response
    status_line = await read_line(stream)
                  ^^^^^^^^^^^^^^^^^^^^^^^
  File "C:\Users\Jeremy\AppData\Local\Programs\Python\Python311\Lib\site-packages\websockets\legacy\http.py", line 194, in read_line
    line = await stream.readline()
           ^^^^^^^^^^^^^^^^^^^^^^^
  File "C:\Users\Jeremy\AppData\Local\Programs\Python\Python311\Lib\asyncio\streams.py", line 566, in readline
    line = await self.readuntil(sep)
           ^^^^^^^^^^^^^^^^^^^^^^^^^
  File "C:\Users\Jeremy\AppData\Local\Programs\Python\Python311\Lib\asyncio\streams.py", line 658, in readuntil
    await self._wait_for_data('readuntil')
  File "C:\Users\Jeremy\AppData\Local\Programs\Python\Python311\Lib\asyncio\streams.py", line 543, in _wait_for_data
    await self._waiter
asyncio.exceptions.CancelledError

The above exception was the direct cause of the following exception:

Traceback (most recent call last):
  File "C:\Users\Jeremy\AppData\Local\Programs\Python\Python311\Lib\site-packages\websockets\legacy\client.py", line 603, in __aiter__
    async with self as protocol:
  File "C:\Users\Jeremy\AppData\Local\Programs\Python\Python311\Lib\site-packages\solana\rpc\websocket_api.py", line 422, in __aenter__
    protocol = await super().__aenter__()
               ^^^^^^^^^^^^^^^^^^^^^^^^^^
  File "C:\Users\Jeremy\AppData\Local\Programs\Python\Python311\Lib\site-packages\websockets\legacy\client.py", line 634, in __aenter__
    return await self
           ^^^^^^^^^^
  File "C:\Users\Jeremy\AppData\Local\Programs\Python\Python311\Lib\site-packages\websockets\legacy\client.py", line 651, in __await_impl__
    async with asyncio_timeout(self.open_timeout):
  File "C:\Users\Jeremy\AppData\Local\Programs\Python\Python311\Lib\asyncio\timeouts.py", line 115, in __aexit__
    raise TimeoutError from exc_val
TimeoutError
2025-09-17 10:45:28,203 | websockets.client | INFO | ! connect failed; reconnecting in 1.3 seconds
Traceback (most recent call last):
  File "C:\Users\Jeremy\AppData\Local\Programs\Python\Python311\Lib\site-packages\websockets\legacy\client.py", line 655, in __await_impl__
    await protocol.handshake(
  File "C:\Users\Jeremy\AppData\Local\Programs\Python\Python311\Lib\site-packages\websockets\legacy\client.py", line 315, in handshake
    status_code, response_headers = await self.read_http_response()
                                    ^^^^^^^^^^^^^^^^^^^^^^^^^^^^^^^
  File "C:\Users\Jeremy\AppData\Local\Programs\Python\Python311\Lib\site-packages\websockets\legacy\client.py", line 135, in read_http_response
    status_code, reason, headers = await read_response(self.reader)
                                   ^^^^^^^^^^^^^^^^^^^^^^^^^^^^^^^^
  File "C:\Users\Jeremy\AppData\Local\Programs\Python\Python311\Lib\site-packages\websockets\legacy\http.py", line 120, in read_response
    status_line = await read_line(stream)
                  ^^^^^^^^^^^^^^^^^^^^^^^
  File "C:\Users\Jeremy\AppData\Local\Programs\Python\Python311\Lib\site-packages\websockets\legacy\http.py", line 194, in read_line
    line = await stream.readline()
           ^^^^^^^^^^^^^^^^^^^^^^^
  File "C:\Users\Jeremy\AppData\Local\Programs\Python\Python311\Lib\asyncio\streams.py", line 566, in readline
    line = await self.readuntil(sep)
           ^^^^^^^^^^^^^^^^^^^^^^^^^
  File "C:\Users\Jeremy\AppData\Local\Programs\Python\Python311\Lib\asyncio\streams.py", line 658, in readuntil
    await self._wait_for_data('readuntil')
  File "C:\Users\Jeremy\AppData\Local\Programs\Python\Python311\Lib\asyncio\streams.py", line 543, in _wait_for_data
    await self._waiter
asyncio.exceptions.CancelledError

The above exception was the direct cause of the following exception:

Traceback (most recent call last):
  File "C:\Users\Jeremy\AppData\Local\Programs\Python\Python311\Lib\site-packages\websockets\legacy\client.py", line 603, in __aiter__
    async with self as protocol:
  File "C:\Users\Jeremy\AppData\Local\Programs\Python\Python311\Lib\site-packages\solana\rpc\websocket_api.py", line 422, in __aenter__
    protocol = await super().__aenter__()
               ^^^^^^^^^^^^^^^^^^^^^^^^^^
  File "C:\Users\Jeremy\AppData\Local\Programs\Python\Python311\Lib\site-packages\websockets\legacy\client.py", line 634, in __aenter__
    return await self
           ^^^^^^^^^^
  File "C:\Users\Jeremy\AppData\Local\Programs\Python\Python311\Lib\site-packages\websockets\legacy\client.py", line 651, in __await_impl__
    async with asyncio_timeout(self.open_timeout):
  File "C:\Users\Jeremy\AppData\Local\Programs\Python\Python311\Lib\asyncio\timeouts.py", line 115, in __aexit__
    raise TimeoutError from exc_val
TimeoutError
2025-09-17 10:45:30,923 | websockets.client | INFO | ! connect failed; reconnecting in 4.6 seconds
Traceback (most recent call last):
  File "C:\Users\Jeremy\AppData\Local\Programs\Python\Python311\Lib\site-packages\websockets\legacy\client.py", line 655, in __await_impl__
    await protocol.handshake(
  File "C:\Users\Jeremy\AppData\Local\Programs\Python\Python311\Lib\site-packages\websockets\legacy\client.py", line 315, in handshake
    status_code, response_headers = await self.read_http_response()
                                    ^^^^^^^^^^^^^^^^^^^^^^^^^^^^^^^
  File "C:\Users\Jeremy\AppData\Local\Programs\Python\Python311\Lib\site-packages\websockets\legacy\client.py", line 135, in read_http_response
    status_code, reason, headers = await read_response(self.reader)
                                   ^^^^^^^^^^^^^^^^^^^^^^^^^^^^^^^^
  File "C:\Users\Jeremy\AppData\Local\Programs\Python\Python311\Lib\site-packages\websockets\legacy\http.py", line 120, in read_response
    status_line = await read_line(stream)
                  ^^^^^^^^^^^^^^^^^^^^^^^
  File "C:\Users\Jeremy\AppData\Local\Programs\Python\Python311\Lib\site-packages\websockets\legacy\http.py", line 194, in read_line
    line = await stream.readline()
           ^^^^^^^^^^^^^^^^^^^^^^^
  File "C:\Users\Jeremy\AppData\Local\Programs\Python\Python311\Lib\asyncio\streams.py", line 566, in readline
    line = await self.readuntil(sep)
           ^^^^^^^^^^^^^^^^^^^^^^^^^
  File "C:\Users\Jeremy\AppData\Local\Programs\Python\Python311\Lib\asyncio\streams.py", line 658, in readuntil
    await self._wait_for_data('readuntil')
  File "C:\Users\Jeremy\AppData\Local\Programs\Python\Python311\Lib\asyncio\streams.py", line 543, in _wait_for_data
    await self._waiter
asyncio.exceptions.CancelledError

The above exception was the direct cause of the following exception:

Traceback (most recent call last):
  File "C:\Users\Jeremy\AppData\Local\Programs\Python\Python311\Lib\site-packages\websockets\legacy\client.py", line 603, in __aiter__
    async with self as protocol:
  File "C:\Users\Jeremy\AppData\Local\Programs\Python\Python311\Lib\site-packages\solana\rpc\websocket_api.py", line 422, in __aenter__
    protocol = await super().__aenter__()
               ^^^^^^^^^^^^^^^^^^^^^^^^^^
  File "C:\Users\Jeremy\AppData\Local\Programs\Python\Python311\Lib\site-packages\websockets\legacy\client.py", line 634, in __aenter__
    return await self
           ^^^^^^^^^^
  File "C:\Users\Jeremy\AppData\Local\Programs\Python\Python311\Lib\site-packages\websockets\legacy\client.py", line 651, in __await_impl__
    async with asyncio_timeout(self.open_timeout):
  File "C:\Users\Jeremy\AppData\Local\Programs\Python\Python311\Lib\asyncio\timeouts.py", line 115, in __aexit__
    raise TimeoutError from exc_val
TimeoutError
2025-09-17 10:45:30,998 | websockets.client | INFO | ! connect failed; reconnecting in 2.2 seconds
Traceback (most recent call last):
  File "C:\Users\Jeremy\AppData\Local\Programs\Python\Python311\Lib\site-packages\websockets\legacy\client.py", line 655, in __await_impl__
    await protocol.handshake(
  File "C:\Users\Jeremy\AppData\Local\Programs\Python\Python311\Lib\site-packages\websockets\legacy\client.py", line 315, in handshake
    status_code, response_headers = await self.read_http_response()
                                    ^^^^^^^^^^^^^^^^^^^^^^^^^^^^^^^
  File "C:\Users\Jeremy\AppData\Local\Programs\Python\Python311\Lib\site-packages\websockets\legacy\client.py", line 135, in read_http_response
    status_code, reason, headers = await read_response(self.reader)
                                   ^^^^^^^^^^^^^^^^^^^^^^^^^^^^^^^^
  File "C:\Users\Jeremy\AppData\Local\Programs\Python\Python311\Lib\site-packages\websockets\legacy\http.py", line 120, in read_response
    status_line = await read_line(stream)
                  ^^^^^^^^^^^^^^^^^^^^^^^
  File "C:\Users\Jeremy\AppData\Local\Programs\Python\Python311\Lib\site-packages\websockets\legacy\http.py", line 194, in read_line
    line = await stream.readline()
           ^^^^^^^^^^^^^^^^^^^^^^^
  File "C:\Users\Jeremy\AppData\Local\Programs\Python\Python311\Lib\asyncio\streams.py", line 566, in readline
    line = await self.readuntil(sep)
           ^^^^^^^^^^^^^^^^^^^^^^^^^
  File "C:\Users\Jeremy\AppData\Local\Programs\Python\Python311\Lib\asyncio\streams.py", line 658, in readuntil
    await self._wait_for_data('readuntil')
  File "C:\Users\Jeremy\AppData\Local\Programs\Python\Python311\Lib\asyncio\streams.py", line 543, in _wait_for_data
    await self._waiter
asyncio.exceptions.CancelledError

The above exception was the direct cause of the following exception:

Traceback (most recent call last):
  File "C:\Users\Jeremy\AppData\Local\Programs\Python\Python311\Lib\site-packages\websockets\legacy\client.py", line 603, in __aiter__
    async with self as protocol:
  File "C:\Users\Jeremy\AppData\Local\Programs\Python\Python311\Lib\site-packages\solana\rpc\websocket_api.py", line 422, in __aenter__
    protocol = await super().__aenter__()
               ^^^^^^^^^^^^^^^^^^^^^^^^^^
  File "C:\Users\Jeremy\AppData\Local\Programs\Python\Python311\Lib\site-packages\websockets\legacy\client.py", line 634, in __aenter__
    return await self
           ^^^^^^^^^^
  File "C:\Users\Jeremy\AppData\Local\Programs\Python\Python311\Lib\site-packages\websockets\legacy\client.py", line 651, in __await_impl__
    async with asyncio_timeout(self.open_timeout):
  File "C:\Users\Jeremy\AppData\Local\Programs\Python\Python311\Lib\asyncio\timeouts.py", line 115, in __aexit__
    raise TimeoutError from exc_val
TimeoutError
2025-09-17 10:45:31,132 | websockets.client | INFO | ! connect failed; reconnecting in 2.8 seconds
Traceback (most recent call last):
  File "C:\Users\Jeremy\AppData\Local\Programs\Python\Python311\Lib\site-packages\websockets\legacy\client.py", line 655, in __await_impl__
    await protocol.handshake(
  File "C:\Users\Jeremy\AppData\Local\Programs\Python\Python311\Lib\site-packages\websockets\legacy\client.py", line 315, in handshake
    status_code, response_headers = await self.read_http_response()
                                    ^^^^^^^^^^^^^^^^^^^^^^^^^^^^^^^
  File "C:\Users\Jeremy\AppData\Local\Programs\Python\Python311\Lib\site-packages\websockets\legacy\client.py", line 135, in read_http_response
    status_code, reason, headers = await read_response(self.reader)
                                   ^^^^^^^^^^^^^^^^^^^^^^^^^^^^^^^^
  File "C:\Users\Jeremy\AppData\Local\Programs\Python\Python311\Lib\site-packages\websockets\legacy\http.py", line 120, in read_response
    status_line = await read_line(stream)
                  ^^^^^^^^^^^^^^^^^^^^^^^
  File "C:\Users\Jeremy\AppData\Local\Programs\Python\Python311\Lib\site-packages\websockets\legacy\http.py", line 194, in read_line
    line = await stream.readline()
           ^^^^^^^^^^^^^^^^^^^^^^^
  File "C:\Users\Jeremy\AppData\Local\Programs\Python\Python311\Lib\asyncio\streams.py", line 566, in readline
    line = await self.readuntil(sep)
           ^^^^^^^^^^^^^^^^^^^^^^^^^
  File "C:\Users\Jeremy\AppData\Local\Programs\Python\Python311\Lib\asyncio\streams.py", line 658, in readuntil
    await self._wait_for_data('readuntil')
  File "C:\Users\Jeremy\AppData\Local\Programs\Python\Python311\Lib\asyncio\streams.py", line 543, in _wait_for_data
    await self._waiter
asyncio.exceptions.CancelledError

The above exception was the direct cause of the following exception:

Traceback (most recent call last):
  File "C:\Users\Jeremy\AppData\Local\Programs\Python\Python311\Lib\site-packages\websockets\legacy\client.py", line 603, in __aiter__
    async with self as protocol:
  File "C:\Users\Jeremy\AppData\Local\Programs\Python\Python311\Lib\site-packages\solana\rpc\websocket_api.py", line 422, in __aenter__
    protocol = await super().__aenter__()
               ^^^^^^^^^^^^^^^^^^^^^^^^^^
  File "C:\Users\Jeremy\AppData\Local\Programs\Python\Python311\Lib\site-packages\websockets\legacy\client.py", line 634, in __aenter__
    return await self
           ^^^^^^^^^^
  File "C:\Users\Jeremy\AppData\Local\Programs\Python\Python311\Lib\site-packages\websockets\legacy\client.py", line 651, in __await_impl__
    async with asyncio_timeout(self.open_timeout):
  File "C:\Users\Jeremy\AppData\Local\Programs\Python\Python311\Lib\asyncio\timeouts.py", line 115, in __aexit__
    raise TimeoutError from exc_val
TimeoutError
