2025-09-18 18:43:25,005 - __main__ - INFO - ============================================================
2025-09-18 18:43:25,005 - __main__ - INFO - 🚀 PRODUCTION DEPLOYMENT: Enhanced JIT Bot + Quality First Hedger
2025-09-18 18:43:25,006 - __main__ - INFO - ============================================================
2025-09-18 18:43:25,006 - __main__ - INFO - 🚀 Deploying dual bot system...
2025-09-18 18:43:25,006 - __main__ - INFO - 🚀 Setting up production environment...
2025-09-18 18:43:25,007 - __main__ - INFO - ✅ DRIFT_ENV: devnet
2025-09-18 18:43:25,007 - __main__ - INFO - ✅ USE_MOCK: false
2025-09-18 18:43:25,007 - __main__ - INFO - ✅ DRIFT_ENVIRONMENT: production
2025-09-18 18:43:25,008 - __main__ - INFO - ✅ PYTHONUNBUFFERED: 1
2025-09-18 18:43:25,008 - __main__ - INFO - ✅ BOT_PERFORMANCE_MODE: optimized
2025-09-18 18:43:25,008 - __main__ - INFO - ✅ ENABLE_COORDINATION: true
2025-09-18 18:43:25,008 - __main__ - INFO - ✅ HEALTH_MONITORING: true
2025-09-18 18:43:25,009 - __main__ - INFO - ✅ ENHANCED_JIT_ENABLED: true
2025-09-18 18:43:25,009 - __main__ - INFO - ✅ QUALITY_FIRST_HEDGER_ENABLED: true
2025-09-18 18:43:25,009 - __main__ - INFO - ✅ COORDINATION_ENGINE_ENABLED: true
2025-09-18 18:43:25,009 - __main__ - INFO - ✅ Production environment configured
2025-09-18 18:43:25,009 - __main__ - INFO - 🔍 Validating production readiness...
2025-09-18 18:43:25,016 - __main__ - ERROR - ❌ Could not validate signature fixes: 'charmap' codec can't decode byte 0x8d in position 8917: character maps to <undefined>
2025-09-18 18:43:25,017 - __main__ - ERROR - ❌ Production readiness validation failed
2025-09-18 18:43:25,017 - __main__ - ERROR - ❌ Production deployment failed
2025-09-18 18:43:48,600 - __main__ - INFO - ============================================================
2025-09-18 18:43:48,600 - __main__ - INFO - 🚀 PRODUCTION DEPLOYMENT: Enhanced JIT Bot + Quality First Hedger
2025-09-18 18:43:48,601 - __main__ - INFO - ============================================================
2025-09-18 18:43:48,602 - __main__ - INFO - 🚀 Deploying dual bot system...
2025-09-18 18:43:48,602 - __main__ - INFO - 🚀 Setting up production environment...
2025-09-18 18:43:48,602 - __main__ - INFO - ✅ DRIFT_ENV: devnet
2025-09-18 18:43:48,602 - __main__ - INFO - ✅ USE_MOCK: false
2025-09-18 18:43:48,603 - __main__ - INFO - ✅ DRIFT_ENVIRONMENT: production
2025-09-18 18:43:48,603 - __main__ - INFO - ✅ PYTHONUNBUFFERED: 1
2025-09-18 18:43:48,603 - __main__ - INFO - ✅ BOT_PERFORMANCE_MODE: optimized
2025-09-18 18:43:48,604 - __main__ - INFO - ✅ ENABLE_COORDINATION: true
2025-09-18 18:43:48,604 - __main__ - INFO - ✅ HEALTH_MONITORING: true
2025-09-18 18:43:48,604 - __main__ - INFO - ✅ ENHANCED_JIT_ENABLED: true
2025-09-18 18:43:48,604 - __main__ - INFO - ✅ QUALITY_FIRST_HEDGER_ENABLED: true
2025-09-18 18:43:48,604 - __main__ - INFO - ✅ COORDINATION_ENGINE_ENABLED: true
2025-09-18 18:43:48,605 - __main__ - INFO - ✅ Production environment configured
2025-09-18 18:43:48,605 - __main__ - INFO - 🔍 Validating production readiness...
2025-09-18 18:43:48,607 - __main__ - INFO - ✅ All production components validated
2025-09-18 18:43:48,608 - __main__ - INFO - 🔧 Launching advanced orchestrator with dual bot configuration...
2025-09-18 18:43:48,655 - __main__ - INFO - ✅ Dual bot configuration created
2025-09-18 18:43:48,656 - __main__ - INFO - 🚀 Starting advanced orchestrator...
2025-09-18 18:43:50,970 - __main__ - INFO - 🎉 Production deployment successful!
2025-09-18 18:43:50,971 - __main__ - INFO - 📊 Metrics available at http://localhost:9100
2025-09-18 18:43:50,971 - __main__ - INFO - 🩺 Health checks available at http://localhost:9124
2025-09-18 18:43:50,971 - __main__ - INFO - 📈 Enhanced JIT Bot: Market making with optimized spreads
2025-09-18 18:43:50,972 - __main__ - INFO - 🎯 Quality First Hedger: Selective hedging of high-quality fills
2025-09-18 18:43:50,972 - __main__ - INFO - 🤝 Coordination: Real-time bot coordination enabled
2025-09-18 18:43:50,972 - __main__ - ERROR - ❌ Deployment failed: 'Orchestrator' object has no attribute 'run'
2025-09-18 18:43:50,973 - __main__ - ERROR - ❌ Production deployment failed
2025-09-18 18:44:38,365 - __main__ - INFO - ============================================================
2025-09-18 18:44:38,366 - __main__ - INFO - 🚀 PRODUCTION DEPLOYMENT: Enhanced JIT Bot + Quality First Hedger
2025-09-18 18:44:38,367 - __main__ - INFO - ============================================================
2025-09-18 18:44:38,367 - __main__ - INFO - 🚀 Deploying dual bot system...
2025-09-18 18:44:38,367 - __main__ - INFO - 🚀 Setting up production environment...
2025-09-18 18:44:38,368 - __main__ - INFO - ✅ DRIFT_ENV: devnet
2025-09-18 18:44:38,368 - __main__ - INFO - ✅ USE_MOCK: false
2025-09-18 18:44:38,368 - __main__ - INFO - ✅ DRIFT_ENVIRONMENT: production
2025-09-18 18:44:38,369 - __main__ - INFO - ✅ PYTHONUNBUFFERED: 1
2025-09-18 18:44:38,369 - __main__ - INFO - ✅ BOT_PERFORMANCE_MODE: optimized
2025-09-18 18:44:38,369 - __main__ - INFO - ✅ ENABLE_COORDINATION: true
2025-09-18 18:44:38,370 - __main__ - INFO - ✅ HEALTH_MONITORING: true
2025-09-18 18:44:38,370 - __main__ - INFO - ✅ ENHANCED_JIT_ENABLED: true
2025-09-18 18:44:38,371 - __main__ - INFO - ✅ QUALITY_FIRST_HEDGER_ENABLED: true
2025-09-18 18:44:38,371 - __main__ - INFO - ✅ COORDINATION_ENGINE_ENABLED: true
2025-09-18 18:44:38,372 - __main__ - INFO - ✅ Production environment configured
2025-09-18 18:44:38,372 - __main__ - INFO - 🔍 Validating production readiness...
2025-09-18 18:44:38,374 - __main__ - INFO - ✅ All production components validated
2025-09-18 18:44:38,375 - __main__ - INFO - 🔧 Launching advanced orchestrator with dual bot configuration...
2025-09-18 18:44:38,405 - __main__ - INFO - ✅ Dual bot configuration created
2025-09-18 18:44:38,405 - __main__ - INFO - 🚀 Starting advanced orchestrator...
2025-09-18 18:44:40,492 - __main__ - INFO - 🎉 Production deployment successful!
2025-09-18 18:44:40,492 - __main__ - INFO - 📊 Metrics available at http://localhost:9100
2025-09-18 18:44:40,493 - __main__ - INFO - 🩺 Health checks available at http://localhost:9124
2025-09-18 18:44:40,493 - __main__ - INFO - 📈 Enhanced JIT Bot: Market making with optimized spreads
2025-09-18 18:44:40,494 - __main__ - INFO - 🎯 Quality First Hedger: Selective hedging of high-quality fills
2025-09-18 18:44:40,494 - __main__ - INFO - 🤝 Coordination: Real-time bot coordination enabled
2025-09-18 18:44:40,675 - libs.configs.centralized_config_manager - ERROR - Failed to load configuration: Environment 'production' not found. Available: ['local', 'devnet', 'mainnet']
2025-09-18 18:45:08,685 - __main__ - INFO - ============================================================
2025-09-18 18:45:08,686 - __main__ - INFO - 🚀 PRODUCTION DEPLOYMENT: Enhanced JIT Bot + Quality First Hedger
2025-09-18 18:45:08,686 - __main__ - INFO - ============================================================
2025-09-18 18:45:08,686 - __main__ - INFO - 🚀 Deploying dual bot system...
2025-09-18 18:45:08,687 - __main__ - INFO - 🚀 Setting up production environment...
2025-09-18 18:45:08,687 - __main__ - INFO - ✅ DRIFT_ENV: devnet
2025-09-18 18:45:08,688 - __main__ - INFO - ✅ USE_MOCK: false
2025-09-18 18:45:08,688 - __main__ - INFO - ✅ DRIFT_ENVIRONMENT: devnet
2025-09-18 18:45:08,688 - __main__ - INFO - ✅ PYTHONUNBUFFERED: 1
2025-09-18 18:45:08,689 - __main__ - INFO - ✅ BOT_PERFORMANCE_MODE: optimized
2025-09-18 18:45:08,689 - __main__ - INFO - ✅ ENABLE_COORDINATION: true
2025-09-18 18:45:08,689 - __main__ - INFO - ✅ HEALTH_MONITORING: true
2025-09-18 18:45:08,690 - __main__ - INFO - ✅ ENHANCED_JIT_ENABLED: true
2025-09-18 18:45:08,690 - __main__ - INFO - ✅ QUALITY_FIRST_HEDGER_ENABLED: true
2025-09-18 18:45:08,690 - __main__ - INFO - ✅ COORDINATION_ENGINE_ENABLED: true
2025-09-18 18:45:08,691 - __main__ - INFO - ✅ Production environment configured
2025-09-18 18:45:08,691 - __main__ - INFO - 🔍 Validating production readiness...
2025-09-18 18:45:08,693 - __main__ - INFO - ✅ All production components validated
2025-09-18 18:45:08,693 - __main__ - INFO - 🔧 Launching advanced orchestrator with dual bot configuration...
2025-09-18 18:45:08,720 - __main__ - INFO - ✅ Dual bot configuration created
2025-09-18 18:45:08,720 - __main__ - INFO - 🚀 Starting advanced orchestrator...
2025-09-18 18:45:10,748 - __main__ - INFO - 🎉 Production deployment successful!
2025-09-18 18:45:10,748 - __main__ - INFO - 📊 Metrics available at http://localhost:9100
2025-09-18 18:45:10,748 - __main__ - INFO - 🩺 Health checks available at http://localhost:9124
2025-09-18 18:45:10,748 - __main__ - INFO - 📈 Enhanced JIT Bot: Market making with optimized spreads
2025-09-18 18:45:10,749 - __main__ - INFO - 🎯 Quality First Hedger: Selective hedging of high-quality fills
2025-09-18 18:45:10,749 - __main__ - INFO - 🤝 Coordination: Real-time bot coordination enabled
2025-09-18 18:45:10,833 - libs.configs.centralized_config_manager - INFO - Switched to environment: devnet
2025-09-18 18:45:10,833 - libs.configs.centralized_config_manager - INFO - Loaded configuration from configs/environments.yaml
2025-09-18 18:45:11,861 - WALLET_CORRUPTION_PERMANENT_FIX - INFO - ✅ Wallet loaded and validated: 5bhkrtyZxRZinWG19iApYM6ykn2J6fZWCZw9DkqM7U2j
2025-09-18 18:45:11,862 - libs.drift.client - INFO - ✅ Loaded validated wallet for DriftPy client: 5bhkrtyZxRZinWG19iApYM6ykn2J6fZWCZw9DkqM7U2j
2025-09-18 18:45:14,260 - httpx - INFO - HTTP Request: POST https://devnet.helius-rpc.com/?api-key=2728d54b-ce26-4696-bb4d-dc8170fcd494 "HTTP/1.1 200 OK"
2025-09-18 18:45:14,458 - httpx - INFO - HTTP Request: POST https://devnet.helius-rpc.com/?api-key=2728d54b-ce26-4696-bb4d-dc8170fcd494 "HTTP/1.1 200 OK"
2025-09-18 18:45:14,667 - httpx - INFO - HTTP Request: POST https://devnet.helius-rpc.com/?api-key=2728d54b-ce26-4696-bb4d-dc8170fcd494 "HTTP/1.1 200 OK"
2025-09-18 18:45:14,783 - httpx - INFO - HTTP Request: POST https://devnet.helius-rpc.com/?api-key=2728d54b-ce26-4696-bb4d-dc8170fcd494 "HTTP/1.1 200 OK"
2025-09-18 18:45:16,296 - httpx - INFO - HTTP Request: POST https://devnet.helius-rpc.com/?api-key=2728d54b-ce26-4696-bb4d-dc8170fcd494 "HTTP/1.1 200 OK"
2025-09-18 18:45:16,499 - httpx - INFO - HTTP Request: POST https://devnet.helius-rpc.com/?api-key=2728d54b-ce26-4696-bb4d-dc8170fcd494 "HTTP/1.1 200 OK"
2025-09-18 18:45:16,500 - libs.drift.client - INFO - ✅ driftpy connected and subscribed (env=devnet, rpc=https://devnet.helius-rpc.com/?api-key=2728d54b-ce26-4696-bb4d-dc8170fcd494)
2025-09-18 18:45:16,501 - libs.drift.client - INFO - User account initialized
2025-09-18 18:45:16,501 - libs.drift.client - WARNING - User verification failed: 'NoneType' object has no attribute 'data'
2025-09-18 18:45:16,501 - libs.drift.client - INFO - Drift client ready (user verification skipped)
2025-09-18 18:45:16,501 - libs.drift.client - INFO - ✅ Drift client initialized and subscribed
2025-09-18 18:45:16,502 - libs.drift.client - INFO - User account initialized
2025-09-18 18:45:16,502 - libs.drift.client - WARNING - User verification failed: 'NoneType' object has no attribute 'data'
2025-09-18 18:45:16,502 - libs.drift.client - INFO - Drift client ready (user verification skipped)
2025-09-18 18:45:16,503 - libs.drift.client - INFO - ✅ Drift client initialized and subscribed
2025-09-18 18:45:16,503 - libs.drift.client - INFO - User account initialized
2025-09-18 18:45:16,503 - libs.drift.client - WARNING - User verification failed: 'NoneType' object has no attribute 'data'
2025-09-18 18:45:16,504 - libs.drift.client - INFO - Drift client ready (user verification skipped)
2025-09-18 18:45:16,767 - httpx - INFO - HTTP Request: POST https://devnet.helius-rpc.com/?api-key=2728d54b-ce26-4696-bb4d-dc8170fcd494 "HTTP/1.1 200 OK"
2025-09-18 18:45:16,769 - libs.drift.client - WARNING - [ORDERBOOK] DLOB fallback failed: Cannot get oracle price data for DLOB
2025-09-18 18:45:16,770 - libs.drift.client - INFO - User account initialized
2025-09-18 18:45:16,770 - libs.drift.client - WARNING - User verification failed: 'NoneType' object has no attribute 'data'
2025-09-18 18:45:16,771 - libs.drift.client - INFO - Drift client ready (user verification skipped)
2025-09-18 18:45:16,773 - libs.drift.client - WARNING - Failed to create/sign order message: 'signed_msg_order_params'
2025-09-18 18:45:16,773 - libs.drift.client - ERROR - ❌ BLOCKCHAIN ORDER FAILED: 'NoneType' object has no attribute 'data'
Traceback (most recent call last):
  File "C:\Users\Jeremy\OneDrive\Documents\Drift_bots\drift-swift\libs\drift\client.py", line 1095, in place_order
    signed_message = self._driver.sign_signed_msg_order_params_message(order_params)
                     ^^^^^^^^^^^^^^^^^^^^^^^^^^^^^^^^^^^^^^^^^^^^^^^^^^^^^^^^^^^^^^^
  File "C:\Users\Jeremy\AppData\Local\Programs\Python\Python311\Lib\site-packages\driftpy\drift_client.py", line 2189, in sign_signed_msg_order_params_message
    borsh_buf = self.encode_signed_msg_order_params_message(
                ^^^^^^^^^^^^^^^^^^^^^^^^^^^^^^^^^^^^^^^^^^^^
  File "C:\Users\Jeremy\AppData\Local\Programs\Python\Python311\Lib\site-packages\driftpy\drift_client.py", line 2163, in encode_signed_msg_order_params_message
    encoded = self.program.coder.types.encode(
              ^^^^^^^^^^^^^^^^^^^^^^^^^^^^^^^^
  File "C:\Users\Jeremy\AppData\Local\Programs\Python\Python311\Lib\site-packages\anchorpy\coder\types.py", line 66, in encode
    return layout.build(data)
           ^^^^^^^^^^^^^^^^^^
  File "C:\Users\Jeremy\AppData\Local\Programs\Python\Python311\Lib\site-packages\construct\core.py", line 336, in build
    self.build_stream(obj, stream, **contextkw)
  File "C:\Users\Jeremy\AppData\Local\Programs\Python\Python311\Lib\site-packages\construct\core.py", line 348, in build_stream
    self._build(obj, stream, context, "(building)")
  File "C:\Users\Jeremy\AppData\Local\Programs\Python\Python311\Lib\site-packages\construct\core.py", line 708, in _build
    buildret = self.subcon._build(obj2, stream, context, path)
               ^^^^^^^^^^^^^^^^^^^^^^^^^^^^^^^^^^^^^^^^^^^^^^^
  File "C:\Users\Jeremy\AppData\Local\Programs\Python\Python311\Lib\site-packages\construct\core.py", line 2139, in _build
    subobj = obj[sc.name] # raises KeyError
             ~~~^^^^^^^^^
KeyError: 'signed_msg_order_params'

During handling of the above exception, another exception occurred:

Traceback (most recent call last):
  File "C:\Users\Jeremy\OneDrive\Documents\Drift_bots\drift-swift\libs\drift\client.py", line 1121, in place_order
    tx_sig = await self._driver.place_perp_order(order_params)
             ^^^^^^^^^^^^^^^^^^^^^^^^^^^^^^^^^^^^^^^^^^^^^^^^^
  File "C:\Users\Jeremy\AppData\Local\Programs\Python\Python311\Lib\site-packages\driftpy\drift_client.py", line 1389, in place_perp_order
    self.get_place_perp_order_ix(order_params, sub_account_id),
    ^^^^^^^^^^^^^^^^^^^^^^^^^^^^^^^^^^^^^^^^^^^^^^^^^^^^^^^^^^
  File "C:\Users\Jeremy\AppData\Local\Programs\Python\Python311\Lib\site-packages\driftpy\drift_client.py", line 1409, in get_place_perp_order_ix
    user_accounts=[self.get_user_account(sub_account_id)],
                   ^^^^^^^^^^^^^^^^^^^^^^^^^^^^^^^^^^^^^
  File "C:\Users\Jeremy\AppData\Local\Programs\Python\Python311\Lib\site-packages\driftpy\drift_client.py", line 374, in get_user_account
    return self.get_user(sub_account_id).get_user_account()
           ^^^^^^^^^^^^^^^^^^^^^^^^^^^^^^^^^^^^^^^^^^^^^^^^
  File "C:\Users\Jeremy\AppData\Local\Programs\Python\Python311\Lib\site-packages\driftpy\drift_user.py", line 128, in get_user_account
    return self.account_subscriber.get_user_account_and_slot().data
           ^^^^^^^^^^^^^^^^^^^^^^^^^^^^^^^^^^^^^^^^^^^^^^^^^^^^^^^^
AttributeError: 'NoneType' object has no attribute 'data'
2025-09-18 18:45:16,819 - libs.drift.client - WARNING - 🚨 FALLBACK TO MOCK ORDER: MOCK-516819 (Real blockchain failed)
2025-09-18 18:45:16,820 - libs.drift.client - WARNING -    Order details: side=buy, price=247417636.100598, size_usd=2.0
2025-09-18 18:45:17,333 - libs.drift.client - INFO - User account initialized
2025-09-18 18:45:17,333 - libs.drift.client - WARNING - User verification failed: 'NoneType' object has no attribute 'data'
2025-09-18 18:45:17,333 - libs.drift.client - INFO - Drift client ready (user verification skipped)
2025-09-18 18:45:17,334 - libs.drift.client - WARNING - Failed to create/sign order message: 'signed_msg_order_params'
2025-09-18 18:45:17,334 - libs.drift.client - ERROR - ❌ BLOCKCHAIN ORDER FAILED: 'NoneType' object has no attribute 'data'
Traceback (most recent call last):
  File "C:\Users\Jeremy\OneDrive\Documents\Drift_bots\drift-swift\libs\drift\client.py", line 1095, in place_order
    signed_message = self._driver.sign_signed_msg_order_params_message(order_params)
                     ^^^^^^^^^^^^^^^^^^^^^^^^^^^^^^^^^^^^^^^^^^^^^^^^^^^^^^^^^^^^^^^
  File "C:\Users\Jeremy\AppData\Local\Programs\Python\Python311\Lib\site-packages\driftpy\drift_client.py", line 2189, in sign_signed_msg_order_params_message
    borsh_buf = self.encode_signed_msg_order_params_message(
                ^^^^^^^^^^^^^^^^^^^^^^^^^^^^^^^^^^^^^^^^^^^^
  File "C:\Users\Jeremy\AppData\Local\Programs\Python\Python311\Lib\site-packages\driftpy\drift_client.py", line 2163, in encode_signed_msg_order_params_message
    encoded = self.program.coder.types.encode(
              ^^^^^^^^^^^^^^^^^^^^^^^^^^^^^^^^
  File "C:\Users\Jeremy\AppData\Local\Programs\Python\Python311\Lib\site-packages\anchorpy\coder\types.py", line 66, in encode
    return layout.build(data)
           ^^^^^^^^^^^^^^^^^^
  File "C:\Users\Jeremy\AppData\Local\Programs\Python\Python311\Lib\site-packages\construct\core.py", line 336, in build
    self.build_stream(obj, stream, **contextkw)
  File "C:\Users\Jeremy\AppData\Local\Programs\Python\Python311\Lib\site-packages\construct\core.py", line 348, in build_stream
    self._build(obj, stream, context, "(building)")
  File "C:\Users\Jeremy\AppData\Local\Programs\Python\Python311\Lib\site-packages\construct\core.py", line 708, in _build
    buildret = self.subcon._build(obj2, stream, context, path)
               ^^^^^^^^^^^^^^^^^^^^^^^^^^^^^^^^^^^^^^^^^^^^^^^
  File "C:\Users\Jeremy\AppData\Local\Programs\Python\Python311\Lib\site-packages\construct\core.py", line 2139, in _build
    subobj = obj[sc.name] # raises KeyError
             ~~~^^^^^^^^^
KeyError: 'signed_msg_order_params'

During handling of the above exception, another exception occurred:

Traceback (most recent call last):
  File "C:\Users\Jeremy\OneDrive\Documents\Drift_bots\drift-swift\libs\drift\client.py", line 1121, in place_order
    tx_sig = await self._driver.place_perp_order(order_params)
             ^^^^^^^^^^^^^^^^^^^^^^^^^^^^^^^^^^^^^^^^^^^^^^^^^
  File "C:\Users\Jeremy\AppData\Local\Programs\Python\Python311\Lib\site-packages\driftpy\drift_client.py", line 1389, in place_perp_order
    self.get_place_perp_order_ix(order_params, sub_account_id),
    ^^^^^^^^^^^^^^^^^^^^^^^^^^^^^^^^^^^^^^^^^^^^^^^^^^^^^^^^^^
  File "C:\Users\Jeremy\AppData\Local\Programs\Python\Python311\Lib\site-packages\driftpy\drift_client.py", line 1409, in get_place_perp_order_ix
    user_accounts=[self.get_user_account(sub_account_id)],
                   ^^^^^^^^^^^^^^^^^^^^^^^^^^^^^^^^^^^^^
  File "C:\Users\Jeremy\AppData\Local\Programs\Python\Python311\Lib\site-packages\driftpy\drift_client.py", line 374, in get_user_account
    return self.get_user(sub_account_id).get_user_account()
           ^^^^^^^^^^^^^^^^^^^^^^^^^^^^^^^^^^^^^^^^^^^^^^^^
  File "C:\Users\Jeremy\AppData\Local\Programs\Python\Python311\Lib\site-packages\driftpy\drift_user.py", line 128, in get_user_account
    return self.account_subscriber.get_user_account_and_slot().data
           ^^^^^^^^^^^^^^^^^^^^^^^^^^^^^^^^^^^^^^^^^^^^^^^^^^^^^^^^
AttributeError: 'NoneType' object has no attribute 'data'
2025-09-18 18:45:17,340 - libs.drift.client - WARNING - 🚨 FALLBACK TO MOCK ORDER: MOCK-517340 (Real blockchain failed)
2025-09-18 18:45:17,340 - libs.drift.client - WARNING -    Order details: side=sell, price=248161003.68859798, size_usd=2.0
2025-09-18 18:45:17,848 - libs.drift.client - INFO - User account initialized
2025-09-18 18:45:17,848 - libs.drift.client - WARNING - User verification failed: 'NoneType' object has no attribute 'data'
2025-09-18 18:45:17,849 - libs.drift.client - INFO - Drift client ready (user verification skipped)
2025-09-18 18:45:17,849 - libs.drift.client - WARNING - Failed to create/sign order message: 'signed_msg_order_params'
2025-09-18 18:45:17,849 - libs.drift.client - ERROR - ❌ BLOCKCHAIN ORDER FAILED: 'NoneType' object has no attribute 'data'
Traceback (most recent call last):
  File "C:\Users\Jeremy\OneDrive\Documents\Drift_bots\drift-swift\libs\drift\client.py", line 1095, in place_order
    signed_message = self._driver.sign_signed_msg_order_params_message(order_params)
                     ^^^^^^^^^^^^^^^^^^^^^^^^^^^^^^^^^^^^^^^^^^^^^^^^^^^^^^^^^^^^^^^
  File "C:\Users\Jeremy\AppData\Local\Programs\Python\Python311\Lib\site-packages\driftpy\drift_client.py", line 2189, in sign_signed_msg_order_params_message
    borsh_buf = self.encode_signed_msg_order_params_message(
                ^^^^^^^^^^^^^^^^^^^^^^^^^^^^^^^^^^^^^^^^^^^^
  File "C:\Users\Jeremy\AppData\Local\Programs\Python\Python311\Lib\site-packages\driftpy\drift_client.py", line 2163, in encode_signed_msg_order_params_message
    encoded = self.program.coder.types.encode(
              ^^^^^^^^^^^^^^^^^^^^^^^^^^^^^^^^
  File "C:\Users\Jeremy\AppData\Local\Programs\Python\Python311\Lib\site-packages\anchorpy\coder\types.py", line 66, in encode
    return layout.build(data)
           ^^^^^^^^^^^^^^^^^^
  File "C:\Users\Jeremy\AppData\Local\Programs\Python\Python311\Lib\site-packages\construct\core.py", line 336, in build
    self.build_stream(obj, stream, **contextkw)
  File "C:\Users\Jeremy\AppData\Local\Programs\Python\Python311\Lib\site-packages\construct\core.py", line 348, in build_stream
    self._build(obj, stream, context, "(building)")
  File "C:\Users\Jeremy\AppData\Local\Programs\Python\Python311\Lib\site-packages\construct\core.py", line 708, in _build
    buildret = self.subcon._build(obj2, stream, context, path)
               ^^^^^^^^^^^^^^^^^^^^^^^^^^^^^^^^^^^^^^^^^^^^^^^
  File "C:\Users\Jeremy\AppData\Local\Programs\Python\Python311\Lib\site-packages\construct\core.py", line 2139, in _build
    subobj = obj[sc.name] # raises KeyError
             ~~~^^^^^^^^^
KeyError: 'signed_msg_order_params'

During handling of the above exception, another exception occurred:

Traceback (most recent call last):
  File "C:\Users\Jeremy\OneDrive\Documents\Drift_bots\drift-swift\libs\drift\client.py", line 1121, in place_order
    tx_sig = await self._driver.place_perp_order(order_params)
             ^^^^^^^^^^^^^^^^^^^^^^^^^^^^^^^^^^^^^^^^^^^^^^^^^
  File "C:\Users\Jeremy\AppData\Local\Programs\Python\Python311\Lib\site-packages\driftpy\drift_client.py", line 1389, in place_perp_order
    self.get_place_perp_order_ix(order_params, sub_account_id),
    ^^^^^^^^^^^^^^^^^^^^^^^^^^^^^^^^^^^^^^^^^^^^^^^^^^^^^^^^^^
  File "C:\Users\Jeremy\AppData\Local\Programs\Python\Python311\Lib\site-packages\driftpy\drift_client.py", line 1409, in get_place_perp_order_ix
    user_accounts=[self.get_user_account(sub_account_id)],
                   ^^^^^^^^^^^^^^^^^^^^^^^^^^^^^^^^^^^^^
  File "C:\Users\Jeremy\AppData\Local\Programs\Python\Python311\Lib\site-packages\driftpy\drift_client.py", line 374, in get_user_account
    return self.get_user(sub_account_id).get_user_account()
           ^^^^^^^^^^^^^^^^^^^^^^^^^^^^^^^^^^^^^^^^^^^^^^^^
  File "C:\Users\Jeremy\AppData\Local\Programs\Python\Python311\Lib\site-packages\driftpy\drift_user.py", line 128, in get_user_account
    return self.account_subscriber.get_user_account_and_slot().data
           ^^^^^^^^^^^^^^^^^^^^^^^^^^^^^^^^^^^^^^^^^^^^^^^^^^^^^^^^
AttributeError: 'NoneType' object has no attribute 'data'
2025-09-18 18:45:17,855 - libs.drift.client - WARNING - 🚨 FALLBACK TO MOCK ORDER: MOCK-517855 (Real blockchain failed)
2025-09-18 18:45:17,856 - libs.drift.client - WARNING -    Order details: side=buy, price=247417636.100598, size_usd=2.0
2025-09-18 18:45:24,374 - __main__ - INFO - ✅ Production deployment completed successfully
2025-09-18 18:45:24,375 - __main__ - INFO - 🔄 System is now running with dual bot coordination
2025-09-18 18:45:24,375 - __main__ - INFO - 📊 Monitor performance at http://localhost:9100
2025-09-18 18:46:03,396 - __main__ - INFO - ✅ Production deployment completed successfully
2025-09-18 18:46:03,397 - __main__ - INFO - 🔄 System is now running with dual bot coordination
2025-09-18 18:46:03,397 - __main__ - INFO - 📊 Monitor performance at http://localhost:9100
2025-09-18 18:46:24,378 - __main__ - INFO - 💚 System health check: Running
2025-09-18 18:47:24,381 - __main__ - INFO - 💚 System health check: Running
2025-09-18 18:48:24,385 - __main__ - INFO - 💚 System health check: Running
2025-09-18 18:49:24,395 - __main__ - INFO - 💚 System health check: Running
2025-09-18 18:50:24,406 - __main__ - INFO - 💚 System health check: Running
2025-09-18 18:51:03,633 - __main__ - INFO - ============================================================
2025-09-18 18:51:03,634 - __main__ - INFO - 🚀 PRODUCTION DEPLOYMENT: Enhanced JIT Bot + Quality First Hedger
2025-09-18 18:51:03,634 - __main__ - INFO - ============================================================
2025-09-18 18:51:03,635 - __main__ - INFO - 🚀 Deploying dual bot system...
2025-09-18 18:51:03,636 - __main__ - INFO - 🚀 Setting up production environment...
2025-09-18 18:51:03,637 - __main__ - INFO - ✅ DRIFT_ENV: devnet
2025-09-18 18:51:03,637 - __main__ - INFO - ✅ USE_MOCK: false
2025-09-18 18:51:03,638 - __main__ - INFO - ✅ DRIFT_ENVIRONMENT: devnet
2025-09-18 18:51:03,638 - __main__ - INFO - ✅ PYTHONUNBUFFERED: 1
2025-09-18 18:51:03,639 - __main__ - INFO - ✅ BOT_PERFORMANCE_MODE: optimized
2025-09-18 18:51:03,639 - __main__ - INFO - ✅ ENABLE_COORDINATION: true
2025-09-18 18:51:03,640 - __main__ - INFO - ✅ HEALTH_MONITORING: true
2025-09-18 18:51:03,641 - __main__ - INFO - ✅ ENHANCED_JIT_ENABLED: true
2025-09-18 18:51:03,641 - __main__ - INFO - ✅ QUALITY_FIRST_HEDGER_ENABLED: true
2025-09-18 18:51:03,641 - __main__ - INFO - ✅ COORDINATION_ENGINE_ENABLED: true
2025-09-18 18:51:03,642 - __main__ - INFO - ✅ Production environment configured
2025-09-18 18:51:03,642 - __main__ - INFO - 🔍 Validating production readiness...
2025-09-18 18:51:03,644 - __main__ - INFO - ✅ All production components validated
2025-09-18 18:51:03,645 - __main__ - INFO - 🔧 Launching advanced orchestrator with dual bot configuration...
2025-09-18 18:51:03,686 - __main__ - INFO - ✅ Dual bot configuration created
2025-09-18 18:51:03,686 - __main__ - INFO - 🚀 Starting advanced orchestrator...
2025-09-18 18:51:05,774 - __main__ - INFO - 🎉 Production deployment successful!
2025-09-18 18:51:05,775 - __main__ - INFO - 📊 Metrics available at http://localhost:9100
2025-09-18 18:51:05,775 - __main__ - INFO - 🩺 Health checks available at http://localhost:9124
2025-09-18 18:51:05,776 - __main__ - INFO - 📈 Enhanced JIT Bot: Market making with optimized spreads
2025-09-18 18:51:05,777 - __main__ - INFO - 🎯 Quality First Hedger: Selective hedging of high-quality fills
2025-09-18 18:51:05,777 - __main__ - INFO - 🤝 Coordination: Real-time bot coordination enabled
2025-09-18 18:51:05,908 - libs.configs.centralized_config_manager - INFO - Switched to environment: devnet
2025-09-18 18:51:05,909 - libs.configs.centralized_config_manager - INFO - Loaded configuration from configs/environments.yaml
2025-09-18 18:51:06,995 - WALLET_CORRUPTION_PERMANENT_FIX - INFO - ✅ Wallet loaded and validated: 5bhkrtyZxRZinWG19iApYM6ykn2J6fZWCZw9DkqM7U2j
2025-09-18 18:51:06,996 - libs.drift.client - INFO - ✅ Loaded validated wallet for DriftPy client: 5bhkrtyZxRZinWG19iApYM6ykn2J6fZWCZw9DkqM7U2j
2025-09-18 18:51:08,830 - httpx - INFO - HTTP Request: POST https://devnet.helius-rpc.com/?api-key=2728d54b-ce26-4696-bb4d-dc8170fcd494 "HTTP/1.1 200 OK"
2025-09-18 18:51:08,984 - httpx - INFO - HTTP Request: POST https://devnet.helius-rpc.com/?api-key=2728d54b-ce26-4696-bb4d-dc8170fcd494 "HTTP/1.1 200 OK"
2025-09-18 18:51:09,130 - httpx - INFO - HTTP Request: POST https://devnet.helius-rpc.com/?api-key=2728d54b-ce26-4696-bb4d-dc8170fcd494 "HTTP/1.1 200 OK"
2025-09-18 18:51:09,220 - httpx - INFO - HTTP Request: POST https://devnet.helius-rpc.com/?api-key=2728d54b-ce26-4696-bb4d-dc8170fcd494 "HTTP/1.1 200 OK"
2025-09-18 18:51:10,426 - httpx - INFO - HTTP Request: POST https://devnet.helius-rpc.com/?api-key=2728d54b-ce26-4696-bb4d-dc8170fcd494 "HTTP/1.1 200 OK"
2025-09-18 18:51:10,527 - httpx - INFO - HTTP Request: POST https://devnet.helius-rpc.com/?api-key=2728d54b-ce26-4696-bb4d-dc8170fcd494 "HTTP/1.1 200 OK"
2025-09-18 18:51:10,528 - libs.drift.client - INFO - ✅ driftpy connected and subscribed (env=devnet, rpc=https://devnet.helius-rpc.com/?api-key=2728d54b-ce26-4696-bb4d-dc8170fcd494)
2025-09-18 18:51:10,528 - libs.drift.client - INFO - User account initialized
2025-09-18 18:51:10,528 - libs.drift.client - WARNING - User verification failed: 'NoneType' object has no attribute 'data'
2025-09-18 18:51:10,528 - libs.drift.client - INFO - Drift client ready (user verification skipped)
2025-09-18 18:51:10,529 - libs.drift.client - INFO - ✅ Drift client initialized and subscribed
2025-09-18 18:51:10,529 - libs.drift.client - INFO - User account initialized
2025-09-18 18:51:10,529 - libs.drift.client - WARNING - User verification failed: 'NoneType' object has no attribute 'data'
2025-09-18 18:51:10,529 - libs.drift.client - INFO - Drift client ready (user verification skipped)
2025-09-18 18:51:10,530 - libs.drift.client - INFO - ✅ Drift client initialized and subscribed
2025-09-18 18:51:10,530 - libs.drift.client - INFO - User account initialized
2025-09-18 18:51:10,530 - libs.drift.client - WARNING - User verification failed: 'NoneType' object has no attribute 'data'
2025-09-18 18:51:10,531 - libs.drift.client - INFO - Drift client ready (user verification skipped)
2025-09-18 18:51:10,821 - httpx - INFO - HTTP Request: POST https://devnet.helius-rpc.com/?api-key=2728d54b-ce26-4696-bb4d-dc8170fcd494 "HTTP/1.1 200 OK"
2025-09-18 18:51:10,826 - libs.drift.client - WARNING - [ORDERBOOK] DLOB fallback failed: Cannot get oracle price data for DLOB
2025-09-18 18:51:10,827 - libs.drift.client - INFO - User account initialized
2025-09-18 18:51:10,827 - libs.drift.client - WARNING - User verification failed: 'NoneType' object has no attribute 'data'
2025-09-18 18:51:10,827 - libs.drift.client - INFO - Drift client ready (user verification skipped)
2025-09-18 18:51:10,829 - libs.drift.client - WARNING - Failed to create/sign order message: 'signed_msg_order_params'
2025-09-18 18:51:10,829 - libs.drift.client - ERROR - ❌ BLOCKCHAIN ORDER FAILED: 'NoneType' object has no attribute 'data'
Traceback (most recent call last):
  File "C:\Users\Jeremy\OneDrive\Documents\Drift_bots\drift-swift\libs\drift\client.py", line 1095, in place_order
    signed_message = self._driver.sign_signed_msg_order_params_message(order_params)
                     ^^^^^^^^^^^^^^^^^^^^^^^^^^^^^^^^^^^^^^^^^^^^^^^^^^^^^^^^^^^^^^^
  File "C:\Users\Jeremy\AppData\Local\Programs\Python\Python311\Lib\site-packages\driftpy\drift_client.py", line 2189, in sign_signed_msg_order_params_message
    borsh_buf = self.encode_signed_msg_order_params_message(
                ^^^^^^^^^^^^^^^^^^^^^^^^^^^^^^^^^^^^^^^^^^^^
  File "C:\Users\Jeremy\AppData\Local\Programs\Python\Python311\Lib\site-packages\driftpy\drift_client.py", line 2163, in encode_signed_msg_order_params_message
    encoded = self.program.coder.types.encode(
              ^^^^^^^^^^^^^^^^^^^^^^^^^^^^^^^^
  File "C:\Users\Jeremy\AppData\Local\Programs\Python\Python311\Lib\site-packages\anchorpy\coder\types.py", line 66, in encode
    return layout.build(data)
           ^^^^^^^^^^^^^^^^^^
  File "C:\Users\Jeremy\AppData\Local\Programs\Python\Python311\Lib\site-packages\construct\core.py", line 336, in build
    self.build_stream(obj, stream, **contextkw)
  File "C:\Users\Jeremy\AppData\Local\Programs\Python\Python311\Lib\site-packages\construct\core.py", line 348, in build_stream
    self._build(obj, stream, context, "(building)")
  File "C:\Users\Jeremy\AppData\Local\Programs\Python\Python311\Lib\site-packages\construct\core.py", line 708, in _build
    buildret = self.subcon._build(obj2, stream, context, path)
               ^^^^^^^^^^^^^^^^^^^^^^^^^^^^^^^^^^^^^^^^^^^^^^^
  File "C:\Users\Jeremy\AppData\Local\Programs\Python\Python311\Lib\site-packages\construct\core.py", line 2139, in _build
    subobj = obj[sc.name] # raises KeyError
             ~~~^^^^^^^^^
KeyError: 'signed_msg_order_params'

During handling of the above exception, another exception occurred:

Traceback (most recent call last):
  File "C:\Users\Jeremy\OneDrive\Documents\Drift_bots\drift-swift\libs\drift\client.py", line 1121, in place_order
    tx_sig = await self._driver.place_perp_order(order_params)
             ^^^^^^^^^^^^^^^^^^^^^^^^^^^^^^^^^^^^^^^^^^^^^^^^^
  File "C:\Users\Jeremy\AppData\Local\Programs\Python\Python311\Lib\site-packages\driftpy\drift_client.py", line 1389, in place_perp_order
    self.get_place_perp_order_ix(order_params, sub_account_id),
    ^^^^^^^^^^^^^^^^^^^^^^^^^^^^^^^^^^^^^^^^^^^^^^^^^^^^^^^^^^
  File "C:\Users\Jeremy\AppData\Local\Programs\Python\Python311\Lib\site-packages\driftpy\drift_client.py", line 1409, in get_place_perp_order_ix
    user_accounts=[self.get_user_account(sub_account_id)],
                   ^^^^^^^^^^^^^^^^^^^^^^^^^^^^^^^^^^^^^
  File "C:\Users\Jeremy\AppData\Local\Programs\Python\Python311\Lib\site-packages\driftpy\drift_client.py", line 374, in get_user_account
    return self.get_user(sub_account_id).get_user_account()
           ^^^^^^^^^^^^^^^^^^^^^^^^^^^^^^^^^^^^^^^^^^^^^^^^
  File "C:\Users\Jeremy\AppData\Local\Programs\Python\Python311\Lib\site-packages\driftpy\drift_user.py", line 128, in get_user_account
    return self.account_subscriber.get_user_account_and_slot().data
           ^^^^^^^^^^^^^^^^^^^^^^^^^^^^^^^^^^^^^^^^^^^^^^^^^^^^^^^^
AttributeError: 'NoneType' object has no attribute 'data'
2025-09-18 18:51:10,841 - libs.drift.client - WARNING - 🚨 FALLBACK TO MOCK ORDER: MOCK-870841 (Real blockchain failed)
2025-09-18 18:51:10,842 - libs.drift.client - WARNING -    Order details: side=buy, price=247501383.3330345, size_usd=2.0
2025-09-18 18:51:11,327 - libs.drift.client - INFO - User account initialized
2025-09-18 18:51:11,328 - libs.drift.client - WARNING - User verification failed: 'NoneType' object has no attribute 'data'
2025-09-18 18:51:11,328 - libs.drift.client - INFO - Drift client ready (user verification skipped)
2025-09-18 18:51:11,329 - libs.drift.client - WARNING - Failed to create/sign order message: 'signed_msg_order_params'
2025-09-18 18:51:11,329 - libs.drift.client - ERROR - ❌ BLOCKCHAIN ORDER FAILED: 'NoneType' object has no attribute 'data'
Traceback (most recent call last):
  File "C:\Users\Jeremy\OneDrive\Documents\Drift_bots\drift-swift\libs\drift\client.py", line 1095, in place_order
    signed_message = self._driver.sign_signed_msg_order_params_message(order_params)
                     ^^^^^^^^^^^^^^^^^^^^^^^^^^^^^^^^^^^^^^^^^^^^^^^^^^^^^^^^^^^^^^^
  File "C:\Users\Jeremy\AppData\Local\Programs\Python\Python311\Lib\site-packages\driftpy\drift_client.py", line 2189, in sign_signed_msg_order_params_message
    borsh_buf = self.encode_signed_msg_order_params_message(
                ^^^^^^^^^^^^^^^^^^^^^^^^^^^^^^^^^^^^^^^^^^^^
  File "C:\Users\Jeremy\AppData\Local\Programs\Python\Python311\Lib\site-packages\driftpy\drift_client.py", line 2163, in encode_signed_msg_order_params_message
    encoded = self.program.coder.types.encode(
              ^^^^^^^^^^^^^^^^^^^^^^^^^^^^^^^^
  File "C:\Users\Jeremy\AppData\Local\Programs\Python\Python311\Lib\site-packages\anchorpy\coder\types.py", line 66, in encode
    return layout.build(data)
           ^^^^^^^^^^^^^^^^^^
  File "C:\Users\Jeremy\AppData\Local\Programs\Python\Python311\Lib\site-packages\construct\core.py", line 336, in build
    self.build_stream(obj, stream, **contextkw)
  File "C:\Users\Jeremy\AppData\Local\Programs\Python\Python311\Lib\site-packages\construct\core.py", line 348, in build_stream
    self._build(obj, stream, context, "(building)")
  File "C:\Users\Jeremy\AppData\Local\Programs\Python\Python311\Lib\site-packages\construct\core.py", line 708, in _build
    buildret = self.subcon._build(obj2, stream, context, path)
               ^^^^^^^^^^^^^^^^^^^^^^^^^^^^^^^^^^^^^^^^^^^^^^^
  File "C:\Users\Jeremy\AppData\Local\Programs\Python\Python311\Lib\site-packages\construct\core.py", line 2139, in _build
    subobj = obj[sc.name] # raises KeyError
             ~~~^^^^^^^^^
KeyError: 'signed_msg_order_params'

During handling of the above exception, another exception occurred:

Traceback (most recent call last):
  File "C:\Users\Jeremy\OneDrive\Documents\Drift_bots\drift-swift\libs\drift\client.py", line 1121, in place_order
    tx_sig = await self._driver.place_perp_order(order_params)
             ^^^^^^^^^^^^^^^^^^^^^^^^^^^^^^^^^^^^^^^^^^^^^^^^^
  File "C:\Users\Jeremy\AppData\Local\Programs\Python\Python311\Lib\site-packages\driftpy\drift_client.py", line 1389, in place_perp_order
    self.get_place_perp_order_ix(order_params, sub_account_id),
    ^^^^^^^^^^^^^^^^^^^^^^^^^^^^^^^^^^^^^^^^^^^^^^^^^^^^^^^^^^
  File "C:\Users\Jeremy\AppData\Local\Programs\Python\Python311\Lib\site-packages\driftpy\drift_client.py", line 1409, in get_place_perp_order_ix
    user_accounts=[self.get_user_account(sub_account_id)],
                   ^^^^^^^^^^^^^^^^^^^^^^^^^^^^^^^^^^^^^
  File "C:\Users\Jeremy\AppData\Local\Programs\Python\Python311\Lib\site-packages\driftpy\drift_client.py", line 374, in get_user_account
    return self.get_user(sub_account_id).get_user_account()
           ^^^^^^^^^^^^^^^^^^^^^^^^^^^^^^^^^^^^^^^^^^^^^^^^
  File "C:\Users\Jeremy\AppData\Local\Programs\Python\Python311\Lib\site-packages\driftpy\drift_user.py", line 128, in get_user_account
    return self.account_subscriber.get_user_account_and_slot().data
           ^^^^^^^^^^^^^^^^^^^^^^^^^^^^^^^^^^^^^^^^^^^^^^^^^^^^^^^^
AttributeError: 'NoneType' object has no attribute 'data'
2025-09-18 18:51:11,333 - libs.drift.client - WARNING - 🚨 FALLBACK TO MOCK ORDER: MOCK-871333 (Real blockchain failed)
2025-09-18 18:51:11,334 - libs.drift.client - WARNING -    Order details: side=sell, price=248245002.54003447, size_usd=2.0
2025-09-18 18:51:11,850 - libs.drift.client - INFO - User account initialized
2025-09-18 18:51:11,850 - libs.drift.client - WARNING - User verification failed: 'NoneType' object has no attribute 'data'
2025-09-18 18:51:11,851 - libs.drift.client - INFO - Drift client ready (user verification skipped)
2025-09-18 18:51:11,851 - libs.drift.client - WARNING - Failed to create/sign order message: 'signed_msg_order_params'
2025-09-18 18:51:11,852 - libs.drift.client - ERROR - ❌ BLOCKCHAIN ORDER FAILED: 'NoneType' object has no attribute 'data'
Traceback (most recent call last):
  File "C:\Users\Jeremy\OneDrive\Documents\Drift_bots\drift-swift\libs\drift\client.py", line 1095, in place_order
    signed_message = self._driver.sign_signed_msg_order_params_message(order_params)
                     ^^^^^^^^^^^^^^^^^^^^^^^^^^^^^^^^^^^^^^^^^^^^^^^^^^^^^^^^^^^^^^^
  File "C:\Users\Jeremy\AppData\Local\Programs\Python\Python311\Lib\site-packages\driftpy\drift_client.py", line 2189, in sign_signed_msg_order_params_message
    borsh_buf = self.encode_signed_msg_order_params_message(
                ^^^^^^^^^^^^^^^^^^^^^^^^^^^^^^^^^^^^^^^^^^^^
  File "C:\Users\Jeremy\AppData\Local\Programs\Python\Python311\Lib\site-packages\driftpy\drift_client.py", line 2163, in encode_signed_msg_order_params_message
    encoded = self.program.coder.types.encode(
              ^^^^^^^^^^^^^^^^^^^^^^^^^^^^^^^^
  File "C:\Users\Jeremy\AppData\Local\Programs\Python\Python311\Lib\site-packages\anchorpy\coder\types.py", line 66, in encode
    return layout.build(data)
           ^^^^^^^^^^^^^^^^^^
  File "C:\Users\Jeremy\AppData\Local\Programs\Python\Python311\Lib\site-packages\construct\core.py", line 336, in build
    self.build_stream(obj, stream, **contextkw)
  File "C:\Users\Jeremy\AppData\Local\Programs\Python\Python311\Lib\site-packages\construct\core.py", line 348, in build_stream
    self._build(obj, stream, context, "(building)")
  File "C:\Users\Jeremy\AppData\Local\Programs\Python\Python311\Lib\site-packages\construct\core.py", line 708, in _build
    buildret = self.subcon._build(obj2, stream, context, path)
               ^^^^^^^^^^^^^^^^^^^^^^^^^^^^^^^^^^^^^^^^^^^^^^^
  File "C:\Users\Jeremy\AppData\Local\Programs\Python\Python311\Lib\site-packages\construct\core.py", line 2139, in _build
    subobj = obj[sc.name] # raises KeyError
             ~~~^^^^^^^^^
KeyError: 'signed_msg_order_params'

During handling of the above exception, another exception occurred:

Traceback (most recent call last):
  File "C:\Users\Jeremy\OneDrive\Documents\Drift_bots\drift-swift\libs\drift\client.py", line 1121, in place_order
    tx_sig = await self._driver.place_perp_order(order_params)
             ^^^^^^^^^^^^^^^^^^^^^^^^^^^^^^^^^^^^^^^^^^^^^^^^^
  File "C:\Users\Jeremy\AppData\Local\Programs\Python\Python311\Lib\site-packages\driftpy\drift_client.py", line 1389, in place_perp_order
    self.get_place_perp_order_ix(order_params, sub_account_id),
    ^^^^^^^^^^^^^^^^^^^^^^^^^^^^^^^^^^^^^^^^^^^^^^^^^^^^^^^^^^
  File "C:\Users\Jeremy\AppData\Local\Programs\Python\Python311\Lib\site-packages\driftpy\drift_client.py", line 1409, in get_place_perp_order_ix
    user_accounts=[self.get_user_account(sub_account_id)],
                   ^^^^^^^^^^^^^^^^^^^^^^^^^^^^^^^^^^^^^
  File "C:\Users\Jeremy\AppData\Local\Programs\Python\Python311\Lib\site-packages\driftpy\drift_client.py", line 374, in get_user_account
    return self.get_user(sub_account_id).get_user_account()
           ^^^^^^^^^^^^^^^^^^^^^^^^^^^^^^^^^^^^^^^^^^^^^^^^
  File "C:\Users\Jeremy\AppData\Local\Programs\Python\Python311\Lib\site-packages\driftpy\drift_user.py", line 128, in get_user_account
    return self.account_subscriber.get_user_account_and_slot().data
           ^^^^^^^^^^^^^^^^^^^^^^^^^^^^^^^^^^^^^^^^^^^^^^^^^^^^^^^^
AttributeError: 'NoneType' object has no attribute 'data'
2025-09-18 18:51:11,856 - libs.drift.client - WARNING - 🚨 FALLBACK TO MOCK ORDER: MOCK-871856 (Real blockchain failed)
2025-09-18 18:51:11,856 - libs.drift.client - WARNING -    Order details: side=buy, price=247501383.3330345, size_usd=2.0
2025-09-18 18:51:24,410 - __main__ - INFO - 💚 System health check: Running
2025-09-18 18:51:57,908 - __main__ - INFO - ✅ Production deployment completed successfully
2025-09-18 18:51:57,908 - __main__ - INFO - 🔄 System is now running with dual bot coordination
2025-09-18 18:51:57,908 - __main__ - INFO - 📊 Monitor performance at http://localhost:9100
2025-09-18 18:52:24,412 - __main__ - INFO - 💚 System health check: Running
2025-09-18 18:52:57,904 - __main__ - INFO - 💚 System health check: Running
2025-09-18 18:53:24,427 - __main__ - INFO - 💚 System health check: Running
2025-09-18 18:53:57,917 - __main__ - INFO - 💚 System health check: Running
2025-09-18 18:54:24,440 - __main__ - INFO - 💚 System health check: Running
2025-09-18 18:54:57,928 - __main__ - INFO - 💚 System health check: Running
2025-09-18 18:55:24,447 - __main__ - INFO - 💚 System health check: Running
2025-09-18 18:55:57,940 - __main__ - INFO - 💚 System health check: Running
2025-09-18 18:56:24,449 - __main__ - INFO - 💚 System health check: Running
2025-09-18 18:56:57,946 - __main__ - INFO - 💚 System health check: Running
2025-09-18 18:57:24,453 - __main__ - INFO - 💚 System health check: Running
2025-09-18 18:57:57,953 - __main__ - INFO - 💚 System health check: Running
2025-09-18 18:58:24,463 - __main__ - INFO - 💚 System health check: Running
2025-09-18 18:58:57,959 - __main__ - INFO - 💚 System health check: Running
2025-09-18 18:59:24,467 - __main__ - INFO - 💚 System health check: Running
2025-09-18 18:59:57,982 - __main__ - INFO - 💚 System health check: Running
2025-09-18 19:00:24,477 - __main__ - INFO - 💚 System health check: Running
2025-09-18 19:00:57,994 - __main__ - INFO - 💚 System health check: Running
2025-09-18 19:01:24,491 - __main__ - INFO - 💚 System health check: Running
2025-09-18 19:01:58,011 - __main__ - INFO - 💚 System health check: Running
2025-09-18 19:02:24,497 - __main__ - INFO - 💚 System health check: Running
2025-09-18 19:02:58,022 - __main__ - INFO - 💚 System health check: Running
2025-09-18 19:03:24,501 - __main__ - INFO - 💚 System health check: Running
2025-09-18 19:03:58,035 - __main__ - INFO - 💚 System health check: Running
2025-09-18 19:04:24,510 - __main__ - INFO - 💚 System health check: Running
2025-09-18 19:04:58,031 - __main__ - INFO - 💚 System health check: Running
2025-09-18 19:05:24,518 - __main__ - INFO - 💚 System health check: Running
2025-09-18 19:05:58,030 - __main__ - INFO - 💚 System health check: Running
2025-09-18 19:06:24,526 - __main__ - INFO - 💚 System health check: Running
2025-09-18 19:06:58,044 - __main__ - INFO - 💚 System health check: Running
2025-09-18 19:07:24,529 - __main__ - INFO - 💚 System health check: Running
2025-09-18 19:07:58,064 - __main__ - INFO - 💚 System health check: Running
2025-09-18 19:08:24,537 - __main__ - INFO - 💚 System health check: Running
2025-09-18 19:08:58,072 - __main__ - INFO - 💚 System health check: Running
2025-09-18 19:09:24,551 - __main__ - INFO - 💚 System health check: Running
2025-09-18 19:09:58,083 - __main__ - INFO - 💚 System health check: Running
2025-09-18 19:10:24,554 - __main__ - INFO - 💚 System health check: Running
2025-09-18 19:10:58,091 - __main__ - INFO - 💚 System health check: Running
2025-09-18 19:11:17,649 - __main__ - INFO - ============================================================
2025-09-18 19:11:17,650 - __main__ - INFO - 🚀 PRODUCTION DEPLOYMENT: Enhanced JIT Bot + Quality First Hedger
2025-09-18 19:11:17,651 - __main__ - INFO - ============================================================
2025-09-18 19:11:17,651 - __main__ - INFO - 🚀 Deploying dual bot system...
2025-09-18 19:11:17,652 - __main__ - INFO - 🚀 Setting up production environment...
2025-09-18 19:11:17,652 - __main__ - INFO - ✅ DRIFT_ENV: devnet
2025-09-18 19:11:17,653 - __main__ - INFO - ✅ USE_MOCK: false
2025-09-18 19:11:17,653 - __main__ - INFO - ✅ DRIFT_ENVIRONMENT: devnet
2025-09-18 19:11:17,653 - __main__ - INFO - ✅ PYTHONUNBUFFERED: 1
2025-09-18 19:11:17,654 - __main__ - INFO - ✅ BOT_PERFORMANCE_MODE: optimized
2025-09-18 19:11:17,654 - __main__ - INFO - ✅ ENABLE_COORDINATION: true
2025-09-18 19:11:17,655 - __main__ - INFO - ✅ HEALTH_MONITORING: true
2025-09-18 19:11:17,655 - __main__ - INFO - ✅ ENHANCED_JIT_ENABLED: true
2025-09-18 19:11:17,656 - __main__ - INFO - ✅ QUALITY_FIRST_HEDGER_ENABLED: true
2025-09-18 19:11:17,657 - __main__ - INFO - ✅ COORDINATION_ENGINE_ENABLED: true
2025-09-18 19:11:17,657 - __main__ - INFO - ✅ Production environment configured
2025-09-18 19:11:17,658 - __main__ - INFO - 🔍 Validating production readiness...
2025-09-18 19:11:17,660 - __main__ - INFO - ✅ All production components validated
2025-09-18 19:11:17,660 - __main__ - INFO - 🔧 Launching advanced orchestrator with dual bot configuration...
2025-09-18 19:11:17,709 - __main__ - INFO - ✅ Dual bot configuration created
2025-09-18 19:11:17,710 - __main__ - INFO - 🚀 Starting advanced orchestrator...
2025-09-18 19:11:19,998 - libs.configs.centralized_config_manager - INFO - Switched to environment: devnet
2025-09-18 19:11:19,998 - libs.configs.centralized_config_manager - INFO - Loaded configuration from configs/environments.yaml
2025-09-18 19:11:21,045 - WALLET_CORRUPTION_PERMANENT_FIX - INFO - ✅ Wallet loaded and validated: 5bhkrtyZxRZinWG19iApYM6ykn2J6fZWCZw9DkqM7U2j
2025-09-18 19:11:21,045 - libs.drift.client - INFO - ✅ Loaded validated wallet for DriftPy client: 5bhkrtyZxRZinWG19iApYM6ykn2J6fZWCZw9DkqM7U2j
2025-09-18 19:11:23,662 - httpx - INFO - HTTP Request: POST https://devnet.helius-rpc.com/?api-key=2728d54b-ce26-4696-bb4d-dc8170fcd494 "HTTP/1.1 200 OK"
2025-09-18 19:11:23,837 - httpx - INFO - HTTP Request: POST https://devnet.helius-rpc.com/?api-key=2728d54b-ce26-4696-bb4d-dc8170fcd494 "HTTP/1.1 200 OK"
2025-09-18 19:11:24,160 - httpx - INFO - HTTP Request: POST https://devnet.helius-rpc.com/?api-key=2728d54b-ce26-4696-bb4d-dc8170fcd494 "HTTP/1.1 200 OK"
2025-09-18 19:11:24,332 - httpx - INFO - HTTP Request: POST https://devnet.helius-rpc.com/?api-key=2728d54b-ce26-4696-bb4d-dc8170fcd494 "HTTP/1.1 200 OK"
2025-09-18 19:11:24,560 - __main__ - INFO - 💚 System health check: Running
2025-09-18 19:11:25,804 - httpx - INFO - HTTP Request: POST https://devnet.helius-rpc.com/?api-key=2728d54b-ce26-4696-bb4d-dc8170fcd494 "HTTP/1.1 200 OK"
2025-09-18 19:11:26,255 - httpx - INFO - HTTP Request: POST https://devnet.helius-rpc.com/?api-key=2728d54b-ce26-4696-bb4d-dc8170fcd494 "HTTP/1.1 200 OK"
2025-09-18 19:11:26,256 - libs.drift.client - INFO - ✅ driftpy connected and subscribed (env=devnet, rpc=https://devnet.helius-rpc.com/?api-key=2728d54b-ce26-4696-bb4d-dc8170fcd494)
2025-09-18 19:11:26,256 - libs.drift.client - INFO - User account initialized
2025-09-18 19:11:26,256 - libs.drift.client - WARNING - User verification failed: 'NoneType' object has no attribute 'data'
2025-09-18 19:11:26,257 - libs.drift.client - INFO - Drift client ready (user verification skipped)
2025-09-18 19:11:26,257 - libs.drift.client - INFO - ✅ Drift client initialized and subscribed
2025-09-18 19:11:26,258 - libs.drift.client - INFO - User account initialized
2025-09-18 19:11:26,258 - libs.drift.client - WARNING - User verification failed: 'NoneType' object has no attribute 'data'
2025-09-18 19:11:26,258 - libs.drift.client - INFO - Drift client ready (user verification skipped)
2025-09-18 19:11:26,258 - libs.drift.client - INFO - ✅ Drift client initialized and subscribed
2025-09-18 19:11:26,259 - libs.drift.client - INFO - User account initialized
2025-09-18 19:11:26,259 - libs.drift.client - WARNING - User verification failed: 'NoneType' object has no attribute 'data'
2025-09-18 19:11:26,259 - libs.drift.client - INFO - Drift client ready (user verification skipped)
2025-09-18 19:11:26,486 - httpx - INFO - HTTP Request: POST https://devnet.helius-rpc.com/?api-key=2728d54b-ce26-4696-bb4d-dc8170fcd494 "HTTP/1.1 200 OK"
2025-09-18 19:11:26,487 - libs.drift.client - WARNING - [ORDERBOOK] DLOB fallback failed: Cannot get oracle price data for DLOB
2025-09-18 19:11:26,488 - libs.drift.client - INFO - User account initialized
2025-09-18 19:11:26,489 - libs.drift.client - WARNING - User verification failed: 'NoneType' object has no attribute 'data'
2025-09-18 19:11:26,489 - libs.drift.client - INFO - Drift client ready (user verification skipped)
2025-09-18 19:11:26,491 - libs.drift.client - WARNING - Failed to create/sign order message: 'signed_msg_order_params'
2025-09-18 19:11:26,492 - libs.drift.client - ERROR - ❌ BLOCKCHAIN ORDER FAILED: 'NoneType' object has no attribute 'data'
Traceback (most recent call last):
  File "C:\Users\Jeremy\OneDrive\Documents\Drift_bots\drift-swift\libs\drift\client.py", line 1095, in place_order
    signed_message = self._driver.sign_signed_msg_order_params_message(order_params)
                     ^^^^^^^^^^^^^^^^^^^^^^^^^^^^^^^^^^^^^^^^^^^^^^^^^^^^^^^^^^^^^^^
  File "C:\Users\Jeremy\AppData\Local\Programs\Python\Python311\Lib\site-packages\driftpy\drift_client.py", line 2189, in sign_signed_msg_order_params_message
    borsh_buf = self.encode_signed_msg_order_params_message(
                ^^^^^^^^^^^^^^^^^^^^^^^^^^^^^^^^^^^^^^^^^^^^
  File "C:\Users\Jeremy\AppData\Local\Programs\Python\Python311\Lib\site-packages\driftpy\drift_client.py", line 2163, in encode_signed_msg_order_params_message
    encoded = self.program.coder.types.encode(
              ^^^^^^^^^^^^^^^^^^^^^^^^^^^^^^^^
  File "C:\Users\Jeremy\AppData\Local\Programs\Python\Python311\Lib\site-packages\anchorpy\coder\types.py", line 66, in encode
    return layout.build(data)
           ^^^^^^^^^^^^^^^^^^
  File "C:\Users\Jeremy\AppData\Local\Programs\Python\Python311\Lib\site-packages\construct\core.py", line 336, in build
    self.build_stream(obj, stream, **contextkw)
  File "C:\Users\Jeremy\AppData\Local\Programs\Python\Python311\Lib\site-packages\construct\core.py", line 348, in build_stream
    self._build(obj, stream, context, "(building)")
  File "C:\Users\Jeremy\AppData\Local\Programs\Python\Python311\Lib\site-packages\construct\core.py", line 708, in _build
    buildret = self.subcon._build(obj2, stream, context, path)
               ^^^^^^^^^^^^^^^^^^^^^^^^^^^^^^^^^^^^^^^^^^^^^^^
  File "C:\Users\Jeremy\AppData\Local\Programs\Python\Python311\Lib\site-packages\construct\core.py", line 2139, in _build
    subobj = obj[sc.name] # raises KeyError
             ~~~^^^^^^^^^
KeyError: 'signed_msg_order_params'

During handling of the above exception, another exception occurred:

Traceback (most recent call last):
  File "C:\Users\Jeremy\OneDrive\Documents\Drift_bots\drift-swift\libs\drift\client.py", line 1121, in place_order
    tx_sig = await self._driver.place_perp_order(order_params)
             ^^^^^^^^^^^^^^^^^^^^^^^^^^^^^^^^^^^^^^^^^^^^^^^^^
  File "C:\Users\Jeremy\AppData\Local\Programs\Python\Python311\Lib\site-packages\driftpy\drift_client.py", line 1389, in place_perp_order
    self.get_place_perp_order_ix(order_params, sub_account_id),
    ^^^^^^^^^^^^^^^^^^^^^^^^^^^^^^^^^^^^^^^^^^^^^^^^^^^^^^^^^^
  File "C:\Users\Jeremy\AppData\Local\Programs\Python\Python311\Lib\site-packages\driftpy\drift_client.py", line 1409, in get_place_perp_order_ix
    user_accounts=[self.get_user_account(sub_account_id)],
                   ^^^^^^^^^^^^^^^^^^^^^^^^^^^^^^^^^^^^^
  File "C:\Users\Jeremy\AppData\Local\Programs\Python\Python311\Lib\site-packages\driftpy\drift_client.py", line 374, in get_user_account
    return self.get_user(sub_account_id).get_user_account()
           ^^^^^^^^^^^^^^^^^^^^^^^^^^^^^^^^^^^^^^^^^^^^^^^^
  File "C:\Users\Jeremy\AppData\Local\Programs\Python\Python311\Lib\site-packages\driftpy\drift_user.py", line 128, in get_user_account
    return self.account_subscriber.get_user_account_and_slot().data
           ^^^^^^^^^^^^^^^^^^^^^^^^^^^^^^^^^^^^^^^^^^^^^^^^^^^^^^^^
AttributeError: 'NoneType' object has no attribute 'data'
2025-09-18 19:11:26,502 - libs.drift.client - WARNING - 🚨 FALLBACK TO MOCK ORDER: MOCK-086502 (Real blockchain failed)
2025-09-18 19:11:26,503 - libs.drift.client - WARNING -    Order details: side=buy, price=246180946.3018245, size_usd=2.0
2025-09-18 19:11:26,998 - libs.drift.client - INFO - User account initialized
2025-09-18 19:11:26,998 - libs.drift.client - WARNING - User verification failed: 'NoneType' object has no attribute 'data'
2025-09-18 19:11:26,999 - libs.drift.client - INFO - Drift client ready (user verification skipped)
2025-09-18 19:11:27,000 - libs.drift.client - WARNING - Failed to create/sign order message: 'signed_msg_order_params'
2025-09-18 19:11:27,000 - libs.drift.client - ERROR - ❌ BLOCKCHAIN ORDER FAILED: 'NoneType' object has no attribute 'data'
Traceback (most recent call last):
  File "C:\Users\Jeremy\OneDrive\Documents\Drift_bots\drift-swift\libs\drift\client.py", line 1095, in place_order
    signed_message = self._driver.sign_signed_msg_order_params_message(order_params)
                     ^^^^^^^^^^^^^^^^^^^^^^^^^^^^^^^^^^^^^^^^^^^^^^^^^^^^^^^^^^^^^^^
  File "C:\Users\Jeremy\AppData\Local\Programs\Python\Python311\Lib\site-packages\driftpy\drift_client.py", line 2189, in sign_signed_msg_order_params_message
    borsh_buf = self.encode_signed_msg_order_params_message(
                ^^^^^^^^^^^^^^^^^^^^^^^^^^^^^^^^^^^^^^^^^^^^
  File "C:\Users\Jeremy\AppData\Local\Programs\Python\Python311\Lib\site-packages\driftpy\drift_client.py", line 2163, in encode_signed_msg_order_params_message
    encoded = self.program.coder.types.encode(
              ^^^^^^^^^^^^^^^^^^^^^^^^^^^^^^^^
  File "C:\Users\Jeremy\AppData\Local\Programs\Python\Python311\Lib\site-packages\anchorpy\coder\types.py", line 66, in encode
    return layout.build(data)
           ^^^^^^^^^^^^^^^^^^
  File "C:\Users\Jeremy\AppData\Local\Programs\Python\Python311\Lib\site-packages\construct\core.py", line 336, in build
    self.build_stream(obj, stream, **contextkw)
  File "C:\Users\Jeremy\AppData\Local\Programs\Python\Python311\Lib\site-packages\construct\core.py", line 348, in build_stream
    self._build(obj, stream, context, "(building)")
  File "C:\Users\Jeremy\AppData\Local\Programs\Python\Python311\Lib\site-packages\construct\core.py", line 708, in _build
    buildret = self.subcon._build(obj2, stream, context, path)
               ^^^^^^^^^^^^^^^^^^^^^^^^^^^^^^^^^^^^^^^^^^^^^^^
  File "C:\Users\Jeremy\AppData\Local\Programs\Python\Python311\Lib\site-packages\construct\core.py", line 2139, in _build
    subobj = obj[sc.name] # raises KeyError
             ~~~^^^^^^^^^
KeyError: 'signed_msg_order_params'

During handling of the above exception, another exception occurred:

Traceback (most recent call last):
  File "C:\Users\Jeremy\OneDrive\Documents\Drift_bots\drift-swift\libs\drift\client.py", line 1121, in place_order
    tx_sig = await self._driver.place_perp_order(order_params)
             ^^^^^^^^^^^^^^^^^^^^^^^^^^^^^^^^^^^^^^^^^^^^^^^^^
  File "C:\Users\Jeremy\AppData\Local\Programs\Python\Python311\Lib\site-packages\driftpy\drift_client.py", line 1389, in place_perp_order
    self.get_place_perp_order_ix(order_params, sub_account_id),
    ^^^^^^^^^^^^^^^^^^^^^^^^^^^^^^^^^^^^^^^^^^^^^^^^^^^^^^^^^^
  File "C:\Users\Jeremy\AppData\Local\Programs\Python\Python311\Lib\site-packages\driftpy\drift_client.py", line 1409, in get_place_perp_order_ix
    user_accounts=[self.get_user_account(sub_account_id)],
                   ^^^^^^^^^^^^^^^^^^^^^^^^^^^^^^^^^^^^^
  File "C:\Users\Jeremy\AppData\Local\Programs\Python\Python311\Lib\site-packages\driftpy\drift_client.py", line 374, in get_user_account
    return self.get_user(sub_account_id).get_user_account()
           ^^^^^^^^^^^^^^^^^^^^^^^^^^^^^^^^^^^^^^^^^^^^^^^^
  File "C:\Users\Jeremy\AppData\Local\Programs\Python\Python311\Lib\site-packages\driftpy\drift_user.py", line 128, in get_user_account
    return self.account_subscriber.get_user_account_and_slot().data
           ^^^^^^^^^^^^^^^^^^^^^^^^^^^^^^^^^^^^^^^^^^^^^^^^^^^^^^^^
AttributeError: 'NoneType' object has no attribute 'data'
2025-09-18 19:11:27,007 - libs.drift.client - WARNING - 🚨 FALLBACK TO MOCK ORDER: MOCK-087007 (Real blockchain failed)
2025-09-18 19:11:27,007 - libs.drift.client - WARNING -    Order details: side=sell, price=246920598.24882448, size_usd=2.0
2025-09-18 19:11:27,505 - libs.drift.client - INFO - User account initialized
2025-09-18 19:11:27,507 - libs.drift.client - WARNING - User verification failed: 'NoneType' object has no attribute 'data'
2025-09-18 19:11:27,507 - libs.drift.client - INFO - Drift client ready (user verification skipped)
2025-09-18 19:11:27,508 - libs.drift.client - WARNING - Failed to create/sign order message: 'signed_msg_order_params'
2025-09-18 19:11:27,509 - libs.drift.client - ERROR - ❌ BLOCKCHAIN ORDER FAILED: 'NoneType' object has no attribute 'data'
Traceback (most recent call last):
  File "C:\Users\Jeremy\OneDrive\Documents\Drift_bots\drift-swift\libs\drift\client.py", line 1095, in place_order
    signed_message = self._driver.sign_signed_msg_order_params_message(order_params)
                     ^^^^^^^^^^^^^^^^^^^^^^^^^^^^^^^^^^^^^^^^^^^^^^^^^^^^^^^^^^^^^^^
  File "C:\Users\Jeremy\AppData\Local\Programs\Python\Python311\Lib\site-packages\driftpy\drift_client.py", line 2189, in sign_signed_msg_order_params_message
    borsh_buf = self.encode_signed_msg_order_params_message(
                ^^^^^^^^^^^^^^^^^^^^^^^^^^^^^^^^^^^^^^^^^^^^
  File "C:\Users\Jeremy\AppData\Local\Programs\Python\Python311\Lib\site-packages\driftpy\drift_client.py", line 2163, in encode_signed_msg_order_params_message
    encoded = self.program.coder.types.encode(
              ^^^^^^^^^^^^^^^^^^^^^^^^^^^^^^^^
  File "C:\Users\Jeremy\AppData\Local\Programs\Python\Python311\Lib\site-packages\anchorpy\coder\types.py", line 66, in encode
    return layout.build(data)
           ^^^^^^^^^^^^^^^^^^
  File "C:\Users\Jeremy\AppData\Local\Programs\Python\Python311\Lib\site-packages\construct\core.py", line 336, in build
    self.build_stream(obj, stream, **contextkw)
  File "C:\Users\Jeremy\AppData\Local\Programs\Python\Python311\Lib\site-packages\construct\core.py", line 348, in build_stream
    self._build(obj, stream, context, "(building)")
  File "C:\Users\Jeremy\AppData\Local\Programs\Python\Python311\Lib\site-packages\construct\core.py", line 708, in _build
    buildret = self.subcon._build(obj2, stream, context, path)
               ^^^^^^^^^^^^^^^^^^^^^^^^^^^^^^^^^^^^^^^^^^^^^^^
  File "C:\Users\Jeremy\AppData\Local\Programs\Python\Python311\Lib\site-packages\construct\core.py", line 2139, in _build
    subobj = obj[sc.name] # raises KeyError
             ~~~^^^^^^^^^
KeyError: 'signed_msg_order_params'

During handling of the above exception, another exception occurred:

Traceback (most recent call last):
  File "C:\Users\Jeremy\OneDrive\Documents\Drift_bots\drift-swift\libs\drift\client.py", line 1121, in place_order
    tx_sig = await self._driver.place_perp_order(order_params)
             ^^^^^^^^^^^^^^^^^^^^^^^^^^^^^^^^^^^^^^^^^^^^^^^^^
  File "C:\Users\Jeremy\AppData\Local\Programs\Python\Python311\Lib\site-packages\driftpy\drift_client.py", line 1389, in place_perp_order
    self.get_place_perp_order_ix(order_params, sub_account_id),
    ^^^^^^^^^^^^^^^^^^^^^^^^^^^^^^^^^^^^^^^^^^^^^^^^^^^^^^^^^^
  File "C:\Users\Jeremy\AppData\Local\Programs\Python\Python311\Lib\site-packages\driftpy\drift_client.py", line 1409, in get_place_perp_order_ix
    user_accounts=[self.get_user_account(sub_account_id)],
                   ^^^^^^^^^^^^^^^^^^^^^^^^^^^^^^^^^^^^^
  File "C:\Users\Jeremy\AppData\Local\Programs\Python\Python311\Lib\site-packages\driftpy\drift_client.py", line 374, in get_user_account
    return self.get_user(sub_account_id).get_user_account()
           ^^^^^^^^^^^^^^^^^^^^^^^^^^^^^^^^^^^^^^^^^^^^^^^^
  File "C:\Users\Jeremy\AppData\Local\Programs\Python\Python311\Lib\site-packages\driftpy\drift_user.py", line 128, in get_user_account
    return self.account_subscriber.get_user_account_and_slot().data
           ^^^^^^^^^^^^^^^^^^^^^^^^^^^^^^^^^^^^^^^^^^^^^^^^^^^^^^^^
AttributeError: 'NoneType' object has no attribute 'data'
2025-09-18 19:11:27,518 - libs.drift.client - WARNING - 🚨 FALLBACK TO MOCK ORDER: MOCK-087518 (Real blockchain failed)
2025-09-18 19:11:27,519 - libs.drift.client - WARNING -    Order details: side=buy, price=246180946.3018245, size_usd=2.0
2025-09-18 19:11:58,097 - __main__ - INFO - 💚 System health check: Running
2025-09-18 19:12:15,575 - __main__ - ERROR - ❌ Deployment failed: 'str' object has no attribute 'spec'
2025-09-18 19:12:15,576 - __main__ - ERROR - ❌ Production deployment failed
2025-09-18 19:12:24,563 - __main__ - INFO - 💚 System health check: Running
2025-09-18 19:12:58,101 - __main__ - INFO - 💚 System health check: Running
2025-09-18 19:13:24,578 - __main__ - INFO - 💚 System health check: Running
2025-09-18 19:13:50,489 - __main__ - INFO - ============================================================
2025-09-18 19:13:50,490 - __main__ - INFO - 🚀 PRODUCTION DEPLOYMENT: Enhanced JIT Bot + Quality First Hedger
2025-09-18 19:13:50,490 - __main__ - INFO - ============================================================
2025-09-18 19:13:50,490 - __main__ - INFO - 🚀 Deploying dual bot system...
2025-09-18 19:13:50,491 - __main__ - INFO - 🚀 Setting up production environment...
2025-09-18 19:13:50,492 - __main__ - INFO - ✅ DRIFT_ENV: devnet
2025-09-18 19:13:50,492 - __main__ - INFO - ✅ USE_MOCK: false
2025-09-18 19:13:50,493 - __main__ - INFO - ✅ DRIFT_ENVIRONMENT: devnet
2025-09-18 19:13:50,493 - __main__ - INFO - ✅ PYTHONUNBUFFERED: 1
2025-09-18 19:13:50,494 - __main__ - INFO - ✅ BOT_PERFORMANCE_MODE: optimized
2025-09-18 19:13:50,494 - __main__ - INFO - ✅ ENABLE_COORDINATION: true
2025-09-18 19:13:50,494 - __main__ - INFO - ✅ HEALTH_MONITORING: true
2025-09-18 19:13:50,494 - __main__ - INFO - ✅ ENHANCED_JIT_ENABLED: true
2025-09-18 19:13:50,495 - __main__ - INFO - ✅ QUALITY_FIRST_HEDGER_ENABLED: true
2025-09-18 19:13:50,495 - __main__ - INFO - ✅ COORDINATION_ENGINE_ENABLED: true
2025-09-18 19:13:50,495 - __main__ - INFO - ✅ Production environment configured
2025-09-18 19:13:50,495 - __main__ - INFO - 🔍 Validating production readiness...
2025-09-18 19:13:50,497 - __main__ - INFO - ✅ All production components validated
2025-09-18 19:13:50,497 - __main__ - INFO - 🔧 Launching advanced orchestrator with dual bot configuration...
2025-09-18 19:13:50,535 - __main__ - INFO - ✅ Dual bot configuration created
2025-09-18 19:13:50,536 - __main__ - INFO - 🚀 Starting advanced orchestrator...
2025-09-18 19:13:53,130 - libs.configs.centralized_config_manager - INFO - Switched to environment: devnet
2025-09-18 19:13:53,131 - libs.configs.centralized_config_manager - INFO - Loaded configuration from configs/environments.yaml
2025-09-18 19:13:54,268 - WALLET_CORRUPTION_PERMANENT_FIX - INFO - ✅ Wallet loaded and validated: 5bhkrtyZxRZinWG19iApYM6ykn2J6fZWCZw9DkqM7U2j
2025-09-18 19:13:54,268 - libs.drift.client - INFO - ✅ Loaded validated wallet for DriftPy client: 5bhkrtyZxRZinWG19iApYM6ykn2J6fZWCZw9DkqM7U2j
2025-09-18 19:13:55,511 - httpx - INFO - HTTP Request: POST https://devnet.helius-rpc.com/?api-key=2728d54b-ce26-4696-bb4d-dc8170fcd494 "HTTP/1.1 200 OK"
2025-09-18 19:13:55,650 - httpx - INFO - HTTP Request: POST https://devnet.helius-rpc.com/?api-key=2728d54b-ce26-4696-bb4d-dc8170fcd494 "HTTP/1.1 200 OK"
2025-09-18 19:13:55,954 - httpx - INFO - HTTP Request: POST https://devnet.helius-rpc.com/?api-key=2728d54b-ce26-4696-bb4d-dc8170fcd494 "HTTP/1.1 200 OK"
2025-09-18 19:13:56,084 - httpx - INFO - HTTP Request: POST https://devnet.helius-rpc.com/?api-key=2728d54b-ce26-4696-bb4d-dc8170fcd494 "HTTP/1.1 200 OK"
2025-09-18 19:13:57,180 - httpx - INFO - HTTP Request: POST https://devnet.helius-rpc.com/?api-key=2728d54b-ce26-4696-bb4d-dc8170fcd494 "HTTP/1.1 200 OK"
2025-09-18 19:13:57,498 - httpx - INFO - HTTP Request: POST https://devnet.helius-rpc.com/?api-key=2728d54b-ce26-4696-bb4d-dc8170fcd494 "HTTP/1.1 200 OK"
2025-09-18 19:13:57,499 - libs.drift.client - INFO - ✅ driftpy connected and subscribed (env=devnet, rpc=https://devnet.helius-rpc.com/?api-key=2728d54b-ce26-4696-bb4d-dc8170fcd494)
2025-09-18 19:13:57,499 - libs.drift.client - INFO - User account initialized
2025-09-18 19:13:57,500 - libs.drift.client - WARNING - User verification failed: 'NoneType' object has no attribute 'data'
2025-09-18 19:13:57,500 - libs.drift.client - INFO - Drift client ready (user verification skipped)
2025-09-18 19:13:57,500 - libs.drift.client - INFO - ✅ Drift client initialized and subscribed
2025-09-18 19:13:57,500 - libs.drift.client - INFO - User account initialized
2025-09-18 19:13:57,500 - libs.drift.client - WARNING - User verification failed: 'NoneType' object has no attribute 'data'
2025-09-18 19:13:57,501 - libs.drift.client - INFO - Drift client ready (user verification skipped)
2025-09-18 19:13:57,501 - libs.drift.client - INFO - ✅ Drift client initialized and subscribed
2025-09-18 19:13:57,502 - libs.drift.client - INFO - User account initialized
2025-09-18 19:13:57,502 - libs.drift.client - WARNING - User verification failed: 'NoneType' object has no attribute 'data'
2025-09-18 19:13:57,502 - libs.drift.client - INFO - Drift client ready (user verification skipped)
2025-09-18 19:13:57,825 - httpx - INFO - HTTP Request: POST https://devnet.helius-rpc.com/?api-key=2728d54b-ce26-4696-bb4d-dc8170fcd494 "HTTP/1.1 200 OK"
2025-09-18 19:13:57,826 - libs.drift.client - WARNING - [ORDERBOOK] DLOB fallback failed: Cannot get oracle price data for DLOB
2025-09-18 19:13:57,827 - libs.drift.client - INFO - User account initialized
2025-09-18 19:13:57,828 - libs.drift.client - WARNING - User verification failed: 'NoneType' object has no attribute 'data'
2025-09-18 19:13:57,828 - libs.drift.client - INFO - Drift client ready (user verification skipped)
2025-09-18 19:13:57,829 - libs.drift.client - WARNING - Failed to create/sign order message: 'signed_msg_order_params'
2025-09-18 19:13:57,830 - libs.drift.client - ERROR - ❌ BLOCKCHAIN ORDER FAILED: 'NoneType' object has no attribute 'data'
Traceback (most recent call last):
  File "C:\Users\Jeremy\OneDrive\Documents\Drift_bots\drift-swift\libs\drift\client.py", line 1095, in place_order
    signed_message = self._driver.sign_signed_msg_order_params_message(order_params)
                     ^^^^^^^^^^^^^^^^^^^^^^^^^^^^^^^^^^^^^^^^^^^^^^^^^^^^^^^^^^^^^^^
  File "C:\Users\Jeremy\AppData\Local\Programs\Python\Python311\Lib\site-packages\driftpy\drift_client.py", line 2189, in sign_signed_msg_order_params_message
    borsh_buf = self.encode_signed_msg_order_params_message(
                ^^^^^^^^^^^^^^^^^^^^^^^^^^^^^^^^^^^^^^^^^^^^
  File "C:\Users\Jeremy\AppData\Local\Programs\Python\Python311\Lib\site-packages\driftpy\drift_client.py", line 2163, in encode_signed_msg_order_params_message
    encoded = self.program.coder.types.encode(
              ^^^^^^^^^^^^^^^^^^^^^^^^^^^^^^^^
  File "C:\Users\Jeremy\AppData\Local\Programs\Python\Python311\Lib\site-packages\anchorpy\coder\types.py", line 66, in encode
    return layout.build(data)
           ^^^^^^^^^^^^^^^^^^
  File "C:\Users\Jeremy\AppData\Local\Programs\Python\Python311\Lib\site-packages\construct\core.py", line 336, in build
    self.build_stream(obj, stream, **contextkw)
  File "C:\Users\Jeremy\AppData\Local\Programs\Python\Python311\Lib\site-packages\construct\core.py", line 348, in build_stream
    self._build(obj, stream, context, "(building)")
  File "C:\Users\Jeremy\AppData\Local\Programs\Python\Python311\Lib\site-packages\construct\core.py", line 708, in _build
    buildret = self.subcon._build(obj2, stream, context, path)
               ^^^^^^^^^^^^^^^^^^^^^^^^^^^^^^^^^^^^^^^^^^^^^^^
  File "C:\Users\Jeremy\AppData\Local\Programs\Python\Python311\Lib\site-packages\construct\core.py", line 2139, in _build
    subobj = obj[sc.name] # raises KeyError
             ~~~^^^^^^^^^
KeyError: 'signed_msg_order_params'

During handling of the above exception, another exception occurred:

Traceback (most recent call last):
  File "C:\Users\Jeremy\OneDrive\Documents\Drift_bots\drift-swift\libs\drift\client.py", line 1121, in place_order
    tx_sig = await self._driver.place_perp_order(order_params)
             ^^^^^^^^^^^^^^^^^^^^^^^^^^^^^^^^^^^^^^^^^^^^^^^^^
  File "C:\Users\Jeremy\AppData\Local\Programs\Python\Python311\Lib\site-packages\driftpy\drift_client.py", line 1389, in place_perp_order
    self.get_place_perp_order_ix(order_params, sub_account_id),
    ^^^^^^^^^^^^^^^^^^^^^^^^^^^^^^^^^^^^^^^^^^^^^^^^^^^^^^^^^^
  File "C:\Users\Jeremy\AppData\Local\Programs\Python\Python311\Lib\site-packages\driftpy\drift_client.py", line 1409, in get_place_perp_order_ix
    user_accounts=[self.get_user_account(sub_account_id)],
                   ^^^^^^^^^^^^^^^^^^^^^^^^^^^^^^^^^^^^^
  File "C:\Users\Jeremy\AppData\Local\Programs\Python\Python311\Lib\site-packages\driftpy\drift_client.py", line 374, in get_user_account
    return self.get_user(sub_account_id).get_user_account()
           ^^^^^^^^^^^^^^^^^^^^^^^^^^^^^^^^^^^^^^^^^^^^^^^^
  File "C:\Users\Jeremy\AppData\Local\Programs\Python\Python311\Lib\site-packages\driftpy\drift_user.py", line 128, in get_user_account
    return self.account_subscriber.get_user_account_and_slot().data
           ^^^^^^^^^^^^^^^^^^^^^^^^^^^^^^^^^^^^^^^^^^^^^^^^^^^^^^^^
AttributeError: 'NoneType' object has no attribute 'data'
2025-09-18 19:13:57,842 - libs.drift.client - WARNING - 🚨 FALLBACK TO MOCK ORDER: MOCK-237842 (Real blockchain failed)
2025-09-18 19:13:57,842 - libs.drift.client - WARNING -    Order details: side=buy, price=246596019.964173, size_usd=2.0
2025-09-18 19:13:58,119 - __main__ - INFO - 💚 System health check: Running
2025-09-18 19:13:58,342 - libs.drift.client - INFO - User account initialized
2025-09-18 19:13:58,343 - libs.drift.client - WARNING - User verification failed: 'NoneType' object has no attribute 'data'
2025-09-18 19:13:58,343 - libs.drift.client - INFO - Drift client ready (user verification skipped)
2025-09-18 19:13:58,344 - libs.drift.client - WARNING - Failed to create/sign order message: 'signed_msg_order_params'
2025-09-18 19:13:58,345 - libs.drift.client - ERROR - ❌ BLOCKCHAIN ORDER FAILED: 'NoneType' object has no attribute 'data'
Traceback (most recent call last):
  File "C:\Users\Jeremy\OneDrive\Documents\Drift_bots\drift-swift\libs\drift\client.py", line 1095, in place_order
    signed_message = self._driver.sign_signed_msg_order_params_message(order_params)
                     ^^^^^^^^^^^^^^^^^^^^^^^^^^^^^^^^^^^^^^^^^^^^^^^^^^^^^^^^^^^^^^^
out debug 
  File "C:\Users\Jeremy\AppData\Local\Programs\Python\Python311\Lib\site-packages\driftpy\drift_client.py", line 2189, in sign_signed_msg_order_params_message
    borsh_buf = self.encode_signed_msg_order_params_message(
                ^^^^^^^^^^^^^^^^^^^^^^^^^^^^^^^^^^^^^^^^^^^^
  File "C:\Users\Jeremy\AppData\Local\Programs\Python\Python311\Lib\site-packages\driftpy\drift_client.py", line 2163, in encode_signed_msg_order_params_message
    encoded = self.program.coder.types.encode(
              ^^^^^^^^^^^^^^^^^^^^^^^^^^^^^^^^
  File "C:\Users\Jeremy\AppData\Local\Programs\Python\Python311\Lib\site-packages\anchorpy\coder\types.py", line 66, in encode
    return layout.build(data)
           ^^^^^^^^^^^^^^^^^^
  File "C:\Users\Jeremy\AppData\Local\Programs\Python\Python311\Lib\site-packages\construct\core.py", line 336, in build
    self.build_stream(obj, stream, **contextkw)
  File "C:\Users\Jeremy\AppData\Local\Programs\Python\Python311\Lib\site-packages\construct\core.py", line 348, in build_stream
    self._build(obj, stream, context, "(building)")
  File "C:\Users\Jeremy\AppData\Local\Programs\Python\Python311\Lib\site-packages\construct\core.py", line 708, in _build
    buildret = self.subcon._build(obj2, stream, context, path)
               ^^^^^^^^^^^^^^^^^^^^^^^^^^^^^^^^^^^^^^^^^^^^^^^
  File "C:\Users\Jeremy\AppData\Local\Programs\Python\Python311\Lib\site-packages\construct\core.py", line 2139, in _build
    subobj = obj[sc.name] # raises KeyError
             ~~~^^^^^^^^^
KeyError: 'signed_msg_order_params'

During handling of the above exception, another exception occurred:

Traceback (most recent call last):
  File "C:\Users\Jeremy\OneDrive\Documents\Drift_bots\drift-swift\libs\drift\client.py", line 1121, in place_order
    tx_sig = await self._driver.place_perp_order(order_params)
             ^^^^^^^^^^^^^^^^^^^^^^^^^^^^^^^^^^^^^^^^^^^^^^^^^
  File "C:\Users\Jeremy\AppData\Local\Programs\Python\Python311\Lib\site-packages\driftpy\drift_client.py", line 1389, in place_perp_order
    self.get_place_perp_order_ix(order_params, sub_account_id),
    ^^^^^^^^^^^^^^^^^^^^^^^^^^^^^^^^^^^^^^^^^^^^^^^^^^^^^^^^^^
  File "C:\Users\Jeremy\AppData\Local\Programs\Python\Python311\Lib\site-packages\driftpy\drift_client.py", line 1409, in get_place_perp_order_ix
    user_accounts=[self.get_user_account(sub_account_id)],
                   ^^^^^^^^^^^^^^^^^^^^^^^^^^^^^^^^^^^^^
  File "C:\Users\Jeremy\AppData\Local\Programs\Python\Python311\Lib\site-packages\driftpy\drift_client.py", line 374, in get_user_account
    return self.get_user(sub_account_id).get_user_account()
           ^^^^^^^^^^^^^^^^^^^^^^^^^^^^^^^^^^^^^^^^^^^^^^^^
  File "C:\Users\Jeremy\AppData\Local\Programs\Python\Python311\Lib\site-packages\driftpy\drift_user.py", line 128, in get_user_account
    return self.account_subscriber.get_user_account_and_slot().data
           ^^^^^^^^^^^^^^^^^^^^^^^^^^^^^^^^^^^^^^^^^^^^^^^^^^^^^^^^
AttributeError: 'NoneType' object has no attribute 'data'
2025-09-18 19:13:58,856 - libs.drift.client - WARNING - 🚨 FALLBACK TO MOCK ORDER: MOCK-238856 (Real blockchain failed)
2025-09-18 19:13:58,856 - libs.drift.client - WARNING -    Order details: side=buy, price=246596019.964173, size_usd=2.0
2025-09-18 19:14:24,587 - __main__ - INFO - 💚 System health check: Running
2025-09-18 19:14:46,802 - __main__ - ERROR - ❌ Deployment failed: 'str' object has no attribute 'spec'
2025-09-18 19:14:46,802 - __main__ - ERROR - ❌ Production deployment failed
2025-09-18 19:14:58,124 - __main__ - INFO - 💚 System health check: Running
2025-09-18 19:15:10,284 - __main__ - INFO - ============================================================
2025-09-18 19:15:10,285 - __main__ - INFO - 🚀 PRODUCTION DEPLOYMENT: Enhanced JIT Bot + Quality First Hedger
2025-09-18 19:15:10,285 - __main__ - INFO - ============================================================
2025-09-18 19:15:10,286 - __main__ - INFO - 🚀 Deploying dual bot system...
2025-09-18 19:15:10,286 - __main__ - INFO - 🚀 Setting up production environment...
2025-09-18 19:15:10,287 - __main__ - INFO - ✅ DRIFT_ENV: devnet
2025-09-18 19:15:10,287 - __main__ - INFO - ✅ USE_MOCK: true
2025-09-18 19:15:10,287 - __main__ - INFO - ✅ DRIFT_ENVIRONMENT: devnet
2025-09-18 19:15:10,288 - __main__ - INFO - ✅ PYTHONUNBUFFERED: 1
2025-09-18 19:15:10,288 - __main__ - INFO - ✅ BOT_PERFORMANCE_MODE: optimized
2025-09-18 19:15:10,288 - __main__ - INFO - ✅ ENABLE_COORDINATION: true
2025-09-18 19:15:10,289 - __main__ - INFO - ✅ HEALTH_MONITORING: true
2025-09-18 19:15:10,289 - __main__ - INFO - ✅ ENHANCED_JIT_ENABLED: true
2025-09-18 19:15:10,289 - __main__ - INFO - ✅ QUALITY_FIRST_HEDGER_ENABLED: true
2025-09-18 19:15:10,290 - __main__ - INFO - ✅ COORDINATION_ENGINE_ENABLED: true
2025-09-18 19:15:10,290 - __main__ - INFO - ✅ Production environment configured
2025-09-18 19:15:10,290 - __main__ - INFO - 🔍 Validating production readiness...
2025-09-18 19:15:10,292 - __main__ - INFO - ✅ All production components validated
2025-09-18 19:15:10,292 - __main__ - INFO - 🔧 Launching advanced orchestrator with dual bot configuration...
2025-09-18 19:15:10,319 - __main__ - INFO - ✅ Dual bot configuration created
2025-09-18 19:15:10,320 - __main__ - INFO - 🚀 Starting advanced orchestrator...
2025-09-18 19:15:12,393 - libs.configs.centralized_config_manager - INFO - Switched to environment: devnet
2025-09-18 19:15:12,393 - libs.configs.centralized_config_manager - INFO - Loaded configuration from configs/environments.yaml
2025-09-18 19:15:13,210 - WALLET_CORRUPTION_PERMANENT_FIX - INFO - ✅ Wallet loaded and validated: 5bhkrtyZxRZinWG19iApYM6ykn2J6fZWCZw9DkqM7U2j
2025-09-18 19:15:13,211 - libs.drift.client - INFO - ✅ Loaded validated wallet for DriftPy client: 5bhkrtyZxRZinWG19iApYM6ykn2J6fZWCZw9DkqM7U2j
2025-09-18 19:15:15,375 - httpx - INFO - HTTP Request: POST https://devnet.helius-rpc.com/?api-key=2728d54b-ce26-4696-bb4d-dc8170fcd494 "HTTP/1.1 200 OK"
2025-09-18 19:15:15,571 - httpx - INFO - HTTP Request: POST https://devnet.helius-rpc.com/?api-key=2728d54b-ce26-4696-bb4d-dc8170fcd494 "HTTP/1.1 200 OK"
2025-09-18 19:15:15,837 - httpx - INFO - HTTP Request: POST https://devnet.helius-rpc.com/?api-key=2728d54b-ce26-4696-bb4d-dc8170fcd494 "HTTP/1.1 200 OK"
2025-09-18 19:15:16,031 - httpx - INFO - HTTP Request: POST https://devnet.helius-rpc.com/?api-key=2728d54b-ce26-4696-bb4d-dc8170fcd494 "HTTP/1.1 200 OK"
2025-09-18 19:15:17,707 - httpx - INFO - HTTP Request: POST https://devnet.helius-rpc.com/?api-key=2728d54b-ce26-4696-bb4d-dc8170fcd494 "HTTP/1.1 200 OK"
2025-09-18 19:15:18,213 - httpx - INFO - HTTP Request: POST https://devnet.helius-rpc.com/?api-key=2728d54b-ce26-4696-bb4d-dc8170fcd494 "HTTP/1.1 200 OK"
2025-09-18 19:15:18,215 - libs.drift.client - INFO - ✅ driftpy connected and subscribed (env=devnet, rpc=https://devnet.helius-rpc.com/?api-key=2728d54b-ce26-4696-bb4d-dc8170fcd494)
2025-09-18 19:15:18,216 - libs.drift.client - INFO - User account initialized
2025-09-18 19:15:18,217 - libs.drift.client - WARNING - User verification failed: 'NoneType' object has no attribute 'data'
2025-09-18 19:15:18,217 - libs.drift.client - INFO - Drift client ready (user verification skipped)
2025-09-18 19:15:18,217 - libs.drift.client - INFO - ✅ Drift client initialized and subscribed
2025-09-18 19:15:18,217 - libs.drift.client - INFO - User account initialized
2025-09-18 19:15:18,218 - libs.drift.client - WARNING - User verification failed: 'NoneType' object has no attribute 'data'
2025-09-18 19:15:18,218 - libs.drift.client - INFO - Drift client ready (user verification skipped)
2025-09-18 19:15:18,218 - libs.drift.client - INFO - ✅ Drift client initialized and subscribed
2025-09-18 19:15:18,219 - libs.drift.client - INFO - User account initialized
2025-09-18 19:15:18,219 - libs.drift.client - WARNING - User verification failed: 'NoneType' object has no attribute 'data'
2025-09-18 19:15:18,220 - libs.drift.client - INFO - Drift client ready (user verification skipped)
2025-09-18 19:15:18,371 - httpx - INFO - HTTP Request: POST https://devnet.helius-rpc.com/?api-key=2728d54b-ce26-4696-bb4d-dc8170fcd494 "HTTP/1.1 200 OK"
2025-09-18 19:15:18,373 - libs.drift.client - WARNING - [ORDERBOOK] DLOB fallback failed: Cannot get oracle price data for DLOB
2025-09-18 19:15:18,373 - libs.drift.client - INFO - User account initialized
2025-09-18 19:15:18,373 - libs.drift.client - WARNING - User verification failed: 'NoneType' object has no attribute 'data'
2025-09-18 19:15:18,374 - libs.drift.client - INFO - Drift client ready (user verification skipped)
2025-09-18 19:15:18,375 - libs.drift.client - WARNING - Failed to create/sign order message: 'signed_msg_order_params'
2025-09-18 19:15:18,375 - libs.drift.client - ERROR - ❌ BLOCKCHAIN ORDER FAILED: 'NoneType' object has no attribute 'data'
Traceback (most recent call last):
  File "C:\Users\Jeremy\OneDrive\Documents\Drift_bots\drift-swift\libs\drift\client.py", line 1095, in place_order
    signed_message = self._driver.sign_signed_msg_order_params_message(order_params)
                     ^^^^^^^^^^^^^^^^^^^^^^^^^^^^^^^^^^^^^^^^^^^^^^^^^^^^^^^^^^^^^^^
  File "C:\Users\Jeremy\AppData\Local\Programs\Python\Python311\Lib\site-packages\driftpy\drift_client.py", line 2189, in sign_signed_msg_order_params_message
    borsh_buf = self.encode_signed_msg_order_params_message(
                ^^^^^^^^^^^^^^^^^^^^^^^^^^^^^^^^^^^^^^^^^^^^
  File "C:\Users\Jeremy\AppData\Local\Programs\Python\Python311\Lib\site-packages\driftpy\drift_client.py", line 2163, in encode_signed_msg_order_params_message
    encoded = self.program.coder.types.encode(
              ^^^^^^^^^^^^^^^^^^^^^^^^^^^^^^^^
  File "C:\Users\Jeremy\AppData\Local\Programs\Python\Python311\Lib\site-packages\anchorpy\coder\types.py", line 66, in encode
    return layout.build(data)
           ^^^^^^^^^^^^^^^^^^
  File "C:\Users\Jeremy\AppData\Local\Programs\Python\Python311\Lib\site-packages\construct\core.py", line 336, in build
    self.build_stream(obj, stream, **contextkw)
  File "C:\Users\Jeremy\AppData\Local\Programs\Python\Python311\Lib\site-packages\construct\core.py", line 348, in build_stream
    self._build(obj, stream, context, "(building)")
  File "C:\Users\Jeremy\AppData\Local\Programs\Python\Python311\Lib\site-packages\construct\core.py", line 708, in _build
    buildret = self.subcon._build(obj2, stream, context, path)
               ^^^^^^^^^^^^^^^^^^^^^^^^^^^^^^^^^^^^^^^^^^^^^^^
  File "C:\Users\Jeremy\AppData\Local\Programs\Python\Python311\Lib\site-packages\construct\core.py", line 2139, in _build
    subobj = obj[sc.name] # raises KeyError
             ~~~^^^^^^^^^
KeyError: 'signed_msg_order_params'

During handling of the above exception, another exception occurred:

Traceback (most recent call last):
  File "C:\Users\Jeremy\OneDrive\Documents\Drift_bots\drift-swift\libs\drift\client.py", line 1121, in place_order
    tx_sig = await self._driver.place_perp_order(order_params)
             ^^^^^^^^^^^^^^^^^^^^^^^^^^^^^^^^^^^^^^^^^^^^^^^^^
  File "C:\Users\Jeremy\AppData\Local\Programs\Python\Python311\Lib\site-packages\driftpy\drift_client.py", line 1389, in place_perp_order
    self.get_place_perp_order_ix(order_params, sub_account_id),
    ^^^^^^^^^^^^^^^^^^^^^^^^^^^^^^^^^^^^^^^^^^^^^^^^^^^^^^^^^^
  File "C:\Users\Jeremy\AppData\Local\Programs\Python\Python311\Lib\site-packages\driftpy\drift_client.py", line 1409, in get_place_perp_order_ix
    user_accounts=[self.get_user_account(sub_account_id)],
                   ^^^^^^^^^^^^^^^^^^^^^^^^^^^^^^^^^^^^^
  File "C:\Users\Jeremy\AppData\Local\Programs\Python\Python311\Lib\site-packages\driftpy\drift_client.py", line 374, in get_user_account
    return self.get_user(sub_account_id).get_user_account()
           ^^^^^^^^^^^^^^^^^^^^^^^^^^^^^^^^^^^^^^^^^^^^^^^^
  File "C:\Users\Jeremy\AppData\Local\Programs\Python\Python311\Lib\site-packages\driftpy\drift_user.py", line 128, in get_user_account
    return self.account_subscriber.get_user_account_and_slot().data
           ^^^^^^^^^^^^^^^^^^^^^^^^^^^^^^^^^^^^^^^^^^^^^^^^^^^^^^^^
AttributeError: 'NoneType' object has no attribute 'data'
2025-09-18 19:15:18,383 - libs.drift.client - WARNING - 🚨 FALLBACK TO MOCK ORDER: MOCK-318383 (Real blockchain failed)
2025-09-18 19:15:18,384 - libs.drift.client - WARNING -    Order details: side=buy, price=246354539.6077515, size_usd=2.0
2025-09-18 19:15:18,895 - libs.drift.client - INFO - User account initialized
2025-09-18 19:15:18,895 - libs.drift.client - WARNING - User verification failed: 'NoneType' object has no attribute 'data'
2025-09-18 19:15:18,895 - libs.drift.client - INFO - Drift client ready (user verification skipped)
2025-09-18 19:15:18,896 - libs.drift.client - WARNING - Failed to create/sign order message: 'signed_msg_order_params'
2025-09-18 19:15:18,896 - libs.drift.client - ERROR - ❌ BLOCKCHAIN ORDER FAILED: 'NoneType' object has no attribute 'data'
Traceback (most recent call last):
  File "C:\Users\Jeremy\OneDrive\Documents\Drift_bots\drift-swift\libs\drift\client.py", line 1095, in place_order
    signed_message = self._driver.sign_signed_msg_order_params_message(order_params)
                     ^^^^^^^^^^^^^^^^^^^^^^^^^^^^^^^^^^^^^^^^^^^^^^^^^^^^^^^^^^^^^^^
  File "C:\Users\Jeremy\AppData\Local\Programs\Python\Python311\Lib\site-packages\driftpy\drift_client.py", line 2189, in sign_signed_msg_order_params_message
    borsh_buf = self.encode_signed_msg_order_params_message(
                ^^^^^^^^^^^^^^^^^^^^^^^^^^^^^^^^^^^^^^^^^^^^
  File "C:\Users\Jeremy\AppData\Local\Programs\Python\Python311\Lib\site-packages\driftpy\drift_client.py", line 2163, in encode_signed_msg_order_params_message
    encoded = self.program.coder.types.encode(
              ^^^^^^^^^^^^^^^^^^^^^^^^^^^^^^^^
  File "C:\Users\Jeremy\AppData\Local\Programs\Python\Python311\Lib\site-packages\anchorpy\coder\types.py", line 66, in encode
    return layout.build(data)
           ^^^^^^^^^^^^^^^^^^
  File "C:\Users\Jeremy\AppData\Local\Programs\Python\Python311\Lib\site-packages\construct\core.py", line 336, in build
    self.build_stream(obj, stream, **contextkw)
  File "C:\Users\Jeremy\AppData\Local\Programs\Python\Python311\Lib\site-packages\construct\core.py", line 348, in build_stream
    self._build(obj, stream, context, "(building)")
  File "C:\Users\Jeremy\AppData\Local\Programs\Python\Python311\Lib\site-packages\construct\core.py", line 708, in _build
    buildret = self.subcon._build(obj2, stream, context, path)
               ^^^^^^^^^^^^^^^^^^^^^^^^^^^^^^^^^^^^^^^^^^^^^^^
  File "C:\Users\Jeremy\AppData\Local\Programs\Python\Python311\Lib\site-packages\construct\core.py", line 2139, in _build
    subobj = obj[sc.name] # raises KeyError
             ~~~^^^^^^^^^
KeyError: 'signed_msg_order_params'

During handling of the above exception, another exception occurred:

Traceback (most recent call last):
  File "C:\Users\Jeremy\OneDrive\Documents\Drift_bots\drift-swift\libs\drift\client.py", line 1121, in place_order
    tx_sig = await self._driver.place_perp_order(order_params)
             ^^^^^^^^^^^^^^^^^^^^^^^^^^^^^^^^^^^^^^^^^^^^^^^^^
  File "C:\Users\Jeremy\AppData\Local\Programs\Python\Python311\Lib\site-packages\driftpy\drift_client.py", line 1389, in place_perp_order
    self.get_place_perp_order_ix(order_params, sub_account_id),
    ^^^^^^^^^^^^^^^^^^^^^^^^^^^^^^^^^^^^^^^^^^^^^^^^^^^^^^^^^^
  File "C:\Users\Jeremy\AppData\Local\Programs\Python\Python311\Lib\site-packages\driftpy\drift_client.py", line 1409, in get_place_perp_order_ix
    user_accounts=[self.get_user_account(sub_account_id)],
                   ^^^^^^^^^^^^^^^^^^^^^^^^^^^^^^^^^^^^^
  File "C:\Users\Jeremy\AppData\Local\Programs\Python\Python311\Lib\site-packages\driftpy\drift_client.py", line 374, in get_user_account
    return self.get_user(sub_account_id).get_user_account()
           ^^^^^^^^^^^^^^^^^^^^^^^^^^^^^^^^^^^^^^^^^^^^^^^^
  File "C:\Users\Jeremy\AppData\Local\Programs\Python\Python311\Lib\site-packages\driftpy\drift_user.py", line 128, in get_user_account
    return self.account_subscriber.get_user_account_and_slot().data
           ^^^^^^^^^^^^^^^^^^^^^^^^^^^^^^^^^^^^^^^^^^^^^^^^^^^^^^^^
AttributeError: 'NoneType' object has no attribute 'data'
2025-09-18 19:15:18,900 - libs.drift.client - WARNING - 🚨 FALLBACK TO MOCK ORDER: MOCK-318900 (Real blockchain failed)
2025-09-18 19:15:18,900 - libs.drift.client - WARNING -    Order details: side=sell, price=247094713.1167515, size_usd=2.0
2025-09-18 19:15:19,421 - libs.drift.client - INFO - User account initialized
2025-09-18 19:15:19,421 - libs.drift.client - WARNING - User verification failed: 'NoneType' object has no attribute 'data'
2025-09-18 19:15:19,422 - libs.drift.client - INFO - Drift client ready (user verification skipped)
2025-09-18 19:15:19,422 - libs.drift.client - WARNING - Failed to create/sign order message: 'signed_msg_order_params'
2025-09-18 19:15:19,423 - libs.drift.client - ERROR - ❌ BLOCKCHAIN ORDER FAILED: 'NoneType' object has no attribute 'data'
Traceback (most recent call last):
  File "C:\Users\Jeremy\OneDrive\Documents\Drift_bots\drift-swift\libs\drift\client.py", line 1095, in place_order
    signed_message = self._driver.sign_signed_msg_order_params_message(order_params)
                     ^^^^^^^^^^^^^^^^^^^^^^^^^^^^^^^^^^^^^^^^^^^^^^^^^^^^^^^^^^^^^^^
  File "C:\Users\Jeremy\AppData\Local\Programs\Python\Python311\Lib\site-packages\driftpy\drift_client.py", line 2189, in sign_signed_msg_order_params_message
    borsh_buf = self.encode_signed_msg_order_params_message(
                ^^^^^^^^^^^^^^^^^^^^^^^^^^^^^^^^^^^^^^^^^^^^
  File "C:\Users\Jeremy\AppData\Local\Programs\Python\Python311\Lib\site-packages\driftpy\drift_client.py", line 2163, in encode_signed_msg_order_params_message
    encoded = self.program.coder.types.encode(
              ^^^^^^^^^^^^^^^^^^^^^^^^^^^^^^^^
  File "C:\Users\Jeremy\AppData\Local\Programs\Python\Python311\Lib\site-packages\anchorpy\coder\types.py", line 66, in encode
    return layout.build(data)
           ^^^^^^^^^^^^^^^^^^
  File "C:\Users\Jeremy\AppData\Local\Programs\Python\Python311\Lib\site-packages\construct\core.py", line 336, in build
    self.build_stream(obj, stream, **contextkw)
  File "C:\Users\Jeremy\AppData\Local\Programs\Python\Python311\Lib\site-packages\construct\core.py", line 348, in build_stream
    self._build(obj, stream, context, "(building)")
  File "C:\Users\Jeremy\AppData\Local\Programs\Python\Python311\Lib\site-packages\construct\core.py", line 708, in _build
    buildret = self.subcon._build(obj2, stream, context, path)
               ^^^^^^^^^^^^^^^^^^^^^^^^^^^^^^^^^^^^^^^^^^^^^^^
  File "C:\Users\Jeremy\AppData\Local\Programs\Python\Python311\Lib\site-packages\construct\core.py", line 2139, in _build
    subobj = obj[sc.name] # raises KeyError
             ~~~^^^^^^^^^
KeyError: 'signed_msg_order_params'

During handling of the above exception, another exception occurred:

Traceback (most recent call last):
  File "C:\Users\Jeremy\OneDrive\Documents\Drift_bots\drift-swift\libs\drift\client.py", line 1121, in place_order
    tx_sig = await self._driver.place_perp_order(order_params)
             ^^^^^^^^^^^^^^^^^^^^^^^^^^^^^^^^^^^^^^^^^^^^^^^^^
  File "C:\Users\Jeremy\AppData\Local\Programs\Python\Python311\Lib\site-packages\driftpy\drift_client.py", line 1389, in place_perp_order
    self.get_place_perp_order_ix(order_params, sub_account_id),
    ^^^^^^^^^^^^^^^^^^^^^^^^^^^^^^^^^^^^^^^^^^^^^^^^^^^^^^^^^^
  File "C:\Users\Jeremy\AppData\Local\Programs\Python\Python311\Lib\site-packages\driftpy\drift_client.py", line 1409, in get_place_perp_order_ix
    user_accounts=[self.get_user_account(sub_account_id)],
                   ^^^^^^^^^^^^^^^^^^^^^^^^^^^^^^^^^^^^^
  File "C:\Users\Jeremy\AppData\Local\Programs\Python\Python311\Lib\site-packages\driftpy\drift_client.py", line 374, in get_user_account
    return self.get_user(sub_account_id).get_user_account()
           ^^^^^^^^^^^^^^^^^^^^^^^^^^^^^^^^^^^^^^^^^^^^^^^^
  File "C:\Users\Jeremy\AppData\Local\Programs\Python\Python311\Lib\site-packages\driftpy\drift_user.py", line 128, in get_user_account
    return self.account_subscriber.get_user_account_and_slot().data
           ^^^^^^^^^^^^^^^^^^^^^^^^^^^^^^^^^^^^^^^^^^^^^^^^^^^^^^^^
AttributeError: 'NoneType' object has no attribute 'data'
2025-09-18 19:15:19,428 - libs.drift.client - WARNING - 🚨 FALLBACK TO MOCK ORDER: MOCK-319428 (Real blockchain failed)
2025-09-18 19:15:19,429 - libs.drift.client - WARNING -    Order details: side=buy, price=246354539.6077515, size_usd=2.0
2025-09-18 19:15:24,595 - __main__ - INFO - 💚 System health check: Running
2025-09-18 19:15:58,118 - __main__ - INFO - 💚 System health check: Running
2025-09-18 19:16:07,468 - __main__ - ERROR - ❌ Deployment failed: 'str' object has no attribute 'spec'
2025-09-18 19:16:07,468 - __main__ - ERROR - ❌ Production deployment failed
2025-09-18 19:16:24,598 - __main__ - INFO - 💚 System health check: Running
2025-09-18 19:16:58,125 - __main__ - INFO - 💚 System health check: Running
2025-09-18 19:17:24,607 - __main__ - INFO - 💚 System health check: Running
2025-09-18 19:17:39,975 - __main__ - INFO - ============================================================
2025-09-18 19:17:39,976 - __main__ - INFO - 🚀 PRODUCTION DEPLOYMENT: Enhanced JIT Bot + Quality First Hedger
2025-09-18 19:17:39,976 - __main__ - INFO - ============================================================
2025-09-18 19:17:39,977 - __main__ - INFO - 🚀 Deploying dual bot system...
2025-09-18 19:17:39,977 - __main__ - INFO - 🚀 Setting up production environment...
2025-09-18 19:17:39,977 - __main__ - INFO - ✅ DRIFT_ENV: devnet
2025-09-18 19:17:39,978 - __main__ - INFO - ✅ USE_MOCK: true
2025-09-18 19:17:39,978 - __main__ - INFO - ✅ DRIFT_ENVIRONMENT: devnet
2025-09-18 19:17:39,979 - __main__ - INFO - ✅ PYTHONUNBUFFERED: 1
2025-09-18 19:17:39,979 - __main__ - INFO - ✅ BOT_PERFORMANCE_MODE: optimized
2025-09-18 19:17:39,979 - __main__ - INFO - ✅ ENABLE_COORDINATION: true
2025-09-18 19:17:39,980 - __main__ - INFO - ✅ HEALTH_MONITORING: true
2025-09-18 19:17:39,980 - __main__ - INFO - ✅ ENHANCED_JIT_ENABLED: true
2025-09-18 19:17:39,981 - __main__ - INFO - ✅ QUALITY_FIRST_HEDGER_ENABLED: true
2025-09-18 19:17:39,981 - __main__ - INFO - ✅ COORDINATION_ENGINE_ENABLED: true
2025-09-18 19:17:39,981 - __main__ - INFO - ✅ Production environment configured
2025-09-18 19:17:39,981 - __main__ - INFO - 🔍 Validating production readiness...
2025-09-18 19:17:39,983 - __main__ - INFO - ✅ All production components validated
2025-09-18 19:17:39,983 - __main__ - INFO - 🔧 Launching advanced orchestrator with dual bot configuration...
2025-09-18 19:17:40,015 - __main__ - INFO - ✅ Dual bot configuration created
2025-09-18 19:17:40,016 - __main__ - INFO - 🚀 Starting advanced orchestrator...
2025-09-18 19:17:42,424 - libs.configs.centralized_config_manager - INFO - Switched to environment: devnet
2025-09-18 19:17:42,425 - libs.configs.centralized_config_manager - INFO - Loaded configuration from configs/environments.yaml
2025-09-18 19:17:43,388 - WALLET_CORRUPTION_PERMANENT_FIX - INFO - ✅ Wallet loaded and validated: 5bhkrtyZxRZinWG19iApYM6ykn2J6fZWCZw9DkqM7U2j
2025-09-18 19:17:43,388 - libs.drift.client - INFO - ✅ Loaded validated wallet for DriftPy client: 5bhkrtyZxRZinWG19iApYM6ykn2J6fZWCZw9DkqM7U2j
2025-09-18 19:17:45,391 - httpx - INFO - HTTP Request: POST https://devnet.helius-rpc.com/?api-key=2728d54b-ce26-4696-bb4d-dc8170fcd494 "HTTP/1.1 200 OK"
2025-09-18 19:17:45,583 - httpx - INFO - HTTP Request: POST https://devnet.helius-rpc.com/?api-key=2728d54b-ce26-4696-bb4d-dc8170fcd494 "HTTP/1.1 200 OK"
2025-09-18 19:17:45,772 - httpx - INFO - HTTP Request: POST https://devnet.helius-rpc.com/?api-key=2728d54b-ce26-4696-bb4d-dc8170fcd494 "HTTP/1.1 200 OK"
2025-09-18 19:17:45,938 - httpx - INFO - HTTP Request: POST https://devnet.helius-rpc.com/?api-key=2728d54b-ce26-4696-bb4d-dc8170fcd494 "HTTP/1.1 200 OK"
2025-09-18 19:17:47,069 - httpx - INFO - HTTP Request: POST https://devnet.helius-rpc.com/?api-key=2728d54b-ce26-4696-bb4d-dc8170fcd494 "HTTP/1.1 200 OK"
2025-09-18 19:17:47,224 - httpx - INFO - HTTP Request: POST https://devnet.helius-rpc.com/?api-key=2728d54b-ce26-4696-bb4d-dc8170fcd494 "HTTP/1.1 200 OK"
2025-09-18 19:17:47,225 - libs.drift.client - INFO - ✅ driftpy connected and subscribed (env=devnet, rpc=https://devnet.helius-rpc.com/?api-key=2728d54b-ce26-4696-bb4d-dc8170fcd494)
2025-09-18 19:17:47,225 - libs.drift.client - INFO - User account initialized
2025-09-18 19:17:47,225 - libs.drift.client - WARNING - User verification failed: 'NoneType' object has no attribute 'data'
2025-09-18 19:17:47,226 - libs.drift.client - INFO - Drift client ready (user verification skipped)
2025-09-18 19:17:47,226 - libs.drift.client - INFO - ✅ Drift client initialized and subscribed
2025-09-18 19:17:47,226 - libs.drift.client - INFO - User account initialized
2025-09-18 19:17:47,226 - libs.drift.client - WARNING - User verification failed: 'NoneType' object has no attribute 'data'
2025-09-18 19:17:47,226 - libs.drift.client - INFO - Drift client ready (user verification skipped)
2025-09-18 19:17:47,227 - libs.drift.client - INFO - ✅ Drift client initialized and subscribed
2025-09-18 19:17:47,227 - libs.drift.client - INFO - User account initialized
2025-09-18 19:17:47,227 - libs.drift.client - WARNING - User verification failed: 'NoneType' object has no attribute 'data'
2025-09-18 19:17:47,228 - libs.drift.client - INFO - Drift client ready (user verification skipped)
2025-09-18 19:17:47,445 - httpx - INFO - HTTP Request: POST https://devnet.helius-rpc.com/?api-key=2728d54b-ce26-4696-bb4d-dc8170fcd494 "HTTP/1.1 200 OK"
2025-09-18 19:17:47,446 - libs.drift.client - WARNING - [ORDERBOOK] DLOB fallback failed: Cannot get oracle price data for DLOB
2025-09-18 19:17:47,446 - libs.drift.client - INFO - User account initialized
2025-09-18 19:17:47,446 - libs.drift.client - WARNING - User verification failed: 'NoneType' object has no attribute 'data'
2025-09-18 19:17:47,447 - libs.drift.client - INFO - Drift client ready (user verification skipped)
2025-09-18 19:17:47,449 - libs.drift.client - WARNING - Failed to create/sign order message: 'signed_msg_order_params'
2025-09-18 19:17:47,449 - libs.drift.client - ERROR - ❌ BLOCKCHAIN ORDER FAILED: 'NoneType' object has no attribute 'data'
Traceback (most recent call last):
  File "C:\Users\Jeremy\OneDrive\Documents\Drift_bots\drift-swift\libs\drift\client.py", line 1095, in place_order
    signed_message = self._driver.sign_signed_msg_order_params_message(order_params)
                     ^^^^^^^^^^^^^^^^^^^^^^^^^^^^^^^^^^^^^^^^^^^^^^^^^^^^^^^^^^^^^^^
  File "C:\Users\Jeremy\AppData\Local\Programs\Python\Python311\Lib\site-packages\driftpy\drift_client.py", line 2189, in sign_signed_msg_order_params_message
    borsh_buf = self.encode_signed_msg_order_params_message(
                ^^^^^^^^^^^^^^^^^^^^^^^^^^^^^^^^^^^^^^^^^^^^
  File "C:\Users\Jeremy\AppData\Local\Programs\Python\Python311\Lib\site-packages\driftpy\drift_client.py", line 2163, in encode_signed_msg_order_params_message
    encoded = self.program.coder.types.encode(
              ^^^^^^^^^^^^^^^^^^^^^^^^^^^^^^^^
  File "C:\Users\Jeremy\AppData\Local\Programs\Python\Python311\Lib\site-packages\anchorpy\coder\types.py", line 66, in encode
    return layout.build(data)
           ^^^^^^^^^^^^^^^^^^
  File "C:\Users\Jeremy\AppData\Local\Programs\Python\Python311\Lib\site-packages\construct\core.py", line 336, in build
    self.build_stream(obj, stream, **contextkw)
  File "C:\Users\Jeremy\AppData\Local\Programs\Python\Python311\Lib\site-packages\construct\core.py", line 348, in build_stream
    self._build(obj, stream, context, "(building)")
  File "C:\Users\Jeremy\AppData\Local\Programs\Python\Python311\Lib\site-packages\construct\core.py", line 708, in _build
    buildret = self.subcon._build(obj2, stream, context, path)
               ^^^^^^^^^^^^^^^^^^^^^^^^^^^^^^^^^^^^^^^^^^^^^^^
  File "C:\Users\Jeremy\AppData\Local\Programs\Python\Python311\Lib\site-packages\construct\core.py", line 2139, in _build
    subobj = obj[sc.name] # raises KeyError
             ~~~^^^^^^^^^
KeyError: 'signed_msg_order_params'

During handling of the above exception, another exception occurred:

Traceback (most recent call last):
  File "C:\Users\Jeremy\OneDrive\Documents\Drift_bots\drift-swift\libs\drift\client.py", line 1121, in place_order
    tx_sig = await self._driver.place_perp_order(order_params)
             ^^^^^^^^^^^^^^^^^^^^^^^^^^^^^^^^^^^^^^^^^^^^^^^^^
  File "C:\Users\Jeremy\AppData\Local\Programs\Python\Python311\Lib\site-packages\driftpy\drift_client.py", line 1389, in place_perp_order
    self.get_place_perp_order_ix(order_params, sub_account_id),
    ^^^^^^^^^^^^^^^^^^^^^^^^^^^^^^^^^^^^^^^^^^^^^^^^^^^^^^^^^^
  File "C:\Users\Jeremy\AppData\Local\Programs\Python\Python311\Lib\site-packages\driftpy\drift_client.py", line 1409, in get_place_perp_order_ix
    user_accounts=[self.get_user_account(sub_account_id)],
                   ^^^^^^^^^^^^^^^^^^^^^^^^^^^^^^^^^^^^^
  File "C:\Users\Jeremy\AppData\Local\Programs\Python\Python311\Lib\site-packages\driftpy\drift_client.py", line 374, in get_user_account
    return self.get_user(sub_account_id).get_user_account()
           ^^^^^^^^^^^^^^^^^^^^^^^^^^^^^^^^^^^^^^^^^^^^^^^^
  File "C:\Users\Jeremy\AppData\Local\Programs\Python\Python311\Lib\site-packages\driftpy\drift_user.py", line 128, in get_user_account
    return self.account_subscriber.get_user_account_and_slot().data
           ^^^^^^^^^^^^^^^^^^^^^^^^^^^^^^^^^^^^^^^^^^^^^^^^^^^^^^^^
AttributeError: 'NoneType' object has no attribute 'data'
2025-09-18 19:17:47,458 - libs.drift.client - WARNING - 🚨 FALLBACK TO MOCK ORDER: MOCK-467458 (Real blockchain failed)
2025-09-18 19:17:47,459 - libs.drift.client - WARNING -    Order details: side=buy, price=245918779.012044, size_usd=2.0
2025-09-18 19:17:47,970 - libs.drift.client - INFO - User account initialized
2025-09-18 19:17:47,971 - libs.drift.client - WARNING - User verification failed: 'NoneType' object has no attribute 'data'
2025-09-18 19:17:47,971 - libs.drift.client - INFO - Drift client ready (user verification skipped)
2025-09-18 19:17:47,971 - libs.drift.client - WARNING - Failed to create/sign order message: 'signed_msg_order_params'
2025-09-18 19:17:47,972 - libs.drift.client - ERROR - ❌ BLOCKCHAIN ORDER FAILED: 'NoneType' object has no attribute 'data'
Traceback (most recent call last):
  File "C:\Users\Jeremy\OneDrive\Documents\Drift_bots\drift-swift\libs\drift\client.py", line 1095, in place_order
    signed_message = self._driver.sign_signed_msg_order_params_message(order_params)
                     ^^^^^^^^^^^^^^^^^^^^^^^^^^^^^^^^^^^^^^^^^^^^^^^^^^^^^^^^^^^^^^^
  File "C:\Users\Jeremy\AppData\Local\Programs\Python\Python311\Lib\site-packages\driftpy\drift_client.py", line 2189, in sign_signed_msg_order_params_message
    borsh_buf = self.encode_signed_msg_order_params_message(
                ^^^^^^^^^^^^^^^^^^^^^^^^^^^^^^^^^^^^^^^^^^^^
  File "C:\Users\Jeremy\AppData\Local\Programs\Python\Python311\Lib\site-packages\driftpy\drift_client.py", line 2163, in encode_signed_msg_order_params_message
    encoded = self.program.coder.types.encode(
              ^^^^^^^^^^^^^^^^^^^^^^^^^^^^^^^^
  File "C:\Users\Jeremy\AppData\Local\Programs\Python\Python311\Lib\site-packages\anchorpy\coder\types.py", line 66, in encode
    return layout.build(data)
           ^^^^^^^^^^^^^^^^^^
  File "C:\Users\Jeremy\AppData\Local\Programs\Python\Python311\Lib\site-packages\construct\core.py", line 336, in build
    self.build_stream(obj, stream, **contextkw)
  File "C:\Users\Jeremy\AppData\Local\Programs\Python\Python311\Lib\site-packages\construct\core.py", line 348, in build_stream
    self._build(obj, stream, context, "(building)")
  File "C:\Users\Jeremy\AppData\Local\Programs\Python\Python311\Lib\site-packages\construct\core.py", line 708, in _build
    buildret = self.subcon._build(obj2, stream, context, path)
               ^^^^^^^^^^^^^^^^^^^^^^^^^^^^^^^^^^^^^^^^^^^^^^^
  File "C:\Users\Jeremy\AppData\Local\Programs\Python\Python311\Lib\site-packages\construct\core.py", line 2139, in _build
    subobj = obj[sc.name] # raises KeyError
             ~~~^^^^^^^^^
KeyError: 'signed_msg_order_params'

During handling of the above exception, another exception occurred:

Traceback (most recent call last):
  File "C:\Users\Jeremy\OneDrive\Documents\Drift_bots\drift-swift\libs\drift\client.py", line 1121, in place_order
    tx_sig = await self._driver.place_perp_order(order_params)
             ^^^^^^^^^^^^^^^^^^^^^^^^^^^^^^^^^^^^^^^^^^^^^^^^^
  File "C:\Users\Jeremy\AppData\Local\Programs\Python\Python311\Lib\site-packages\driftpy\drift_client.py", line 1389, in place_perp_order
    self.get_place_perp_order_ix(order_params, sub_account_id),
    ^^^^^^^^^^^^^^^^^^^^^^^^^^^^^^^^^^^^^^^^^^^^^^^^^^^^^^^^^^
  File "C:\Users\Jeremy\AppData\Local\Programs\Python\Python311\Lib\site-packages\driftpy\drift_client.py", line 1409, in get_place_perp_order_ix
    user_accounts=[self.get_user_account(sub_account_id)],
                   ^^^^^^^^^^^^^^^^^^^^^^^^^^^^^^^^^^^^^
  File "C:\Users\Jeremy\AppData\Local\Programs\Python\Python311\Lib\site-packages\driftpy\drift_client.py", line 374, in get_user_account
    return self.get_user(sub_account_id).get_user_account()
           ^^^^^^^^^^^^^^^^^^^^^^^^^^^^^^^^^^^^^^^^^^^^^^^^
  File "C:\Users\Jeremy\AppData\Local\Programs\Python\Python311\Lib\site-packages\driftpy\drift_user.py", line 128, in get_user_account
    return self.account_subscriber.get_user_account_and_slot().data
           ^^^^^^^^^^^^^^^^^^^^^^^^^^^^^^^^^^^^^^^^^^^^^^^^^^^^^^^^
AttributeError: 'NoneType' object has no attribute 'data'
2025-09-18 19:17:47,976 - libs.drift.client - WARNING - 🚨 FALLBACK TO MOCK ORDER: MOCK-467976 (Real blockchain failed)
2025-09-18 19:17:47,976 - libs.drift.client - WARNING -    Order details: side=sell, price=246657643.27604398, size_usd=2.0
2025-09-18 19:17:48,480 - libs.drift.client - INFO - User account initialized
2025-09-18 19:17:48,480 - libs.drift.client - WARNING - User verification failed: 'NoneType' object has no attribute 'data'
2025-09-18 19:17:48,480 - libs.drift.client - INFO - Drift client ready (user verification skipped)
2025-09-18 19:17:48,480 - libs.drift.client - WARNING - Failed to create/sign order message: 'signed_msg_order_params'
2025-09-18 19:17:48,481 - libs.drift.client - ERROR - ❌ BLOCKCHAIN ORDER FAILED: 'NoneType' object has no attribute 'data'
Traceback (most recent call last):
  File "C:\Users\Jeremy\OneDrive\Documents\Drift_bots\drift-swift\libs\drift\client.py", line 1095, in place_order
    signed_message = self._driver.sign_signed_msg_order_params_message(order_params)
                     ^^^^^^^^^^^^^^^^^^^^^^^^^^^^^^^^^^^^^^^^^^^^^^^^^^^^^^^^^^^^^^^
  File "C:\Users\Jeremy\AppData\Local\Programs\Python\Python311\Lib\site-packages\driftpy\drift_client.py", line 2189, in sign_signed_msg_order_params_message
    borsh_buf = self.encode_signed_msg_order_params_message(
                ^^^^^^^^^^^^^^^^^^^^^^^^^^^^^^^^^^^^^^^^^^^^
  File "C:\Users\Jeremy\AppData\Local\Programs\Python\Python311\Lib\site-packages\driftpy\drift_client.py", line 2163, in encode_signed_msg_order_params_message
    encoded = self.program.coder.types.encode(
              ^^^^^^^^^^^^^^^^^^^^^^^^^^^^^^^^
  File "C:\Users\Jeremy\AppData\Local\Programs\Python\Python311\Lib\site-packages\anchorpy\coder\types.py", line 66, in encode
    return layout.build(data)
           ^^^^^^^^^^^^^^^^^^
  File "C:\Users\Jeremy\AppData\Local\Programs\Python\Python311\Lib\site-packages\construct\core.py", line 336, in build
    self.build_stream(obj, stream, **contextkw)
  File "C:\Users\Jeremy\AppData\Local\Programs\Python\Python311\Lib\site-packages\construct\core.py", line 348, in build_stream
    self._build(obj, stream, context, "(building)")
  File "C:\Users\Jeremy\AppData\Local\Programs\Python\Python311\Lib\site-packages\construct\core.py", line 708, in _build
    buildret = self.subcon._build(obj2, stream, context, path)
               ^^^^^^^^^^^^^^^^^^^^^^^^^^^^^^^^^^^^^^^^^^^^^^^
  File "C:\Users\Jeremy\AppData\Local\Programs\Python\Python311\Lib\site-packages\construct\core.py", line 2139, in _build
    subobj = obj[sc.name] # raises KeyError
             ~~~^^^^^^^^^
KeyError: 'signed_msg_order_params'

During handling of the above exception, another exception occurred:

Traceback (most recent call last):
  File "C:\Users\Jeremy\OneDrive\Documents\Drift_bots\drift-swift\libs\drift\client.py", line 1121, in place_order
    tx_sig = await self._driver.place_perp_order(order_params)
             ^^^^^^^^^^^^^^^^^^^^^^^^^^^^^^^^^^^^^^^^^^^^^^^^^
  File "C:\Users\Jeremy\AppData\Local\Programs\Python\Python311\Lib\site-packages\driftpy\drift_client.py", line 1389, in place_perp_order
    self.get_place_perp_order_ix(order_params, sub_account_id),
    ^^^^^^^^^^^^^^^^^^^^^^^^^^^^^^^^^^^^^^^^^^^^^^^^^^^^^^^^^^
  File "C:\Users\Jeremy\AppData\Local\Programs\Python\Python311\Lib\site-packages\driftpy\drift_client.py", line 1409, in get_place_perp_order_ix
    user_accounts=[self.get_user_account(sub_account_id)],
                   ^^^^^^^^^^^^^^^^^^^^^^^^^^^^^^^^^^^^^
  File "C:\Users\Jeremy\AppData\Local\Programs\Python\Python311\Lib\site-packages\driftpy\drift_client.py", line 374, in get_user_account
    return self.get_user(sub_account_id).get_user_account()
           ^^^^^^^^^^^^^^^^^^^^^^^^^^^^^^^^^^^^^^^^^^^^^^^^
  File "C:\Users\Jeremy\AppData\Local\Programs\Python\Python311\Lib\site-packages\driftpy\drift_user.py", line 128, in get_user_account
    return self.account_subscriber.get_user_account_and_slot().data
           ^^^^^^^^^^^^^^^^^^^^^^^^^^^^^^^^^^^^^^^^^^^^^^^^^^^^^^^^
AttributeError: 'NoneType' object has no attribute 'data'
2025-09-18 19:17:48,485 - libs.drift.client - WARNING - 🚨 FALLBACK TO MOCK ORDER: MOCK-468485 (Real blockchain failed)
2025-09-18 19:17:48,485 - libs.drift.client - WARNING -    Order details: side=buy, price=245918779.012044, size_usd=2.0
2025-09-18 19:17:58,143 - __main__ - INFO - 💚 System health check: Running
2025-09-18 19:18:24,610 - __main__ - INFO - 💚 System health check: Running
2025-09-18 19:18:58,142 - __main__ - INFO - 💚 System health check: Running
2025-09-18 19:19:24,614 - __main__ - INFO - 💚 System health check: Running
2025-09-18 19:19:58,142 - __main__ - INFO - 💚 System health check: Running
2025-09-18 19:20:24,614 - __main__ - INFO - 💚 System health check: Running
2025-09-18 19:20:58,143 - __main__ - INFO - 💚 System health check: Running
2025-09-18 19:21:24,627 - __main__ - INFO - 💚 System health check: Running
2025-09-18 19:21:58,134 - __main__ - INFO - 💚 System health check: Running
2025-09-18 19:22:24,637 - __main__ - INFO - 💚 System health check: Running
2025-09-18 19:22:45,266 - __main__ - INFO - ============================================================
2025-09-18 19:22:45,266 - __main__ - INFO - 🚀 PRODUCTION DEPLOYMENT: Enhanced JIT Bot + Quality First Hedger
2025-09-18 19:22:45,267 - __main__ - INFO - ============================================================
2025-09-18 19:22:45,267 - __main__ - INFO - 🚀 Deploying dual bot system...
2025-09-18 19:22:45,267 - __main__ - INFO - 🚀 Setting up production environment...
2025-09-18 19:22:45,268 - __main__ - INFO - ✅ DRIFT_ENV: devnet
2025-09-18 19:22:45,268 - __main__ - INFO - ✅ USE_MOCK: true
2025-09-18 19:22:45,268 - __main__ - INFO - ✅ DRIFT_ENVIRONMENT: devnet
2025-09-18 19:22:45,269 - __main__ - INFO - ✅ PYTHONUNBUFFERED: 1
2025-09-18 19:22:45,269 - __main__ - INFO - ✅ BOT_PERFORMANCE_MODE: optimized
2025-09-18 19:22:45,269 - __main__ - INFO - ✅ ENABLE_COORDINATION: true
2025-09-18 19:22:45,269 - __main__ - INFO - ✅ HEALTH_MONITORING: true
2025-09-18 19:22:45,270 - __main__ - INFO - ✅ ENHANCED_JIT_ENABLED: true
2025-09-18 19:22:45,270 - __main__ - INFO - ✅ QUALITY_FIRST_HEDGER_ENABLED: true
2025-09-18 19:22:45,270 - __main__ - INFO - ✅ COORDINATION_ENGINE_ENABLED: true
2025-09-18 19:22:45,270 - __main__ - INFO - ✅ Production environment configured
2025-09-18 19:22:45,270 - __main__ - INFO - 🔍 Validating production readiness...
2025-09-18 19:22:45,272 - __main__ - INFO - ✅ All production components validated
2025-09-18 19:22:45,272 - __main__ - INFO - 🔧 Launching advanced orchestrator with dual bot configuration...
2025-09-18 19:22:45,315 - __main__ - INFO - ✅ Dual bot configuration created
2025-09-18 19:22:45,316 - __main__ - INFO - 🚀 Starting advanced orchestrator...
2025-09-18 19:22:47,411 - libs.configs.centralized_config_manager - INFO - Switched to environment: devnet
2025-09-18 19:22:47,411 - libs.configs.centralized_config_manager - INFO - Loaded configuration from configs/environments.yaml
2025-09-18 19:22:48,766 - WALLET_CORRUPTION_PERMANENT_FIX - INFO - ✅ Wallet loaded and validated: 5bhkrtyZxRZinWG19iApYM6ykn2J6fZWCZw9DkqM7U2j
2025-09-18 19:22:48,766 - libs.drift.client - INFO - ✅ Loaded validated wallet for DriftPy client: 5bhkrtyZxRZinWG19iApYM6ykn2J6fZWCZw9DkqM7U2j
2025-09-18 19:22:53,722 - httpx - INFO - HTTP Request: POST https://devnet.helius-rpc.com/?api-key=2728d54b-ce26-4696-bb4d-dc8170fcd494 "HTTP/1.1 200 OK"
2025-09-18 19:22:53,879 - httpx - INFO - HTTP Request: POST https://devnet.helius-rpc.com/?api-key=2728d54b-ce26-4696-bb4d-dc8170fcd494 "HTTP/1.1 200 OK"
2025-09-18 19:22:54,957 - httpx - INFO - HTTP Request: POST https://devnet.helius-rpc.com/?api-key=2728d54b-ce26-4696-bb4d-dc8170fcd494 "HTTP/1.1 200 OK"
2025-09-18 19:22:55,046 - httpx - INFO - HTTP Request: POST https://devnet.helius-rpc.com/?api-key=2728d54b-ce26-4696-bb4d-dc8170fcd494 "HTTP/1.1 200 OK"
2025-09-18 19:22:56,171 - httpx - INFO - HTTP Request: POST https://devnet.helius-rpc.com/?api-key=2728d54b-ce26-4696-bb4d-dc8170fcd494 "HTTP/1.1 200 OK"
2025-09-18 19:22:56,279 - httpx - INFO - HTTP Request: POST https://devnet.helius-rpc.com/?api-key=2728d54b-ce26-4696-bb4d-dc8170fcd494 "HTTP/1.1 200 OK"
2025-09-18 19:22:56,280 - libs.drift.client - INFO - ✅ driftpy connected and subscribed (env=devnet, rpc=https://devnet.helius-rpc.com/?api-key=2728d54b-ce26-4696-bb4d-dc8170fcd494)
2025-09-18 19:22:56,280 - libs.drift.client - INFO - User account initialized
2025-09-18 19:22:56,281 - libs.drift.client - WARNING - User verification failed: 'NoneType' object has no attribute 'data'
2025-09-18 19:22:56,281 - libs.drift.client - INFO - Drift client ready (user verification skipped)
2025-09-18 19:22:56,282 - libs.drift.client - INFO - ✅ Drift client initialized and subscribed
2025-09-18 19:22:56,282 - libs.drift.client - INFO - User account initialized
2025-09-18 19:22:56,283 - libs.drift.client - WARNING - User verification failed: 'NoneType' object has no attribute 'data'
2025-09-18 19:22:56,284 - libs.drift.client - INFO - Drift client ready (user verification skipped)
2025-09-18 19:22:56,284 - libs.drift.client - INFO - ✅ Drift client initialized and subscribed
2025-09-18 19:22:56,285 - libs.drift.client - INFO - User account initialized
2025-09-18 19:22:56,285 - libs.drift.client - WARNING - User verification failed: 'NoneType' object has no attribute 'data'
2025-09-18 19:22:56,285 - libs.drift.client - INFO - Drift client ready (user verification skipped)
2025-09-18 19:22:56,600 - httpx - INFO - HTTP Request: POST https://devnet.helius-rpc.com/?api-key=2728d54b-ce26-4696-bb4d-dc8170fcd494 "HTTP/1.1 200 OK"
2025-09-18 19:22:56,602 - libs.drift.client - WARNING - [ORDERBOOK] DLOB fallback failed: Cannot get oracle price data for DLOB
2025-09-18 19:22:56,603 - libs.drift.client - INFO - User account initialized
2025-09-18 19:22:56,603 - libs.drift.client - WARNING - User verification failed: 'NoneType' object has no attribute 'data'
2025-09-18 19:22:56,603 - libs.drift.client - INFO - Drift client ready (user verification skipped)
2025-09-18 19:22:56,605 - libs.drift.client - WARNING - Failed to create/sign order message: 'signed_msg_order_params'
2025-09-18 19:22:56,606 - libs.drift.client - ERROR - ❌ BLOCKCHAIN ORDER FAILED: 'NoneType' object has no attribute 'data'
Traceback (most recent call last):
  File "C:\Users\Jeremy\OneDrive\Documents\Drift_bots\drift-swift\libs\drift\client.py", line 1095, in place_order
    signed_message = self._driver.sign_signed_msg_order_params_message(order_params)
                     ^^^^^^^^^^^^^^^^^^^^^^^^^^^^^^^^^^^^^^^^^^^^^^^^^^^^^^^^^^^^^^^
  File "C:\Users\Jeremy\AppData\Local\Programs\Python\Python311\Lib\site-packages\driftpy\drift_client.py", line 2189, in sign_signed_msg_order_params_message
    borsh_buf = self.encode_signed_msg_order_params_message(
                ^^^^^^^^^^^^^^^^^^^^^^^^^^^^^^^^^^^^^^^^^^^^
  File "C:\Users\Jeremy\AppData\Local\Programs\Python\Python311\Lib\site-packages\driftpy\drift_client.py", line 2163, in encode_signed_msg_order_params_message
    encoded = self.program.coder.types.encode(
              ^^^^^^^^^^^^^^^^^^^^^^^^^^^^^^^^
  File "C:\Users\Jeremy\AppData\Local\Programs\Python\Python311\Lib\site-packages\anchorpy\coder\types.py", line 66, in encode
    return layout.build(data)
           ^^^^^^^^^^^^^^^^^^
  File "C:\Users\Jeremy\AppData\Local\Programs\Python\Python311\Lib\site-packages\construct\core.py", line 336, in build
    self.build_stream(obj, stream, **contextkw)
  File "C:\Users\Jeremy\AppData\Local\Programs\Python\Python311\Lib\site-packages\construct\core.py", line 348, in build_stream
    self._build(obj, stream, context, "(building)")
  File "C:\Users\Jeremy\AppData\Local\Programs\Python\Python311\Lib\site-packages\construct\core.py", line 708, in _build
    buildret = self.subcon._build(obj2, stream, context, path)
               ^^^^^^^^^^^^^^^^^^^^^^^^^^^^^^^^^^^^^^^^^^^^^^^
  File "C:\Users\Jeremy\AppData\Local\Programs\Python\Python311\Lib\site-packages\construct\core.py", line 2139, in _build
    subobj = obj[sc.name] # raises KeyError
             ~~~^^^^^^^^^
KeyError: 'signed_msg_order_params'

During handling of the above exception, another exception occurred:

Traceback (most recent call last):
  File "C:\Users\Jeremy\OneDrive\Documents\Drift_bots\drift-swift\libs\drift\client.py", line 1121, in place_order
    tx_sig = await self._driver.place_perp_order(order_params)
             ^^^^^^^^^^^^^^^^^^^^^^^^^^^^^^^^^^^^^^^^^^^^^^^^^
  File "C:\Users\Jeremy\AppData\Local\Programs\Python\Python311\Lib\site-packages\driftpy\drift_client.py", line 1389, in place_perp_order
    self.get_place_perp_order_ix(order_params, sub_account_id),
    ^^^^^^^^^^^^^^^^^^^^^^^^^^^^^^^^^^^^^^^^^^^^^^^^^^^^^^^^^^
  File "C:\Users\Jeremy\AppData\Local\Programs\Python\Python311\Lib\site-packages\driftpy\drift_client.py", line 1409, in get_place_perp_order_ix
    user_accounts=[self.get_user_account(sub_account_id)],
                   ^^^^^^^^^^^^^^^^^^^^^^^^^^^^^^^^^^^^^
  File "C:\Users\Jeremy\AppData\Local\Programs\Python\Python311\Lib\site-packages\driftpy\drift_client.py", line 374, in get_user_account
    return self.get_user(sub_account_id).get_user_account()
           ^^^^^^^^^^^^^^^^^^^^^^^^^^^^^^^^^^^^^^^^^^^^^^^^
  File "C:\Users\Jeremy\AppData\Local\Programs\Python\Python311\Lib\site-packages\driftpy\drift_user.py", line 128, in get_user_account
    return self.account_subscriber.get_user_account_and_slot().data
           ^^^^^^^^^^^^^^^^^^^^^^^^^^^^^^^^^^^^^^^^^^^^^^^^^^^^^^^^
AttributeError: 'NoneType' object has no attribute 'data'
2025-09-18 19:22:56,619 - libs.drift.client - WARNING - 🚨 FALLBACK TO MOCK ORDER: MOCK-776619 (Real blockchain failed)
2025-09-18 19:22:56,619 - libs.drift.client - WARNING -    Order details: side=buy, price=246238087.48993802, size_usd=2.0
2025-09-18 19:22:57,100 - libs.drift.client - INFO - User account initialized
2025-09-18 19:22:57,101 - libs.drift.client - WARNING - User verification failed: 'NoneType' object has no attribute 'data'
2025-09-18 19:22:57,101 - libs.drift.client - INFO - Drift client ready (user verification skipped)
2025-09-18 19:22:57,101 - libs.drift.client - WARNING - Failed to create/sign order message: 'signed_msg_order_params'
2025-09-18 19:22:57,102 - libs.drift.client - ERROR - ❌ BLOCKCHAIN ORDER FAILED: 'NoneType' object has no attribute 'data'
Traceback (most recent call last):
  File "C:\Users\Jeremy\OneDrive\Documents\Drift_bots\drift-swift\libs\drift\client.py", line 1095, in place_order
    signed_message = self._driver.sign_signed_msg_order_params_message(order_params)
                     ^^^^^^^^^^^^^^^^^^^^^^^^^^^^^^^^^^^^^^^^^^^^^^^^^^^^^^^^^^^^^^^
  File "C:\Users\Jeremy\AppData\Local\Programs\Python\Python311\Lib\site-packages\driftpy\drift_client.py", line 2189, in sign_signed_msg_order_params_message
    borsh_buf = self.encode_signed_msg_order_params_message(
                ^^^^^^^^^^^^^^^^^^^^^^^^^^^^^^^^^^^^^^^^^^^^
  File "C:\Users\Jeremy\AppData\Local\Programs\Python\Python311\Lib\site-packages\driftpy\drift_client.py", line 2163, in encode_signed_msg_order_params_message
    encoded = self.program.coder.types.encode(
              ^^^^^^^^^^^^^^^^^^^^^^^^^^^^^^^^
  File "C:\Users\Jeremy\AppData\Local\Programs\Python\Python311\Lib\site-packages\anchorpy\coder\types.py", line 66, in encode
    return layout.build(data)
           ^^^^^^^^^^^^^^^^^^
  File "C:\Users\Jeremy\AppData\Local\Programs\Python\Python311\Lib\site-packages\construct\core.py", line 336, in build
    self.build_stream(obj, stream, **contextkw)
  File "C:\Users\Jeremy\AppData\Local\Programs\Python\Python311\Lib\site-packages\construct\core.py", line 348, in build_stream
    self._build(obj, stream, context, "(building)")
  File "C:\Users\Jeremy\AppData\Local\Programs\Python\Python311\Lib\site-packages\construct\core.py", line 708, in _build
    buildret = self.subcon._build(obj2, stream, context, path)
               ^^^^^^^^^^^^^^^^^^^^^^^^^^^^^^^^^^^^^^^^^^^^^^^
  File "C:\Users\Jeremy\AppData\Local\Programs\Python\Python311\Lib\site-packages\construct\core.py", line 2139, in _build
    subobj = obj[sc.name] # raises KeyError
             ~~~^^^^^^^^^
KeyError: 'signed_msg_order_params'

During handling of the above exception, another exception occurred:

Traceback (most recent call last):
  File "C:\Users\Jeremy\OneDrive\Documents\Drift_bots\drift-swift\libs\drift\client.py", line 1121, in place_order
    tx_sig = await self._driver.place_perp_order(order_params)
             ^^^^^^^^^^^^^^^^^^^^^^^^^^^^^^^^^^^^^^^^^^^^^^^^^
  File "C:\Users\Jeremy\AppData\Local\Programs\Python\Python311\Lib\site-packages\driftpy\drift_client.py", line 1389, in place_perp_order
    self.get_place_perp_order_ix(order_params, sub_account_id),
    ^^^^^^^^^^^^^^^^^^^^^^^^^^^^^^^^^^^^^^^^^^^^^^^^^^^^^^^^^^
  File "C:\Users\Jeremy\AppData\Local\Programs\Python\Python311\Lib\site-packages\driftpy\drift_client.py", line 1409, in get_place_perp_order_ix
    user_accounts=[self.get_user_account(sub_account_id)],
                   ^^^^^^^^^^^^^^^^^^^^^^^^^^^^^^^^^^^^^
  File "C:\Users\Jeremy\AppData\Local\Programs\Python\Python311\Lib\site-packages\driftpy\drift_client.py", line 374, in get_user_account
    return self.get_user(sub_account_id).get_user_account()
           ^^^^^^^^^^^^^^^^^^^^^^^^^^^^^^^^^^^^^^^^^^^^^^^^
  File "C:\Users\Jeremy\AppData\Local\Programs\Python\Python311\Lib\site-packages\driftpy\drift_user.py", line 128, in get_user_account
    return self.account_subscriber.get_user_account_and_slot().data
           ^^^^^^^^^^^^^^^^^^^^^^^^^^^^^^^^^^^^^^^^^^^^^^^^^^^^^^^^
AttributeError: 'NoneType' object has no attribute 'data'
2025-09-18 19:22:57,106 - libs.drift.client - WARNING - 🚨 FALLBACK TO MOCK ORDER: MOCK-777106 (Real blockchain failed)
2025-09-18 19:22:57,106 - libs.drift.client - WARNING -    Order details: side=sell, price=246977911.11793795, size_usd=2.0
2025-09-18 19:22:57,623 - libs.drift.client - INFO - User account initialized
2025-09-18 19:22:57,623 - libs.drift.client - WARNING - User verification failed: 'NoneType' object has no attribute 'data'
2025-09-18 19:22:57,624 - libs.drift.client - INFO - Drift client ready (user verification skipped)
2025-09-18 19:22:57,625 - libs.drift.client - WARNING - Failed to create/sign order message: 'signed_msg_order_params'
2025-09-18 19:22:57,625 - libs.drift.client - ERROR - ❌ BLOCKCHAIN ORDER FAILED: 'NoneType' object has no attribute 'data'
Traceback (most recent call last):
  File "C:\Users\Jeremy\OneDrive\Documents\Drift_bots\drift-swift\libs\drift\client.py", line 1095, in place_order
    signed_message = self._driver.sign_signed_msg_order_params_message(order_params)
                     ^^^^^^^^^^^^^^^^^^^^^^^^^^^^^^^^^^^^^^^^^^^^^^^^^^^^^^^^^^^^^^^
  File "C:\Users\Jeremy\AppData\Local\Programs\Python\Python311\Lib\site-packages\driftpy\drift_client.py", line 2189, in sign_signed_msg_order_params_message
    borsh_buf = self.encode_signed_msg_order_params_message(
                ^^^^^^^^^^^^^^^^^^^^^^^^^^^^^^^^^^^^^^^^^^^^
  File "C:\Users\Jeremy\AppData\Local\Programs\Python\Python311\Lib\site-packages\driftpy\drift_client.py", line 2163, in encode_signed_msg_order_params_message
    encoded = self.program.coder.types.encode(
              ^^^^^^^^^^^^^^^^^^^^^^^^^^^^^^^^
  File "C:\Users\Jeremy\AppData\Local\Programs\Python\Python311\Lib\site-packages\anchorpy\coder\types.py", line 66, in encode
    return layout.build(data)
           ^^^^^^^^^^^^^^^^^^
  File "C:\Users\Jeremy\AppData\Local\Programs\Python\Python311\Lib\site-packages\construct\core.py", line 336, in build
    self.build_stream(obj, stream, **contextkw)
  File "C:\Users\Jeremy\AppData\Local\Programs\Python\Python311\Lib\site-packages\construct\core.py", line 348, in build_stream
    self._build(obj, stream, context, "(building)")
  File "C:\Users\Jeremy\AppData\Local\Programs\Python\Python311\Lib\site-packages\construct\core.py", line 708, in _build
    buildret = self.subcon._build(obj2, stream, context, path)
               ^^^^^^^^^^^^^^^^^^^^^^^^^^^^^^^^^^^^^^^^^^^^^^^
  File "C:\Users\Jeremy\AppData\Local\Programs\Python\Python311\Lib\site-packages\construct\core.py", line 2139, in _build
    subobj = obj[sc.name] # raises KeyError
             ~~~^^^^^^^^^
KeyError: 'signed_msg_order_params'

During handling of the above exception, another exception occurred:

Traceback (most recent call last):
  File "C:\Users\Jeremy\OneDrive\Documents\Drift_bots\drift-swift\libs\drift\client.py", line 1121, in place_order
    tx_sig = await self._driver.place_perp_order(order_params)
             ^^^^^^^^^^^^^^^^^^^^^^^^^^^^^^^^^^^^^^^^^^^^^^^^^
  File "C:\Users\Jeremy\AppData\Local\Programs\Python\Python311\Lib\site-packages\driftpy\drift_client.py", line 1389, in place_perp_order
    self.get_place_perp_order_ix(order_params, sub_account_id),
    ^^^^^^^^^^^^^^^^^^^^^^^^^^^^^^^^^^^^^^^^^^^^^^^^^^^^^^^^^^
  File "C:\Users\Jeremy\AppData\Local\Programs\Python\Python311\Lib\site-packages\driftpy\drift_client.py", line 1409, in get_place_perp_order_ix
    user_accounts=[self.get_user_account(sub_account_id)],
                   ^^^^^^^^^^^^^^^^^^^^^^^^^^^^^^^^^^^^^
  File "C:\Users\Jeremy\AppData\Local\Programs\Python\Python311\Lib\site-packages\driftpy\drift_client.py", line 374, in get_user_account
    return self.get_user(sub_account_id).get_user_account()
           ^^^^^^^^^^^^^^^^^^^^^^^^^^^^^^^^^^^^^^^^^^^^^^^^
  File "C:\Users\Jeremy\AppData\Local\Programs\Python\Python311\Lib\site-packages\driftpy\drift_user.py", line 128, in get_user_account
    return self.account_subscriber.get_user_account_and_slot().data
           ^^^^^^^^^^^^^^^^^^^^^^^^^^^^^^^^^^^^^^^^^^^^^^^^^^^^^^^^
AttributeError: 'NoneType' object has no attribute 'data'
2025-09-18 19:22:57,631 - libs.drift.client - WARNING - 🚨 FALLBACK TO MOCK ORDER: MOCK-777631 (Real blockchain failed)
2025-09-18 19:22:57,631 - libs.drift.client - WARNING -    Order details: side=buy, price=246238087.48993802, size_usd=2.0
2025-09-18 19:22:58,134 - __main__ - INFO - 💚 System health check: Running
2025-09-18 19:23:24,654 - __main__ - INFO - 💚 System health check: Running
2025-09-18 19:23:58,146 - __main__ - INFO - 💚 System health check: Running
2025-09-18 19:24:24,663 - __main__ - INFO - 💚 System health check: Running
2025-09-18 19:24:58,167 - __main__ - INFO - 💚 System health check: Running
2025-09-18 19:25:24,672 - __main__ - INFO - 💚 System health check: Running
2025-09-18 19:25:58,178 - __main__ - INFO - 💚 System health check: Running
2025-09-18 19:26:24,677 - __main__ - INFO - 💚 System health check: Running
2025-09-18 19:26:58,187 - __main__ - INFO - 💚 System health check: Running
2025-09-18 19:27:24,690 - __main__ - INFO - 💚 System health check: Running
2025-09-18 19:27:58,181 - __main__ - INFO - 💚 System health check: Running
2025-09-18 19:28:24,702 - __main__ - INFO - 💚 System health check: Running
2025-09-18 19:28:58,178 - __main__ - INFO - 💚 System health check: Running
2025-09-18 19:29:24,717 - __main__ - INFO - 💚 System health check: Running
2025-09-18 19:30:24,721 - __main__ - INFO - 💚 System health check: Running
2025-09-18 19:30:58,209 - __main__ - INFO - 💚 System health check: Running
2025-09-18 19:31:24,725 - __main__ - INFO - 💚 System health check: Running
2025-09-18 19:31:58,219 - __main__ - INFO - 💚 System health check: Running
2025-09-18 19:32:24,726 - __main__ - INFO - 💚 System health check: Running
2025-09-18 19:32:58,232 - __main__ - INFO - 💚 System health check: Running
2025-09-18 19:33:24,737 - __main__ - INFO - 💚 System health check: Running
2025-09-18 19:33:58,237 - __main__ - INFO - 💚 System health check: Running
2025-09-18 19:34:24,744 - __main__ - INFO - 💚 System health check: Running
2025-09-18 19:34:58,244 - __main__ - INFO - 💚 System health check: Running
2025-09-18 19:35:24,758 - __main__ - INFO - 💚 System health check: Running
2025-09-18 19:35:58,256 - __main__ - INFO - 💚 System health check: Running
2025-09-18 19:36:19,096 - __main__ - INFO - ============================================================
2025-09-18 19:36:19,097 - __main__ - INFO - 🚀 PRODUCTION DEPLOYMENT: Enhanced JIT Bot + Quality First Hedger
2025-09-18 19:36:19,098 - __main__ - INFO - ============================================================
2025-09-18 19:36:19,099 - __main__ - INFO - 🚀 Deploying dual bot system...
2025-09-18 19:36:19,099 - __main__ - INFO - 🚀 Setting up production environment...
2025-09-18 19:36:19,100 - __main__ - INFO - ✅ DRIFT_ENV: devnet
2025-09-18 19:36:19,101 - __main__ - INFO - ✅ USE_MOCK: true
2025-09-18 19:36:19,108 - __main__ - INFO - ✅ DRIFT_ENVIRONMENT: devnet
2025-09-18 19:36:19,108 - __main__ - INFO - ✅ PYTHONUNBUFFERED: 1
2025-09-18 19:36:19,110 - __main__ - INFO - ✅ BOT_PERFORMANCE_MODE: optimized
2025-09-18 19:36:19,111 - __main__ - INFO - ✅ ENABLE_COORDINATION: true
2025-09-18 19:36:19,113 - __main__ - INFO - ✅ HEALTH_MONITORING: true
2025-09-18 19:36:19,113 - __main__ - INFO - ✅ ENHANCED_JIT_ENABLED: true
2025-09-18 19:36:19,113 - __main__ - INFO - ✅ QUALITY_FIRST_HEDGER_ENABLED: true
2025-09-18 19:36:19,114 - __main__ - INFO - ✅ COORDINATION_ENGINE_ENABLED: true
2025-09-18 19:36:19,114 - __main__ - INFO - ✅ Production environment configured
2025-09-18 19:36:19,115 - __main__ - INFO - 🔍 Validating production readiness...
2025-09-18 19:36:19,117 - __main__ - INFO - ✅ All production components validated
2025-09-18 19:36:19,117 - __main__ - INFO - 🔧 Launching advanced orchestrator with dual bot configuration...
2025-09-18 19:36:19,194 - __main__ - INFO - ✅ Dual bot configuration created
2025-09-18 19:36:19,195 - __main__ - INFO - 🚀 Starting advanced orchestrator...
2025-09-18 19:36:21,528 - libs.configs.centralized_config_manager - INFO - Switched to environment: devnet
2025-09-18 19:36:21,529 - libs.configs.centralized_config_manager - INFO - Loaded configuration from configs/environments.yaml
2025-09-18 19:36:23,010 - WALLET_CORRUPTION_PERMANENT_FIX - INFO - ✅ Wallet loaded and validated: 5bhkrtyZxRZinWG19iApYM6ykn2J6fZWCZw9DkqM7U2j
2025-09-18 19:36:23,010 - libs.drift.client - INFO - ✅ Loaded validated wallet for DriftPy client: 5bhkrtyZxRZinWG19iApYM6ykn2J6fZWCZw9DkqM7U2j
2025-09-18 19:36:24,724 - httpx - INFO - HTTP Request: POST https://devnet.helius-rpc.com/?api-key=2728d54b-ce26-4696-bb4d-dc8170fcd494 "HTTP/1.1 200 OK"
2025-09-18 19:36:24,782 - __main__ - INFO - 💚 System health check: Running
2025-09-18 19:36:24,907 - httpx - INFO - HTTP Request: POST https://devnet.helius-rpc.com/?api-key=2728d54b-ce26-4696-bb4d-dc8170fcd494 "HTTP/1.1 200 OK"
2025-09-18 19:36:25,230 - httpx - INFO - HTTP Request: POST https://devnet.helius-rpc.com/?api-key=2728d54b-ce26-4696-bb4d-dc8170fcd494 "HTTP/1.1 200 OK"
2025-09-18 19:36:25,412 - httpx - INFO - HTTP Request: POST https://devnet.helius-rpc.com/?api-key=2728d54b-ce26-4696-bb4d-dc8170fcd494 "HTTP/1.1 200 OK"
2025-09-18 19:36:27,239 - httpx - INFO - HTTP Request: POST https://devnet.helius-rpc.com/?api-key=2728d54b-ce26-4696-bb4d-dc8170fcd494 "HTTP/1.1 200 OK"
2025-09-18 19:36:27,603 - httpx - INFO - HTTP Request: POST https://devnet.helius-rpc.com/?api-key=2728d54b-ce26-4696-bb4d-dc8170fcd494 "HTTP/1.1 200 OK"
2025-09-18 19:36:27,605 - libs.drift.client - INFO - ✅ driftpy connected and subscribed (env=devnet, rpc=https://devnet.helius-rpc.com/?api-key=2728d54b-ce26-4696-bb4d-dc8170fcd494)
2025-09-18 19:36:27,606 - libs.drift.client - INFO - User account initialized
2025-09-18 19:36:27,606 - libs.drift.client - WARNING - User verification failed: 'NoneType' object has no attribute 'data'
2025-09-18 19:36:27,606 - libs.drift.client - INFO - Drift client ready (user verification skipped)
2025-09-18 19:36:27,607 - libs.drift.client - INFO - ✅ Drift client initialized and subscribed
2025-09-18 19:36:27,607 - libs.drift.client - INFO - User account initialized
2025-09-18 19:36:27,607 - libs.drift.client - WARNING - User verification failed: 'NoneType' object has no attribute 'data'
2025-09-18 19:36:27,607 - libs.drift.client - INFO - Drift client ready (user verification skipped)
2025-09-18 19:36:27,608 - libs.drift.client - INFO - ✅ Drift client initialized and subscribed
2025-09-18 19:36:27,608 - libs.drift.client - INFO - User account initialized
2025-09-18 19:36:27,608 - libs.drift.client - WARNING - User verification failed: 'NoneType' object has no attribute 'data'
2025-09-18 19:36:27,609 - libs.drift.client - INFO - Drift client ready (user verification skipped)
2025-09-18 19:36:27,738 - httpx - INFO - HTTP Request: POST https://devnet.helius-rpc.com/?api-key=2728d54b-ce26-4696-bb4d-dc8170fcd494 "HTTP/1.1 200 OK"
2025-09-18 19:36:27,739 - libs.drift.client - WARNING - [ORDERBOOK] DLOB fallback failed: Cannot get oracle price data for DLOB
2025-09-18 19:36:27,739 - libs.drift.client - INFO - User account initialized
2025-09-18 19:36:27,740 - libs.drift.client - WARNING - User verification failed: 'NoneType' object has no attribute 'data'
2025-09-18 19:36:27,740 - libs.drift.client - INFO - Drift client ready (user verification skipped)
2025-09-18 19:36:27,742 - libs.drift.client - WARNING - Failed to create/sign order message: 'signed_msg_order_params'
2025-09-18 19:36:27,742 - libs.drift.client - ERROR - ❌ BLOCKCHAIN ORDER FAILED: 'NoneType' object has no attribute 'data'
Traceback (most recent call last):
  File "C:\Users\Jeremy\OneDrive\Documents\Drift_bots\drift-swift\libs\drift\client.py", line 1095, in place_order
    signed_message = self._driver.sign_signed_msg_order_params_message(order_params)
                     ^^^^^^^^^^^^^^^^^^^^^^^^^^^^^^^^^^^^^^^^^^^^^^^^^^^^^^^^^^^^^^^
  File "C:\Users\Jeremy\AppData\Local\Programs\Python\Python311\Lib\site-packages\driftpy\drift_client.py", line 2189, in sign_signed_msg_order_params_message
    borsh_buf = self.encode_signed_msg_order_params_message(
                ^^^^^^^^^^^^^^^^^^^^^^^^^^^^^^^^^^^^^^^^^^^^
  File "C:\Users\Jeremy\AppData\Local\Programs\Python\Python311\Lib\site-packages\driftpy\drift_client.py", line 2163, in encode_signed_msg_order_params_message
    encoded = self.program.coder.types.encode(
              ^^^^^^^^^^^^^^^^^^^^^^^^^^^^^^^^
  File "C:\Users\Jeremy\AppData\Local\Programs\Python\Python311\Lib\site-packages\anchorpy\coder\types.py", line 66, in encode
    return layout.build(data)
           ^^^^^^^^^^^^^^^^^^
  File "C:\Users\Jeremy\AppData\Local\Programs\Python\Python311\Lib\site-packages\construct\core.py", line 336, in build
    self.build_stream(obj, stream, **contextkw)
  File "C:\Users\Jeremy\AppData\Local\Programs\Python\Python311\Lib\site-packages\construct\core.py", line 348, in build_stream
    self._build(obj, stream, context, "(building)")
  File "C:\Users\Jeremy\AppData\Local\Programs\Python\Python311\Lib\site-packages\construct\core.py", line 708, in _build
    buildret = self.subcon._build(obj2, stream, context, path)
               ^^^^^^^^^^^^^^^^^^^^^^^^^^^^^^^^^^^^^^^^^^^^^^^
  File "C:\Users\Jeremy\AppData\Local\Programs\Python\Python311\Lib\site-packages\construct\core.py", line 2139, in _build
    subobj = obj[sc.name] # raises KeyError
             ~~~^^^^^^^^^
KeyError: 'signed_msg_order_params'

During handling of the above exception, another exception occurred:

Traceback (most recent call last):
  File "C:\Users\Jeremy\OneDrive\Documents\Drift_bots\drift-swift\libs\drift\client.py", line 1121, in place_order
    tx_sig = await self._driver.place_perp_order(order_params)
             ^^^^^^^^^^^^^^^^^^^^^^^^^^^^^^^^^^^^^^^^^^^^^^^^^
  File "C:\Users\Jeremy\AppData\Local\Programs\Python\Python311\Lib\site-packages\driftpy\drift_client.py", line 1389, in place_perp_order
    self.get_place_perp_order_ix(order_params, sub_account_id),
    ^^^^^^^^^^^^^^^^^^^^^^^^^^^^^^^^^^^^^^^^^^^^^^^^^^^^^^^^^^
  File "C:\Users\Jeremy\AppData\Local\Programs\Python\Python311\Lib\site-packages\driftpy\drift_client.py", line 1409, in get_place_perp_order_ix
    user_accounts=[self.get_user_account(sub_account_id)],
                   ^^^^^^^^^^^^^^^^^^^^^^^^^^^^^^^^^^^^^
  File "C:\Users\Jeremy\AppData\Local\Programs\Python\Python311\Lib\site-packages\driftpy\drift_client.py", line 374, in get_user_account
    return self.get_user(sub_account_id).get_user_account()
           ^^^^^^^^^^^^^^^^^^^^^^^^^^^^^^^^^^^^^^^^^^^^^^^^
  File "C:\Users\Jeremy\AppData\Local\Programs\Python\Python311\Lib\site-packages\driftpy\drift_user.py", line 128, in get_user_account
    return self.account_subscriber.get_user_account_and_slot().data
           ^^^^^^^^^^^^^^^^^^^^^^^^^^^^^^^^^^^^^^^^^^^^^^^^^^^^^^^^
AttributeError: 'NoneType' object has no attribute 'data'
2025-09-18 19:36:27,758 - libs.drift.client - ERROR - [VERBOSE] 🚨 OTHER ERROR TYPE: AttributeError
2025-09-18 19:36:27,758 - libs.drift.client - WARNING - 🚨 FALLBACK TO MOCK ORDER: MOCK-587758 (Real blockchain failed)
2025-09-18 19:36:27,759 - libs.drift.client - WARNING -    Order details: side=buy, price=246565321.06630048, size_usd=2.0
2025-09-18 19:36:28,269 - libs.drift.client - INFO - User account initialized
2025-09-18 19:36:28,270 - libs.drift.client - WARNING - User verification failed: 'NoneType' object has no attribute 'data'
2025-09-18 19:36:28,270 - libs.drift.client - INFO - Drift client ready (user verification skipped)
2025-09-18 19:36:28,271 - libs.drift.client - WARNING - Failed to create/sign order message: 'signed_msg_order_params'
2025-09-18 19:36:28,272 - libs.drift.client - ERROR - ❌ BLOCKCHAIN ORDER FAILED: 'NoneType' object has no attribute 'data'
Traceback (most recent call last):
  File "C:\Users\Jeremy\OneDrive\Documents\Drift_bots\drift-swift\libs\drift\client.py", line 1095, in place_order
    signed_message = self._driver.sign_signed_msg_order_params_message(order_params)
                     ^^^^^^^^^^^^^^^^^^^^^^^^^^^^^^^^^^^^^^^^^^^^^^^^^^^^^^^^^^^^^^^
  File "C:\Users\Jeremy\AppData\Local\Programs\Python\Python311\Lib\site-packages\driftpy\drift_client.py", line 2189, in sign_signed_msg_order_params_message
    borsh_buf = self.encode_signed_msg_order_params_message(
                ^^^^^^^^^^^^^^^^^^^^^^^^^^^^^^^^^^^^^^^^^^^^
  File "C:\Users\Jeremy\AppData\Local\Programs\Python\Python311\Lib\site-packages\driftpy\drift_client.py", line 2163, in encode_signed_msg_order_params_message
    encoded = self.program.coder.types.encode(
              ^^^^^^^^^^^^^^^^^^^^^^^^^^^^^^^^
  File "C:\Users\Jeremy\AppData\Local\Programs\Python\Python311\Lib\site-packages\anchorpy\coder\types.py", line 66, in encode
    return layout.build(data)
           ^^^^^^^^^^^^^^^^^^
  File "C:\Users\Jeremy\AppData\Local\Programs\Python\Python311\Lib\site-packages\construct\core.py", line 336, in build
    self.build_stream(obj, stream, **contextkw)
  File "C:\Users\Jeremy\AppData\Local\Programs\Python\Python311\Lib\site-packages\construct\core.py", line 348, in build_stream
    self._build(obj, stream, context, "(building)")
  File "C:\Users\Jeremy\AppData\Local\Programs\Python\Python311\Lib\site-packages\construct\core.py", line 708, in _build
    buildret = self.subcon._build(obj2, stream, context, path)
               ^^^^^^^^^^^^^^^^^^^^^^^^^^^^^^^^^^^^^^^^^^^^^^^
  File "C:\Users\Jeremy\AppData\Local\Programs\Python\Python311\Lib\site-packages\construct\core.py", line 2139, in _build
    subobj = obj[sc.name] # raises KeyError
             ~~~^^^^^^^^^
KeyError: 'signed_msg_order_params'

During handling of the above exception, another exception occurred:

Traceback (most recent call last):
  File "C:\Users\Jeremy\OneDrive\Documents\Drift_bots\drift-swift\libs\drift\client.py", line 1121, in place_order
    tx_sig = await self._driver.place_perp_order(order_params)
             ^^^^^^^^^^^^^^^^^^^^^^^^^^^^^^^^^^^^^^^^^^^^^^^^^
  File "C:\Users\Jeremy\AppData\Local\Programs\Python\Python311\Lib\site-packages\driftpy\drift_client.py", line 1389, in place_perp_order
    self.get_place_perp_order_ix(order_params, sub_account_id),
    ^^^^^^^^^^^^^^^^^^^^^^^^^^^^^^^^^^^^^^^^^^^^^^^^^^^^^^^^^^
  File "C:\Users\Jeremy\AppData\Local\Programs\Python\Python311\Lib\site-packages\driftpy\drift_client.py", line 1409, in get_place_perp_order_ix
    user_accounts=[self.get_user_account(sub_account_id)],
                   ^^^^^^^^^^^^^^^^^^^^^^^^^^^^^^^^^^^^^
  File "C:\Users\Jeremy\AppData\Local\Programs\Python\Python311\Lib\site-packages\driftpy\drift_client.py", line 374, in get_user_account
    return self.get_user(sub_account_id).get_user_account()
           ^^^^^^^^^^^^^^^^^^^^^^^^^^^^^^^^^^^^^^^^^^^^^^^^
  File "C:\Users\Jeremy\AppData\Local\Programs\Python\Python311\Lib\site-packages\driftpy\drift_user.py", line 128, in get_user_account
    return self.account_subscriber.get_user_account_and_slot().data
           ^^^^^^^^^^^^^^^^^^^^^^^^^^^^^^^^^^^^^^^^^^^^^^^^^^^^^^^^
AttributeError: 'NoneType' object has no attribute 'data'
2025-09-18 19:36:28,279 - libs.drift.client - ERROR - [VERBOSE] 🚨 OTHER ERROR TYPE: AttributeError
2025-09-18 19:36:28,279 - libs.drift.client - WARNING - 🚨 FALLBACK TO MOCK ORDER: MOCK-588279 (Real blockchain failed)
2025-09-18 19:36:28,280 - libs.drift.client - WARNING -    Order details: side=sell, price=247306127.86930048, size_usd=2.0
2025-09-18 19:36:28,770 - libs.drift.client - INFO - User account initialized
2025-09-18 19:36:28,771 - libs.drift.client - WARNING - User verification failed: 'NoneType' object has no attribute 'data'
2025-09-18 19:36:28,771 - libs.drift.client - INFO - Drift client ready (user verification skipped)
2025-09-18 19:36:28,772 - libs.drift.client - WARNING - Failed to create/sign order message: 'signed_msg_order_params'
2025-09-18 19:36:28,772 - libs.drift.client - ERROR - ❌ BLOCKCHAIN ORDER FAILED: 'NoneType' object has no attribute 'data'
Traceback (most recent call last):
  File "C:\Users\Jeremy\OneDrive\Documents\Drift_bots\drift-swift\libs\drift\client.py", line 1095, in place_order
    signed_message = self._driver.sign_signed_msg_order_params_message(order_params)
                     ^^^^^^^^^^^^^^^^^^^^^^^^^^^^^^^^^^^^^^^^^^^^^^^^^^^^^^^^^^^^^^^
  File "C:\Users\Jeremy\AppData\Local\Programs\Python\Python311\Lib\site-packages\driftpy\drift_client.py", line 2189, in sign_signed_msg_order_params_message
    borsh_buf = self.encode_signed_msg_order_params_message(
                ^^^^^^^^^^^^^^^^^^^^^^^^^^^^^^^^^^^^^^^^^^^^
  File "C:\Users\Jeremy\AppData\Local\Programs\Python\Python311\Lib\site-packages\driftpy\drift_client.py", line 2163, in encode_signed_msg_order_params_message
    encoded = self.program.coder.types.encode(
              ^^^^^^^^^^^^^^^^^^^^^^^^^^^^^^^^
  File "C:\Users\Jeremy\AppData\Local\Programs\Python\Python311\Lib\site-packages\anchorpy\coder\types.py", line 66, in encode
    return layout.build(data)
           ^^^^^^^^^^^^^^^^^^
  File "C:\Users\Jeremy\AppData\Local\Programs\Python\Python311\Lib\site-packages\construct\core.py", line 336, in build
    self.build_stream(obj, stream, **contextkw)
  File "C:\Users\Jeremy\AppData\Local\Programs\Python\Python311\Lib\site-packages\construct\core.py", line 348, in build_stream
    self._build(obj, stream, context, "(building)")
  File "C:\Users\Jeremy\AppData\Local\Programs\Python\Python311\Lib\site-packages\construct\core.py", line 708, in _build
    buildret = self.subcon._build(obj2, stream, context, path)
               ^^^^^^^^^^^^^^^^^^^^^^^^^^^^^^^^^^^^^^^^^^^^^^^
  File "C:\Users\Jeremy\AppData\Local\Programs\Python\Python311\Lib\site-packages\construct\core.py", line 2139, in _build
    subobj = obj[sc.name] # raises KeyError
             ~~~^^^^^^^^^
KeyError: 'signed_msg_order_params'

During handling of the above exception, another exception occurred:

Traceback (most recent call last):
  File "C:\Users\Jeremy\OneDrive\Documents\Drift_bots\drift-swift\libs\drift\client.py", line 1121, in place_order
    tx_sig = await self._driver.place_perp_order(order_params)
             ^^^^^^^^^^^^^^^^^^^^^^^^^^^^^^^^^^^^^^^^^^^^^^^^^
  File "C:\Users\Jeremy\AppData\Local\Programs\Python\Python311\Lib\site-packages\driftpy\drift_client.py", line 1389, in place_perp_order
    self.get_place_perp_order_ix(order_params, sub_account_id),
    ^^^^^^^^^^^^^^^^^^^^^^^^^^^^^^^^^^^^^^^^^^^^^^^^^^^^^^^^^^
  File "C:\Users\Jeremy\AppData\Local\Programs\Python\Python311\Lib\site-packages\driftpy\drift_client.py", line 1409, in get_place_perp_order_ix
    user_accounts=[self.get_user_account(sub_account_id)],
                   ^^^^^^^^^^^^^^^^^^^^^^^^^^^^^^^^^^^^^
  File "C:\Users\Jeremy\AppData\Local\Programs\Python\Python311\Lib\site-packages\driftpy\drift_client.py", line 374, in get_user_account
    return self.get_user(sub_account_id).get_user_account()
           ^^^^^^^^^^^^^^^^^^^^^^^^^^^^^^^^^^^^^^^^^^^^^^^^
  File "C:\Users\Jeremy\AppData\Local\Programs\Python\Python311\Lib\site-packages\driftpy\drift_user.py", line 128, in get_user_account
    return self.account_subscriber.get_user_account_and_slot().data
           ^^^^^^^^^^^^^^^^^^^^^^^^^^^^^^^^^^^^^^^^^^^^^^^^^^^^^^^^
AttributeError: 'NoneType' object has no attribute 'data'
2025-09-18 19:36:28,777 - libs.drift.client - ERROR - [VERBOSE] 🚨 OTHER ERROR TYPE: AttributeError
2025-09-18 19:36:28,778 - libs.drift.client - WARNING - 🚨 FALLBACK TO MOCK ORDER: MOCK-588778 (Real blockchain failed)
2025-09-18 19:36:28,778 - libs.drift.client - WARNING -    Order details: side=buy, price=246565321.06630048, size_usd=2.0
2025-09-18 19:36:58,281 - __main__ - INFO - 💚 System health check: Running
2025-09-18 19:37:24,790 - __main__ - INFO - 💚 System health check: Running
2025-09-18 19:37:58,283 - __main__ - INFO - 💚 System health check: Running
2025-09-18 19:38:24,805 - __main__ - INFO - 💚 System health check: Running
2025-09-18 19:38:58,285 - __main__ - INFO - 💚 System health check: Running
2025-09-18 19:39:24,811 - __main__ - INFO - 💚 System health check: Running
2025-09-18 19:39:58,313 - __main__ - INFO - 💚 System health check: Running
2025-09-18 19:40:24,812 - __main__ - INFO - 💚 System health check: Running
2025-09-18 19:40:58,318 - __main__ - INFO - 💚 System health check: Running
2025-09-18 19:41:24,814 - __main__ - INFO - 💚 System health check: Running
2025-09-18 19:41:58,319 - __main__ - INFO - 💚 System health check: Running
2025-09-18 19:42:24,822 - __main__ - INFO - 💚 System health check: Running
2025-09-18 19:42:58,336 - __main__ - INFO - 💚 System health check: Running
2025-09-18 19:43:04,709 - __main__ - INFO - ============================================================
2025-09-18 19:43:04,714 - __main__ - INFO - 🚀 PRODUCTION DEPLOYMENT: Enhanced JIT Bot + Quality First Hedger
2025-09-18 19:43:04,721 - __main__ - INFO - ============================================================
2025-09-18 19:43:04,722 - __main__ - INFO - 🚀 Deploying dual bot system...
2025-09-18 19:43:04,723 - __main__ - INFO - 🚀 Setting up production environment...
2025-09-18 19:43:04,731 - __main__ - INFO - ✅ DRIFT_ENV: devnet
2025-09-18 19:43:04,747 - __main__ - INFO - ✅ USE_MOCK: true
2025-09-18 19:43:04,761 - __main__ - INFO - ✅ DRIFT_ENVIRONMENT: devnet
2025-09-18 19:43:04,762 - __main__ - INFO - ✅ PYTHONUNBUFFERED: 1
2025-09-18 19:43:04,765 - __main__ - INFO - ✅ BOT_PERFORMANCE_MODE: optimized
2025-09-18 19:43:04,765 - __main__ - INFO - ✅ ENABLE_COORDINATION: true
2025-09-18 19:43:04,766 - __main__ - INFO - ✅ HEALTH_MONITORING: true
2025-09-18 19:43:04,767 - __main__ - INFO - ✅ ENHANCED_JIT_ENABLED: true
2025-09-18 19:43:04,768 - __main__ - INFO - ✅ QUALITY_FIRST_HEDGER_ENABLED: true
2025-09-18 19:43:04,772 - __main__ - INFO - ✅ COORDINATION_ENGINE_ENABLED: true
2025-09-18 19:43:04,773 - __main__ - INFO - ✅ Production environment configured
2025-09-18 19:43:04,774 - __main__ - INFO - 🔍 Validating production readiness...
2025-09-18 19:43:04,778 - __main__ - INFO - ✅ All production components validated
2025-09-18 19:43:04,779 - __main__ - INFO - 🔧 Launching advanced orchestrator with dual bot configuration...
2025-09-18 19:43:04,836 - __main__ - INFO - ✅ Dual bot configuration created
2025-09-18 19:43:04,839 - __main__ - INFO - 🚀 Starting advanced orchestrator...
2025-09-18 19:43:07,199 - libs.configs.centralized_config_manager - INFO - Switched to environment: devnet
2025-09-18 19:43:07,200 - libs.configs.centralized_config_manager - INFO - Loaded configuration from configs/environments.yaml
2025-09-18 19:43:08,226 - WALLET_CORRUPTION_PERMANENT_FIX - INFO - ✅ Wallet loaded and validated: 5bhkrtyZxRZinWG19iApYM6ykn2J6fZWCZw9DkqM7U2j
2025-09-18 19:43:08,227 - libs.drift.client - INFO - ✅ Loaded validated wallet for DriftPy client: 5bhkrtyZxRZinWG19iApYM6ykn2J6fZWCZw9DkqM7U2j
2025-09-18 19:43:10,106 - httpx - INFO - HTTP Request: POST https://devnet.helius-rpc.com/?api-key=2728d54b-ce26-4696-bb4d-dc8170fcd494 "HTTP/1.1 200 OK"
2025-09-18 19:43:10,255 - httpx - INFO - HTTP Request: POST https://devnet.helius-rpc.com/?api-key=2728d54b-ce26-4696-bb4d-dc8170fcd494 "HTTP/1.1 200 OK"
2025-09-18 19:43:10,645 - httpx - INFO - HTTP Request: POST https://devnet.helius-rpc.com/?api-key=2728d54b-ce26-4696-bb4d-dc8170fcd494 "HTTP/1.1 200 OK"
2025-09-18 19:43:10,813 - httpx - INFO - HTTP Request: POST https://devnet.helius-rpc.com/?api-key=2728d54b-ce26-4696-bb4d-dc8170fcd494 "HTTP/1.1 200 OK"
2025-09-18 19:43:11,940 - httpx - INFO - HTTP Request: POST https://devnet.helius-rpc.com/?api-key=2728d54b-ce26-4696-bb4d-dc8170fcd494 "HTTP/1.1 200 OK"
2025-09-18 19:43:12,091 - httpx - INFO - HTTP Request: POST https://devnet.helius-rpc.com/?api-key=2728d54b-ce26-4696-bb4d-dc8170fcd494 "HTTP/1.1 200 OK"
2025-09-18 19:43:12,092 - libs.drift.client - INFO - ✅ driftpy connected and subscribed (env=devnet, rpc=https://devnet.helius-rpc.com/?api-key=2728d54b-ce26-4696-bb4d-dc8170fcd494)
2025-09-18 19:43:12,093 - libs.drift.client - INFO - User account initialized
2025-09-18 19:43:12,093 - libs.drift.client - WARNING - User verification failed: 'NoneType' object has no attribute 'data'
2025-09-18 19:43:12,093 - libs.drift.client - INFO - Drift client ready (user verification skipped)
2025-09-18 19:43:12,094 - libs.drift.client - INFO - ✅ Drift client initialized and subscribed
2025-09-18 19:43:12,094 - libs.drift.client - INFO - User account initialized
2025-09-18 19:43:12,094 - libs.drift.client - WARNING - User verification failed: 'NoneType' object has no attribute 'data'
2025-09-18 19:43:12,094 - libs.drift.client - INFO - Drift client ready (user verification skipped)
2025-09-18 19:43:12,095 - libs.drift.client - INFO - ✅ Drift client initialized and subscribed
2025-09-18 19:43:12,095 - libs.drift.client - INFO - User account initialized
2025-09-18 19:43:12,095 - libs.drift.client - WARNING - User verification failed: 'NoneType' object has no attribute 'data'
2025-09-18 19:43:12,095 - libs.drift.client - INFO - Drift client ready (user verification skipped)
2025-09-18 19:43:12,291 - httpx - INFO - HTTP Request: POST https://devnet.helius-rpc.com/?api-key=2728d54b-ce26-4696-bb4d-dc8170fcd494 "HTTP/1.1 200 OK"
2025-09-18 19:43:12,294 - libs.drift.client - WARNING - [ORDERBOOK] DLOB fallback failed: Cannot get oracle price data for DLOB
2025-09-18 19:43:12,295 - libs.drift.client - INFO - User account initialized
2025-09-18 19:43:12,295 - libs.drift.client - WARNING - User verification failed: 'NoneType' object has no attribute 'data'
2025-09-18 19:43:12,295 - libs.drift.client - INFO - Drift client ready (user verification skipped)
2025-09-18 19:43:12,296 - libs.drift.client - WARNING - Failed to create/sign order message: 'signed_msg_order_params'
2025-09-18 19:43:12,297 - libs.drift.client - ERROR - ❌ BLOCKCHAIN ORDER FAILED: 'NoneType' object has no attribute 'data'
Traceback (most recent call last):
  File "C:\Users\Jeremy\OneDrive\Documents\Drift_bots\drift-swift\libs\drift\client.py", line 1095, in place_order
    signed_message = self._driver.sign_signed_msg_order_params_message(order_params)
                     ^^^^^^^^^^^^^^^^^^^^^^^^^^^^^^^^^^^^^^^^^^^^^^^^^^^^^^^^^^^^^^^
  File "C:\Users\Jeremy\AppData\Local\Programs\Python\Python311\Lib\site-packages\driftpy\drift_client.py", line 2189, in sign_signed_msg_order_params_message
    borsh_buf = self.encode_signed_msg_order_params_message(
                ^^^^^^^^^^^^^^^^^^^^^^^^^^^^^^^^^^^^^^^^^^^^
  File "C:\Users\Jeremy\AppData\Local\Programs\Python\Python311\Lib\site-packages\driftpy\drift_client.py", line 2163, in encode_signed_msg_order_params_message
    encoded = self.program.coder.types.encode(
              ^^^^^^^^^^^^^^^^^^^^^^^^^^^^^^^^
  File "C:\Users\Jeremy\AppData\Local\Programs\Python\Python311\Lib\site-packages\anchorpy\coder\types.py", line 66, in encode
    return layout.build(data)
           ^^^^^^^^^^^^^^^^^^
  File "C:\Users\Jeremy\AppData\Local\Programs\Python\Python311\Lib\site-packages\construct\core.py", line 336, in build
    self.build_stream(obj, stream, **contextkw)
  File "C:\Users\Jeremy\AppData\Local\Programs\Python\Python311\Lib\site-packages\construct\core.py", line 348, in build_stream
    self._build(obj, stream, context, "(building)")
  File "C:\Users\Jeremy\AppData\Local\Programs\Python\Python311\Lib\site-packages\construct\core.py", line 708, in _build
    buildret = self.subcon._build(obj2, stream, context, path)
               ^^^^^^^^^^^^^^^^^^^^^^^^^^^^^^^^^^^^^^^^^^^^^^^
  File "C:\Users\Jeremy\AppData\Local\Programs\Python\Python311\Lib\site-packages\construct\core.py", line 2139, in _build
    subobj = obj[sc.name] # raises KeyError
             ~~~^^^^^^^^^
KeyError: 'signed_msg_order_params'

During handling of the above exception, another exception occurred:

Traceback (most recent call last):
  File "C:\Users\Jeremy\OneDrive\Documents\Drift_bots\drift-swift\libs\drift\client.py", line 1121, in place_order
    tx_sig = await self._driver.place_perp_order(order_params)
             ^^^^^^^^^^^^^^^^^^^^^^^^^^^^^^^^^^^^^^^^^^^^^^^^^
  File "C:\Users\Jeremy\AppData\Local\Programs\Python\Python311\Lib\site-packages\driftpy\drift_client.py", line 1389, in place_perp_order
    self.get_place_perp_order_ix(order_params, sub_account_id),
    ^^^^^^^^^^^^^^^^^^^^^^^^^^^^^^^^^^^^^^^^^^^^^^^^^^^^^^^^^^
  File "C:\Users\Jeremy\AppData\Local\Programs\Python\Python311\Lib\site-packages\driftpy\drift_client.py", line 1409, in get_place_perp_order_ix
    user_accounts=[self.get_user_account(sub_account_id)],
                   ^^^^^^^^^^^^^^^^^^^^^^^^^^^^^^^^^^^^^
  File "C:\Users\Jeremy\AppData\Local\Programs\Python\Python311\Lib\site-packages\driftpy\drift_client.py", line 374, in get_user_account
    return self.get_user(sub_account_id).get_user_account()
           ^^^^^^^^^^^^^^^^^^^^^^^^^^^^^^^^^^^^^^^^^^^^^^^^
  File "C:\Users\Jeremy\AppData\Local\Programs\Python\Python311\Lib\site-packages\driftpy\drift_user.py", line 128, in get_user_account
    return self.account_subscriber.get_user_account_and_slot().data
           ^^^^^^^^^^^^^^^^^^^^^^^^^^^^^^^^^^^^^^^^^^^^^^^^^^^^^^^^
AttributeError: 'NoneType' object has no attribute 'data'
2025-09-18 19:43:12,308 - libs.drift.client - ERROR - [VERBOSE] 🚨 OTHER ERROR TYPE: AttributeError
2025-09-18 19:43:12,308 - libs.drift.client - WARNING - 🚨 FALLBACK TO MOCK ORDER: MOCK-992308 (Real blockchain failed)
2025-09-18 19:43:12,309 - libs.drift.client - WARNING -    Order details: side=buy, price=246861082.9054035, size_usd=2.0
2025-09-18 19:43:12,808 - libs.drift.client - INFO - User account initialized
2025-09-18 19:43:12,808 - libs.drift.client - WARNING - User verification failed: 'NoneType' object has no attribute 'data'
2025-09-18 19:43:12,809 - libs.drift.client - INFO - Drift client ready (user verification skipped)
2025-09-18 19:43:12,809 - libs.drift.client - WARNING - Failed to create/sign order message: 'signed_msg_order_params'
2025-09-18 19:43:12,810 - libs.drift.client - ERROR - ❌ BLOCKCHAIN ORDER FAILED: 'NoneType' object has no attribute 'data'
Traceback (most recent call last):
  File "C:\Users\Jeremy\OneDrive\Documents\Drift_bots\drift-swift\libs\drift\client.py", line 1095, in place_order
    signed_message = self._driver.sign_signed_msg_order_params_message(order_params)
                     ^^^^^^^^^^^^^^^^^^^^^^^^^^^^^^^^^^^^^^^^^^^^^^^^^^^^^^^^^^^^^^^
  File "C:\Users\Jeremy\AppData\Local\Programs\Python\Python311\Lib\site-packages\driftpy\drift_client.py", line 2189, in sign_signed_msg_order_params_message
    borsh_buf = self.encode_signed_msg_order_params_message(
                ^^^^^^^^^^^^^^^^^^^^^^^^^^^^^^^^^^^^^^^^^^^^
  File "C:\Users\Jeremy\AppData\Local\Programs\Python\Python311\Lib\site-packages\driftpy\drift_client.py", line 2163, in encode_signed_msg_order_params_message
    encoded = self.program.coder.types.encode(
              ^^^^^^^^^^^^^^^^^^^^^^^^^^^^^^^^
  File "C:\Users\Jeremy\AppData\Local\Programs\Python\Python311\Lib\site-packages\anchorpy\coder\types.py", line 66, in encode
    return layout.build(data)
           ^^^^^^^^^^^^^^^^^^
  File "C:\Users\Jeremy\AppData\Local\Programs\Python\Python311\Lib\site-packages\construct\core.py", line 336, in build
    self.build_stream(obj, stream, **contextkw)
  File "C:\Users\Jeremy\AppData\Local\Programs\Python\Python311\Lib\site-packages\construct\core.py", line 348, in build_stream
    self._build(obj, stream, context, "(building)")
  File "C:\Users\Jeremy\AppData\Local\Programs\Python\Python311\Lib\site-packages\construct\core.py", line 708, in _build
    buildret = self.subcon._build(obj2, stream, context, path)
               ^^^^^^^^^^^^^^^^^^^^^^^^^^^^^^^^^^^^^^^^^^^^^^^
  File "C:\Users\Jeremy\AppData\Local\Programs\Python\Python311\Lib\site-packages\construct\core.py", line 2139, in _build
    subobj = obj[sc.name] # raises KeyError
             ~~~^^^^^^^^^
KeyError: 'signed_msg_order_params'

During handling of the above exception, another exception occurred:

Traceback (most recent call last):
  File "C:\Users\Jeremy\OneDrive\Documents\Drift_bots\drift-swift\libs\drift\client.py", line 1121, in place_order
    tx_sig = await self._driver.place_perp_order(order_params)
             ^^^^^^^^^^^^^^^^^^^^^^^^^^^^^^^^^^^^^^^^^^^^^^^^^
  File "C:\Users\Jeremy\AppData\Local\Programs\Python\Python311\Lib\site-packages\driftpy\drift_client.py", line 1389, in place_perp_order
    self.get_place_perp_order_ix(order_params, sub_account_id),
    ^^^^^^^^^^^^^^^^^^^^^^^^^^^^^^^^^^^^^^^^^^^^^^^^^^^^^^^^^^
  File "C:\Users\Jeremy\AppData\Local\Programs\Python\Python311\Lib\site-packages\driftpy\drift_client.py", line 1409, in get_place_perp_order_ix
    user_accounts=[self.get_user_account(sub_account_id)],
                   ^^^^^^^^^^^^^^^^^^^^^^^^^^^^^^^^^^^^^
  File "C:\Users\Jeremy\AppData\Local\Programs\Python\Python311\Lib\site-packages\driftpy\drift_client.py", line 374, in get_user_account
    return self.get_user(sub_account_id).get_user_account()
           ^^^^^^^^^^^^^^^^^^^^^^^^^^^^^^^^^^^^^^^^^^^^^^^^
  File "C:\Users\Jeremy\AppData\Local\Programs\Python\Python311\Lib\site-packages\driftpy\drift_user.py", line 128, in get_user_account
    return self.account_subscriber.get_user_account_and_slot().data
           ^^^^^^^^^^^^^^^^^^^^^^^^^^^^^^^^^^^^^^^^^^^^^^^^^^^^^^^^
AttributeError: 'NoneType' object has no attribute 'data'
2025-09-18 19:43:12,816 - libs.drift.client - ERROR - [VERBOSE] 🚨 OTHER ERROR TYPE: AttributeError
2025-09-18 19:43:12,816 - libs.drift.client - WARNING - 🚨 FALLBACK TO MOCK ORDER: MOCK-992816 (Real blockchain failed)
2025-09-18 19:43:12,817 - libs.drift.client - WARNING -    Order details: side=sell, price=247602778.32640347, size_usd=2.0
2025-09-18 19:43:13,334 - libs.drift.client - INFO - User account initialized
2025-09-18 19:43:13,334 - libs.drift.client - WARNING - User verification failed: 'NoneType' object has no attribute 'data'
2025-09-18 19:43:13,334 - libs.drift.client - INFO - Drift client ready (user verification skipped)
2025-09-18 19:43:13,335 - libs.drift.client - WARNING - Failed to create/sign order message: 'signed_msg_order_params'
2025-09-18 19:43:13,335 - libs.drift.client - ERROR - ❌ BLOCKCHAIN ORDER FAILED: 'NoneType' object has no attribute 'data'
Traceback (most recent call last):
  File "C:\Users\Jeremy\OneDrive\Documents\Drift_bots\drift-swift\libs\drift\client.py", line 1095, in place_order
    signed_message = self._driver.sign_signed_msg_order_params_message(order_params)
                     ^^^^^^^^^^^^^^^^^^^^^^^^^^^^^^^^^^^^^^^^^^^^^^^^^^^^^^^^^^^^^^^
  File "C:\Users\Jeremy\AppData\Local\Programs\Python\Python311\Lib\site-packages\driftpy\drift_client.py", line 2189, in sign_signed_msg_order_params_message
    borsh_buf = self.encode_signed_msg_order_params_message(
                ^^^^^^^^^^^^^^^^^^^^^^^^^^^^^^^^^^^^^^^^^^^^
  File "C:\Users\Jeremy\AppData\Local\Programs\Python\Python311\Lib\site-packages\driftpy\drift_client.py", line 2163, in encode_signed_msg_order_params_message
    encoded = self.program.coder.types.encode(
              ^^^^^^^^^^^^^^^^^^^^^^^^^^^^^^^^
  File "C:\Users\Jeremy\AppData\Local\Programs\Python\Python311\Lib\site-packages\anchorpy\coder\types.py", line 66, in encode
    return layout.build(data)
           ^^^^^^^^^^^^^^^^^^
  File "C:\Users\Jeremy\AppData\Local\Programs\Python\Python311\Lib\site-packages\construct\core.py", line 336, in build
    self.build_stream(obj, stream, **contextkw)
  File "C:\Users\Jeremy\AppData\Local\Programs\Python\Python311\Lib\site-packages\construct\core.py", line 348, in build_stream
    self._build(obj, stream, context, "(building)")
  File "C:\Users\Jeremy\AppData\Local\Programs\Python\Python311\Lib\site-packages\construct\core.py", line 708, in _build
    buildret = self.subcon._build(obj2, stream, context, path)
               ^^^^^^^^^^^^^^^^^^^^^^^^^^^^^^^^^^^^^^^^^^^^^^^
  File "C:\Users\Jeremy\AppData\Local\Programs\Python\Python311\Lib\site-packages\construct\core.py", line 2139, in _build
    subobj = obj[sc.name] # raises KeyError
             ~~~^^^^^^^^^
KeyError: 'signed_msg_order_params'

During handling of the above exception, another exception occurred:

Traceback (most recent call last):
  File "C:\Users\Jeremy\OneDrive\Documents\Drift_bots\drift-swift\libs\drift\client.py", line 1121, in place_order
    tx_sig = await self._driver.place_perp_order(order_params)
             ^^^^^^^^^^^^^^^^^^^^^^^^^^^^^^^^^^^^^^^^^^^^^^^^^
  File "C:\Users\Jeremy\AppData\Local\Programs\Python\Python311\Lib\site-packages\driftpy\drift_client.py", line 1389, in place_perp_order
    self.get_place_perp_order_ix(order_params, sub_account_id),
    ^^^^^^^^^^^^^^^^^^^^^^^^^^^^^^^^^^^^^^^^^^^^^^^^^^^^^^^^^^
  File "C:\Users\Jeremy\AppData\Local\Programs\Python\Python311\Lib\site-packages\driftpy\drift_client.py", line 1409, in get_place_perp_order_ix
    user_accounts=[self.get_user_account(sub_account_id)],
                   ^^^^^^^^^^^^^^^^^^^^^^^^^^^^^^^^^^^^^
  File "C:\Users\Jeremy\AppData\Local\Programs\Python\Python311\Lib\site-packages\driftpy\drift_client.py", line 374, in get_user_account
    return self.get_user(sub_account_id).get_user_account()
           ^^^^^^^^^^^^^^^^^^^^^^^^^^^^^^^^^^^^^^^^^^^^^^^^
  File "C:\Users\Jeremy\AppData\Local\Programs\Python\Python311\Lib\site-packages\driftpy\drift_user.py", line 128, in get_user_account
    return self.account_subscriber.get_user_account_and_slot().data
           ^^^^^^^^^^^^^^^^^^^^^^^^^^^^^^^^^^^^^^^^^^^^^^^^^^^^^^^^
AttributeError: 'NoneType' object has no attribute 'data'
2025-09-18 19:43:13,339 - libs.drift.client - ERROR - [VERBOSE] 🚨 OTHER ERROR TYPE: AttributeError
2025-09-18 19:43:13,340 - libs.drift.client - WARNING - 🚨 FALLBACK TO MOCK ORDER: MOCK-993340 (Real blockchain failed)
2025-09-18 19:43:13,340 - libs.drift.client - WARNING -    Order details: side=buy, price=246861082.9054035, size_usd=2.0
2025-09-18 19:43:24,836 - __main__ - INFO - 💚 System health check: Running
2025-09-18 19:43:58,355 - __main__ - INFO - 💚 System health check: Running
2025-09-18 19:44:24,840 - __main__ - INFO - 💚 System health check: Running
2025-09-18 19:44:58,364 - __main__ - INFO - 💚 System health check: Running
2025-09-18 19:45:24,857 - __main__ - INFO - 💚 System health check: Running
2025-09-18 19:45:58,376 - __main__ - INFO - 💚 System health check: Running
2025-09-18 19:46:24,869 - __main__ - INFO - 💚 System health check: Running
2025-09-18 19:46:58,387 - __main__ - INFO - 💚 System health check: Running
2025-09-18 19:47:24,879 - __main__ - INFO - 💚 System health check: Running
2025-09-18 19:47:58,396 - __main__ - INFO - 💚 System health check: Running
2025-09-18 19:48:24,882 - __main__ - INFO - 💚 System health check: Running
2025-09-18 19:48:58,412 - __main__ - INFO - 💚 System health check: Running
2025-09-18 19:49:24,891 - __main__ - INFO - 💚 System health check: Running
2025-09-18 19:49:58,425 - __main__ - INFO - 💚 System health check: Running
2025-09-18 19:50:24,903 - __main__ - INFO - 💚 System health check: Running
2025-09-18 19:50:58,422 - __main__ - INFO - 💚 System health check: Running
2025-09-18 19:51:17,028 - __main__ - INFO - ============================================================
2025-09-18 19:51:17,029 - __main__ - INFO - 🚀 PRODUCTION DEPLOYMENT: Enhanced JIT Bot + Quality First Hedger
2025-09-18 19:51:17,030 - __main__ - INFO - ============================================================
2025-09-18 19:51:17,030 - __main__ - INFO - 🚀 Deploying dual bot system...
2025-09-18 19:51:17,030 - __main__ - INFO - 🚀 Setting up production environment...
2025-09-18 19:51:17,031 - __main__ - INFO - ✅ DRIFT_ENV: devnet
2025-09-18 19:51:17,031 - __main__ - INFO - ✅ USE_MOCK: true
2025-09-18 19:51:17,031 - __main__ - INFO - ✅ DRIFT_ENVIRONMENT: devnet
2025-09-18 19:51:17,032 - __main__ - INFO - ✅ PYTHONUNBUFFERED: 1
2025-09-18 19:51:17,032 - __main__ - INFO - ✅ BOT_PERFORMANCE_MODE: optimized
2025-09-18 19:51:17,032 - __main__ - INFO - ✅ ENABLE_COORDINATION: true
2025-09-18 19:51:17,032 - __main__ - INFO - ✅ HEALTH_MONITORING: true
2025-09-18 19:51:17,032 - __main__ - INFO - ✅ ENHANCED_JIT_ENABLED: true
2025-09-18 19:51:17,033 - __main__ - INFO - ✅ QUALITY_FIRST_HEDGER_ENABLED: true
2025-09-18 19:51:17,033 - __main__ - INFO - ✅ COORDINATION_ENGINE_ENABLED: true
2025-09-18 19:51:17,033 - __main__ - INFO - ✅ Production environment configured
2025-09-18 19:51:17,033 - __main__ - INFO - 🔍 Validating production readiness...
2025-09-18 19:51:17,035 - __main__ - INFO - ✅ All production components validated
2025-09-18 19:51:17,035 - __main__ - INFO - 🔧 Launching advanced orchestrator with dual bot configuration...
2025-09-18 19:51:17,071 - __main__ - INFO - ✅ Dual bot configuration created
2025-09-18 19:51:17,072 - __main__ - INFO - 🚀 Starting advanced orchestrator...
2025-09-18 19:51:19,384 - libs.configs.centralized_config_manager - INFO - Switched to environment: devnet
2025-09-18 19:51:19,384 - libs.configs.centralized_config_manager - INFO - Loaded configuration from configs/environments.yaml
2025-09-18 19:51:20,296 - WALLET_CORRUPTION_PERMANENT_FIX - INFO - ✅ Wallet loaded and validated: 5bhkrtyZxRZinWG19iApYM6ykn2J6fZWCZw9DkqM7U2j
2025-09-18 19:51:20,297 - libs.drift.client - INFO - ✅ Loaded validated wallet for DriftPy client: 5bhkrtyZxRZinWG19iApYM6ykn2J6fZWCZw9DkqM7U2j
2025-09-18 19:51:21,538 - httpx - INFO - HTTP Request: POST https://devnet.helius-rpc.com/?api-key=2728d54b-ce26-4696-bb4d-dc8170fcd494 "HTTP/1.1 200 OK"
2025-09-18 19:51:21,824 - httpx - INFO - HTTP Request: POST https://devnet.helius-rpc.com/?api-key=2728d54b-ce26-4696-bb4d-dc8170fcd494 "HTTP/1.1 200 OK"
2025-09-18 19:51:22,082 - httpx - INFO - HTTP Request: POST https://devnet.helius-rpc.com/?api-key=2728d54b-ce26-4696-bb4d-dc8170fcd494 "HTTP/1.1 200 OK"
2025-09-18 19:51:22,214 - httpx - INFO - HTTP Request: POST https://devnet.helius-rpc.com/?api-key=2728d54b-ce26-4696-bb4d-dc8170fcd494 "HTTP/1.1 200 OK"
2025-09-18 19:51:23,486 - httpx - INFO - HTTP Request: POST https://devnet.helius-rpc.com/?api-key=2728d54b-ce26-4696-bb4d-dc8170fcd494 "HTTP/1.1 200 OK"
2025-09-18 19:51:23,711 - httpx - INFO - HTTP Request: POST https://devnet.helius-rpc.com/?api-key=2728d54b-ce26-4696-bb4d-dc8170fcd494 "HTTP/1.1 200 OK"
2025-09-18 19:51:23,712 - libs.drift.client - INFO - ✅ driftpy connected and subscribed (env=devnet, rpc=https://devnet.helius-rpc.com/?api-key=2728d54b-ce26-4696-bb4d-dc8170fcd494)
2025-09-18 19:51:23,713 - libs.drift.client - INFO - User account initialized
2025-09-18 19:51:23,713 - libs.drift.client - WARNING - User verification failed: 'NoneType' object has no attribute 'data'
2025-09-18 19:51:23,713 - libs.drift.client - INFO - Drift client ready (user verification skipped)
2025-09-18 19:51:23,713 - libs.drift.client - INFO - ✅ Drift client initialized and subscribed
2025-09-18 19:51:23,714 - libs.drift.client - INFO - User account initialized
2025-09-18 19:51:23,714 - libs.drift.client - WARNING - User verification failed: 'NoneType' object has no attribute 'data'
2025-09-18 19:51:23,714 - libs.drift.client - INFO - Drift client ready (user verification skipped)
2025-09-18 19:51:23,714 - libs.drift.client - INFO - ✅ Drift client initialized and subscribed
2025-09-18 19:51:23,715 - libs.drift.client - INFO - User account initialized
2025-09-18 19:51:23,715 - libs.drift.client - WARNING - User verification failed: 'NoneType' object has no attribute 'data'
2025-09-18 19:51:23,715 - libs.drift.client - INFO - Drift client ready (user verification skipped)
2025-09-18 19:51:23,937 - httpx - INFO - HTTP Request: POST https://devnet.helius-rpc.com/?api-key=2728d54b-ce26-4696-bb4d-dc8170fcd494 "HTTP/1.1 200 OK"
2025-09-18 19:51:23,938 - libs.drift.client - WARNING - [ORDERBOOK] DLOB fallback failed: Cannot get oracle price data for DLOB
2025-09-18 19:51:23,939 - libs.drift.client - INFO - User account initialized
2025-09-18 19:51:23,939 - libs.drift.client - WARNING - User verification failed: 'NoneType' object has no attribute 'data'
2025-09-18 19:51:23,940 - libs.drift.client - INFO - Drift client ready (user verification skipped)
2025-09-18 19:51:23,941 - libs.drift.client - WARNING - Failed to create/sign order message: 'signed_msg_order_params'
2025-09-18 19:51:23,942 - libs.drift.client - ERROR - ❌ BLOCKCHAIN ORDER FAILED: 'NoneType' object has no attribute 'data'
Traceback (most recent call last):
  File "C:\Users\Jeremy\OneDrive\Documents\Drift_bots\drift-swift\libs\drift\client.py", line 1095, in place_order
    signed_message = self._driver.sign_signed_msg_order_params_message(order_params)
                     ^^^^^^^^^^^^^^^^^^^^^^^^^^^^^^^^^^^^^^^^^^^^^^^^^^^^^^^^^^^^^^^
  File "C:\Users\Jeremy\AppData\Local\Programs\Python\Python311\Lib\site-packages\driftpy\drift_client.py", line 2189, in sign_signed_msg_order_params_message
    borsh_buf = self.encode_signed_msg_order_params_message(
                ^^^^^^^^^^^^^^^^^^^^^^^^^^^^^^^^^^^^^^^^^^^^
  File "C:\Users\Jeremy\AppData\Local\Programs\Python\Python311\Lib\site-packages\driftpy\drift_client.py", line 2163, in encode_signed_msg_order_params_message
    encoded = self.program.coder.types.encode(
              ^^^^^^^^^^^^^^^^^^^^^^^^^^^^^^^^
  File "C:\Users\Jeremy\AppData\Local\Programs\Python\Python311\Lib\site-packages\anchorpy\coder\types.py", line 66, in encode
    return layout.build(data)
           ^^^^^^^^^^^^^^^^^^
  File "C:\Users\Jeremy\AppData\Local\Programs\Python\Python311\Lib\site-packages\construct\core.py", line 336, in build
    self.build_stream(obj, stream, **contextkw)
  File "C:\Users\Jeremy\AppData\Local\Programs\Python\Python311\Lib\site-packages\construct\core.py", line 348, in build_stream
    self._build(obj, stream, context, "(building)")
  File "C:\Users\Jeremy\AppData\Local\Programs\Python\Python311\Lib\site-packages\construct\core.py", line 708, in _build
    buildret = self.subcon._build(obj2, stream, context, path)
               ^^^^^^^^^^^^^^^^^^^^^^^^^^^^^^^^^^^^^^^^^^^^^^^
  File "C:\Users\Jeremy\AppData\Local\Programs\Python\Python311\Lib\site-packages\construct\core.py", line 2139, in _build
    subobj = obj[sc.name] # raises KeyError
             ~~~^^^^^^^^^
KeyError: 'signed_msg_order_params'

During handling of the above exception, another exception occurred:

Traceback (most recent call last):
  File "C:\Users\Jeremy\OneDrive\Documents\Drift_bots\drift-swift\libs\drift\client.py", line 1121, in place_order
    tx_sig = await self._driver.place_perp_order(order_params)
             ^^^^^^^^^^^^^^^^^^^^^^^^^^^^^^^^^^^^^^^^^^^^^^^^^
  File "C:\Users\Jeremy\AppData\Local\Programs\Python\Python311\Lib\site-packages\driftpy\drift_client.py", line 1389, in place_perp_order
    self.get_place_perp_order_ix(order_params, sub_account_id),
    ^^^^^^^^^^^^^^^^^^^^^^^^^^^^^^^^^^^^^^^^^^^^^^^^^^^^^^^^^^
  File "C:\Users\Jeremy\AppData\Local\Programs\Python\Python311\Lib\site-packages\driftpy\drift_client.py", line 1409, in get_place_perp_order_ix
    user_accounts=[self.get_user_account(sub_account_id)],
                   ^^^^^^^^^^^^^^^^^^^^^^^^^^^^^^^^^^^^^
  File "C:\Users\Jeremy\AppData\Local\Programs\Python\Python311\Lib\site-packages\driftpy\drift_client.py", line 374, in get_user_account
    return self.get_user(sub_account_id).get_user_account()
           ^^^^^^^^^^^^^^^^^^^^^^^^^^^^^^^^^^^^^^^^^^^^^^^^
  File "C:\Users\Jeremy\AppData\Local\Programs\Python\Python311\Lib\site-packages\driftpy\drift_user.py", line 128, in get_user_account
    return self.account_subscriber.get_user_account_and_slot().data
           ^^^^^^^^^^^^^^^^^^^^^^^^^^^^^^^^^^^^^^^^^^^^^^^^^^^^^^^^
AttributeError: 'NoneType' object has no attribute 'data'
2025-09-18 19:51:23,951 - libs.drift.client - ERROR - [VERBOSE] 🚨 OTHER ERROR TYPE: AttributeError
2025-09-18 19:51:23,952 - libs.drift.client - WARNING - 🚨 FALLBACK TO MOCK ORDER: MOCK-483952 (Real blockchain failed)
2025-09-18 19:51:23,952 - libs.drift.client - WARNING -    Order details: side=buy, price=247060584.303804, size_usd=2.0
2025-09-18 19:51:24,443 - libs.drift.client - INFO - User account initialized
2025-09-18 19:51:24,443 - libs.drift.client - WARNING - User verification failed: 'NoneType' object has no attribute 'data'
2025-09-18 19:51:24,443 - libs.drift.client - INFO - Drift client ready (user verification skipped)
2025-09-18 19:51:24,444 - libs.drift.client - WARNING - Failed to create/sign order message: 'signed_msg_order_params'
2025-09-18 19:51:24,444 - libs.drift.client - ERROR - ❌ BLOCKCHAIN ORDER FAILED: 'NoneType' object has no attribute 'data'
Traceback (most recent call last):
  File "C:\Users\Jeremy\OneDrive\Documents\Drift_bots\drift-swift\libs\drift\client.py", line 1095, in place_order
    signed_message = self._driver.sign_signed_msg_order_params_message(order_params)
                     ^^^^^^^^^^^^^^^^^^^^^^^^^^^^^^^^^^^^^^^^^^^^^^^^^^^^^^^^^^^^^^^
  File "C:\Users\Jeremy\AppData\Local\Programs\Python\Python311\Lib\site-packages\driftpy\drift_client.py", line 2189, in sign_signed_msg_order_params_message
    borsh_buf = self.encode_signed_msg_order_params_message(
                ^^^^^^^^^^^^^^^^^^^^^^^^^^^^^^^^^^^^^^^^^^^^
  File "C:\Users\Jeremy\AppData\Local\Programs\Python\Python311\Lib\site-packages\driftpy\drift_client.py", line 2163, in encode_signed_msg_order_params_message
    encoded = self.program.coder.types.encode(
              ^^^^^^^^^^^^^^^^^^^^^^^^^^^^^^^^
  File "C:\Users\Jeremy\AppData\Local\Programs\Python\Python311\Lib\site-packages\anchorpy\coder\types.py", line 66, in encode
    return layout.build(data)
           ^^^^^^^^^^^^^^^^^^
  File "C:\Users\Jeremy\AppData\Local\Programs\Python\Python311\Lib\site-packages\construct\core.py", line 336, in build
    self.build_stream(obj, stream, **contextkw)
  File "C:\Users\Jeremy\AppData\Local\Programs\Python\Python311\Lib\site-packages\construct\core.py", line 348, in build_stream
    self._build(obj, stream, context, "(building)")
  File "C:\Users\Jeremy\AppData\Local\Programs\Python\Python311\Lib\site-packages\construct\core.py", line 708, in _build
    buildret = self.subcon._build(obj2, stream, context, path)
               ^^^^^^^^^^^^^^^^^^^^^^^^^^^^^^^^^^^^^^^^^^^^^^^
  File "C:\Users\Jeremy\AppData\Local\Programs\Python\Python311\Lib\site-packages\construct\core.py", line 2139, in _build
    subobj = obj[sc.name] # raises KeyError
             ~~~^^^^^^^^^
KeyError: 'signed_msg_order_params'

During handling of the above exception, another exception occurred:

Traceback (most recent call last):
  File "C:\Users\Jeremy\OneDrive\Documents\Drift_bots\drift-swift\libs\drift\client.py", line 1121, in place_order
    tx_sig = await self._driver.place_perp_order(order_params)
             ^^^^^^^^^^^^^^^^^^^^^^^^^^^^^^^^^^^^^^^^^^^^^^^^^
  File "C:\Users\Jeremy\AppData\Local\Programs\Python\Python311\Lib\site-packages\driftpy\drift_client.py", line 1389, in place_perp_order
    self.get_place_perp_order_ix(order_params, sub_account_id),
    ^^^^^^^^^^^^^^^^^^^^^^^^^^^^^^^^^^^^^^^^^^^^^^^^^^^^^^^^^^
  File "C:\Users\Jeremy\AppData\Local\Programs\Python\Python311\Lib\site-packages\driftpy\drift_client.py", line 1409, in get_place_perp_order_ix
    user_accounts=[self.get_user_account(sub_account_id)],
                   ^^^^^^^^^^^^^^^^^^^^^^^^^^^^^^^^^^^^^
  File "C:\Users\Jeremy\AppData\Local\Programs\Python\Python311\Lib\site-packages\driftpy\drift_client.py", line 374, in get_user_account
    return self.get_user(sub_account_id).get_user_account()
           ^^^^^^^^^^^^^^^^^^^^^^^^^^^^^^^^^^^^^^^^^^^^^^^^
  File "C:\Users\Jeremy\AppData\Local\Programs\Python\Python311\Lib\site-packages\driftpy\drift_user.py", line 128, in get_user_account
    return self.account_subscriber.get_user_account_and_slot().data
           ^^^^^^^^^^^^^^^^^^^^^^^^^^^^^^^^^^^^^^^^^^^^^^^^^^^^^^^^
AttributeError: 'NoneType' object has no attribute 'data'
2025-09-18 19:51:24,449 - libs.drift.client - ERROR - [VERBOSE] 🚨 OTHER ERROR TYPE: AttributeError
2025-09-18 19:51:24,449 - libs.drift.client - WARNING - 🚨 FALLBACK TO MOCK ORDER: MOCK-484449 (Real blockchain failed)
2025-09-18 19:51:24,449 - libs.drift.client - WARNING -    Order details: side=sell, price=247802879.12780395, size_usd=2.0
2025-09-18 19:51:24,945 - libs.drift.client - INFO - User account initialized
2025-09-18 19:51:24,946 - libs.drift.client - WARNING - User verification failed: 'NoneType' object has no attribute 'data'
2025-09-18 19:51:24,946 - libs.drift.client - INFO - Drift client ready (user verification skipped)
2025-09-18 19:51:24,946 - libs.drift.client - WARNING - Failed to create/sign order message: 'signed_msg_order_params'
2025-09-18 19:51:24,947 - libs.drift.client - ERROR - ❌ BLOCKCHAIN ORDER FAILED: 'NoneType' object has no attribute 'data'
Traceback (most recent call last):
  File "C:\Users\Jeremy\OneDrive\Documents\Drift_bots\drift-swift\libs\drift\client.py", line 1095, in place_order
    signed_message = self._driver.sign_signed_msg_order_params_message(order_params)
                     ^^^^^^^^^^^^^^^^^^^^^^^^^^^^^^^^^^^^^^^^^^^^^^^^^^^^^^^^^^^^^^^
  File "C:\Users\Jeremy\AppData\Local\Programs\Python\Python311\Lib\site-packages\driftpy\drift_client.py", line 2189, in sign_signed_msg_order_params_message
    borsh_buf = self.encode_signed_msg_order_params_message(
                ^^^^^^^^^^^^^^^^^^^^^^^^^^^^^^^^^^^^^^^^^^^^
  File "C:\Users\Jeremy\AppData\Local\Programs\Python\Python311\Lib\site-packages\driftpy\drift_client.py", line 2163, in encode_signed_msg_order_params_message
    encoded = self.program.coder.types.encode(
              ^^^^^^^^^^^^^^^^^^^^^^^^^^^^^^^^
  File "C:\Users\Jeremy\AppData\Local\Programs\Python\Python311\Lib\site-packages\anchorpy\coder\types.py", line 66, in encode
    return layout.build(data)
           ^^^^^^^^^^^^^^^^^^
  File "C:\Users\Jeremy\AppData\Local\Programs\Python\Python311\Lib\site-packages\construct\core.py", line 336, in build
    self.build_stream(obj, stream, **contextkw)
  File "C:\Users\Jeremy\AppData\Local\Programs\Python\Python311\Lib\site-packages\construct\core.py", line 348, in build_stream
    self._build(obj, stream, context, "(building)")
  File "C:\Users\Jeremy\AppData\Local\Programs\Python\Python311\Lib\site-packages\construct\core.py", line 708, in _build
    buildret = self.subcon._build(obj2, stream, context, path)
               ^^^^^^^^^^^^^^^^^^^^^^^^^^^^^^^^^^^^^^^^^^^^^^^
  File "C:\Users\Jeremy\AppData\Local\Programs\Python\Python311\Lib\site-packages\construct\core.py", line 2139, in _build
    subobj = obj[sc.name] # raises KeyError
             ~~~^^^^^^^^^
KeyError: 'signed_msg_order_params'

During handling of the above exception, another exception occurred:

Traceback (most recent call last):
  File "C:\Users\Jeremy\OneDrive\Documents\Drift_bots\drift-swift\libs\drift\client.py", line 1121, in place_order
    tx_sig = await self._driver.place_perp_order(order_params)
             ^^^^^^^^^^^^^^^^^^^^^^^^^^^^^^^^^^^^^^^^^^^^^^^^^
  File "C:\Users\Jeremy\AppData\Local\Programs\Python\Python311\Lib\site-packages\driftpy\drift_client.py", line 1389, in place_perp_order
    self.get_place_perp_order_ix(order_params, sub_account_id),
    ^^^^^^^^^^^^^^^^^^^^^^^^^^^^^^^^^^^^^^^^^^^^^^^^^^^^^^^^^^
  File "C:\Users\Jeremy\AppData\Local\Programs\Python\Python311\Lib\site-packages\driftpy\drift_client.py", line 1409, in get_place_perp_order_ix
    user_accounts=[self.get_user_account(sub_account_id)],
                   ^^^^^^^^^^^^^^^^^^^^^^^^^^^^^^^^^^^^^
  File "C:\Users\Jeremy\AppData\Local\Programs\Python\Python311\Lib\site-packages\driftpy\drift_client.py", line 374, in get_user_account
    return self.get_user(sub_account_id).get_user_account()
           ^^^^^^^^^^^^^^^^^^^^^^^^^^^^^^^^^^^^^^^^^^^^^^^^
  File "C:\Users\Jeremy\AppData\Local\Programs\Python\Python311\Lib\site-packages\driftpy\drift_user.py", line 128, in get_user_account
    return self.account_subscriber.get_user_account_and_slot().data
           ^^^^^^^^^^^^^^^^^^^^^^^^^^^^^^^^^^^^^^^^^^^^^^^^^^^^^^^^
AttributeError: 'NoneType' object has no attribute 'data'
2025-09-18 19:51:24,952 - libs.drift.client - ERROR - [VERBOSE] 🚨 OTHER ERROR TYPE: AttributeError
2025-09-18 19:51:24,952 - libs.drift.client - WARNING - 🚨 FALLBACK TO MOCK ORDER: MOCK-484952 (Real blockchain failed)
2025-09-18 19:51:24,953 - libs.drift.client - WARNING -    Order details: side=buy, price=247060584.303804, size_usd=2.0
2025-09-18 19:51:58,427 - __main__ - INFO - 💚 System health check: Running
2025-09-18 19:52:58,437 - __main__ - INFO - 💚 System health check: Running
2025-09-18 19:53:58,445 - __main__ - INFO - 💚 System health check: Running
2025-09-18 19:54:58,449 - __main__ - INFO - 💚 System health check: Running
2025-09-18 19:55:56,369 - __main__ - INFO - ============================================================
2025-09-18 19:55:56,369 - __main__ - INFO - 🚀 PRODUCTION DEPLOYMENT: Enhanced JIT Bot + Quality First Hedger
2025-09-18 19:55:56,370 - __main__ - INFO - ============================================================
2025-09-18 19:55:56,370 - __main__ - INFO - 🚀 Deploying dual bot system...
2025-09-18 19:55:56,370 - __main__ - INFO - 🚀 Setting up production environment...
2025-09-18 19:55:56,371 - __main__ - INFO - ✅ DRIFT_ENV: devnet
2025-09-18 19:55:56,372 - __main__ - INFO - ✅ USE_MOCK: true
2025-09-18 19:55:56,372 - __main__ - INFO - ✅ DRIFT_ENVIRONMENT: devnet
2025-09-18 19:55:56,373 - __main__ - INFO - ✅ PYTHONUNBUFFERED: 1
2025-09-18 19:55:56,373 - __main__ - INFO - ✅ BOT_PERFORMANCE_MODE: optimized
2025-09-18 19:55:56,374 - __main__ - INFO - ✅ ENABLE_COORDINATION: true
2025-09-18 19:55:56,374 - __main__ - INFO - ✅ HEALTH_MONITORING: true
2025-09-18 19:55:56,374 - __main__ - INFO - ✅ ENHANCED_JIT_ENABLED: true
2025-09-18 19:55:56,375 - __main__ - INFO - ✅ QUALITY_FIRST_HEDGER_ENABLED: true
2025-09-18 19:55:56,375 - __main__ - INFO - ✅ COORDINATION_ENGINE_ENABLED: true
2025-09-18 19:55:56,376 - __main__ - INFO - ✅ Production environment configured
2025-09-18 19:55:56,377 - __main__ - INFO - 🔍 Validating production readiness...
2025-09-18 19:55:56,378 - __main__ - INFO - ✅ All production components validated
2025-09-18 19:55:56,379 - __main__ - INFO - 🔧 Launching advanced orchestrator with dual bot configuration...
2025-09-18 19:55:56,416 - __main__ - INFO - ✅ Dual bot configuration created
2025-09-18 19:55:56,416 - __main__ - INFO - 🚀 Starting advanced orchestrator...
2025-09-18 19:55:58,452 - __main__ - INFO - 💚 System health check: Running
2025-09-18 19:55:58,504 - libs.configs.centralized_config_manager - INFO - Switched to environment: devnet
2025-09-18 19:55:58,505 - libs.configs.centralized_config_manager - INFO - Loaded configuration from configs/environments.yaml
2025-09-18 19:55:59,496 - WALLET_CORRUPTION_PERMANENT_FIX - INFO - ✅ Wallet loaded and validated: 5bhkrtyZxRZinWG19iApYM6ykn2J6fZWCZw9DkqM7U2j
2025-09-18 19:55:59,497 - libs.drift.client - INFO - ✅ Loaded validated wallet for DriftPy client: 5bhkrtyZxRZinWG19iApYM6ykn2J6fZWCZw9DkqM7U2j
2025-09-18 19:56:01,236 - httpx - INFO - HTTP Request: POST https://devnet.helius-rpc.com/?api-key=2728d54b-ce26-4696-bb4d-dc8170fcd494 "HTTP/1.1 200 OK"
2025-09-18 19:56:01,417 - httpx - INFO - HTTP Request: POST https://devnet.helius-rpc.com/?api-key=2728d54b-ce26-4696-bb4d-dc8170fcd494 "HTTP/1.1 200 OK"
2025-09-18 19:56:01,623 - httpx - INFO - HTTP Request: POST https://devnet.helius-rpc.com/?api-key=2728d54b-ce26-4696-bb4d-dc8170fcd494 "HTTP/1.1 200 OK"
2025-09-18 19:56:01,747 - httpx - INFO - HTTP Request: POST https://devnet.helius-rpc.com/?api-key=2728d54b-ce26-4696-bb4d-dc8170fcd494 "HTTP/1.1 200 OK"
2025-09-18 19:56:02,852 - httpx - INFO - HTTP Request: POST https://devnet.helius-rpc.com/?api-key=2728d54b-ce26-4696-bb4d-dc8170fcd494 "HTTP/1.1 200 OK"
2025-09-18 19:56:03,047 - httpx - INFO - HTTP Request: POST https://devnet.helius-rpc.com/?api-key=2728d54b-ce26-4696-bb4d-dc8170fcd494 "HTTP/1.1 200 OK"
2025-09-18 19:56:03,049 - libs.drift.client - INFO - ✅ driftpy connected and subscribed (env=devnet, rpc=https://devnet.helius-rpc.com/?api-key=2728d54b-ce26-4696-bb4d-dc8170fcd494)
2025-09-18 19:56:03,049 - libs.drift.client - INFO - User account initialized
2025-09-18 19:56:03,049 - libs.drift.client - WARNING - User verification failed: 'NoneType' object has no attribute 'data'
2025-09-18 19:56:03,049 - libs.drift.client - INFO - Drift client ready (user verification skipped)
2025-09-18 19:56:03,050 - libs.drift.client - INFO - ✅ Drift client initialized and subscribed
2025-09-18 19:56:03,050 - libs.drift.client - INFO - User account initialized
2025-09-18 19:56:03,050 - libs.drift.client - WARNING - User verification failed: 'NoneType' object has no attribute 'data'
2025-09-18 19:56:03,050 - libs.drift.client - INFO - Drift client ready (user verification skipped)
2025-09-18 19:56:03,051 - libs.drift.client - INFO - ✅ Drift client initialized and subscribed
2025-09-18 19:56:03,051 - libs.drift.client - INFO - User account initialized
2025-09-18 19:56:03,051 - libs.drift.client - WARNING - User verification failed: 'NoneType' object has no attribute 'data'
2025-09-18 19:56:03,051 - libs.drift.client - INFO - Drift client ready (user verification skipped)
2025-09-18 19:56:03,173 - httpx - INFO - HTTP Request: POST https://devnet.helius-rpc.com/?api-key=2728d54b-ce26-4696-bb4d-dc8170fcd494 "HTTP/1.1 200 OK"
2025-09-18 19:56:03,174 - libs.drift.client - WARNING - [ORDERBOOK] DLOB fallback failed: Cannot get oracle price data for DLOB
2025-09-18 19:56:03,175 - libs.drift.client - INFO - User account initialized
2025-09-18 19:56:03,175 - libs.drift.client - WARNING - User verification failed: 'NoneType' object has no attribute 'data'
2025-09-18 19:56:03,175 - libs.drift.client - INFO - Drift client ready (user verification skipped)
2025-09-18 19:56:03,177 - libs.drift.client - WARNING - Failed to create/sign order message: 'signed_msg_order_params'
2025-09-18 19:56:03,177 - libs.drift.client - ERROR - ❌ BLOCKCHAIN ORDER FAILED: 'NoneType' object has no attribute 'data'
Traceback (most recent call last):
  File "C:\Users\Jeremy\OneDrive\Documents\Drift_bots\drift-swift\libs\drift\client.py", line 1095, in place_order
    signed_message = self._driver.sign_signed_msg_order_params_message(order_params)
                     ^^^^^^^^^^^^^^^^^^^^^^^^^^^^^^^^^^^^^^^^^^^^^^^^^^^^^^^^^^^^^^^
  File "C:\Users\Jeremy\AppData\Local\Programs\Python\Python311\Lib\site-packages\driftpy\drift_client.py", line 2189, in sign_signed_msg_order_params_message
    borsh_buf = self.encode_signed_msg_order_params_message(
                ^^^^^^^^^^^^^^^^^^^^^^^^^^^^^^^^^^^^^^^^^^^^
  File "C:\Users\Jeremy\AppData\Local\Programs\Python\Python311\Lib\site-packages\driftpy\drift_client.py", line 2163, in encode_signed_msg_order_params_message
    encoded = self.program.coder.types.encode(
              ^^^^^^^^^^^^^^^^^^^^^^^^^^^^^^^^
  File "C:\Users\Jeremy\AppData\Local\Programs\Python\Python311\Lib\site-packages\anchorpy\coder\types.py", line 66, in encode
    return layout.build(data)
           ^^^^^^^^^^^^^^^^^^
  File "C:\Users\Jeremy\AppData\Local\Programs\Python\Python311\Lib\site-packages\construct\core.py", line 336, in build
    self.build_stream(obj, stream, **contextkw)
  File "C:\Users\Jeremy\AppData\Local\Programs\Python\Python311\Lib\site-packages\construct\core.py", line 348, in build_stream
    self._build(obj, stream, context, "(building)")
  File "C:\Users\Jeremy\AppData\Local\Programs\Python\Python311\Lib\site-packages\construct\core.py", line 708, in _build
    buildret = self.subcon._build(obj2, stream, context, path)
               ^^^^^^^^^^^^^^^^^^^^^^^^^^^^^^^^^^^^^^^^^^^^^^^
  File "C:\Users\Jeremy\AppData\Local\Programs\Python\Python311\Lib\site-packages\construct\core.py", line 2139, in _build
    subobj = obj[sc.name] # raises KeyError
             ~~~^^^^^^^^^
KeyError: 'signed_msg_order_params'

During handling of the above exception, another exception occurred:

Traceback (most recent call last):
  File "C:\Users\Jeremy\OneDrive\Documents\Drift_bots\drift-swift\libs\drift\client.py", line 1121, in place_order
    tx_sig = await self._driver.place_perp_order(order_params)
             ^^^^^^^^^^^^^^^^^^^^^^^^^^^^^^^^^^^^^^^^^^^^^^^^^
  File "C:\Users\Jeremy\AppData\Local\Programs\Python\Python311\Lib\site-packages\driftpy\drift_client.py", line 1389, in place_perp_order
    self.get_place_perp_order_ix(order_params, sub_account_id),
    ^^^^^^^^^^^^^^^^^^^^^^^^^^^^^^^^^^^^^^^^^^^^^^^^^^^^^^^^^^
  File "C:\Users\Jeremy\AppData\Local\Programs\Python\Python311\Lib\site-packages\driftpy\drift_client.py", line 1409, in get_place_perp_order_ix
    user_accounts=[self.get_user_account(sub_account_id)],
                   ^^^^^^^^^^^^^^^^^^^^^^^^^^^^^^^^^^^^^
  File "C:\Users\Jeremy\AppData\Local\Programs\Python\Python311\Lib\site-packages\driftpy\drift_client.py", line 374, in get_user_account
    return self.get_user(sub_account_id).get_user_account()
           ^^^^^^^^^^^^^^^^^^^^^^^^^^^^^^^^^^^^^^^^^^^^^^^^
  File "C:\Users\Jeremy\AppData\Local\Programs\Python\Python311\Lib\site-packages\driftpy\drift_user.py", line 128, in get_user_account
    return self.account_subscriber.get_user_account_and_slot().data
           ^^^^^^^^^^^^^^^^^^^^^^^^^^^^^^^^^^^^^^^^^^^^^^^^^^^^^^^^
AttributeError: 'NoneType' object has no attribute 'data'
2025-09-18 19:56:03,185 - libs.drift.client - ERROR - [VERBOSE] 🚨 OTHER ERROR TYPE: AttributeError
2025-09-18 19:56:03,185 - libs.drift.client - WARNING - 🚨 FALLBACK TO MOCK ORDER: MOCK-763185 (Real blockchain failed)
2025-09-18 19:56:03,186 - libs.drift.client - WARNING -    Order details: side=buy, price=247389713.0341155, size_usd=2.0
2025-09-18 19:56:03,677 - libs.drift.client - INFO - User account initialized
2025-09-18 19:56:03,677 - libs.drift.client - WARNING - User verification failed: 'NoneType' object has no attribute 'data'
2025-09-18 19:56:03,678 - libs.drift.client - INFO - Drift client ready (user verification skipped)
2025-09-18 19:56:03,678 - libs.drift.client - WARNING - Failed to create/sign order message: 'signed_msg_order_params'
2025-09-18 19:56:03,679 - libs.drift.client - ERROR - ❌ BLOCKCHAIN ORDER FAILED: 'NoneType' object has no attribute 'data'
Traceback (most recent call last):
  File "C:\Users\Jeremy\OneDrive\Documents\Drift_bots\drift-swift\libs\drift\client.py", line 1095, in place_order
    signed_message = self._driver.sign_signed_msg_order_params_message(order_params)
                     ^^^^^^^^^^^^^^^^^^^^^^^^^^^^^^^^^^^^^^^^^^^^^^^^^^^^^^^^^^^^^^^
  File "C:\Users\Jeremy\AppData\Local\Programs\Python\Python311\Lib\site-packages\driftpy\drift_client.py", line 2189, in sign_signed_msg_order_params_message
    borsh_buf = self.encode_signed_msg_order_params_message(
                ^^^^^^^^^^^^^^^^^^^^^^^^^^^^^^^^^^^^^^^^^^^^
  File "C:\Users\Jeremy\AppData\Local\Programs\Python\Python311\Lib\site-packages\driftpy\drift_client.py", line 2163, in encode_signed_msg_order_params_message
    encoded = self.program.coder.types.encode(
              ^^^^^^^^^^^^^^^^^^^^^^^^^^^^^^^^
  File "C:\Users\Jeremy\AppData\Local\Programs\Python\Python311\Lib\site-packages\anchorpy\coder\types.py", line 66, in encode
    return layout.build(data)
           ^^^^^^^^^^^^^^^^^^
  File "C:\Users\Jeremy\AppData\Local\Programs\Python\Python311\Lib\site-packages\construct\core.py", line 336, in build
    self.build_stream(obj, stream, **contextkw)
  File "C:\Users\Jeremy\AppData\Local\Programs\Python\Python311\Lib\site-packages\construct\core.py", line 348, in build_stream
    self._build(obj, stream, context, "(building)")
  File "C:\Users\Jeremy\AppData\Local\Programs\Python\Python311\Lib\site-packages\construct\core.py", line 708, in _build
    buildret = self.subcon._build(obj2, stream, context, path)
               ^^^^^^^^^^^^^^^^^^^^^^^^^^^^^^^^^^^^^^^^^^^^^^^
  File "C:\Users\Jeremy\AppData\Local\Programs\Python\Python311\Lib\site-packages\construct\core.py", line 2139, in _build
    subobj = obj[sc.name] # raises KeyError
             ~~~^^^^^^^^^
KeyError: 'signed_msg_order_params'

During handling of the above exception, another exception occurred:

Traceback (most recent call last):
  File "C:\Users\Jeremy\OneDrive\Documents\Drift_bots\drift-swift\libs\drift\client.py", line 1121, in place_order
    tx_sig = await self._driver.place_perp_order(order_params)
             ^^^^^^^^^^^^^^^^^^^^^^^^^^^^^^^^^^^^^^^^^^^^^^^^^
  File "C:\Users\Jeremy\AppData\Local\Programs\Python\Python311\Lib\site-packages\driftpy\drift_client.py", line 1389, in place_perp_order
    self.get_place_perp_order_ix(order_params, sub_account_id),
    ^^^^^^^^^^^^^^^^^^^^^^^^^^^^^^^^^^^^^^^^^^^^^^^^^^^^^^^^^^
  File "C:\Users\Jeremy\AppData\Local\Programs\Python\Python311\Lib\site-packages\driftpy\drift_client.py", line 1409, in get_place_perp_order_ix
    user_accounts=[self.get_user_account(sub_account_id)],
                   ^^^^^^^^^^^^^^^^^^^^^^^^^^^^^^^^^^^^^
  File "C:\Users\Jeremy\AppData\Local\Programs\Python\Python311\Lib\site-packages\driftpy\drift_client.py", line 374, in get_user_account
    return self.get_user(sub_account_id).get_user_account()
           ^^^^^^^^^^^^^^^^^^^^^^^^^^^^^^^^^^^^^^^^^^^^^^^^
  File "C:\Users\Jeremy\AppData\Local\Programs\Python\Python311\Lib\site-packages\driftpy\drift_user.py", line 128, in get_user_account
    return self.account_subscriber.get_user_account_and_slot().data
           ^^^^^^^^^^^^^^^^^^^^^^^^^^^^^^^^^^^^^^^^^^^^^^^^^^^^^^^^
AttributeError: 'NoneType' object has no attribute 'data'
2025-09-18 19:56:03,695 - libs.drift.client - ERROR - [VERBOSE] 🚨 OTHER ERROR TYPE: AttributeError
2025-09-18 19:56:03,695 - libs.drift.client - WARNING - 🚨 FALLBACK TO MOCK ORDER: MOCK-763695 (Real blockchain failed)
2025-09-18 19:56:03,696 - libs.drift.client - WARNING -    Order details: side=sell, price=248132996.72711548, size_usd=2.0
2025-09-18 19:56:04,199 - libs.drift.client - INFO - User account initialized
2025-09-18 19:56:04,200 - libs.drift.client - WARNING - User verification failed: 'NoneType' object has no attribute 'data'
2025-09-18 19:56:04,200 - libs.drift.client - INFO - Drift client ready (user verification skipped)
2025-09-18 19:56:04,201 - libs.drift.client - WARNING - Failed to create/sign order message: 'signed_msg_order_params'
2025-09-18 19:56:04,201 - libs.drift.client - ERROR - ❌ BLOCKCHAIN ORDER FAILED: 'NoneType' object has no attribute 'data'
Traceback (most recent call last):
  File "C:\Users\Jeremy\OneDrive\Documents\Drift_bots\drift-swift\libs\drift\client.py", line 1095, in place_order
    signed_message = self._driver.sign_signed_msg_order_params_message(order_params)
                     ^^^^^^^^^^^^^^^^^^^^^^^^^^^^^^^^^^^^^^^^^^^^^^^^^^^^^^^^^^^^^^^
  File "C:\Users\Jeremy\AppData\Local\Programs\Python\Python311\Lib\site-packages\driftpy\drift_client.py", line 2189, in sign_signed_msg_order_params_message
    borsh_buf = self.encode_signed_msg_order_params_message(
                ^^^^^^^^^^^^^^^^^^^^^^^^^^^^^^^^^^^^^^^^^^^^
  File "C:\Users\Jeremy\AppData\Local\Programs\Python\Python311\Lib\site-packages\driftpy\drift_client.py", line 2163, in encode_signed_msg_order_params_message
    encoded = self.program.coder.types.encode(
              ^^^^^^^^^^^^^^^^^^^^^^^^^^^^^^^^
  File "C:\Users\Jeremy\AppData\Local\Programs\Python\Python311\Lib\site-packages\anchorpy\coder\types.py", line 66, in encode
    return layout.build(data)
           ^^^^^^^^^^^^^^^^^^
  File "C:\Users\Jeremy\AppData\Local\Programs\Python\Python311\Lib\site-packages\construct\core.py", line 336, in build
    self.build_stream(obj, stream, **contextkw)
  File "C:\Users\Jeremy\AppData\Local\Programs\Python\Python311\Lib\site-packages\construct\core.py", line 348, in build_stream
    self._build(obj, stream, context, "(building)")
  File "C:\Users\Jeremy\AppData\Local\Programs\Python\Python311\Lib\site-packages\construct\core.py", line 708, in _build
    buildret = self.subcon._build(obj2, stream, context, path)
               ^^^^^^^^^^^^^^^^^^^^^^^^^^^^^^^^^^^^^^^^^^^^^^^
  File "C:\Users\Jeremy\AppData\Local\Programs\Python\Python311\Lib\site-packages\construct\core.py", line 2139, in _build
    subobj = obj[sc.name] # raises KeyError
             ~~~^^^^^^^^^
KeyError: 'signed_msg_order_params'

During handling of the above exception, another exception occurred:

Traceback (most recent call last):
  File "C:\Users\Jeremy\OneDrive\Documents\Drift_bots\drift-swift\libs\drift\client.py", line 1121, in place_order
    tx_sig = await self._driver.place_perp_order(order_params)
             ^^^^^^^^^^^^^^^^^^^^^^^^^^^^^^^^^^^^^^^^^^^^^^^^^
  File "C:\Users\Jeremy\AppData\Local\Programs\Python\Python311\Lib\site-packages\driftpy\drift_client.py", line 1389, in place_perp_order
    self.get_place_perp_order_ix(order_params, sub_account_id),
    ^^^^^^^^^^^^^^^^^^^^^^^^^^^^^^^^^^^^^^^^^^^^^^^^^^^^^^^^^^
  File "C:\Users\Jeremy\AppData\Local\Programs\Python\Python311\Lib\site-packages\driftpy\drift_client.py", line 1409, in get_place_perp_order_ix
    user_accounts=[self.get_user_account(sub_account_id)],
                   ^^^^^^^^^^^^^^^^^^^^^^^^^^^^^^^^^^^^^
  File "C:\Users\Jeremy\AppData\Local\Programs\Python\Python311\Lib\site-packages\driftpy\drift_client.py", line 374, in get_user_account
    return self.get_user(sub_account_id).get_user_account()
           ^^^^^^^^^^^^^^^^^^^^^^^^^^^^^^^^^^^^^^^^^^^^^^^^
  File "C:\Users\Jeremy\AppData\Local\Programs\Python\Python311\Lib\site-packages\driftpy\drift_user.py", line 128, in get_user_account
    return self.account_subscriber.get_user_account_and_slot().data
           ^^^^^^^^^^^^^^^^^^^^^^^^^^^^^^^^^^^^^^^^^^^^^^^^^^^^^^^^
AttributeError: 'NoneType' object has no attribute 'data'
2025-09-18 19:56:04,209 - libs.drift.client - ERROR - [VERBOSE] 🚨 OTHER ERROR TYPE: AttributeError
2025-09-18 19:56:04,210 - libs.drift.client - WARNING - 🚨 FALLBACK TO MOCK ORDER: MOCK-764210 (Real blockchain failed)
2025-09-18 19:56:04,210 - libs.drift.client - WARNING -    Order details: side=buy, price=247389713.0341155, size_usd=2.0
2025-09-18 19:56:58,456 - __main__ - INFO - 💚 System health check: Running
2025-09-18 19:57:58,458 - __main__ - INFO - 💚 System health check: Running
2025-09-18 19:58:58,475 - __main__ - INFO - 💚 System health check: Running
2025-09-18 19:59:58,494 - __main__ - INFO - 💚 System health check: Running
2025-09-18 20:00:58,504 - __main__ - INFO - 💚 System health check: Running
2025-09-18 20:01:58,525 - __main__ - INFO - 💚 System health check: Running
2025-09-18 20:02:58,533 - __main__ - INFO - 💚 System health check: Running
2025-09-18 20:03:58,546 - __main__ - INFO - 💚 System health check: Running
2025-09-18 20:04:58,560 - __main__ - INFO - 💚 System health check: Running
2025-09-18 20:05:58,555 - __main__ - INFO - 💚 System health check: Running
2025-09-18 20:06:58,572 - __main__ - INFO - 💚 System health check: Running
2025-09-18 20:07:58,577 - __main__ - INFO - 💚 System health check: Running
2025-09-18 20:08:58,590 - __main__ - INFO - 💚 System health check: Running
2025-09-18 20:09:58,587 - __main__ - INFO - 💚 System health check: Running
2025-09-18 20:10:58,589 - __main__ - INFO - 💚 System health check: Running
2025-09-18 20:11:58,601 - __main__ - INFO - 💚 System health check: Running
2025-09-18 20:12:58,610 - __main__ - INFO - 💚 System health check: Running
2025-09-18 20:13:58,607 - __main__ - INFO - 💚 System health check: Running
2025-09-18 20:14:58,602 - __main__ - INFO - 💚 System health check: Running
2025-09-18 20:15:58,619 - __main__ - INFO - 💚 System health check: Running
2025-09-18 20:16:58,628 - __main__ - INFO - 💚 System health check: Running
2025-09-18 20:17:58,633 - __main__ - INFO - 💚 System health check: Running
2025-09-18 20:18:58,637 - __main__ - INFO - 💚 System health check: Running
2025-09-18 20:19:58,642 - __main__ - INFO - 💚 System health check: Running
2025-09-18 20:20:58,645 - __main__ - INFO - 💚 System health check: Running
2025-09-18 20:21:58,635 - __main__ - INFO - 💚 System health check: Running
2025-09-18 20:22:58,631 - __main__ - INFO - 💚 System health check: Running
2025-09-18 20:23:58,654 - __main__ - INFO - 💚 System health check: Running
2025-09-18 20:24:58,665 - __main__ - INFO - 💚 System health check: Running
2025-09-18 20:25:58,675 - __main__ - INFO - 💚 System health check: Running
2025-09-18 20:26:58,677 - __main__ - INFO - 💚 System health check: Running
2025-09-18 20:27:58,691 - __main__ - INFO - 💚 System health check: Running
2025-09-18 20:28:58,696 - __main__ - INFO - 💚 System health check: Running
2025-09-18 20:29:58,700 - __main__ - INFO - 💚 System health check: Running
2025-09-18 20:30:58,710 - __main__ - INFO - 💚 System health check: Running
2025-09-18 20:31:58,726 - __main__ - INFO - 💚 System health check: Running
2025-09-18 20:32:58,736 - __main__ - INFO - 💚 System health check: Running
2025-09-18 20:33:58,749 - __main__ - INFO - 💚 System health check: Running
2025-09-18 20:34:58,754 - __main__ - INFO - 💚 System health check: Running
2025-09-18 20:35:58,773 - __main__ - INFO - 💚 System health check: Running
2025-09-18 20:36:58,786 - __main__ - INFO - 💚 System health check: Running
2025-09-18 20:37:58,806 - __main__ - INFO - 💚 System health check: Running
2025-09-18 20:38:58,811 - __main__ - INFO - 💚 System health check: Running
2025-09-18 20:39:58,816 - __main__ - INFO - 💚 System health check: Running
2025-09-18 20:40:58,830 - __main__ - INFO - 💚 System health check: Running
2025-09-18 20:41:58,835 - __main__ - INFO - 💚 System health check: Running
2025-09-18 20:42:58,851 - __main__ - INFO - 💚 System health check: Running
2025-09-18 20:43:58,869 - __main__ - INFO - 💚 System health check: Running
2025-09-18 20:44:58,888 - __main__ - INFO - 💚 System health check: Running
2025-09-18 20:45:58,894 - __main__ - INFO - 💚 System health check: Running
2025-09-18 20:46:58,892 - __main__ - INFO - 💚 System health check: Running
2025-09-18 20:47:58,888 - __main__ - INFO - 💚 System health check: Running
2025-09-18 20:48:58,896 - __main__ - INFO - 💚 System health check: Running
2025-09-18 20:49:58,913 - __main__ - INFO - 💚 System health check: Running
2025-09-18 20:50:58,929 - __main__ - INFO - 💚 System health check: Running
2025-09-18 20:51:58,947 - __main__ - INFO - 💚 System health check: Running
2025-09-18 20:52:58,962 - __main__ - INFO - 💚 System health check: Running
2025-09-18 20:53:58,982 - __main__ - INFO - 💚 System health check: Running
2025-09-18 20:54:58,994 - __main__ - INFO - 💚 System health check: Running
2025-09-18 20:55:59,013 - __main__ - INFO - 💚 System health check: Running
2025-09-18 20:56:59,027 - __main__ - INFO - 💚 System health check: Running
2025-09-18 20:57:59,032 - __main__ - INFO - 💚 System health check: Running
2025-09-18 20:58:59,050 - __main__ - INFO - 💚 System health check: Running
2025-09-18 20:59:59,056 - __main__ - INFO - 💚 System health check: Running
2025-09-18 21:00:59,056 - __main__ - INFO - 💚 System health check: Running
2025-09-18 21:01:59,067 - __main__ - INFO - 💚 System health check: Running
2025-09-18 21:02:59,087 - __main__ - INFO - 💚 System health check: Running
2025-09-18 21:03:59,092 - __main__ - INFO - 💚 System health check: Running
2025-09-18 21:04:59,104 - __main__ - INFO - 💚 System health check: Running
2025-09-18 21:05:59,106 - __main__ - INFO - 💚 System health check: Running
2025-09-18 21:06:59,117 - __main__ - INFO - 💚 System health check: Running
2025-09-18 21:07:59,130 - __main__ - INFO - 💚 System health check: Running
2025-09-18 21:08:59,145 - __main__ - INFO - 💚 System health check: Running
2025-09-18 21:09:59,166 - __main__ - INFO - 💚 System health check: Running
2025-09-18 21:10:59,180 - __main__ - INFO - 💚 System health check: Running
2025-09-18 21:11:59,196 - __main__ - INFO - 💚 System health check: Running
2025-09-18 21:12:59,210 - __main__ - INFO - 💚 System health check: Running
2025-09-18 21:13:59,219 - __main__ - INFO - 💚 System health check: Running
2025-09-18 21:14:59,217 - __main__ - INFO - 💚 System health check: Running
2025-09-18 21:15:59,223 - __main__ - INFO - 💚 System health check: Running
2025-09-18 21:16:59,242 - __main__ - INFO - 💚 System health check: Running
2025-09-18 21:17:59,252 - __main__ - INFO - 💚 System health check: Running
2025-09-18 21:18:59,247 - __main__ - INFO - 💚 System health check: Running
2025-09-18 21:19:59,256 - __main__ - INFO - 💚 System health check: Running
2025-09-18 21:20:59,264 - __main__ - INFO - 💚 System health check: Running
2025-09-18 21:21:59,271 - __main__ - INFO - 💚 System health check: Running
2025-09-18 21:22:59,279 - __main__ - INFO - 💚 System health check: Running
2025-09-18 21:23:59,283 - __main__ - INFO - 💚 System health check: Running
2025-09-18 21:24:59,297 - __main__ - INFO - 💚 System health check: Running
2025-09-18 21:25:59,302 - __main__ - INFO - 💚 System health check: Running
2025-09-18 21:26:59,321 - __main__ - INFO - 💚 System health check: Running
2025-09-18 21:27:59,333 - __main__ - INFO - 💚 System health check: Running
2025-09-18 21:28:59,353 - __main__ - INFO - 💚 System health check: Running
2025-09-18 21:29:59,366 - __main__ - INFO - 💚 System health check: Running
2025-09-18 21:30:59,380 - __main__ - INFO - 💚 System health check: Running
2025-09-18 21:31:59,403 - __main__ - INFO - 💚 System health check: Running
2025-09-18 21:32:59,416 - __main__ - INFO - 💚 System health check: Running
2025-09-18 21:33:59,425 - __main__ - INFO - 💚 System health check: Running
2025-09-18 21:34:59,437 - __main__ - INFO - 💚 System health check: Running
2025-09-18 21:35:59,435 - __main__ - INFO - 💚 System health check: Running
2025-09-18 21:36:59,443 - __main__ - INFO - 💚 System health check: Running
2025-09-18 21:37:59,462 - __main__ - INFO - 💚 System health check: Running
2025-09-18 21:38:59,469 - __main__ - INFO - 💚 System health check: Running
2025-09-18 21:39:59,477 - __main__ - INFO - 💚 System health check: Running
2025-09-18 21:40:59,482 - __main__ - INFO - 💚 System health check: Running
2025-09-18 21:41:59,497 - __main__ - INFO - 💚 System health check: Running
2025-09-18 21:42:59,509 - __main__ - INFO - 💚 System health check: Running
2025-09-18 21:43:59,520 - __main__ - INFO - 💚 System health check: Running
2025-09-18 21:44:59,531 - __main__ - INFO - 💚 System health check: Running
2025-09-18 21:45:59,529 - __main__ - INFO - 💚 System health check: Running
2025-09-18 21:46:59,532 - __main__ - INFO - 💚 System health check: Running
2025-09-18 21:47:59,543 - __main__ - INFO - 💚 System health check: Running
2025-09-18 21:48:59,562 - __main__ - INFO - 💚 System health check: Running
2025-09-18 21:49:59,561 - __main__ - INFO - 💚 System health check: Running
2025-09-18 21:50:59,565 - __main__ - INFO - 💚 System health check: Running
2025-09-18 21:51:59,591 - __main__ - INFO - 💚 System health check: Running
2025-09-18 21:52:59,594 - __main__ - INFO - 💚 System health check: Running
2025-09-18 21:53:59,602 - __main__ - INFO - 💚 System health check: Running
2025-09-18 21:54:59,616 - __main__ - INFO - 💚 System health check: Running
2025-09-18 21:55:59,629 - __main__ - INFO - 💚 System health check: Running
2025-09-18 21:56:59,654 - __main__ - INFO - 💚 System health check: Running
2025-09-18 21:57:59,658 - __main__ - INFO - 💚 System health check: Running
2025-09-18 21:58:59,672 - __main__ - INFO - 💚 System health check: Running
2025-09-18 21:59:59,679 - __main__ - INFO - 💚 System health check: Running
2025-09-18 22:00:59,691 - __main__ - INFO - 💚 System health check: Running
2025-09-18 22:01:59,708 - __main__ - INFO - 💚 System health check: Running
2025-09-18 22:02:59,727 - __main__ - INFO - 💚 System health check: Running
2025-09-18 22:03:59,738 - __main__ - INFO - 💚 System health check: Running
2025-09-18 22:04:59,751 - __main__ - INFO - 💚 System health check: Running
2025-09-18 22:05:59,749 - __main__ - INFO - 💚 System health check: Running
2025-09-18 22:06:59,755 - __main__ - INFO - 💚 System health check: Running
2025-09-18 22:07:59,775 - __main__ - INFO - 💚 System health check: Running
2025-09-18 22:08:59,773 - __main__ - INFO - 💚 System health check: Running
2025-09-18 22:09:59,774 - __main__ - INFO - 💚 System health check: Running
2025-09-18 22:10:59,793 - __main__ - INFO - 💚 System health check: Running
2025-09-18 22:11:59,793 - __main__ - INFO - 💚 System health check: Running
2025-09-18 22:12:59,791 - __main__ - INFO - 💚 System health check: Running
2025-09-18 22:13:59,811 - __main__ - INFO - 💚 System health check: Running
2025-09-18 22:14:59,823 - __main__ - INFO - 💚 System health check: Running
2025-09-18 22:15:59,844 - __main__ - INFO - 💚 System health check: Running
2025-09-18 22:16:59,837 - __main__ - INFO - 💚 System health check: Running
2025-09-18 22:17:59,840 - __main__ - INFO - 💚 System health check: Running
2025-09-18 22:18:59,838 - __main__ - INFO - 💚 System health check: Running
2025-09-18 22:19:59,858 - __main__ - INFO - 💚 System health check: Running
2025-09-18 22:20:59,864 - __main__ - INFO - 💚 System health check: Running
2025-09-18 22:21:59,869 - __main__ - INFO - 💚 System health check: Running
2025-09-18 22:22:59,881 - __main__ - INFO - 💚 System health check: Running
2025-09-18 22:23:59,905 - __main__ - INFO - 💚 System health check: Running
2025-09-18 22:24:59,911 - __main__ - INFO - 💚 System health check: Running
2025-09-18 22:25:59,919 - __main__ - INFO - 💚 System health check: Running
2025-09-18 22:26:59,931 - __main__ - INFO - 💚 System health check: Running
2025-09-18 22:27:59,933 - __main__ - INFO - 💚 System health check: Running
2025-09-18 22:28:59,945 - __main__ - INFO - 💚 System health check: Running
2025-09-18 22:29:59,963 - __main__ - INFO - 💚 System health check: Running
2025-09-18 22:30:59,974 - __main__ - INFO - 💚 System health check: Running
2025-09-18 22:31:59,990 - __main__ - INFO - 💚 System health check: Running
2025-09-18 22:33:00,000 - __main__ - INFO - 💚 System health check: Running
2025-09-18 22:34:00,009 - __main__ - INFO - 💚 System health check: Running
2025-09-18 22:35:00,021 - __main__ - INFO - 💚 System health check: Running
2025-09-18 22:36:00,035 - __main__ - INFO - 💚 System health check: Running
2025-09-18 22:37:00,040 - __main__ - INFO - 💚 System health check: Running
2025-09-18 22:38:00,053 - __main__ - INFO - 💚 System health check: Running
2025-09-18 22:39:00,065 - __main__ - INFO - 💚 System health check: Running
2025-09-18 22:40:00,079 - __main__ - INFO - 💚 System health check: Running
2025-09-18 22:41:00,091 - __main__ - INFO - 💚 System health check: Running
2025-09-18 22:42:00,104 - __main__ - INFO - 💚 System health check: Running
2025-09-18 22:43:00,111 - __main__ - INFO - 💚 System health check: Running
2025-09-18 22:44:00,110 - __main__ - INFO - 💚 System health check: Running
2025-09-18 22:45:00,106 - __main__ - INFO - 💚 System health check: Running
2025-09-18 22:46:00,106 - __main__ - INFO - 💚 System health check: Running
2025-09-18 22:47:00,122 - __main__ - INFO - 💚 System health check: Running
2025-09-18 22:48:00,130 - __main__ - INFO - 💚 System health check: Running
2025-09-18 22:49:00,157 - __main__ - INFO - 💚 System health check: Running
2025-09-18 22:50:00,166 - __main__ - INFO - 💚 System health check: Running
2025-09-18 22:51:00,177 - __main__ - INFO - 💚 System health check: Running
2025-09-18 22:52:00,194 - __main__ - INFO - 💚 System health check: Running
2025-09-18 22:53:00,211 - __main__ - INFO - 💚 System health check: Running
2025-09-18 22:54:00,225 - __main__ - INFO - 💚 System health check: Running
2025-09-18 22:55:00,241 - __main__ - INFO - 💚 System health check: Running
2025-09-18 22:56:00,239 - __main__ - INFO - 💚 System health check: Running
2025-09-18 22:57:00,255 - __main__ - INFO - 💚 System health check: Running
2025-09-18 22:58:00,281 - __main__ - INFO - 💚 System health check: Running
2025-09-18 22:59:00,282 - __main__ - INFO - 💚 System health check: Running
2025-09-18 23:00:00,294 - __main__ - INFO - 💚 System health check: Running
2025-09-18 23:01:00,295 - __main__ - INFO - 💚 System health check: Running
2025-09-18 23:02:00,304 - __main__ - INFO - 💚 System health check: Running
2025-09-18 23:03:00,313 - __main__ - INFO - 💚 System health check: Running
2025-09-18 23:04:00,305 - __main__ - INFO - 💚 System health check: Running
2025-09-18 23:05:00,319 - __main__ - INFO - 💚 System health check: Running
2025-09-18 23:06:00,341 - __main__ - INFO - 💚 System health check: Running
2025-09-18 23:07:00,342 - __main__ - INFO - 💚 System health check: Running
2025-09-18 23:08:00,344 - __main__ - INFO - 💚 System health check: Running
2025-09-18 23:09:00,343 - __main__ - INFO - 💚 System health check: Running
2025-09-18 23:10:00,358 - __main__ - INFO - 💚 System health check: Running
2025-09-18 23:11:00,366 - __main__ - INFO - 💚 System health check: Running
2025-09-18 23:12:00,367 - __main__ - INFO - 💚 System health check: Running
2025-09-18 23:13:00,371 - __main__ - INFO - 💚 System health check: Running
2025-09-18 23:14:00,380 - __main__ - INFO - 💚 System health check: Running
2025-09-18 23:15:00,395 - __main__ - INFO - 💚 System health check: Running
2025-09-18 23:16:00,415 - __main__ - INFO - 💚 System health check: Running
2025-09-18 23:17:00,430 - __main__ - INFO - 💚 System health check: Running
2025-09-18 23:18:00,433 - __main__ - INFO - 💚 System health check: Running
2025-09-18 23:19:00,431 - __main__ - INFO - 💚 System health check: Running
2025-09-18 23:20:00,439 - __main__ - INFO - 💚 System health check: Running
2025-09-18 23:21:00,444 - __main__ - INFO - 💚 System health check: Running
2025-09-18 23:22:00,454 - __main__ - INFO - 💚 System health check: Running
2025-09-18 23:23:00,454 - __main__ - INFO - 💚 System health check: Running
2025-09-18 23:24:00,459 - __main__ - INFO - 💚 System health check: Running
2025-09-18 23:25:00,473 - __main__ - INFO - 💚 System health check: Running
2025-09-18 23:26:00,477 - __main__ - INFO - 💚 System health check: Running
2025-09-18 23:27:00,481 - __main__ - INFO - 💚 System health check: Running
2025-09-18 23:28:00,482 - __main__ - INFO - 💚 System health check: Running
2025-09-18 23:29:00,495 - __main__ - INFO - 💚 System health check: Running
2025-09-18 23:30:00,501 - __main__ - INFO - 💚 System health check: Running
2025-09-18 23:31:00,490 - __main__ - INFO - 💚 System health check: Running
2025-09-18 23:32:00,496 - __main__ - INFO - 💚 System health check: Running
2025-09-18 23:33:00,507 - __main__ - INFO - 💚 System health check: Running
2025-09-18 23:34:00,515 - __main__ - INFO - 💚 System health check: Running
2025-09-18 23:35:00,521 - __main__ - INFO - 💚 System health check: Running
2025-09-18 23:36:00,542 - __main__ - INFO - 💚 System health check: Running
2025-09-18 23:37:00,553 - __main__ - INFO - 💚 System health check: Running
2025-09-18 23:38:00,572 - __main__ - INFO - 💚 System health check: Running
2025-09-18 23:39:00,576 - __main__ - INFO - 💚 System health check: Running
2025-09-18 23:40:00,586 - __main__ - INFO - 💚 System health check: Running
2025-09-18 23:41:00,602 - __main__ - INFO - 💚 System health check: Running
2025-09-18 23:42:00,624 - __main__ - INFO - 💚 System health check: Running
2025-09-18 23:43:00,624 - __main__ - INFO - 💚 System health check: Running
2025-09-18 23:44:00,628 - __main__ - INFO - 💚 System health check: Running
2025-09-18 23:45:00,620 - __main__ - INFO - 💚 System health check: Running
2025-09-18 23:46:00,635 - __main__ - INFO - 💚 System health check: Running
2025-09-18 23:47:00,650 - __main__ - INFO - 💚 System health check: Running
2025-09-18 23:48:00,665 - __main__ - INFO - 💚 System health check: Running
2025-09-18 23:49:00,683 - __main__ - INFO - 💚 System health check: Running
2025-09-18 23:50:00,685 - __main__ - INFO - 💚 System health check: Running
